,target_name,donor_correlation_all_mean,donor_correlation_all_min,donor_correlation_hits_mean,donor_correlation_hits_min,target_contrast,condition,n_cells_target,n_up_genes,n_down_genes,n_total_de_genes,ontarget_effect_size,ontarget_significant,baseMean,offtarget_flag,n_total_genes_category,ontarget_effect_category
0,A2M,0.050947621468418726,0.0339367883365155,0.8146373867286822,0.8041170727972223,ENSG00000175899,Rest,366.0,56,66,122,0.0,False,,False,>10 DE genes,no on-target KD
1,AAR2,0.0551195120323241,0.0280068884567347,0.4364195517806108,0.3877904430536062,ENSG00000131043,Rest,62.0,31,6,37,-0.639841467460285,True,20.74012070501061,False,>10 DE genes,on-target KD
2,AASDH,0.0684693544936987,0.0448503535062879,0.758359370451123,0.6895440464785049,ENSG00000157426,Rest,651.0,53,98,151,-7.308273099245454,True,12.146343981443795,False,>10 DE genes,on-target KD
3,ABCC1,0.027038254119039432,0.0240193356240158,0.47679131158733595,0.4523072540395635,ENSG00000103222,Rest,634.0,58,30,88,-19.25353182859481,True,81.55510782862295,False,>10 DE genes,on-target KD
4,ABHD12,0.09321534955242616,0.0125381868484409,0.6089177451965021,0.4976301971983364,ENSG00000100997,Rest,362.0,295,152,447,-13.256184913307983,True,35.08717111750494,False,>10 DE genes,on-target KD
5,ABHD13,0.07626737595798792,0.0501662866104259,0.2400646871002375,0.1755983592600439,ENSG00000139826,Rest,578.0,166,48,214,-10.32301412275987,True,21.43923545420983,True,>10 DE genes,on-target KD
6,ABHD14A,0.11494342262706049,0.1057210304615153,0.8841250590994277,0.8727176763255746,ENSG00000248487,Rest,591.0,30,71,101,-6.765228932556235,True,14.273913000365656,False,>10 DE genes,on-target KD
7,ACAD11,0.10456432023621877,0.1016833669659322,0.7775551725830009,0.7341462074042026,ENSG00000240303,Rest,501.0,331,279,610,-6.992464519773006,True,10.356604135626702,True,>10 DE genes,on-target KD
8,ACSL6,0.09225000312707483,0.050442235638032,0.7627121656008717,0.694446394023161,ENSG00000164398,Rest,99.0,163,127,290,-3.319490041577084,True,29.061748151574804,False,>10 DE genes,on-target KD
9,ACSS1,0.06581776796902666,-0.0294576310540419,0.8605666217548286,0.8349381946938638,ENSG00000154930,Rest,964.0,243,114,357,-13.133535308140695,True,20.394468232799227,False,>10 DE genes,on-target KD
10,ACTB,0.26650546674463854,0.2545613320539358,0.8597385165984855,0.8309947763268404,ENSG00000075624,Rest,535.0,138,75,213,0.0,False,,False,>10 DE genes,no on-target KD
11,ACTR2,0.158386035819304,0.1036980258119213,0.7438971978789009,0.7313212861507726,ENSG00000138071,Rest,241.0,56,21,77,-21.039374180530096,True,215.42292197817324,False,>10 DE genes,on-target KD
12,ACTR3,0.06230939088947817,0.0425344937451588,0.5334680003074381,0.50257764612483,ENSG00000115091,Rest,279.0,22,10,32,-11.295896606919264,True,94.4989778270781,False,>10 DE genes,on-target KD
13,ACTR5,0.1718072463285475,0.130378201420765,0.6233211296195945,0.6037093011477548,ENSG00000101442,Rest,1373.0,187,145,332,-10.615891429315806,True,9.497770067704488,False,>10 DE genes,on-target KD
14,ACTR8,0.29991921404453475,0.2529600497953764,0.8162880949727368,0.8061602828268066,ENSG00000113812,Rest,199.0,499,421,920,-7.643617389109855,True,39.51048830817055,False,>10 DE genes,on-target KD
15,ADAM19,0.0438611029544174,-0.0363664808266804,0.19405059420501278,0.1162282322447735,ENSG00000135074,Rest,272.0,200,43,243,-12.50759849595869,True,316.46320430039606,False,>10 DE genes,on-target KD
16,ADAM9,0.026802477649700934,-0.0174008869681365,0.8658798494390435,0.8573412060633376,ENSG00000168615,Rest,322.0,28,69,97,-4.930677031388629,True,9.226804869743896,False,>10 DE genes,on-target KD
17,ADAT2,0.09845731524069197,0.0431720163053228,0.6930844421658039,0.4960201070743477,ENSG00000189007,Rest,298.0,152,53,205,-7.226425376088795,True,19.07051855871301,True,>10 DE genes,on-target KD
18,ADAT3,0.23302247408767052,0.1965728784393046,0.8285197247221872,0.8044658101088179,ENSG00000213638,Rest,497.0,515,422,937,0.0,False,,False,>10 DE genes,no on-target KD
19,ADCY4,0.15748152310191732,0.1221663432641392,0.6218324300478639,0.5985075021943398,ENSG00000129467,Rest,160.0,199,74,273,-0.3010360341046069,True,1.037686415014143,False,>10 DE genes,on-target KD
20,ADNP2,0.16408171058389687,0.1384844120905222,0.9535842316977642,0.9454424518611364,ENSG00000101544,Rest,1236.0,34,24,58,-21.15445945535488,True,39.43108945768396,False,>10 DE genes,on-target KD
21,ADO,0.18777538220590625,-0.0497921387542912,0.6694898484161675,0.6383600173873557,ENSG00000181915,Rest,139.0,261,407,668,-3.584626296400296,True,13.44911203756454,False,>10 DE genes,on-target KD
22,AFG3L2,0.03430316148939617,-0.0224836200198822,0.2880074820805769,0.1692933327943656,ENSG00000141385,Rest,67.0,59,5,64,-2.4808032779861686,False,47.30388580599685,False,>10 DE genes,no on-target KD
23,AGPAT1,0.009458976736199033,0.0012267817410635,0.41202111904098065,0.3060812090976477,ENSG00000204310,Rest,109.0,175,28,203,-7.324490009236622,True,80.76995775932237,True,>10 DE genes,on-target KD
24,AGRN,0.04666047459080347,0.0363373891815757,0.5066392485696684,0.3277436660597653,ENSG00000188157,Rest,273.0,19,47,66,-1.7972578011777798,False,1.7463459840105495,False,>10 DE genes,no on-target KD
25,AHR,0.38075811668577125,0.3472815410464696,0.7947426330302801,0.7327206109196869,ENSG00000106546,Rest,1214.0,1572,1218,2790,-14.455686669745589,True,67.27409868914711,False,>10 DE genes,on-target KD
26,AHSA1,0.1201676533069407,0.0824858756178358,0.8752352525531225,0.8661284167890528,ENSG00000100591,Rest,1211.0,23,40,63,-18.84058285108067,True,176.51919916509286,False,>10 DE genes,on-target KD
27,AIFM1,0.0282119478712511,0.0112361783403182,0.3534945887099292,0.1279687610853022,ENSG00000156709,Rest,249.0,31,7,38,-9.316024305489126,True,49.31166356712279,True,>10 DE genes,on-target KD
28,AIP,0.11416589339918075,0.0823800110794608,0.4868008126833314,0.4565642467405242,ENSG00000110711,Rest,503.0,63,41,104,-27.90315071418119,True,197.38098690649824,False,>10 DE genes,on-target KD
29,AK3,0.0330235572552511,-0.0485798035296128,0.22231067617699948,-0.0487501348134887,ENSG00000147853,Rest,1002.0,288,36,324,-14.25053711602616,True,23.12207977721444,False,>10 DE genes,on-target KD
30,AK9,0.1816556370484165,0.1555120757346673,0.8871990353387026,0.8755239081206296,ENSG00000155085,Rest,789.0,95,54,149,-5.259115917774463,False,4.791526134148207,True,>10 DE genes,putative off-target
31,AKAP10,-0.012957358023393033,-0.0437642493207103,-0.3462684327862165,-0.4159640964643035,ENSG00000108599,Rest,324.0,33,1,34,-9.517999158448196,True,30.43870747737189,False,>10 DE genes,on-target KD
32,AKR1C1,-0.055269806552701445,-0.3140595244346978,0.3873238421816736,-0.0889081000649121,ENSG00000187134,Rest,75.0,1064,711,1775,0.0,False,,False,>10 DE genes,no on-target KD
33,ALDH18A1,0.13383162163821943,0.1103793352213872,0.7929038758401322,0.719654917742897,ENSG00000059573,Rest,561.0,94,25,119,-7.778280876637654,True,32.06202413007435,False,>10 DE genes,on-target KD
34,ALG1,0.07376684897476787,-0.0598829462619659,0.7159285817010956,0.6106774298225388,ENSG00000033011,Rest,72.0,106,27,133,-0.5226607899744061,False,23.77678672426432,False,>10 DE genes,no on-target KD
35,ALG12,0.035820002936377,-0.0282942088006699,0.8267977720165831,0.7051303830774105,ENSG00000182858,Rest,331.0,34,8,42,-9.344988860587463,True,28.45289670949005,True,>10 DE genes,on-target KD
36,ALG13,0.10876082253212101,0.0838484775517443,0.6482257119646769,0.610088207131486,ENSG00000101901,Rest,483.0,32,3,35,-10.452759944025244,True,61.56132124842075,False,>10 DE genes,on-target KD
37,ALG2,0.04315851297226877,0.0027098528151555,0.7835346208404873,0.7491784829108654,ENSG00000119523,Rest,236.0,37,23,60,-6.561022196152478,True,33.86988635629056,True,>10 DE genes,on-target KD
38,ALG5,0.13238219282209085,0.1138411935812886,0.27213001956993477,-0.0035791500676747,ENSG00000120697,Rest,307.0,35,3,38,-7.612947096888338,True,25.780842999892894,False,>10 DE genes,on-target KD
39,ALG6,0.0561245107333005,0.0419145424046279,0.6005619371255585,0.2526044516244621,ENSG00000088035,Rest,747.0,130,12,142,-13.001113811225595,True,28.16317772315697,False,>10 DE genes,on-target KD
40,ALG8,0.015068679861709134,-0.0100238932684524,0.26680377779700265,0.1148056540062965,ENSG00000159063,Rest,706.0,71,11,82,-11.364389990064426,True,21.25851583821449,False,>10 DE genes,on-target KD
41,ALKBH2,0.02554001046981717,0.0038778624082975,0.23798717699219116,0.1376875477683853,ENSG00000189046,Rest,452.0,253,112,365,-3.626968753819648,True,4.0416262544797465,True,>10 DE genes,on-target KD
42,ALOX5,0.08945799587100696,0.0697964234905299,0.2184644240345828,0.0939409894729081,ENSG00000012779,Rest,419.0,42,4,46,-3.623792415127589,True,6.203843039936409,False,>10 DE genes,on-target KD
43,ALS2,0.06919879197547919,0.0221722570369147,0.7267262392912356,0.7122692087980944,ENSG00000003393,Rest,316.0,62,40,102,-5.488097773864936,True,11.550524244682128,False,>10 DE genes,on-target KD
44,AMER1,0.14816325120673776,0.1260519500710364,0.6883911087250668,0.6458703310395919,ENSG00000184675,Rest,202.0,166,110,276,-3.4300875639314388,True,4.9899026405626365,False,>10 DE genes,on-target KD
45,AMIGO1,-0.02708057146729947,-0.0645997761805878,0.10151559014449586,0.0086547051254919,ENSG00000181754,Rest,1234.0,41,1,42,0.0,False,,False,>10 DE genes,no on-target KD
46,ANKAR,-0.0184928617123232,-0.1015005487477777,-0.020303435988263258,-0.356197606610698,ENSG00000151687,Rest,364.0,275,17,292,-3.54706911863424,True,3.712317800495829,False,>10 DE genes,on-target KD
47,ANKLE2,0.025075811329987565,-0.1280150814827938,0.6904958069996144,0.511902948413948,ENSG00000176915,Rest,152.0,49,26,75,-1.8122247441793,False,71.11632559386526,False,>10 DE genes,no on-target KD
48,ANKRD40,0.07113396822550296,0.0165036194483548,0.7902180222165659,0.7261204772677551,ENSG00000154945,Rest,378.0,12,34,46,-8.801053690508756,True,29.97851560198708,False,>10 DE genes,on-target KD
49,ANKRD49,0.1510866590389677,0.0594187925302131,0.7729424533896233,0.7015696891517742,ENSG00000168876,Rest,213.0,273,278,551,-3.20194189495342,True,21.23995018803958,True,>10 DE genes,on-target KD
50,ANKZF1,0.07258240429875024,0.0225486349096774,0.31860266028182704,0.2806161381224726,ENSG00000163516,Rest,221.0,121,30,151,-6.683981634346778,True,20.72567871530699,True,>10 DE genes,on-target KD
51,ANP32B,0.0985596071971893,0.0903752317027405,0.8039335123118371,0.7631062443254968,ENSG00000136938,Rest,378.0,61,32,93,-14.621320863384144,True,74.71338571828703,False,>10 DE genes,on-target KD
52,AP1S2,0.052025985100632936,0.0310461701575453,0.3696905028604894,0.3300230022582904,ENSG00000182287,Rest,328.0,178,43,221,-9.323074019145675,True,40.88132681972373,False,>10 DE genes,on-target KD
53,AP3D1,0.14709310910979057,0.1345850474792653,0.6786011623909495,0.6327454674724765,ENSG00000065000,Rest,369.0,54,18,72,-14.395009843863123,True,104.25699524912892,False,>10 DE genes,on-target KD
54,AP4M1,0.0385063098247779,0.0242913307753397,0.5523279548515846,0.4902669519062749,ENSG00000221838,Rest,113.0,89,45,134,0.0389030575745842,False,7.340162903544786,False,>10 DE genes,no on-target KD
55,APAF1,0.2984156188367251,0.1789644166734584,0.7000921977444222,0.6542411673614622,ENSG00000120868,Rest,348.0,86,4,90,-10.329788667399706,True,43.44836781140168,True,>10 DE genes,on-target KD
56,APBB1IP,0.005716802905138766,-0.0341624150466521,0.3987802637674867,0.3236661758854701,ENSG00000077420,Rest,475.0,21,10,31,-15.944413106031432,True,203.5828968636256,False,>10 DE genes,on-target KD
57,APC,0.16202300981827097,0.1043922945461041,0.618705862714675,0.4802339955315755,ENSG00000134982,Rest,128.0,258,79,337,-4.461051071292344,True,26.12479004478958,False,>10 DE genes,on-target KD
58,APEX1,0.1039044270945218,0.0946955555769748,0.9001698357826954,0.8611573809540444,ENSG00000100823,Rest,684.0,49,29,78,-18.63350249879328,True,73.12379032774018,True,>10 DE genes,on-target KD
59,APOBEC3B,-0.0279131316859114,-0.0944446885232589,0.0409205781833632,-0.1977473176814182,ENSG00000179750,Rest,965.0,101,12,113,-5.903415599365343,True,5.955233445760736,False,>10 DE genes,on-target KD
60,APOBEC3G,0.11993130634278783,0.0549113696392167,0.7205811249154751,0.6485217622968737,ENSG00000239713,Rest,323.0,78,26,104,-17.624964719568762,True,155.3419204507237,False,>10 DE genes,on-target KD
61,APPBP2,0.12757413262975972,0.1018675362799197,0.9155085246315248,0.8739317485338759,ENSG00000062725,Rest,536.0,17,14,31,-13.856549767651869,True,33.6865216121847,False,>10 DE genes,on-target KD
62,ARF1,0.16276087338508863,0.108813592341128,0.7133140931841345,0.6321812048085834,ENSG00000143761,Rest,476.0,1229,525,1754,-11.515019538264696,True,106.263566700878,False,>10 DE genes,on-target KD
63,ARHGAP30,0.20688862860542803,0.1390826803927095,0.7914509063257068,0.7594050527624147,ENSG00000186517,Rest,1107.0,1100,740,1840,-58.547976668913336,True,331.9617605297204,False,>10 DE genes,on-target KD
64,ARHGAP45,0.19599032857884624,0.1634223652213408,0.5546045719046321,0.4553399778911604,ENSG00000180448,Rest,354.0,21,13,34,-10.765635788020695,True,168.28669169806662,False,>10 DE genes,on-target KD
65,ARID1A,0.16244721075179402,0.1274121194127245,0.7335802947843271,0.6831182626152219,ENSG00000117713,Rest,147.0,49,52,101,-4.344056959862375,True,75.53545944363626,False,>10 DE genes,on-target KD
66,ARID2,0.03706192114977753,-0.005352429291873,0.6004112615283517,0.5419111290513955,ENSG00000189079,Rest,790.0,188,110,298,-15.833949902733496,True,77.83289953797227,False,>10 DE genes,on-target KD
67,ARIH1,0.18921408366366857,0.0865341576576834,0.724854434976176,0.6815089631208746,ENSG00000166233,Rest,388.0,294,140,434,-13.394128393903348,True,44.86484327801087,False,>10 DE genes,on-target KD
68,ARL5B,-0.008997605223577034,-0.0399736132425348,0.3953766435141077,0.3514283765589129,ENSG00000165997,Rest,1293.0,42,15,57,-6.9520838913650245,True,22.99740323101824,True,>10 DE genes,on-target KD
69,ARMC8,-0.0216515065356513,-0.091439213946892,0.047292264074454665,-0.1423469335783056,ENSG00000114098,Rest,1275.0,29,8,37,-25.4924428418909,True,67.35201564118626,False,>10 DE genes,on-target KD
70,ARMH3,0.11026923314156073,0.0108612192345454,0.814521952275744,0.808085116525679,ENSG00000120029,Rest,242.0,56,60,116,-9.20075969907164,True,46.08406513060829,False,>10 DE genes,on-target KD
71,ARNT,0.4328985196836193,0.3784818917869251,0.8661165058216213,0.8478875569645365,ENSG00000143437,Rest,1001.0,1186,1134,2320,-17.67732833735752,True,34.19539193610704,False,>10 DE genes,on-target KD
72,ARPC2,0.13767475400588114,0.1117499016150833,0.5023713412743597,0.4442856198647413,ENSG00000163466,Rest,208.0,163,53,216,-16.686984176214143,True,174.842113705757,False,>10 DE genes,on-target KD
73,ARPC3,0.12704189499060964,0.1018494689601087,0.6628939936835917,0.5815087588074062,ENSG00000111229,Rest,243.0,119,29,148,-12.912890195305932,True,90.67492794290212,False,>10 DE genes,on-target KD
74,ARPC4-TTLL3,0.17336819038612097,0.1492244435619436,0.8440297695909083,0.827347977461606,ENSG00000250151,Rest,1523.0,209,80,289,0.0,False,,False,>10 DE genes,no on-target KD
75,ARRDC4,0.1948651311488412,0.102843067252676,0.7130406678975021,0.6755700484449043,ENSG00000140450,Rest,124.0,341,117,458,-0.4483404411956649,False,0.5411635665005162,False,>10 DE genes,no on-target KD
76,ASNA1,0.16482626359846916,0.1094276992063085,0.7690112367821422,0.7309998571112514,ENSG00000198356,Rest,56.0,28,4,32,-5.723623734844586,True,81.984405468479,False,>10 DE genes,on-target KD
77,ASXL1,0.14520071948518687,0.1271696309021712,0.8231105674176141,0.7971703528215401,ENSG00000171456,Rest,950.0,91,184,275,-30.36446836305453,True,166.84596279244224,False,>10 DE genes,on-target KD
78,ATAD5,0.5634531747148622,0.527972596226092,0.8118954145972411,0.7993072128420612,ENSG00000176208,Rest,1342.0,2105,1686,3791,-17.287463804270306,True,48.629965650969226,True,>10 DE genes,on-target KD
79,ATF4,0.061410584357442365,-0.0017942317854657,0.8451777610461266,0.8221667900654256,ENSG00000128272,Rest,242.0,50,36,86,-10.247561774322657,True,51.9486739122393,False,>10 DE genes,on-target KD
80,ATF7IP2,0.17723627958379998,0.1539912154498067,0.3349885402004793,0.2203172878569742,ENSG00000166669,Rest,2417.0,734,120,854,-16.553632031478614,True,17.59101789567225,False,>10 DE genes,on-target KD
81,ATG12,0.04013552848029517,-0.0513986382236411,0.08586686812687072,-0.2260431536627252,ENSG00000145782,Rest,627.0,457,51,508,-20.75513434161457,True,75.55483919509354,True,>10 DE genes,on-target KD
82,ATG9A,0.027296744925536534,0.0125318843100789,0.5571614390196274,0.5226945776476304,ENSG00000198925,Rest,492.0,35,8,43,-8.798604357424027,True,18.54586596327587,True,>10 DE genes,on-target KD
83,ATIC,0.06600450146107913,0.0056438924955023,0.4858011302296143,0.3432135902474351,ENSG00000138363,Rest,72.0,56,7,63,-7.47903820978668,True,88.5325154921258,False,>10 DE genes,on-target KD
84,ATM,0.16859619503914228,0.1611808485612489,0.8062895961217379,0.7418809238070375,ENSG00000149311,Rest,744.0,71,26,97,-19.681374934630888,True,93.88030504254615,False,>10 DE genes,on-target KD
85,ATP1B3,0.14931259168411587,0.1092336933145267,0.6131525964604082,0.5390445736731012,ENSG00000069849,Rest,206.0,246,83,329,-7.891110107386723,True,51.50342431129183,False,>10 DE genes,on-target KD
86,ATP23,0.0141003830205886,-0.0671311407361792,0.7724795614821023,0.7034199781490814,ENSG00000166896,Rest,1014.0,33,21,54,-11.874437417595054,True,15.882226985799647,False,>10 DE genes,on-target KD
87,ATP2A2,0.510297971979574,0.4546200239218532,0.7867744594895628,0.7576572272145693,ENSG00000174437,Rest,268.0,2361,1158,3519,-10.057253422470598,True,66.02400858983408,False,>10 DE genes,on-target KD
88,ATP2B1,0.10832595220699714,0.0952807088004238,0.7313221325837378,0.7277834613690517,ENSG00000070961,Rest,137.0,367,119,486,-1.68999769795854,False,22.82997383895328,False,>10 DE genes,no on-target KD
89,ATP5F1A,0.17237852256691044,0.1063699147160729,0.38932212434,0.0110648989371899,ENSG00000152234,Rest,394.0,92,22,114,-14.778224599658907,True,76.46267917670303,True,>10 DE genes,on-target KD
90,ATP5F1B,0.04600893545338327,0.024883217363048,0.46732421555765163,0.4203810410411769,ENSG00000110955,Rest,84.0,94,30,124,-6.086500401410236,True,196.2843681301032,False,>10 DE genes,on-target KD
91,ATP5ME,0.11925640928625691,0.081396569393956,0.34379697050325353,0.3090758308757507,ENSG00000169020,Rest,234.0,279,86,365,-13.448202343992785,True,84.01954055061297,False,>10 DE genes,on-target KD
92,ATP5MF,0.14857996131047327,0.1129582217720621,0.3535023046019594,0.2175519268634285,ENSG00000241468,Rest,269.0,79,17,96,-10.401304543986823,True,51.98868467243499,False,>10 DE genes,on-target KD
93,ATP5MF-PTCD1,0.141207161762305,0.1230323853058434,0.8410065365400001,0.7814760443858864,ENSG00000248919,Rest,242.0,27,5,32,0.0,False,,False,>10 DE genes,no on-target KD
94,ATP5PD,0.07043865067563697,0.0077212756921709,0.6810905400438664,0.6320386371633432,ENSG00000167863,Rest,81.0,53,6,59,-8.844243560701779,True,140.76271253713546,True,>10 DE genes,on-target KD
95,ATP5PO,0.2617658267591219,0.2516902375408382,0.8209628374540608,0.8023038248701306,ENSG00000241837,Rest,467.0,267,156,423,-5.766912331095463,True,5.791736215414505,False,>10 DE genes,on-target KD
96,ATP6V1E1,-0.06827907772286894,-0.1230897153744118,-0.1533477299051919,-0.2860117520773469,ENSG00000131100,Rest,112.0,44,7,51,-4.768902624492278,True,93.67268564310427,False,>10 DE genes,on-target KD
97,ATP8B1,0.13066168267391334,0.0973192772715482,0.5109105503359082,0.4879531758814613,ENSG00000081923,Rest,183.0,389,212,601,0.0,False,,False,>10 DE genes,no on-target KD
98,ATPAF2,0.12195662044056178,0.0973840742549313,0.8652947698542125,0.8458655874120902,ENSG00000171953,Rest,617.0,38,21,59,-2.9040808378280167,False,1.6439678253577628,True,>10 DE genes,putative off-target
99,ATRX,0.22351400991571754,0.21659487102442,0.7133634933615669,0.6725183807450611,ENSG00000085224,Rest,497.0,131,83,214,-17.846882007213758,True,71.65045388211189,False,>10 DE genes,on-target KD
100,ATXN10,0.26445300217006673,0.2385707860941713,0.6980056526811976,0.6695302607587468,ENSG00000130638,Rest,90.0,1018,359,1377,-6.530815626845922,True,57.1392641531476,False,>10 DE genes,on-target KD
101,ATXN1L,0.06045123960053076,0.0436028495404564,0.8472511603218362,0.8018553712788761,ENSG00000224470,Rest,378.0,49,49,98,-2.6158873690169093,True,9.609987092826882,False,>10 DE genes,on-target KD
102,ATXN2L,0.1745329032863899,0.1621501174693039,0.8869499181060223,0.8788066860799918,ENSG00000168488,Rest,423.0,78,40,118,-15.128604322120646,True,91.87108238291458,False,>10 DE genes,on-target KD
103,ATXN7L3,0.17983997860968895,0.1544370999223208,0.7325058140243819,0.725074506093266,ENSG00000087152,Rest,1294.0,411,134,545,-11.36005317568072,True,17.984310420031807,False,>10 DE genes,on-target KD
104,AVPR2,0.0901803330675266,0.0521937970009431,0.6629536977227571,0.5612033326426187,ENSG00000126895,Rest,717.0,200,127,327,0.0,False,,False,>10 DE genes,no on-target KD
105,B3GAT1,0.06049390332480794,-0.0317975027524585,0.6744771344880757,0.5852475929484426,ENSG00000109956,Rest,268.0,58,137,195,-0.2312815034795149,True,0.1881752442428812,False,>10 DE genes,on-target KD
106,B3GAT2,-0.008978650555513834,-0.0729371812043877,0.7055435589241744,0.6747571466334855,ENSG00000112309,Rest,497.0,27,12,39,0.0,False,,False,>10 DE genes,no on-target KD
107,B4GALT7,0.16806204192558113,0.1340804811718413,0.7763670675147192,0.7609227640434909,ENSG00000027847,Rest,666.0,145,140,285,-9.547193500955633,False,18.89824884268088,True,>10 DE genes,putative off-target
108,BAHD1,0.12294708772055374,0.105733797772097,0.0307587893261676,-0.0711585104811491,ENSG00000140320,Rest,389.0,29,2,31,-12.701891289583704,True,48.44711401156433,False,>10 DE genes,on-target KD
109,BAP1,0.123740763917265,0.0500949296835708,0.5295946419851926,0.4221862158220324,ENSG00000163930,Rest,56.0,48,12,60,-3.1248528577037904,False,36.2925116103625,False,>10 DE genes,no on-target KD
110,BARX1,-0.0229799907335512,-0.1413304447818705,0.6790416965675462,0.5711065305842622,ENSG00000131668,Rest,494.0,142,66,208,0.0,False,,False,>10 DE genes,no on-target KD
111,BATF,0.16226272883792414,0.1323825246084098,0.6984082457332308,0.6025976397532272,ENSG00000156127,Rest,115.0,270,107,377,-5.45893467031413,True,40.04888007741489,False,>10 DE genes,on-target KD
112,BAZ1A,0.14426421575849022,0.1381398557601847,0.834340143735723,0.8145200383925707,ENSG00000198604,Rest,274.0,39,50,89,-9.546001672628666,True,42.52956161105987,False,>10 DE genes,on-target KD
113,BBS10,-0.033538076873245636,-0.0827953302179918,0.27423285145880055,-0.0959311640320408,ENSG00000179941,Rest,1630.0,23,21,44,-10.246822482280171,True,8.34493836891986,False,>10 DE genes,on-target KD
114,BCKDHA,0.33303163044550765,0.2506748244140865,0.667459145734194,0.583397125032523,ENSG00000248098,Rest,54.0,233,58,291,-2.644771745513973,False,23.692560857646768,False,>10 DE genes,no on-target KD
115,BCL3,0.15254055624154808,0.1138332320829378,0.7027425151716001,0.6341812246531345,ENSG00000069399,Rest,130.0,93,138,231,-7.797736362088186,True,83.63837799004892,False,>10 DE genes,on-target KD
116,BCLAF1,0.18346676623019142,0.160870472289561,0.9044270303031526,0.8828565333032531,ENSG00000029363,Rest,654.0,25,18,43,-11.158718881528848,True,24.221546272926144,False,>10 DE genes,on-target KD
117,BCS1L,0.11775776741645437,0.0799577565007752,0.6903370872188447,0.6808042486860612,ENSG00000074582,Rest,355.0,333,121,454,-7.420429817001249,True,19.69636178213728,True,>10 DE genes,on-target KD
118,BEX3,0.17570638182283085,0.1245551960826735,0.7988636590241951,0.761281277276612,ENSG00000166681,Rest,497.0,142,169,311,-7.168518453573399,True,28.27823773592177,False,>10 DE genes,on-target KD
119,BHLHE40,0.23526844432704097,0.203463339074657,0.8248071298899937,0.8096286382019723,ENSG00000134107,Rest,1028.0,217,248,465,-18.5204767496614,True,312.3703889968508,False,>10 DE genes,on-target KD
120,BLZF1,0.20246237048055682,0.180910324870766,0.8134590268539066,0.8039267008812099,ENSG00000117475,Rest,360.0,321,133,454,-9.676094176252368,True,25.6436891951743,False,>10 DE genes,on-target KD
121,BMI1,0.07100434848069463,0.0205995817435512,0.7851742134378705,0.7520434388869861,ENSG00000168283,Rest,122.0,18,16,34,-4.842555080176664,True,55.92542930625312,False,>10 DE genes,on-target KD
122,BPNT1,0.12818745912248083,0.0920952602323435,0.8526754928924923,0.8336495519820744,ENSG00000162813,Rest,439.0,42,18,60,-13.441897817123008,True,35.85324101622732,True,>10 DE genes,on-target KD
123,BPTF,0.24448009376858593,0.2330474713477136,0.8373396917785855,0.8295588052699054,ENSG00000171634,Rest,342.0,250,187,437,-13.228097149523151,True,78.68957706702287,False,>10 DE genes,on-target KD
124,BRAT1,0.18007045691874393,0.1014839975032881,0.8304356646388783,0.7778717446291821,ENSG00000106009,Rest,265.0,87,132,219,-7.376028544820194,True,26.905653178099502,False,>10 DE genes,on-target KD
125,BRD1,0.24008669156099652,0.1962602734086605,0.747920794185558,0.7233878191083505,ENSG00000100425,Rest,144.0,22,43,65,-10.075517732456513,True,99.02552222162431,False,>10 DE genes,on-target KD
126,BRD7,0.11175537154721638,0.0877606524185884,0.8391136258151987,0.7904415205369827,ENSG00000166164,Rest,1082.0,48,32,80,-19.053978108418058,True,85.7415937509785,False,>10 DE genes,on-target KD
127,BRD8,0.2845405040849917,0.2301667174564247,0.7349303593725249,0.7071502627634173,ENSG00000112983,Rest,419.0,1088,815,1903,-11.32327212030861,True,41.36733201997661,True,>10 DE genes,on-target KD
128,BRD9,0.13485274879430187,0.1065781021780253,0.8457667863344325,0.8218888730367679,ENSG00000028310,Rest,208.0,73,70,143,-8.245742211771176,True,36.05163326938997,True,>10 DE genes,on-target KD
129,BRK1,0.21164190735019017,0.1843932140659623,0.7525867331673447,0.6903955200892202,ENSG00000254999,Rest,420.0,377,245,622,-15.557711465435036,True,53.51405572830631,False,>10 DE genes,on-target KD
130,BRMS1,0.18300617554910384,0.1675642865301163,0.8325563076683551,0.8253241640080032,ENSG00000174744,Rest,927.0,408,324,732,-25.62591287029711,True,76.18208334402757,True,>10 DE genes,on-target KD
131,BRPF1,0.28181565928179514,0.2460130275570534,0.8001865148246862,0.7957937749740531,ENSG00000156983,Rest,720.0,652,353,1005,-14.690160408252568,True,40.55875979772974,False,>10 DE genes,on-target KD
132,BTAF1,0.25655590263683553,0.2228139426796189,0.79656546109941,0.7716714703445587,ENSG00000095564,Rest,733.0,610,443,1053,-16.473180061575995,True,43.451488254319,False,>10 DE genes,on-target KD
133,C11orf54,0.07499893086241513,0.0508298643115694,0.5894653782918299,0.5642735492009748,ENSG00000182919,Rest,710.0,402,643,1045,-6.70805224685489,True,30.481089665328746,False,>10 DE genes,on-target KD
134,C11orf68,0.02911791246529907,-0.0080207400844403,0.7004158683389462,0.6805716661966957,ENSG00000175573,Rest,518.0,10,59,69,-10.931276432408346,True,28.988634152081485,True,>10 DE genes,on-target KD
135,C16orf72,0.16486580621980904,0.1395444670402194,0.8156038532584771,0.7839711138937425,ENSG00000182831,Rest,1091.0,354,296,650,-32.2061192847858,True,119.82335990075858,False,>10 DE genes,on-target KD
136,C16orf87,0.05793000000526677,0.0402258078856782,0.20042852593394445,0.1579621029294151,ENSG00000155330,Rest,670.0,78,51,129,-12.13743329106396,True,32.7879798545413,False,>10 DE genes,on-target KD
137,C18orf32,0.02190399467168583,0.0003157074051242,0.773193754240128,0.6740773475566757,ENSG00000177576,Rest,176.0,20,14,34,-9.226052674805604,True,57.31831943498975,False,>10 DE genes,on-target KD
138,C19orf54,0.07899977425189514,0.0739128195354886,0.641428152776953,0.5487088189510174,ENSG00000188493,Rest,366.0,32,63,95,-5.59497672930169,True,9.809322144234766,False,>10 DE genes,on-target KD
139,C1D,0.20118752964698985,0.1836496982053829,0.6192316295983753,0.5905774255893249,ENSG00000197223,Rest,263.0,396,159,555,-8.290208586767603,True,34.85633516453294,False,>10 DE genes,on-target KD
140,C1orf115,0.2022308869230922,0.1541408591657402,0.7998796359522103,0.7578218829973922,ENSG00000162817,Rest,509.0,395,182,577,0.0,False,,False,>10 DE genes,no on-target KD
141,C1orf21,0.09362017364738555,0.0777175245449798,0.6298840165816496,0.6047007766610955,ENSG00000116667,Rest,425.0,599,244,843,-8.742933102152794,True,28.41583536853536,False,>10 DE genes,on-target KD
142,C1orf216,0.07729741382862944,0.0657876785397652,0.8272127494170105,0.8132221164852521,ENSG00000142686,Rest,191.0,31,35,66,-3.442555083244881,True,22.760577997460206,False,>10 DE genes,on-target KD
143,C6orf62,0.15247401385260534,0.0599575851202375,0.6412576990031656,0.502705103221209,ENSG00000112308,Rest,188.0,428,196,624,-4.084354301455301,True,54.78611844825522,False,>10 DE genes,on-target KD
144,C7orf55-LUC7L2,0.16039169462410416,0.1383949362070815,0.8188082307077335,0.7901467186444696,ENSG00000269955,Rest,843.0,256,89,345,0.0,False,,False,>10 DE genes,no on-target KD
145,C8orf33,0.07008799171866743,0.0573824052544836,0.5545906856460433,0.4491220414639904,ENSG00000182307,Rest,693.0,152,112,264,-13.197016611781953,True,30.60959388448771,False,>10 DE genes,on-target KD
146,C9orf64,0.16635456487235922,0.1559748565057208,0.744688724155246,0.6737332183119171,ENSG00000165118,Rest,123.0,32,156,188,-4.30233715412826,True,20.20752623733832,False,>10 DE genes,on-target KD
147,CACHD1,0.08636990955201244,0.0463603801482011,-0.06459989043289027,-0.2418754540978086,ENSG00000158966,Rest,316.0,44,13,57,0.0,False,,False,>10 DE genes,no on-target KD
148,CAD,0.1282676368254698,0.0117944982677095,0.7869425052982567,0.7158701779176582,ENSG00000084774,Rest,97.0,110,39,149,-3.321965567178737,True,15.29685431498241,False,>10 DE genes,on-target KD
149,CALHM6,0.031050176190900336,-0.0179336326881379,0.46403946794978496,0.3169106223298076,ENSG00000188820,Rest,572.0,9,33,42,-6.328300345558903,True,14.856946814885482,False,>10 DE genes,on-target KD
150,CALR,0.021686535271358467,-0.0067125795519705,0.5405427494059055,0.1579269716670857,ENSG00000179218,Rest,472.0,61,2,63,-10.596255189949249,True,117.63554915630426,False,>10 DE genes,on-target KD
151,CAMK1,0.013460710210792363,-0.0493012702874653,-0.0651385571090156,-0.2121179430001379,ENSG00000134072,Rest,178.0,41,5,46,-3.6453065367617503,True,11.720777536107532,False,>10 DE genes,on-target KD
152,CAMSAP1,0.10698995162650791,0.0538770628476527,0.7808493845307618,0.7419376221641601,ENSG00000130559,Rest,149.0,58,67,125,-3.249822191467372,True,9.389878070124578,False,>10 DE genes,on-target KD
153,CAND1,0.22225449945799755,0.1860510706944981,0.8076253880384513,0.7180608184540368,ENSG00000111530,Rest,886.0,477,361,838,-30.867383544344182,True,120.5705089944875,False,>10 DE genes,on-target KD
154,CAP1,0.10169898951591927,0.0476896148565849,0.6357658157980822,0.5290569701705979,ENSG00000131236,Rest,238.0,140,50,190,-6.555670063201558,True,17.700311475183533,False,>10 DE genes,on-target KD
155,CARD11,0.41926533058515275,0.3895339063089209,0.69809429340993,0.5803048927226396,ENSG00000198286,Rest,69.0,29,72,101,-6.137259960656962,True,77.100959284649,False,>10 DE genes,on-target KD
156,CARD6,0.018225256742056665,0.0059436794369159,0.7546772743485023,0.7510253470353451,ENSG00000132357,Rest,595.0,38,17,55,-7.416949357840456,True,10.359559369951864,False,>10 DE genes,on-target KD
157,CARM1,0.08688038733930699,0.075966137573563,0.7797630109967231,0.7226616238264345,ENSG00000142453,Rest,752.0,66,42,108,-18.246761920319457,True,64.0352461349657,False,>10 DE genes,on-target KD
158,CARMIL2,0.10636602148889124,0.0537474749021895,0.8247825175079826,0.7758336943077908,ENSG00000159753,Rest,509.0,38,48,86,-16.385385421946705,True,79.34889498670654,False,>10 DE genes,on-target KD
159,CASC3,0.2816571109791448,0.2651093097731306,0.8103257783802018,0.8036856308947609,ENSG00000108349,Rest,310.0,862,377,1239,-15.973153517042563,True,88.59647396125392,False,>10 DE genes,on-target KD
160,CASK,-0.0016186969025841654,-0.0562588226496131,0.73524965887261,0.6709373751023539,ENSG00000147044,Rest,183.0,77,44,121,-6.129131161875126,True,25.24997795796146,False,>10 DE genes,on-target KD
161,CASP9,0.12414172553929292,0.1150636320825252,0.7116766737541594,0.6970493893321763,ENSG00000132906,Rest,876.0,350,404,754,-12.185885956616064,True,22.764888768775155,False,>10 DE genes,on-target KD
162,CAV1,0.0371689667875632,-0.0640066398409046,0.7542060090473371,0.7312585420201979,ENSG00000105974,Rest,585.0,46,49,95,-0.4473852163175117,True,0.1475145841772081,False,>10 DE genes,on-target KD
163,CAVIN2,0.16251208292450392,0.124248386513301,0.8430970503664149,0.7681218746726833,ENSG00000168497,Rest,132.0,33,14,47,0.0,False,,False,>10 DE genes,no on-target KD
164,CBFA2T2,0.2011764142407545,0.1623143647093916,0.7810865657204831,0.7687271393759162,ENSG00000078699,Rest,310.0,209,91,300,-9.496716206799931,True,31.10546012349716,False,>10 DE genes,on-target KD
165,CBFB,0.16051183863784707,0.0258655086317373,0.7078673750784209,0.6549966789831263,ENSG00000067955,Rest,116.0,503,374,877,-11.023058702692635,True,226.8849610601744,False,>10 DE genes,on-target KD
166,CBLL1,0.07370337905470066,0.0319649674747329,0.4831431119429592,0.2438732535983392,ENSG00000105879,Rest,323.0,227,75,302,-10.162322832789275,True,42.86083669869586,False,>10 DE genes,on-target KD
167,CBX3,0.05150790517152263,0.0057653631087481,0.5845748970895951,0.4846220282608499,ENSG00000122565,Rest,891.0,52,14,66,-25.53139905996048,True,175.07101042022893,True,>10 DE genes,on-target KD
168,CBX5,0.05654575572836553,0.0158036035894351,0.8139217105742725,0.7917020340819799,ENSG00000094916,Rest,1378.0,20,29,49,-24.14792862544581,True,66.46641423438481,False,>10 DE genes,on-target KD
169,CCAR1,0.23700950699366694,0.2078294430219453,0.7179307570736265,0.6393106256241964,ENSG00000060339,Rest,60.0,81,91,172,-2.355065161654488,True,12.744483053228851,False,>10 DE genes,on-target KD
170,CCDC12,-0.03167355871919593,-0.1441947840613295,0.24598480579555773,0.1249175273189313,ENSG00000160799,Rest,75.0,1915,990,2905,-1.192410069963385,False,52.56046875593179,True,>10 DE genes,putative off-target
171,CCDC137,0.14782122837296255,0.1073980111085549,0.7863450268491915,0.7343870608447955,ENSG00000185298,Rest,91.0,21,40,61,-3.731108396423785,True,19.259299895721984,False,>10 DE genes,on-target KD
172,CCDC138,0.05707028982168914,0.0296802550114095,0.13567331671535257,0.1244765398817015,ENSG00000163006,Rest,889.0,158,20,178,-11.149569040068924,True,15.751710593076828,False,>10 DE genes,on-target KD
173,CCDC22,0.10451182572455812,0.0583403362031252,0.6588814002878617,0.4689775081668529,ENSG00000101997,Rest,649.0,80,36,116,-9.396149072804024,True,17.132001236067026,False,>10 DE genes,on-target KD
174,CCDC28B,-0.0698704641670324,-0.2411558556139296,0.6219264396432331,0.5377446586793918,ENSG00000160050,Rest,54.0,288,130,418,-2.8245336581516707,True,18.702278720976064,False,>10 DE genes,on-target KD
175,CCDC6,0.0684458431714057,0.0137353628220048,0.4557605904106062,0.3927402620980883,ENSG00000108091,Rest,252.0,88,14,102,-8.199733197640803,True,38.296931275789866,False,>10 DE genes,on-target KD
176,CCDC93,0.09192608116420432,0.0460050948062583,0.7873485645012447,0.7474997540549395,ENSG00000125633,Rest,295.0,67,35,102,-7.11295221473698,True,23.69417870973675,False,>10 DE genes,on-target KD
177,CCL5,0.027604578922029166,-0.0115692129671699,0.7658869385313917,0.7239040674589721,ENSG00000271503,Rest,251.0,34,64,98,-7.9897286817799715,True,285.839720455516,False,>10 DE genes,on-target KD
178,CCNA2,0.15266645564784478,0.11777952722445,0.6692024527657968,0.6557521990603673,ENSG00000145386,Rest,1704.0,383,84,467,-5.351242963477848,True,103.87614378384454,False,>10 DE genes,on-target KD
179,CCNC,0.24004700520159603,0.1971220555328284,0.5613872479921151,0.5169090269634224,ENSG00000112237,Rest,3530.0,1630,1101,2731,-31.16137177899652,True,71.94863487264222,False,>10 DE genes,on-target KD
180,CCND2,0.18016959394968923,0.1722752577789414,0.8281937770993767,0.822855119379951,ENSG00000118971,Rest,690.0,445,842,1287,-22.060438492731155,True,219.45059033231897,False,>10 DE genes,on-target KD
181,CCNF,0.17365225921969565,0.1602050011146755,0.8106186998211568,0.8072604743980965,ENSG00000162063,Rest,574.0,244,371,615,-13.120773524094185,True,58.98581373210932,False,>10 DE genes,on-target KD
182,CCNK,0.16417383762138868,0.148656305307305,0.8826203251023225,0.8693988025752755,ENSG00000090061,Rest,231.0,73,75,148,-8.350795565435424,True,77.61488930436091,False,>10 DE genes,on-target KD
183,CCNQ,0.13220553240717917,0.0530616560144043,0.7803926893524608,0.6847484826351848,ENSG00000262919,Rest,168.0,308,158,466,-6.624950761971538,True,29.66660653688054,False,>10 DE genes,on-target KD
184,CCR10,0.06288099620532524,0.0156178829026227,0.6852899415573592,0.6548030177725513,ENSG00000184451,Rest,504.0,368,137,505,0.0,False,,False,>10 DE genes,no on-target KD
185,CCR4,0.0246063821501754,-0.0360468850010376,0.5299402291064834,0.4065250693141976,ENSG00000183813,Rest,305.0,286,222,508,-10.184477483402066,True,165.40416072440863,False,>10 DE genes,on-target KD
186,CCR6,-0.0023277630037415,-0.0147019266877931,0.03754745618276751,-0.1177327335109787,ENSG00000112486,Rest,515.0,78,9,87,-1.56764981999476,False,1.500632995225918,True,>10 DE genes,putative off-target
187,CCS,0.0666907197758103,0.0257346087900693,0.6399452765808163,0.5704426961350321,ENSG00000173992,Rest,177.0,240,49,289,-4.587666420849623,True,11.595739408791408,False,>10 DE genes,on-target KD
188,CD244,0.07647763496162384,-0.0529289128323325,-0.12438358483070104,-0.3294336435460346,ENSG00000122223,Rest,2819.0,61,1,62,0.0,False,,False,>10 DE genes,no on-target KD
189,CD2BP2,0.0695074950023214,0.0385119505777386,0.7991499307644073,0.7681004685695293,ENSG00000169217,Rest,167.0,47,34,81,-8.03015405078509,True,37.49773514463943,False,>10 DE genes,on-target KD
190,CDADC1,0.08170802666649167,0.052000122384061,0.37858530999758216,0.2383926511195604,ENSG00000102543,Rest,487.0,140,33,173,-6.940583275865983,True,10.45215796228388,False,>10 DE genes,on-target KD
191,CDC25B,0.249762566112505,0.2173722063876637,0.7014190244480026,0.6499355159324595,ENSG00000101224,Rest,428.0,750,506,1256,-18.45535731798765,True,551.4645575160082,False,>10 DE genes,on-target KD
192,CDC34,0.10602442146776074,0.1019413061812816,0.875343503235996,0.8171672939845692,ENSG00000099804,Rest,536.0,27,13,40,-15.463316702426129,True,41.94013511899988,False,>10 DE genes,on-target KD
193,CDCA3,0.11582675648274861,0.1025071521722567,0.508539666984212,0.3887611268614424,ENSG00000111665,Rest,361.0,73,54,127,-9.669195103152637,True,38.753743721210654,False,>10 DE genes,on-target KD
194,CDK13,0.23163047978653586,0.1733017392100003,0.7849670250377687,0.7810497066646579,ENSG00000065883,Rest,683.0,284,274,558,-13.990399292073818,True,34.879782708113034,False,>10 DE genes,on-target KD
195,CDK5RAP3,0.0448247524907343,0.0046373831117651,0.6989172024657427,0.6130831607910141,ENSG00000108465,Rest,793.0,96,36,132,-18.474361452722054,True,57.57840501877118,False,>10 DE genes,on-target KD
196,CDKN2AIP,0.067381621440213,0.0284164210241898,0.7699203933496254,0.6630760383181894,ENSG00000168564,Rest,505.0,51,62,113,-8.652133904749588,True,15.990850551551372,False,>10 DE genes,on-target KD
197,CEP104,0.09674137842216546,0.0633642027208577,0.827648437540363,0.7062824008817883,ENSG00000116198,Rest,398.0,31,27,58,-10.032066337716133,True,25.6149027970366,False,>10 DE genes,on-target KD
198,CEP350,0.13082884823499863,-0.0287847597495048,0.5552000730834307,0.4861480493028783,ENSG00000135837,Rest,102.0,36,3,39,-6.210485977401381,True,64.39894556161138,False,>10 DE genes,on-target KD
199,CEP44,0.09003392227982253,0.0635249718105337,0.7824472346377402,0.7351180453398373,ENSG00000164118,Rest,346.0,17,55,72,-8.90162476017045,True,27.039446751433623,False,>10 DE genes,on-target KD
200,CEP57,0.07552013322575783,0.0417571953079941,0.7030021153126428,0.6384177162439126,ENSG00000166037,Rest,90.0,251,135,386,-1.9858730797075583,False,69.19655907200554,False,>10 DE genes,no on-target KD
201,CEP89,0.1308607790668053,0.1209189289060153,0.46244207916297536,0.4002022447222448,ENSG00000121289,Rest,365.0,18,13,31,-5.430648872367106,True,10.343025617406338,True,>10 DE genes,on-target KD
202,CFAP20,0.20038111181630117,0.1800989694798433,0.811586221741205,0.7999160229335713,ENSG00000070761,Rest,301.0,249,206,455,-8.638691002575477,True,31.33745760189637,False,>10 DE genes,on-target KD
203,CFAP298,0.12038866725818277,-0.0029288153809955,0.17896558498449822,0.1059806986502197,ENSG00000159079,Rest,277.0,304,183,487,-4.466479985704573,True,53.964101211332405,False,>10 DE genes,on-target KD
204,CFAP97,0.0685580134830705,0.0522598938137964,0.7131252027154463,0.6264447751918163,ENSG00000164323,Rest,382.0,379,222,601,-11.47302472926066,True,47.13095347181248,False,>10 DE genes,on-target KD
205,CFD,0.03498798358568806,0.0124523309986872,0.6832242632898584,0.5148806865016617,ENSG00000197766,Rest,520.0,71,57,128,-0.9481441624558492,False,0.6555883694681756,False,>10 DE genes,no on-target KD
206,CHD4,0.3689960143599256,0.2897525657942985,0.7611268809318039,0.7545969757815808,ENSG00000111642,Rest,292.0,766,434,1200,-7.612728670009502,True,90.04884966107903,False,>10 DE genes,on-target KD
207,CHD7,0.2316209235338124,0.1689759731109393,0.7130863641000378,0.5739813258304695,ENSG00000171316,Rest,697.0,992,262,1254,-9.646620365810916,True,26.33828698549096,False,>10 DE genes,on-target KD
208,CHEK2,0.08164052110352144,-0.0240128943162883,0.3445978420853732,0.0897757040785932,ENSG00000183765,Rest,84.0,177,19,196,-4.301556541470408,True,24.47216227259824,False,>10 DE genes,on-target KD
209,CHIC2,-0.027400126622225632,-0.0315815961682207,0.7631169818591864,0.6238480066177422,ENSG00000109220,Rest,2539.0,5,27,32,-25.43322090854019,True,50.56130521361014,False,>10 DE genes,on-target KD
210,CHMP1A,0.12618634282022675,0.1110233534589595,0.6948207693391698,0.6594999758410158,ENSG00000131165,Rest,205.0,351,219,570,-5.3079560350062645,True,73.55657408125175,False,>10 DE genes,on-target KD
211,CHMP4A,0.0053561457269555,-0.0492102229568299,0.005378327341199668,-0.1482857040844571,ENSG00000254505,Rest,546.0,34,7,41,-24.19649927804375,True,132.6181729219748,False,>10 DE genes,on-target KD
212,CHORDC1,0.12325934601670059,0.0937571056161316,0.7197907009140945,0.6087485035881292,ENSG00000110172,Rest,76.0,44,115,159,-4.7161508327753,True,40.56954501781338,False,>10 DE genes,on-target KD
213,CHTF18,0.09468210074311005,0.0319221429501592,0.7728535667928927,0.7230446092804838,ENSG00000127586,Rest,274.0,76,60,136,-4.473263312844851,True,9.085670698760634,False,>10 DE genes,on-target KD
214,CHURC1,0.04335414757621373,0.0078296642523875,0.1418180260164781,-0.1327457895971613,ENSG00000258289,Rest,194.0,120,38,158,-15.395259301522673,True,161.3635717359346,False,>10 DE genes,on-target KD
215,CIR1,0.06704601954243614,-0.0093536711277509,0.8811460632611133,0.8537257985475941,ENSG00000138433,Rest,270.0,15,19,34,-8.643268149960036,True,25.485357055002805,True,>10 DE genes,on-target KD
216,CISD1,-0.006726751715529867,-0.0331084735271995,-0.2585587852555456,-0.3387763103526258,ENSG00000122873,Rest,669.0,85,5,90,-15.408113437564865,True,43.11843690757065,True,>10 DE genes,on-target KD
217,CIT,0.10468109907837216,0.0899865250859053,0.778410944784193,0.7551306646786822,ENSG00000122966,Rest,228.0,29,45,74,-10.234204755509374,True,58.5639864138838,False,>10 DE genes,on-target KD
218,CKAP2,0.08166642493766003,0.0647824475906432,0.08731217123430707,0.0079117554737204,ENSG00000136108,Rest,397.0,30,10,40,-13.500307355573556,True,67.58289769776555,True,>10 DE genes,on-target KD
219,CKAP2L,0.06834841432643686,0.0321808140547207,0.2227761815960101,0.0717221247884741,ENSG00000169607,Rest,464.0,27,7,34,-14.58131431882579,True,67.5731392091901,False,>10 DE genes,on-target KD
220,CKAP4,0.07693826954895806,0.0616493901371094,0.5694703988982782,0.3641988162862923,ENSG00000136026,Rest,412.0,296,145,441,-3.5332129684547384,True,3.2835596389373536,False,>10 DE genes,on-target KD
221,CKLF-CMTM1,0.005607166943070833,-0.0121047079583519,0.13733804249530654,0.1112667768520842,ENSG00000254788,Rest,420.0,94,18,112,0.0,False,,False,>10 DE genes,no on-target KD
222,CKS1B,-0.0038222751059090003,-0.0993444916369306,-0.24494211261862023,-0.2682477712416724,ENSG00000173207,Rest,126.0,35,6,41,-7.376225310534754,True,150.65376653325114,True,>10 DE genes,on-target KD
223,CLASRP,0.1459522491856919,0.1408392080536391,0.7296317724621746,0.6689852946613967,ENSG00000104859,Rest,112.0,110,47,157,-5.196542208935637,True,32.84403509722517,False,>10 DE genes,on-target KD
224,CLCC1,0.02447766222444647,0.0172821575816814,0.2323230280947338,0.0447284142801256,ENSG00000121940,Rest,892.0,204,35,239,-13.347402399590042,True,23.136230300641863,False,>10 DE genes,on-target KD
225,CLDN7,0.16394888248534986,0.1294379384720341,0.8047633734680025,0.7733789911040088,ENSG00000181885,Rest,507.0,70,51,121,0.0,False,,False,>10 DE genes,no on-target KD
226,CLUH,0.02132724797022863,-0.0022596544818723,0.5899308362511865,0.3495818786146854,ENSG00000132361,Rest,485.0,10,22,32,-8.297910862107873,True,15.16497709757338,False,>10 DE genes,on-target KD
227,CMAS,0.1969886147104618,0.1705786467393714,0.8144679927921753,0.7822623495056548,ENSG00000111726,Rest,126.0,34,62,96,-7.226719143148793,True,57.7437252044441,False,>10 DE genes,on-target KD
228,CMTM7,-0.06070409349352437,-0.0888175072659918,-0.11475698837434234,-0.2081045121526375,ENSG00000153551,Rest,479.0,67,15,82,-8.590397027367509,True,16.299100009508358,False,>10 DE genes,on-target KD
229,CMTR1,0.07453376241067412,0.0159012962784804,0.7869926942721454,0.785466697395319,ENSG00000137200,Rest,257.0,107,47,154,-8.464774215072554,True,43.56389913980023,False,>10 DE genes,on-target KD
230,CNBP,0.0833320063344852,0.0619100918058026,0.8691763411739197,0.8470053316500324,ENSG00000169714,Rest,1173.0,28,25,53,-32.46691146634949,True,188.28225201042284,False,>10 DE genes,on-target KD
231,CNOT10,0.05348037800641894,-0.1082170542498279,0.8550074476501383,0.8260165700702867,ENSG00000182973,Rest,262.0,32,11,43,-4.775824666571958,True,41.655403533763824,False,>10 DE genes,on-target KD
232,CNOT11,0.08671110466554251,0.0464770021483682,0.5136124497229567,0.4662195172644082,ENSG00000158435,Rest,119.0,280,72,352,-11.143419898805003,True,115.68782650109397,False,>10 DE genes,on-target KD
233,CNOT4,0.07544139616906193,0.0579451233547858,0.8228376531650432,0.7580917409987378,ENSG00000080802,Rest,351.0,79,64,143,-7.261444624282904,True,15.72710899574624,False,>10 DE genes,on-target KD
234,CNOT9,0.11096591281845514,0.0742772673777906,0.6790969111022319,0.6407761907707465,ENSG00000144580,Rest,131.0,35,6,41,-6.032721834882692,True,75.42407533619338,False,>10 DE genes,on-target KD
235,COA3,0.08379746171314689,0.0590126547363134,0.6948798404384288,0.5895721778482449,ENSG00000183978,Rest,282.0,90,22,112,-9.056846880461846,True,41.35485613496581,False,>10 DE genes,on-target KD
236,COA5,0.09817403103881663,0.0536116663796775,0.8651284637265354,0.8190695477738208,ENSG00000183513,Rest,380.0,42,30,72,-6.224388630885328,False,11.490035370307728,True,>10 DE genes,putative off-target
237,COA7,0.054169542410536564,0.0255631285130827,0.8750854291405948,0.7983018277088838,ENSG00000162377,Rest,464.0,26,17,43,-6.156386798182814,True,10.226884929011506,False,>10 DE genes,on-target KD
238,COASY,0.30510797306601,0.2640316140958291,0.5558089455871228,0.4898752629116685,ENSG00000068120,Rest,55.0,533,166,699,-2.559915339180196,False,23.53178138968428,False,>10 DE genes,no on-target KD
239,COG5,0.0184606768264244,0.002889975524719,0.11940270328462077,0.1059289776922068,ENSG00000164597,Rest,153.0,561,219,780,-4.888832662092154,True,19.40533984464912,True,>10 DE genes,on-target KD
240,COG6,0.0475007052791114,0.0347109630113278,0.2001875586293249,0.1581568327843858,ENSG00000133103,Rest,161.0,639,188,827,-2.487363011739355,False,4.423342896834412,False,>10 DE genes,no on-target KD
241,COL1A1,-0.0432577561660408,-0.0730041827944923,-0.4236353560576564,-0.5081676742320568,ENSG00000108821,Rest,585.0,54,2,56,0.0,False,,False,>10 DE genes,no on-target KD
242,COL4A1,0.06562009947477,0.0587738077210978,0.8459879307145806,0.8236563260872978,ENSG00000187498,Rest,498.0,8,66,74,0.0,False,,False,>10 DE genes,no on-target KD
243,COL4A3BP,0.07701820940633868,0.0087271973794117,0.4300340320253859,0.3229424245347734,ENSG00000113163,Rest,224.0,18,13,31,-11.175087793957983,True,64.75633353590126,True,>10 DE genes,on-target KD
244,COL5A1,0.05451379166991124,0.0449708031138036,-0.21593020502526475,-0.3169435605718365,ENSG00000130635,Rest,341.0,30,2,32,0.0,False,,False,>10 DE genes,no on-target KD
245,COMMD10,0.1087010937052292,-0.0529456599699286,0.5789862796367641,0.4281755034297148,ENSG00000145781,Rest,317.0,70,29,99,-9.600010763883102,True,32.562339906255005,False,>10 DE genes,on-target KD
246,COMMD4,-0.0170918976355017,-0.0992504400918988,0.5326947101727552,0.2370043446551285,ENSG00000140365,Rest,495.0,27,9,36,-13.772102958199422,True,41.56093601840906,False,>10 DE genes,on-target KD
247,COMMD8,0.18419251635075518,0.1686413059749955,0.8541458147625928,0.8310258465722399,ENSG00000169019,Rest,264.0,44,13,57,-7.747417394830544,True,23.22543141222819,False,>10 DE genes,on-target KD
248,COP1,0.07873091274365719,0.0714439570765844,0.6459333300890197,0.6068607751250326,ENSG00000143207,Rest,528.0,54,17,71,-8.933263340415536,True,30.462005583895607,False,>10 DE genes,on-target KD
249,COPRS,0.027748136887180464,0.0135412143959784,-0.14769742445771072,-0.2737796456490931,ENSG00000172301,Rest,876.0,67,9,76,-16.863247599627414,True,33.67340974775227,False,>10 DE genes,on-target KD
250,COPS8,0.24428661855205958,0.1229756626023419,0.6134410937623009,0.6083545869947422,ENSG00000198612,Rest,71.0,443,103,546,-3.581208907866716,True,32.317378602480055,False,>10 DE genes,on-target KD
251,COQ2,0.1536887405578754,0.143970823617226,0.36819667627573316,0.322508270196828,ENSG00000173085,Rest,65.0,166,13,179,-2.926533521915056,False,16.637640888565226,False,>10 DE genes,no on-target KD
252,COQ3,0.1681545216331767,0.0968593970228698,0.6135728793468683,0.5710352724671953,ENSG00000132423,Rest,170.0,463,236,699,-3.7690017658562738,True,9.649122028021488,False,>10 DE genes,on-target KD
253,COQ4,0.15441290311547964,0.1403994072905176,0.8317074791544279,0.7737533861880963,ENSG00000167113,Rest,211.0,27,15,42,-6.43765933521784,True,26.988707328595563,True,>10 DE genes,on-target KD
254,COX10,0.04359060347938637,0.0274587132208151,0.6210479063983138,0.4847894543356125,ENSG00000006695,Rest,92.0,52,20,72,-3.8931623309018666,True,37.03144565789032,False,>10 DE genes,on-target KD
255,COX11,0.10720040255723016,0.077519109645905,0.6454882541799162,0.5970289501065821,ENSG00000166260,Rest,150.0,132,37,169,-4.705701609808068,True,19.440443798029765,True,>10 DE genes,on-target KD
256,COX20,0.17033916830500795,0.0241581118132497,0.4831621568632109,0.3704116850150163,ENSG00000203667,Rest,308.0,39,72,111,-3.880950902896625,True,37.68037333256943,False,>10 DE genes,on-target KD
257,COX4I1,0.11181883560885969,0.1019109988424974,0.7769848379537242,0.7315162142488147,ENSG00000131143,Rest,145.0,247,182,429,-15.97068870156173,True,206.57756424938063,True,>10 DE genes,on-target KD
258,COX5A,0.14419082974421515,0.0960525277882514,0.6534099150017273,0.6007274036623986,ENSG00000178741,Rest,117.0,276,112,388,0.0,False,,False,>10 DE genes,no on-target KD
259,COX5B,0.08039880204909114,0.0418526790967832,0.5936756818910539,0.5449599887899467,ENSG00000135940,Rest,106.0,439,98,537,-7.024633770888041,True,42.28606529098122,False,>10 DE genes,on-target KD
260,COX6B1,0.023078305666911002,-0.0411354933953868,0.6493538607304705,0.3934034915672215,ENSG00000126267,Rest,386.0,23,8,31,-12.8676949724244,True,55.25212883688935,False,>10 DE genes,on-target KD
261,COX6C,0.06577749377038193,-0.0163739763318915,0.6195096803496456,0.6033096459045942,ENSG00000164919,Rest,251.0,213,54,267,-16.946609761907812,True,151.60095723993106,False,>10 DE genes,on-target KD
262,CPOX,0.0794539045561846,-0.0779000219833241,0.6704148588890643,0.5577205530170166,ENSG00000080819,Rest,291.0,97,229,326,-10.889400632841976,True,50.7913885122148,False,>10 DE genes,on-target KD
263,CPSF6,0.35313317427696483,0.2717485503798991,0.7877269558503776,0.7623376332274794,ENSG00000111605,Rest,234.0,1394,764,2158,-8.087159725145787,True,36.84005918792499,False,>10 DE genes,on-target KD
264,CREB1,0.16628500796406356,0.1576030963091615,0.6423418772766564,0.61074205721728,ENSG00000118260,Rest,782.0,64,136,200,-22.032250190323715,True,66.17326290139573,False,>10 DE genes,on-target KD
265,CREB3L2,0.11000203419169767,0.0925019391047609,0.6422698453894348,0.601254348836329,ENSG00000182158,Rest,227.0,75,187,262,-0.6146893510951553,False,22.330287431427628,False,>10 DE genes,no on-target KD
266,CREBBP,0.26212430328346564,0.2346036208569615,0.7779559502513193,0.7511916149066908,ENSG00000005339,Rest,1015.0,960,602,1562,-22.97737843672975,True,66.4778992058999,False,>10 DE genes,on-target KD
267,CRLS1,0.09267843371925862,0.0092021564764705,0.8037139413831919,0.7153087670736635,ENSG00000088766,Rest,309.0,89,22,111,-11.81589710025878,True,57.77910542444145,False,>10 DE genes,on-target KD
268,CROT,0.37350357800175854,0.3153411339562872,0.6922052715872544,0.6030350289948326,ENSG00000005469,Rest,475.0,112,34,146,-7.024416092772015,True,13.250829397105298,False,>10 DE genes,on-target KD
269,CRTAP,0.0075102544191735995,-0.0605961730769881,0.20654383940335239,-0.2340364759174352,ENSG00000170275,Rest,393.0,60,17,77,-12.804378220399038,True,47.483130139237126,False,>10 DE genes,on-target KD
270,CRTC2,0.09862753606007309,0.0663863966959204,0.818812743836414,0.7795541565976742,ENSG00000160741,Rest,265.0,240,127,367,-8.556325688447716,True,76.90729543009803,False,>10 DE genes,on-target KD
271,CRY1,0.06312857914093407,0.0317807173083461,0.3392875278817706,0.1123634089041615,ENSG00000008405,Rest,925.0,163,34,197,-11.450709821539792,True,15.062280380584363,False,>10 DE genes,on-target KD
272,CRYZL1,-0.0038703933436286322,-0.0335253590955597,-0.21067180676658714,-0.307322526233816,ENSG00000205758,Rest,456.0,916,296,1212,-7.39134354986494,True,11.53367183251697,False,>10 DE genes,on-target KD
273,CSDE1,0.2418540973786326,0.1669146400077971,0.7218254693044729,0.5910664570223753,ENSG00000009307,Rest,676.0,788,1026,1814,-25.93760748273524,True,108.532585424137,False,>10 DE genes,on-target KD
274,CSK,0.2125138598097727,0.1889988186913586,0.8651592222749569,0.8443997154733242,ENSG00000103653,Rest,1192.0,331,217,548,-43.65002216134179,True,238.7354731500853,False,>10 DE genes,on-target KD
275,CSNK2A1,0.11217233222891813,0.0965677604866479,0.6605156426737256,0.579414072337624,ENSG00000101266,Rest,608.0,146,150,296,-6.978232213199992,True,9.086924452638074,False,>10 DE genes,on-target KD
276,CSNK2A2,0.06571017364484176,0.0461530525423092,0.7746447955224559,0.6819800259177395,ENSG00000070770,Rest,684.0,36,74,110,-14.420047878518025,True,36.87663739726064,False,>10 DE genes,on-target KD
277,CTBP1,0.5288581574587607,0.5259838884114467,0.886765837012872,0.8827835050056784,ENSG00000159692,Rest,1442.0,1224,929,2153,0.0,False,,False,>10 DE genes,no on-target KD
278,CTDSPL2,0.2023123412225464,0.1719972363051541,0.8460235076317343,0.8321773270133025,ENSG00000137770,Rest,509.0,215,194,409,-11.457798830910072,True,27.939280539082407,False,>10 DE genes,on-target KD
279,CTPS1,0.0015367567511563995,-0.0334506793010534,0.4704558534024113,0.2298598026326574,ENSG00000171793,Rest,303.0,25,54,79,-3.289475195209374,True,43.52937883636943,False,>10 DE genes,on-target KD
280,CTSF,0.09628473182965606,0.0811378876469351,0.7911020066660641,0.7518786181356585,ENSG00000174080,Rest,483.0,175,109,284,-1.5628893374334305,True,0.986316456333334,False,>10 DE genes,on-target KD
281,CTU1,0.19713976450864423,0.1863390635602548,0.7477812838390082,0.6948969532589063,ENSG00000142544,Rest,149.0,342,112,454,-1.081282938391663,False,1.3159072331006998,False,>10 DE genes,no on-target KD
282,CTU2,0.20809418017209072,0.1689409602290286,0.8598996948910264,0.836129208933272,ENSG00000174177,Rest,469.0,230,97,327,-7.540471981274566,True,16.33980333180726,True,>10 DE genes,on-target KD
283,CUEDC2,0.0010451325001676985,-0.0447656282492601,-0.33760589332179913,-0.4538542904547689,ENSG00000107874,Rest,1399.0,38,1,39,-24.774068944899888,True,48.941709390032806,False,>10 DE genes,on-target KD
284,CUL3,0.21995876994144825,0.1390623387165834,0.6842308157409042,0.6003757453467179,ENSG00000036257,Rest,261.0,532,161,693,-10.10907836481465,True,100.18453608896836,False,>10 DE genes,on-target KD
285,CUL4B,0.15823501339795507,0.1313637620448704,0.770596231975884,0.7132134085420637,ENSG00000158290,Rest,336.0,201,371,572,-11.62572550162869,True,51.93510946427402,False,>10 DE genes,on-target KD
286,CWC27,0.044876261472113634,0.0061290802629604,0.9268850162192178,0.87599209891181,ENSG00000153015,Rest,835.0,41,32,73,-18.58116841710737,True,38.488793483489694,True,>10 DE genes,on-target KD
287,CXXC1,0.18861370076078907,0.1822273272447645,0.6678890996135759,0.6403969951364962,ENSG00000154832,Rest,103.0,375,161,536,-6.56699544307265,True,46.534291597552894,False,>10 DE genes,on-target KD
288,CXorf40A,-0.006178813502630135,-0.0331179328573795,0.048147105043670535,-0.0928539048629239,ENSG00000197620,Rest,1382.0,72,3,75,-8.197339904313377,True,10.235225345898426,False,>10 DE genes,on-target KD
289,CYB561D2,0.06521921524670117,0.0577456228440748,0.8544644005012474,0.8197030944059167,ENSG00000114395,Rest,901.0,158,235,393,-17.896810410031275,True,34.08649046771771,False,>10 DE genes,on-target KD
290,CYB5D1,0.12478179512059702,0.1223248937584373,0.8108819771986028,0.7530223972759835,ENSG00000182224,Rest,270.0,49,34,83,-1.9155818732508696,False,1.4747288054834018,True,>10 DE genes,putative off-target
291,CYB5R4,0.12924935732903373,0.0901872389590699,0.5887648929241129,0.5032912714683996,ENSG00000065615,Rest,213.0,154,104,258,-12.74443162036382,True,80.78640358045432,False,>10 DE genes,on-target KD
292,CYC1,0.11418880995277457,0.0756108031668436,0.559787586309165,0.3188485778632461,ENSG00000179091,Rest,144.0,50,16,66,-9.00825387754176,True,78.38324981808782,False,>10 DE genes,on-target KD
293,CYLD,0.03484428501116543,-0.0904657101666006,-0.12782550551487534,-0.6636131743885145,ENSG00000083799,Rest,236.0,89,7,96,-10.511861117846095,True,359.0960732986361,False,>10 DE genes,on-target KD
294,CYP4V2,0.1583481932932862,0.1469418024654313,0.7057129522418505,0.6267732772186276,ENSG00000145476,Rest,289.0,94,171,265,-4.857326633009924,True,27.88030977136004,False,>10 DE genes,on-target KD
295,CYTH3,0.14054053300781677,0.1220523031407831,0.8277311363452764,0.7913665388348897,ENSG00000008256,Rest,542.0,5,31,36,-1.5015098856237,True,1.084295938343305,False,>10 DE genes,on-target KD
296,DAD1,0.025165927276297632,0.0108729848331951,0.42640359899003766,0.1807191138558468,ENSG00000129562,Rest,61.0,31,4,35,0.0,False,,False,>10 DE genes,no on-target KD
297,DARS,0.046664275130028667,0.0268566328049867,0.3486270016961559,0.2813692418005459,ENSG00000115866,Rest,59.0,74,16,90,-2.222689532022048,False,108.42078625826042,False,>10 DE genes,no on-target KD
298,DAXX,0.011879036028177135,-0.0401381698082433,0.5123524129360845,0.4528597340688819,ENSG00000204209,Rest,278.0,44,21,65,-17.264228295299908,True,102.75060299606736,False,>10 DE genes,on-target KD
299,DBF4,0.10499156366270453,0.0604609392546555,0.7765762346021171,0.7630331919244785,ENSG00000006634,Rest,184.0,47,98,145,-8.294893727387498,True,44.68573063748379,False,>10 DE genes,on-target KD
300,DCAF16,-0.015099224096802798,-0.0502541275981923,-0.18877410015982732,-0.2760405038337449,ENSG00000163257,Rest,126.0,133,7,140,-5.912131054997137,True,25.554293124638843,False,>10 DE genes,on-target KD
301,DCAF5,0.06020236431106213,0.0440947093733484,-0.06303945315809897,-0.1152926822306807,ENSG00000139990,Rest,752.0,36,16,52,-17.117929240642408,True,45.06634010600958,False,>10 DE genes,on-target KD
302,DCAKD,-0.04777840577216284,-0.0675640949293253,-0.06047463843042816,-0.1127821454065398,ENSG00000172992,Rest,610.0,417,129,546,-8.567970347244083,True,16.575007122497162,True,>10 DE genes,on-target KD
303,DCP2,0.13391789464534276,0.0093155675332331,0.5989485171443265,0.4275393573807569,ENSG00000172795,Rest,151.0,638,222,860,-9.442851923651656,True,67.7385926353907,False,>10 DE genes,on-target KD
304,DCPS,0.19365969276972914,0.1728523000104459,0.7739288015243192,0.7647250879678625,ENSG00000110063,Rest,57.0,173,38,211,-2.7493404751944563,False,21.451660840257823,False,>10 DE genes,no on-target KD
305,DCTPP1,0.23190832396554287,0.1945080467615513,0.7868171700212413,0.7078282291015447,ENSG00000179958,Rest,304.0,123,54,177,-9.722309939378576,True,45.41096708003567,False,>10 DE genes,on-target KD
306,DDA1,0.23949843282383595,0.230688037226585,0.8059036953936719,0.7861937459135125,ENSG00000130311,Rest,355.0,288,129,417,-10.6963339472987,True,38.54912885664831,True,>10 DE genes,on-target KD
307,DDRGK1,0.2018211776209801,0.1870931116274866,0.7643487809284633,0.7016768339582407,ENSG00000198171,Rest,744.0,730,654,1384,-19.73634586951641,True,50.9634167133603,True,>10 DE genes,on-target KD
308,DDTL,0.10294497179768976,0.0956795548942438,0.7639832912873619,0.6743482636149061,ENSG00000099974,Rest,873.0,33,30,63,-1.9470530149094305,False,1.665359386461474,True,>10 DE genes,putative off-target
309,DDX1,0.27155090895059497,0.2113882360265351,0.5910799175905208,0.4739444589772128,ENSG00000079785,Rest,77.0,257,51,308,-7.51210735603312,True,99.34931256763284,False,>10 DE genes,on-target KD
310,DDX17,0.17736477313038923,0.1325682193008534,0.724454038293897,0.7067660400047128,ENSG00000100201,Rest,990.0,367,524,891,-27.371871358145,True,113.79822452129372,False,>10 DE genes,on-target KD
311,DDX6,0.2391535456771404,0.2071690208689307,0.6394497470210142,0.6182045628244077,ENSG00000110367,Rest,212.0,457,212,669,-17.616257745741628,True,190.94447817984903,False,>10 DE genes,on-target KD
312,DEF8,0.14444415595628576,0.0961405976144258,0.6758854998229759,0.623977186124036,ENSG00000140995,Rest,913.0,53,50,103,-4.042037444095895,True,1.779680329765972,False,>10 DE genes,on-target KD
313,DEFA6,-0.021678101378616397,-0.1489537368005163,0.42967901362436994,0.2142399700412526,ENSG00000164822,Rest,1383.0,472,237,709,0.0,False,,False,>10 DE genes,no on-target KD
314,DEK,0.0762717245705525,0.0299797748783719,0.08697492633387516,-0.0372568853095061,ENSG00000124795,Rest,771.0,82,12,94,-20.208600282230524,True,180.56408010652987,False,>10 DE genes,on-target KD
315,DENND2D,0.08789484059445059,0.054762542701831,0.7804684652942209,0.717411033613547,ENSG00000162777,Rest,626.0,262,55,317,-19.2029856397548,True,100.76592869398534,False,>10 DE genes,on-target KD
316,DENR,0.24956098219085676,0.2311641183688034,0.7776849755706291,0.7598004449831798,ENSG00000139726,Rest,861.0,1217,680,1897,-21.85865216718166,True,63.51385811716281,False,>10 DE genes,on-target KD
317,DEPDC5,0.10962375311234203,0.0727737925810825,0.8796725045402197,0.8525671009326892,ENSG00000100150,Rest,725.0,36,34,70,-14.856703794141753,True,31.6119052546255,False,>10 DE genes,on-target KD
318,DESI1,0.10355198131259125,0.0560107475902068,0.5848517934320884,0.5220513434462281,ENSG00000100418,Rest,139.0,98,30,128,-6.329789078337612,True,49.11342707180651,False,>10 DE genes,on-target KD
319,DET1,0.053937893435308935,0.0106429844565466,0.533364848298122,0.514419849021599,ENSG00000140543,Rest,289.0,145,51,196,-1.2948912803189838,False,0.7054151359476839,False,>10 DE genes,no on-target KD
320,DHODH,0.1510848554042721,0.1049194754393206,0.7122526996703776,0.6631583195420342,ENSG00000102967,Rest,75.0,99,40,139,0.0,False,,False,>10 DE genes,no on-target KD
321,DHPS,0.17745201848795164,0.1634834605726921,0.7464129036867737,0.678283212589727,ENSG00000095059,Rest,132.0,296,236,532,-5.237813925423875,True,24.495467611297755,False,>10 DE genes,on-target KD
322,DHRS7,0.1616791833179472,0.1464390222125339,0.7795249956598066,0.7223824678637987,ENSG00000100612,Rest,284.0,8,33,41,-7.719138297817037,True,28.37448176078154,False,>10 DE genes,on-target KD
323,DHX36,0.4356932429491889,0.3936045556844078,0.814151859576619,0.7904788496647642,ENSG00000174953,Rest,208.0,1316,1011,2327,-9.57246537151692,True,72.91701124798975,False,>10 DE genes,on-target KD
324,DHX9,0.0585887936372387,0.0323752714816616,0.5686829202573027,0.4896582195388189,ENSG00000135829,Rest,138.0,117,24,141,-7.152126174980984,True,109.29542325406128,False,>10 DE genes,on-target KD
325,DIS3,0.0556918100333032,-0.0333926886140448,0.6910900211846968,0.6257437597546209,ENSG00000083520,Rest,70.0,171,74,245,-3.6780670260327617,True,42.47256938458447,False,>10 DE genes,on-target KD
326,DIS3L2,0.0389326230644374,0.0044387450619039,0.21499382842492207,0.0682413805605094,ENSG00000144535,Rest,1181.0,447,27,474,-13.771682768262178,True,17.24155998640434,False,>10 DE genes,on-target KD
327,DLD,0.134400493548454,0.1322399389594989,0.7406813070431975,0.6258857187382457,ENSG00000091140,Rest,121.0,33,8,41,-6.321102579062368,True,52.503745964568346,False,>10 DE genes,on-target KD
328,DLG3,0.043636214714772165,0.0134249669918997,0.3632703086667925,0.1656875953943882,ENSG00000082458,Rest,1180.0,30,14,44,-5.265812804544513,True,19.382276724952742,False,>10 DE genes,on-target KD
329,DLG4,0.1107012746323765,0.0989666676138723,0.7446519841959827,0.708764382715213,ENSG00000132535,Rest,753.0,742,544,1286,-1.6306333396350214,True,1.8462500397229369,False,>10 DE genes,on-target KD
330,DMRTA2,0.1086916103714737,0.0809789654052382,0.816457514787886,0.7773156988560596,ENSG00000142700,Rest,1495.0,95,87,182,0.0,False,,False,>10 DE genes,no on-target KD
331,DMRTC2,0.08424857965472687,0.0679326970572873,0.7858788753807454,0.7092171673245431,ENSG00000142025,Rest,266.0,16,42,58,0.0,False,,False,>10 DE genes,no on-target KD
332,DNAAF2,0.0536404526227677,-0.0099708155909117,0.7478232937786785,0.6937972194299689,ENSG00000165506,Rest,129.0,46,20,66,-2.97051884766494,False,7.941754156629801,False,>10 DE genes,no on-target KD
333,DNAH3,0.05626194013958039,-0.0070021615056984,0.5690132775390285,0.4682444399323859,ENSG00000158486,Rest,221.0,567,286,853,0.0,False,,False,>10 DE genes,no on-target KD
334,DNAJA3,0.3130253466419255,0.1852894714048608,0.6254725085588017,0.4037016404771783,ENSG00000103423,Rest,167.0,59,56,115,0.0,False,,False,>10 DE genes,no on-target KD
335,DNAJB11,0.0114114470722263,0.0084993531184045,0.1572583528043705,0.1190012262242859,ENSG00000090520,Rest,1487.0,139,6,145,-25.044254744988272,True,66.52449216858578,True,>10 DE genes,on-target KD
336,DNAJB9,0.10487680523754533,0.0978574549255408,0.8181719661356691,0.785105593641757,ENSG00000128590,Rest,894.0,199,10,209,-13.501037161209386,True,27.93048215445814,True,>10 DE genes,on-target KD
337,DNAJC2,0.17882900903724108,0.1081998409791352,0.5640274780892787,0.3758441427618347,ENSG00000105821,Rest,56.0,402,377,779,-2.827228677654149,True,28.43480024325844,True,>10 DE genes,on-target KD
338,DNAJC24,0.14685255051842136,0.1285715986997911,0.5871166880351418,0.4971766499759593,ENSG00000170946,Rest,506.0,84,127,211,-7.919683080432167,True,12.385702333189052,False,>10 DE genes,on-target KD
339,DNAJC3,0.15119288505216769,0.1321251615344472,0.530038972695698,0.3496528985015812,ENSG00000102580,Rest,589.0,53,16,69,-17.873429050259485,True,63.17257496987159,False,>10 DE genes,on-target KD
340,DNAJC4,-0.017409068962422634,-0.0895655130891784,0.2366942743869915,0.0280927423943126,ENSG00000110011,Rest,166.0,87,17,104,-4.538595646828309,True,12.503047721223124,False,>10 DE genes,on-target KD
341,DNAJC8,0.16884944467555063,0.1087768080056538,0.8094839704020687,0.7546403843924124,ENSG00000126698,Rest,453.0,130,126,256,-23.61808182246452,True,132.34301826732826,True,>10 DE genes,on-target KD
342,DNMT3A,0.05489709123171583,0.0498699137710589,0.27057667031582194,-0.0136940020991679,ENSG00000119772,Rest,464.0,19,13,32,-4.562617341407579,True,56.06969870100247,False,>10 DE genes,on-target KD
343,DNTTIP1,0.12716728002640287,0.104977814183063,0.7560644949623668,0.7157015171300669,ENSG00000101457,Rest,1768.0,137,100,237,-24.027243283969742,True,35.5977920913323,False,>10 DE genes,on-target KD
344,DOCK2,0.20901757580610317,0.0672356848925871,0.7498149326508727,0.5959822705439235,ENSG00000134516,Rest,1015.0,721,459,1180,-31.27298227633924,True,182.310392089128,False,>10 DE genes,on-target KD
345,DOHH,0.15479960389628952,0.0602550784768996,0.7388768326716919,0.7257060839075087,ENSG00000129932,Rest,409.0,203,136,339,-8.023606795224692,True,21.84119346838711,False,>10 DE genes,on-target KD
346,DOLPP1,0.12966119049432356,0.1091671694436576,0.5830787315108403,0.5481443542217339,ENSG00000167130,Rest,2104.0,468,112,580,-13.506634237528615,True,10.675063332337944,False,>10 DE genes,on-target KD
347,DOP1A,0.2168809738533685,0.2135941421489998,0.7707303922707615,0.7480784977731445,ENSG00000083097,Rest,668.0,146,82,228,-6.718749596280728,True,8.92632782983303,True,>10 DE genes,on-target KD
348,DOP1B,0.0729055173166424,0.0524001092147134,0.3657868126895278,0.2411809171305786,ENSG00000142197,Rest,2501.0,329,660,989,-19.212731842974105,True,16.955475814312447,False,>10 DE genes,on-target KD
349,DOT1L,0.1340383673796622,0.1079210583274382,0.4904993681052689,0.2556471197517884,ENSG00000104885,Rest,133.0,112,11,123,-7.941203953996994,True,74.21999454602877,False,>10 DE genes,on-target KD
350,DPH1,0.08395270211587293,0.0339987948364882,0.8457302641648501,0.7916640284190981,ENSG00000108963,Rest,148.0,68,23,91,-1.6055767082945491,True,1.8886917776941965,False,>10 DE genes,on-target KD
351,DPH2,0.14086071530991526,0.1289919963281796,0.8691225776381047,0.8376141900822961,ENSG00000132768,Rest,328.0,29,25,54,-5.533292404675109,True,9.592598780413576,False,>10 DE genes,on-target KD
352,DPH5,0.22785047626472799,0.2185541807456662,0.6823481779525027,0.6299147881080827,ENSG00000117543,Rest,400.0,168,316,484,-12.597845839790097,True,43.195072405188064,False,>10 DE genes,on-target KD
353,DPH6,0.10997578478671627,0.0528484210788346,0.7585830397180938,0.5896993939443886,ENSG00000134146,Rest,393.0,13,19,32,-9.195761004485044,True,26.070130926925483,False,>10 DE genes,on-target KD
354,DPM1,0.18193026692662997,0.1665588377976515,0.8155214688977823,0.8077475962545907,ENSG00000000419,Rest,623.0,159,70,229,-17.612309418664776,True,89.94829923962352,True,>10 DE genes,on-target KD
355,DR1,0.10881762188629196,0.0860923991305573,0.7451654654179852,0.6193438591012999,ENSG00000117505,Rest,445.0,57,46,103,-20.18476529913896,True,155.19361756941322,False,>10 DE genes,on-target KD
356,DRAP1,0.001986615704795401,-0.0299012890484268,0.4509654878877809,0.4146790320086956,ENSG00000175550,Rest,564.0,73,87,160,-26.211055262334952,True,379.6131611463043,True,>10 DE genes,on-target KD
357,DTWD1,0.056533535030845565,-0.057116491762968,0.91776080869129,0.8949203286821826,ENSG00000104047,Rest,211.0,31,7,38,-4.56706828210949,True,11.008017002933403,False,>10 DE genes,on-target KD
358,DTX4,-0.09789507905680529,-0.1538468722740664,-0.3858079428988493,-0.544257513170623,ENSG00000110042,Rest,704.0,72,5,77,0.0,False,,False,>10 DE genes,no on-target KD
359,DUSP12,0.3255874282469666,0.2728106047111206,0.7776728797409033,0.738142093357049,ENSG00000081721,Rest,120.0,690,549,1239,-4.192929002745218,True,21.6359566174078,False,>10 DE genes,on-target KD
360,DVL1,0.05649359823983704,0.0269885509248917,0.7566126233655028,0.6968031564324437,ENSG00000107404,Rest,165.0,91,34,125,-6.038586042223384,True,19.730130161159416,False,>10 DE genes,on-target KD
361,DYNC2H1,0.16075525922397502,-0.0984350643625511,0.5238294851433914,0.0349328158231225,ENSG00000187240,Rest,162.0,607,263,870,-0.785787121670655,True,0.6006801712532841,False,>10 DE genes,on-target KD
362,E2F1,0.07153580698613826,0.0507023364908475,0.6372539488693602,0.4903636084345924,ENSG00000101412,Rest,179.0,82,116,198,-10.623385978382842,True,113.66260361064174,False,>10 DE genes,on-target KD
363,EARS2,0.0844706349955447,0.0250718507150305,0.5839419650631427,0.5386149474417417,ENSG00000103356,Rest,321.0,37,13,50,-5.081497236967818,True,8.738246990546232,False,>10 DE genes,on-target KD
364,EBF3,0.02812411282068263,0.0007871503062867,0.6553449716130576,0.5499769300120667,ENSG00000108001,Rest,978.0,142,63,205,0.0,False,,False,>10 DE genes,no on-target KD
365,ECHS1,0.07598355411884113,0.042973502154827,0.7581099827622674,0.7036184795666922,ENSG00000127884,Rest,832.0,145,124,269,-19.95771518447693,True,53.48685914340115,True,>10 DE genes,on-target KD
366,EDC3,-0.09035861924978146,-0.1349348928633187,-0.03850631152687673,-0.1592931869211128,ENSG00000179151,Rest,1398.0,712,202,914,-20.566238254928194,True,31.09268642659988,False,>10 DE genes,on-target KD
367,EDRF1,0.09675008548068466,0.0865046146418469,0.7965660085602413,0.7728096010547374,ENSG00000107938,Rest,85.0,69,72,141,-3.985745387128165,True,19.980129463602783,False,>10 DE genes,on-target KD
368,EFHC1,0.06113279528129717,-0.0143967296445154,0.7328032141793459,0.6004293346719578,ENSG00000096093,Rest,276.0,240,142,382,-1.1676466887493435,True,0.6050240466605603,False,>10 DE genes,on-target KD
369,EFHD2,0.26560833588983657,0.179871040671921,0.523092670153347,0.4767383190377174,ENSG00000142634,Rest,174.0,36,14,50,-4.02354176843966,True,185.4447521434637,False,>10 DE genes,on-target KD
370,EFR3A,0.12009593654540628,0.062219864304022,0.5127629749042538,0.3058572716101194,ENSG00000132294,Rest,74.0,671,512,1183,-8.834976271564758,True,97.47482029594448,False,>10 DE genes,on-target KD
371,EHMT1,0.20064277373627684,0.139196145853958,0.7894254935991553,0.7469100479340908,ENSG00000181090,Rest,1623.0,319,150,469,-21.96161706135115,True,101.3577520429161,True,>10 DE genes,on-target KD
372,EHMT2,0.37383557978950166,0.3363792463392397,0.8598732339745276,0.8556400794812911,ENSG00000204371,Rest,673.0,750,679,1429,-17.33229884246505,True,53.75657322218043,False,>10 DE genes,on-target KD
373,EI24,0.05193062825348447,-0.0098530756996111,0.5188898151079547,0.39454141082315,ENSG00000149547,Rest,113.0,94,25,119,-6.3991082151743655,True,38.60940468169255,False,>10 DE genes,on-target KD
374,EID2,0.05812646031830993,0.0446747462175075,-0.11798190407436472,-0.2858881143703685,ENSG00000176396,Rest,380.0,73,23,96,-8.042916271173839,True,26.816245987006003,False,>10 DE genes,on-target KD
375,EIF1,0.22076075315586552,0.1880175460892147,0.8160633023893675,0.7630889900333442,ENSG00000173812,Rest,404.0,235,108,343,-27.356764271068496,True,297.5242206461986,False,>10 DE genes,on-target KD
376,EIF1AX,-0.0729743283786472,-0.1211677145571421,-0.16820704728379907,-0.3053462155223873,ENSG00000173674,Rest,530.0,1104,185,1289,0.4755860011199431,False,1.8948748042700905,False,>10 DE genes,no on-target KD
377,EIF3H,0.23210580440493833,0.1362147894330557,0.76521103806797,0.7413243835128606,ENSG00000147677,Rest,184.0,454,424,878,-11.242566380605094,True,92.60710897885444,False,>10 DE genes,on-target KD
378,EIF3J,0.2222794634974032,0.2034933145731082,0.6509315377603807,0.6308202213029358,ENSG00000104131,Rest,75.0,263,167,430,-8.30870450492516,True,124.73231360783716,False,>10 DE genes,on-target KD
379,EIF3K,0.06138158033314877,0.0589959221484671,0.6310667334166068,0.6014308550903118,ENSG00000178982,Rest,702.0,72,7,79,-22.466023250152485,True,95.31489642433976,True,>10 DE genes,on-target KD
380,EIF3L,0.12303869661533129,0.1160366437769182,0.8323663723381592,0.766547134696855,ENSG00000100129,Rest,259.0,59,83,142,-11.626257908622978,True,167.54768590002706,False,>10 DE genes,on-target KD
381,EIF4A1,0.08449664514552613,-0.0222435894874687,0.721589707372232,0.6728990337549469,ENSG00000161960,Rest,81.0,123,56,179,-13.07802903940598,True,302.707978628284,False,>10 DE genes,on-target KD
382,EIF4B,0.0259318331249936,0.0150178014234087,0.30095640393062734,0.2811165214687566,ENSG00000063046,Rest,511.0,55,48,103,-10.125734377978024,True,92.17357711926428,False,>10 DE genes,on-target KD
383,EIF4G1,0.286290506822597,0.1939688658382654,0.7747494184837658,0.74491912358505,ENSG00000114867,Rest,65.0,417,335,752,-6.7376877979533445,True,91.55936577871675,False,>10 DE genes,on-target KD
384,EIF4G2,0.26268550307008565,0.1866089572514653,0.7274311339050423,0.6998986992872734,ENSG00000110321,Rest,281.0,1320,694,2014,-7.722176374030678,True,27.73966303506609,False,>10 DE genes,on-target KD
385,EIF4H,0.017052729037217464,-0.0070557677779216,-0.024609912488976596,-0.1694432069546634,ENSG00000106682,Rest,380.0,74,20,94,-21.61896239972776,True,161.54866715624678,False,>10 DE genes,on-target KD
386,EIF5A,0.16707919718239128,-0.0184910749245698,0.7302771567179444,0.7100295092397534,ENSG00000132507,Rest,74.0,202,299,501,0.0,False,,False,>10 DE genes,no on-target KD
387,EIPR1,0.15106358576010784,0.1385424578708592,0.806343329865704,0.7510477036063349,ENSG00000032389,Rest,265.0,169,104,273,-9.122384527573589,True,39.1336142461027,True,>10 DE genes,on-target KD
388,ELAVL1,0.3057821520869656,0.2152696893125125,0.8031518771673954,0.7307857482318231,ENSG00000066044,Rest,1235.0,819,1345,2164,-33.221043117333124,True,142.1564137144023,False,>10 DE genes,on-target KD
389,ELF4,0.1456696371013163,0.1091892407293448,0.8622386071127206,0.8355117893289055,ENSG00000102034,Rest,393.0,49,37,86,-6.913953671224729,True,34.428636388354604,False,>10 DE genes,on-target KD
390,ELOB,0.2717723325783501,0.2465571776889394,0.6259683192632792,0.5973970338596127,ENSG00000103363,Rest,983.0,1198,293,1491,-22.60513224749407,True,95.11426416930712,False,>10 DE genes,on-target KD
391,ELOC,0.09293291089840698,0.0664006928522214,0.5634861522523459,0.4848103847384408,ENSG00000154582,Rest,567.0,62,2,64,-7.465501988954899,True,66.53180565830635,False,>10 DE genes,on-target KD
392,ELOF1,0.28838397983826175,0.2458316347265851,0.6573465164273492,0.6251324016122184,ENSG00000130165,Rest,3290.0,1553,1747,3300,-34.57393128129564,True,46.76001296203389,True,>10 DE genes,on-target KD
393,ELP1,0.20482869936162676,0.1893819781073364,0.7825563352396756,0.7354452401770947,ENSG00000070061,Rest,151.0,227,119,346,-4.909989170990844,True,21.18694442036279,False,>10 DE genes,on-target KD
394,ELP2,0.25485430999824804,0.2174372474618764,0.7830192402857067,0.754254263409279,ENSG00000134759,Rest,217.0,473,250,723,-8.75062621653219,True,40.68797893826402,True,>10 DE genes,on-target KD
395,ELP3,0.2719577521848799,0.2048570996920956,0.827027623801582,0.7397779398079216,ENSG00000134014,Rest,427.0,424,242,666,-11.218544145705287,True,35.598225602441666,False,>10 DE genes,on-target KD
396,ELP4,0.12006314509956151,0.0855320738219634,0.7060532953826457,0.5598162637063284,ENSG00000109911,Rest,185.0,105,45,150,-4.575619940950053,True,36.18711492792499,True,>10 DE genes,on-target KD
397,ELP5,0.2344368817652074,0.204405485149089,0.8207073810815205,0.7995713726794829,ENSG00000170291,Rest,299.0,264,133,397,-10.117287498478651,True,39.80627431767706,False,>10 DE genes,on-target KD
398,ELP6,0.028559844287027167,0.0139976107602654,0.7227427288129379,0.6341595840372993,ENSG00000163832,Rest,249.0,39,34,73,-6.123922968913906,True,43.91166997746205,False,>10 DE genes,on-target KD
399,EMC4,0.0523076613826268,0.0406118114939852,0.7139020153144221,0.5451113908668935,ENSG00000128463,Rest,372.0,47,14,61,-18.16315496217565,True,98.01497732856416,False,>10 DE genes,on-target KD
400,EMC6,0.10278500862407276,0.0855490489837716,0.7548440269682022,0.7291966901811447,ENSG00000127774,Rest,385.0,30,7,37,-8.390088246596553,True,40.85450736824002,True,>10 DE genes,on-target KD
401,EMC9,0.10976521193119547,0.0955535803947556,0.5952278232404863,0.5645790202536909,ENSG00000100908,Rest,377.0,25,13,38,-3.641887889982639,True,23.81515934567184,False,>10 DE genes,on-target KD
402,EME2,-0.026767596775683366,-0.0782560782651673,0.029397414298714602,-0.3041116750760537,ENSG00000197774,Rest,246.0,14,23,37,-0.825285079021702,True,1.5963700485565655,False,>10 DE genes,on-target KD
403,EML2,0.009698989287126232,-0.0479729904604105,0.24151019063445256,0.2011509034197587,ENSG00000125746,Rest,397.0,47,12,59,-10.805497075072466,True,40.57358020133329,False,>10 DE genes,on-target KD
404,EMX1,0.1674904533920214,0.1553045586438039,0.8723472465665463,0.799962969183342,ENSG00000135638,Rest,394.0,37,21,58,0.0,False,,False,>10 DE genes,no on-target KD
405,ENDOG,-0.07129777487492113,-0.1137682603915182,-0.23185115695835576,-0.3920769667550888,ENSG00000167136,Rest,666.0,245,42,287,-12.306392367063122,True,22.420136470765275,False,>10 DE genes,on-target KD
406,ENO3,0.09289597533441897,0.0319776041047273,0.45188783908721225,0.2846790956228988,ENSG00000108515,Rest,114.0,200,160,360,-1.7783390991014745,False,3.42926040370858,True,>10 DE genes,putative off-target
407,EP300,0.16709198849932438,0.1490298456296307,0.8502497818994801,0.8429239263560896,ENSG00000100393,Rest,2044.0,38,36,74,-17.111226631821552,True,91.6613187341645,False,>10 DE genes,on-target KD
408,EPB41L3,0.20567364136704094,0.0543181879525953,0.6513714018254092,0.4021973767347084,ENSG00000082397,Rest,311.0,1557,842,2399,-1.993000655750968,False,3.8606302093507088,False,>10 DE genes,no on-target KD
409,EPC1,0.10225150494325712,0.0678253887345621,0.7202852820165399,0.6140405177153613,ENSG00000120616,Rest,734.0,116,131,247,-9.262125270045528,True,43.67183477961399,False,>10 DE genes,on-target KD
410,ERCC1,0.08336654592150966,0.0498305596771064,0.6600432210179814,0.6290361547085445,ENSG00000012061,Rest,737.0,159,66,225,-12.71414884022789,True,27.013738574430977,False,>10 DE genes,on-target KD
411,ERCC4,0.08556596767619457,0.0262055767473694,0.6528202497090795,0.5069334470074986,ENSG00000175595,Rest,129.0,194,63,257,-4.087388447766168,True,11.184682871419376,False,>10 DE genes,on-target KD
412,ERCC6L,-0.0701213053667053,-0.1243883838483926,0.4892272887954699,0.3974528106775098,ENSG00000186871,Rest,434.0,84,33,117,-7.158277056347036,True,15.56710507121576,False,>10 DE genes,on-target KD
413,ERF,0.06944666601862214,-0.0137232178166794,-0.11568615709528052,-0.1983468990808843,ENSG00000105722,Rest,202.0,47,5,52,-4.905886145432324,True,14.27671674061672,False,>10 DE genes,on-target KD
414,ERGIC3,-0.12743973156939983,-0.1750155394652173,0.015575597594959535,-0.0262029101331553,ENSG00000125991,Rest,3083.0,29,38,67,-31.07326772487152,True,122.31555523426589,False,>10 DE genes,on-target KD
415,ERN1,0.0580802598934644,0.0457835564617588,0.8766825198696447,0.8514136388233647,ENSG00000178607,Rest,1002.0,10,114,124,-7.114903776507135,True,97.36549737211664,False,>10 DE genes,on-target KD
416,ETFDH,0.24437628597653208,0.2268302647046273,0.6923148781269882,0.616734014454523,ENSG00000171503,Rest,65.0,33,50,83,-2.713917529494884,True,19.47563270279553,False,>10 DE genes,on-target KD
417,ETNK1,0.1728793344030866,0.1566475220012406,0.8118458098458404,0.7822428490986617,ENSG00000139163,Rest,473.0,195,105,300,-10.23428510036981,True,34.638801306826736,False,>10 DE genes,on-target KD
418,ETV2,0.08355482695277228,0.0623351677827772,0.8200496624294519,0.7395313945752596,ENSG00000105672,Rest,166.0,61,20,81,-0.2748486720390488,True,0.4161030620801605,False,>10 DE genes,on-target KD
419,EWSR1,0.3089335130113246,0.2807985996269792,0.8261006893840271,0.8132840145062923,ENSG00000182944,Rest,892.0,1186,1266,2452,-25.805315039429352,True,91.97659601283524,True,>10 DE genes,on-target KD
420,EXOC1,0.0964433368692388,0.0556991273961864,0.7955640279959111,0.7722553179090418,ENSG00000090989,Rest,90.0,63,55,118,-3.574954587222212,True,37.85108650575351,False,>10 DE genes,on-target KD
421,EXOC7,0.25915317237595725,0.2189510094764387,0.7156124764138886,0.7121876179874994,ENSG00000182473,Rest,150.0,279,146,425,-8.364527408255283,True,64.53249510141775,False,>10 DE genes,on-target KD
422,EXOSC1,0.2885301775702966,0.1897677906916333,0.6942293761456607,0.6757898929087095,ENSG00000171311,Rest,70.0,259,107,366,-3.005240850165688,True,18.733353908491345,True,>10 DE genes,on-target KD
423,EXT1,0.12432460430173463,0.1105593912533439,0.8432387818961454,0.8110803904303814,ENSG00000182197,Rest,748.0,53,39,92,-7.648715994642153,True,14.857763050816278,False,>10 DE genes,on-target KD
424,EXT2,0.14349549237194356,0.1180040186663868,0.8159466407459961,0.79978677937141,ENSG00000151348,Rest,458.0,188,210,398,-5.24567366311741,True,8.609797678213198,False,>10 DE genes,on-target KD
425,EZH2,0.3126100365881434,0.2567419687539586,0.5462411594201607,0.5131418975108109,ENSG00000106462,Rest,94.0,208,26,234,-5.861554854678294,True,130.15444076586687,False,>10 DE genes,on-target KD
426,FADS1,0.08301409489651977,0.0460777478090713,0.3777323928246155,0.0400566721325962,ENSG00000149485,Rest,440.0,29,9,38,-8.10659524122646,True,26.90744735179797,False,>10 DE genes,on-target KD
427,FAF2,-0.029510605350478235,-0.0837201626403723,0.7656571280541709,0.6917397056296709,ENSG00000113194,Rest,116.0,101,35,136,-6.495317246113839,True,40.72647489464861,False,>10 DE genes,on-target KD
428,FAM110A,0.0410020519132873,-0.0396783334114651,0.572050668468502,0.3337410298001441,ENSG00000125898,Rest,331.0,36,11,47,-4.3412282451672,True,7.475749190065455,False,>10 DE genes,on-target KD
429,FAM120A,0.1068330846667744,0.1001220804472003,0.88963981370368,0.8714555400129782,ENSG00000048828,Rest,453.0,14,18,32,-20.71437641028227,True,112.95824254283012,True,>10 DE genes,on-target KD
430,FAM122A,0.06481273947213996,0.0416675716361801,0.5136775127227485,0.285828268526837,ENSG00000187866,Rest,182.0,29,3,32,-5.031538895294776,True,14.99606034611908,False,>10 DE genes,on-target KD
431,FAM131A,0.05273091035178587,0.0128711335588002,0.7170220791802283,0.6300060603198026,ENSG00000175182,Rest,120.0,16,15,31,-1.773948251214838,True,3.923652537514561,False,>10 DE genes,on-target KD
432,FAM161A,-0.04078173472108573,-0.0479693047088901,0.07045003363039487,0.0147461234127686,ENSG00000170264,Rest,632.0,56,18,74,-4.6305163875217845,True,4.178203591750844,False,>10 DE genes,on-target KD
433,FAM208A,0.14655447971012922,0.0994046902263554,0.8209799556431486,0.8011641690292383,ENSG00000163946,Rest,1651.0,188,98,286,-24.3523091675855,True,53.55466537880285,False,>10 DE genes,on-target KD
434,FAM209B,0.16767647305068567,0.1393856217659679,0.5461026887572141,0.5335480985472025,ENSG00000213714,Rest,393.0,4,41,45,-1.2950022916755624,True,1.30201742238678,False,>10 DE genes,on-target KD
435,FAM220A,0.1407067991292311,0.080350801712323,0.6999508671328325,0.549620495296997,ENSG00000178397,Rest,454.0,20,13,33,0.0,False,,False,>10 DE genes,no on-target KD
436,FAM229A,-0.015272962791690667,-0.0232889980105999,-0.3183384892379102,-0.3357161181153758,ENSG00000225828,Rest,1068.0,192,7,199,0.2085978435349947,False,0.3476614791713756,False,>10 DE genes,no on-target KD
437,FAM3C,0.21529145254028115,0.2007219438963038,0.7507238123031503,0.6934829255569479,ENSG00000196937,Rest,333.0,122,90,212,-8.604425619100498,True,68.35469775079149,False,>10 DE genes,on-target KD
438,FAM83F,0.10870614387494636,0.0302605862986513,0.7159636820225014,0.6121851541489295,ENSG00000133477,Rest,240.0,162,84,246,0.0,False,,False,>10 DE genes,no on-target KD
439,FAM89B,0.2411478603594616,0.1822869876698344,0.6404420724820411,0.6368019119089345,ENSG00000176973,Rest,134.0,1141,501,1642,-5.859494028165599,True,26.309571251192946,False,>10 DE genes,on-target KD
440,FAM98B,0.24021480229109182,0.1835051452823826,0.781934655433704,0.6759844730576405,ENSG00000171262,Rest,519.0,415,478,893,-13.276055485581535,True,47.366830703200925,False,>10 DE genes,on-target KD
441,FAM98C,0.16625074059264325,0.1040967289838269,0.8019950318883092,0.6920566227867987,ENSG00000130244,Rest,858.0,16,63,79,-3.88185681745973,True,2.35808601616392,False,>10 DE genes,on-target KD
442,FANCA,0.08086982566489977,0.015704439462277,0.6306636678452571,0.5735961247141698,ENSG00000187741,Rest,384.0,31,6,37,-10.403441133111324,True,38.77371473459574,False,>10 DE genes,on-target KD
443,FANCB,0.0770785007286524,0.0301694985034543,0.5622839780456693,0.4446185201091835,ENSG00000181544,Rest,393.0,113,58,171,-6.143749187791919,True,12.304964326214636,True,>10 DE genes,on-target KD
444,FANCD2,0.0913235036046365,0.0781694839569646,0.8121742461479101,0.7927260848938333,ENSG00000144554,Rest,310.0,69,38,107,-7.365840827357784,True,24.50165962895395,False,>10 DE genes,on-target KD
445,FANCE,0.10760774022304608,0.0980991345085585,0.801600173342515,0.7483282171770199,ENSG00000112039,Rest,243.0,36,15,51,-3.956102154372819,True,8.642749635169109,False,>10 DE genes,on-target KD
446,FANCF,0.08493179156307484,0.076168152220027,0.6964934340109377,0.5396963533824827,ENSG00000183161,Rest,296.0,50,31,81,-8.265403129986218,True,23.74209845744756,False,>10 DE genes,on-target KD
447,FANCI,0.15338641396674893,0.0694005456762991,0.5751439263955003,0.4660156625874787,ENSG00000140525,Rest,114.0,63,21,84,-4.585274724190268,True,140.47115419126462,False,>10 DE genes,on-target KD
448,FANCL,0.057318678093208474,0.0383690926661436,0.5917215480689609,0.5433032731623701,ENSG00000115392,Rest,157.0,78,32,110,-2.399226763257149,False,4.8415381429448585,False,>10 DE genes,no on-target KD
449,FANCM,0.05660848437596527,0.0408166525167171,0.8240972680531926,0.7774591932364966,ENSG00000187790,Rest,501.0,43,33,76,-6.2122134789092325,False,11.480850363431037,True,>10 DE genes,putative off-target
450,FBF1,-0.051896242753276395,-0.0735291650118837,0.28974803342232214,0.0689324283891849,ENSG00000188878,Rest,195.0,64,89,153,-3.487423796922464,True,13.753451468198897,False,>10 DE genes,on-target KD
451,FBRS,0.11636974792365863,0.0809098455540643,0.8601794078389009,0.8209557461643733,ENSG00000156860,Rest,351.0,21,19,40,-11.82665140268098,True,85.44056349775933,False,>10 DE genes,on-target KD
452,FBXL15,-0.03328995584745283,-0.0409826848780352,0.0357089591518926,0.0064425146077661,ENSG00000107872,Rest,1357.0,1379,330,1709,-15.262701312336748,True,16.490055366337558,False,>10 DE genes,on-target KD
453,FBXL3,0.04184818142857266,0.0228054711589644,0.41731256201872763,0.3572579039994235,ENSG00000005812,Rest,534.0,135,76,211,-20.0696508533844,True,93.4813476694416,False,>10 DE genes,on-target KD
454,FBXO11,0.2223853767863834,0.1913094049022012,0.8410921729817953,0.7945580843719764,ENSG00000138081,Rest,929.0,14,33,47,-13.314293202239105,True,33.57144930933454,False,>10 DE genes,on-target KD
455,FBXO2,0.08785057055717514,0.0378731058320701,0.42572517674560023,-0.0302150961680381,ENSG00000116661,Rest,250.0,6,31,37,-1.6577137696742423,True,2.725581124646701,False,>10 DE genes,on-target KD
456,FBXO28,0.18726292226911448,0.1176948284940756,0.8656274331991426,0.8451193710274112,ENSG00000143756,Rest,553.0,99,203,302,-9.76331165264687,True,27.808245065475248,False,>10 DE genes,on-target KD
457,FBXO3,0.11655787273348554,0.0987624398857037,0.787463786910346,0.7696016104028347,ENSG00000110429,Rest,218.0,81,98,179,-7.7115226383717985,True,35.878483763318826,False,>10 DE genes,on-target KD
458,FBXO32,0.1374403366605621,0.1117999154923857,0.5242715745874553,0.4273807328124292,ENSG00000156804,Rest,808.0,588,767,1355,-6.3643721463942695,True,18.993268710354634,False,>10 DE genes,on-target KD
459,FBXO38,0.001621968099834132,-0.0167918017591311,0.15981412692453625,0.0135264559487287,ENSG00000145868,Rest,438.0,92,30,122,-10.673447467484005,True,26.43698251403836,False,>10 DE genes,on-target KD
460,FBXO42,0.16086455513268508,0.1514270139816662,0.8136410551417766,0.7678796036034606,ENSG00000037637,Rest,376.0,44,25,69,-9.7684749537553,True,29.89497603127745,False,>10 DE genes,on-target KD
461,FBXW7,0.08790598974232912,0.0540566414555874,0.7805931807380562,0.70147042915604,ENSG00000109670,Rest,930.0,42,8,50,-19.1341099912883,True,73.76653908432051,False,>10 DE genes,on-target KD
462,FDX1,0.0384706989976867,-0.0236709490049089,0.535109440829935,0.2283057558105038,ENSG00000137714,Rest,156.0,48,3,51,-7.405876961095985,True,43.526284803601385,False,>10 DE genes,on-target KD
463,FDX2,0.29978469470164487,0.1045045010114631,0.711653998503614,0.6352134291860975,ENSG00000267673,Rest,68.0,50,8,58,0.0,False,,False,>10 DE genes,no on-target KD
464,FEM1A,0.11644432839342471,0.1042547172931235,0.655072279843927,0.6015391022197587,ENSG00000141965,Rest,284.0,18,28,46,-7.959157393885975,True,30.09538624933099,False,>10 DE genes,on-target KD
465,FGFR1OP,0.0788380954795418,-0.1029924589690244,0.7498252398601121,0.6488168362168263,ENSG00000213066,Rest,183.0,654,341,995,-6.7237464594236425,True,22.618381998073204,False,>10 DE genes,on-target KD
466,FGFR1OP2,0.15942092519147624,0.1328395817081555,0.5655693923363796,0.5590751983408839,ENSG00000111790,Rest,325.0,179,40,219,-16.357343982847365,True,87.4604987581194,True,>10 DE genes,on-target KD
467,FH,0.30469527910683775,0.269760240637183,0.7836140205330498,0.7675952140019996,ENSG00000091483,Rest,66.0,660,286,946,-6.5512302954223545,True,106.76440815574932,False,>10 DE genes,on-target KD
468,FHL1,-0.09596738436150593,-0.1659150670572765,-0.14137606366454772,-0.3693881737365937,ENSG00000022267,Rest,744.0,344,41,385,-0.90118893021735,False,1.731674365441532,False,>10 DE genes,no on-target KD
469,FIGNL1,0.11003429345313454,0.0917688197109948,0.5606083441402643,0.4967278347020648,ENSG00000132436,Rest,361.0,293,246,539,-8.794893357630393,True,26.664675849108537,False,>10 DE genes,on-target KD
470,FITM1,0.1382139273066885,0.0628712830749528,0.6392114462756283,0.5517477985063072,ENSG00000139914,Rest,206.0,211,501,712,-0.972368471048166,True,1.1210929975611352,False,>10 DE genes,on-target KD
471,FKBP2,0.20582531047552635,0.1691828463343116,0.595723874142904,0.5358849620305058,ENSG00000173486,Rest,219.0,2205,1049,3254,0.0,False,,False,>10 DE genes,no on-target KD
472,FLAD1,0.14575205528600796,0.1203835951238028,0.5020877045697746,0.110200131260863,ENSG00000160688,Rest,124.0,57,4,61,-4.430795780202618,True,21.77480118936771,False,>10 DE genes,on-target KD
473,FLI1,0.117937503499011,0.0502870349381952,0.8286797178834676,0.792653493444595,ENSG00000151702,Rest,310.0,160,155,315,-14.707688375945356,True,115.44515985774936,False,>10 DE genes,on-target KD
474,FLT1,0.03649366161190007,-0.0777577826642235,0.6180899459367083,0.3039046336786922,ENSG00000102755,Rest,340.0,220,104,324,-1.2343646525322236,True,1.3277394348583245,False,>10 DE genes,on-target KD
475,FNBP4,0.1024499519544263,0.0572565624676923,0.5794976041273835,0.5469714405368872,ENSG00000109920,Rest,228.0,500,121,621,-10.168423059799212,True,58.6117232523303,False,>10 DE genes,on-target KD
476,FOSL2,0.0681248154478201,0.0529781394957194,0.8024303234450224,0.7683128373411561,ENSG00000075426,Rest,754.0,15,20,35,-12.3955344875953,True,60.48441010747148,False,>10 DE genes,on-target KD
477,FOXK1,0.13518225376176055,0.0608984100811014,0.7974117724192528,0.7474789589613865,ENSG00000164916,Rest,264.0,97,60,157,-9.041603198776793,True,42.89711824982502,False,>10 DE genes,on-target KD
478,FOXN2,0.142272599385506,0.0988801824647605,0.5174716232245737,0.4613495573264718,ENSG00000170802,Rest,1150.0,251,4,255,-23.710158381023323,True,53.24093917291359,False,>10 DE genes,on-target KD
479,FOXO1,0.39753309260137776,0.3266425053327293,0.7994272722624175,0.754165195498451,ENSG00000150907,Rest,679.0,804,524,1328,-6.39837118842071,True,60.75926018156196,False,>10 DE genes,on-target KD
480,FOXS1,0.12891423643679442,0.1007608854173526,0.8800980454444521,0.8262857826354636,ENSG00000179772,Rest,452.0,45,20,65,0.0,False,,False,>10 DE genes,no on-target KD
481,FRA10AC1,0.0860934958593685,0.0668432348574667,-0.03128897094949444,-0.2621032617286576,ENSG00000148690,Rest,312.0,26,7,33,-8.00325446582004,True,24.83608139353541,False,>10 DE genes,on-target KD
482,FUBP1,0.1023942405894408,0.0744342501677124,0.8020108554813602,0.7661509858091713,ENSG00000162613,Rest,345.0,280,273,553,-19.47519770821574,True,118.27686098873264,False,>10 DE genes,on-target KD
483,G3BP1,0.0809752360777173,0.0620677855458511,0.8884485520456442,0.8605516658054598,ENSG00000145907,Rest,446.0,33,33,66,0.0,False,,False,>10 DE genes,no on-target KD
484,GABARAPL1,0.2646125967556636,0.2042572061501051,0.7930800965578516,0.7807486005541701,ENSG00000139112,Rest,179.0,470,323,793,-1.6964437518347453,True,1.401078823412051,False,>10 DE genes,on-target KD
485,GABPA,0.1359249063383441,0.1044017318472763,0.7172542625185082,0.6387169345283311,ENSG00000154727,Rest,190.0,38,28,66,-7.737342099013968,True,51.67347704398071,False,>10 DE genes,on-target KD
486,GABPB1,0.3011033994479048,0.286567795646988,0.773688231655694,0.7573266467180726,ENSG00000104064,Rest,240.0,606,424,1030,-8.736294166130682,True,47.13998393123361,False,>10 DE genes,on-target KD
487,GALNT6,0.07985822481226904,0.0609949973703694,0.8380595017215983,0.7938915596538957,ENSG00000139629,Rest,698.0,25,43,68,-4.813328664778526,True,4.5997122432602255,False,>10 DE genes,on-target KD
488,GANAB,0.030165382178070636,-0.0890276552444978,0.6301168598447053,0.6164468883026921,ENSG00000089597,Rest,295.0,388,235,623,-10.42920439478949,True,53.77018683331384,False,>10 DE genes,on-target KD
489,GAREM1,-0.0103321078192213,-0.0233515147110231,-0.15200076316857145,-0.2735644387066281,ENSG00000141441,Rest,682.0,60,8,68,0.0,False,,False,>10 DE genes,no on-target KD
490,GATA3,0.24088487927736488,0.2319352661192191,0.8196907312853869,0.8110922191528558,ENSG00000107485,Rest,805.0,387,501,888,-16.196718732294897,True,54.96158892741229,False,>10 DE genes,on-target KD
491,GATAD1,0.12804752131864197,0.1170187957530233,0.77842225472727,0.7353188522625982,ENSG00000157259,Rest,139.0,70,81,151,-2.9346243176922666,True,10.593084363055562,False,>10 DE genes,on-target KD
492,GATAD2B,0.09573244956777681,0.0574958755367998,0.8051388202856492,0.7658103847410148,ENSG00000143614,Rest,332.0,28,13,41,-13.448436281854562,True,61.443536520854806,False,>10 DE genes,on-target KD
493,GBA,0.08917812041481986,0.0129228310474837,0.8325464450710937,0.7280624740414002,ENSG00000177628,Rest,467.0,46,10,56,-11.568857785755334,True,43.41018666303268,False,>10 DE genes,on-target KD
494,GCN1,0.020557251185986766,-0.0089951088972367,0.7337034146821247,0.6274897830305979,ENSG00000089154,Rest,241.0,39,19,58,-11.021801661902089,True,54.20341859184544,False,>10 DE genes,on-target KD
495,GCSH,0.07685125303044006,0.0388420160434433,0.454951316554645,0.3642220701539038,ENSG00000140905,Rest,116.0,76,14,90,0.0,False,,False,>10 DE genes,no on-target KD
496,GDAP2,0.18985613755777106,0.1745531196405074,0.772447735435455,0.7650348493853778,ENSG00000196505,Rest,115.0,351,285,636,-4.951846097296162,True,29.14213245348766,False,>10 DE genes,on-target KD
497,GDF9,0.061325182360733,0.0179496552933262,0.8366872702764399,0.8192376566600401,ENSG00000164404,Rest,192.0,66,45,111,0.0443107244559158,False,0.1982968463781077,True,>10 DE genes,putative off-target
498,GEN1,0.10795192697773022,0.0247776219173559,0.6909103845774042,0.6161557302011634,ENSG00000178295,Rest,420.0,768,347,1115,-4.662159402334473,True,38.13847791264268,True,>10 DE genes,on-target KD
499,GGA3,0.1555800111994228,0.1386343825987345,0.7449683900026501,0.7098290205649747,ENSG00000125447,Rest,195.0,615,498,1113,-5.931849572570973,True,47.56049990385589,False,>10 DE genes,on-target KD
500,GGACT,0.13068240004615614,0.1044796298154818,0.8619067680351571,0.8258124088040236,ENSG00000134864,Rest,106.0,60,15,75,-1.0702923505808508,True,2.4821059270185666,False,>10 DE genes,on-target KD
501,GID8,0.0845750270317001,0.0638116329533072,0.4973755811862269,0.3632146853253809,ENSG00000101193,Rest,482.0,221,127,348,-17.644504281358746,True,70.84251403904439,False,>10 DE genes,on-target KD
502,GIGYF2,0.09030840862877243,0.0616226679906863,0.7109617066090044,0.6520149871590127,ENSG00000204120,Rest,460.0,110,48,158,-11.489649395505696,True,32.434878006223165,False,>10 DE genes,on-target KD
503,GJC1,0.12073491561470955,0.0013636235542373,0.6870183633018304,0.5210367214264822,ENSG00000182963,Rest,190.0,179,106,285,-1.2196746985340523,True,1.3865547985939648,False,>10 DE genes,on-target KD
504,GLIPR2,0.09832383884319294,0.0480125624675995,0.4128209901568178,0.3381601701285754,ENSG00000122694,Rest,1375.0,450,295,745,-19.21838562674811,True,63.72245590996087,False,>10 DE genes,on-target KD
505,GMEB1,0.11903608372339997,0.0879473906071021,0.7197766241181341,0.6386998931277774,ENSG00000162419,Rest,1618.0,34,210,244,-20.243419319878186,True,35.955303379746155,False,>10 DE genes,on-target KD
506,GMEB2,0.07400866372658914,0.0453337437395803,0.6190113021545849,0.4695674796048949,ENSG00000101216,Rest,299.0,67,15,82,-2.407219830007717,False,27.515695167631907,False,>10 DE genes,no on-target KD
507,GNA13,0.1920395260534822,0.16180662309887,0.603959003178523,0.5215738794367266,ENSG00000120063,Rest,246.0,551,208,759,-9.99936190268636,True,113.91769309586893,False,>10 DE genes,on-target KD
508,GNAS,0.12770349290704766,0.081889468501911,0.805152424215767,0.7485252220098825,ENSG00000087460,Rest,904.0,48,80,128,0.0,False,,False,>10 DE genes,no on-target KD
509,GNAZ,0.1634481783600753,0.1512212334836843,0.7354983378405126,0.6421623895416417,ENSG00000128266,Rest,550.0,41,14,55,-0.2746834703849927,True,0.1316044112276477,False,>10 DE genes,on-target KD
510,GNB1L,0.07120319743835127,0.0521575965791219,0.7302842900533818,0.6802007185617185,ENSG00000185838,Rest,160.0,175,117,292,-3.4719761091884487,True,10.00471499962192,False,>10 DE genes,on-target KD
511,GNG11,0.03896051661746607,0.0286631755289124,0.06089257465386957,-0.0823604535679148,ENSG00000127920,Rest,1546.0,27,4,31,0.0,False,,False,>10 DE genes,no on-target KD
512,GNLY,0.04985648098066057,-0.0154034056518197,0.7568038557296175,0.7377271072817603,ENSG00000115523,Rest,590.0,35,18,53,-4.846892379952313,True,114.58093627133756,False,>10 DE genes,on-target KD
513,GNMT,0.07190642428279273,0.0145229479056285,0.6430587779504662,0.5939873405017069,ENSG00000124713,Rest,939.0,36,24,60,-1.9320074630080768,True,1.3127181170104876,False,>10 DE genes,on-target KD
514,GNPDA2,0.12418942149312669,0.0967373886812449,0.7967110876214253,0.7541734091677249,ENSG00000163281,Rest,713.0,60,107,167,-8.869700635274464,True,17.733017962189802,False,>10 DE genes,on-target KD
515,GNS,0.04008987432044317,-0.0134933326429174,0.40313245846803936,0.3242052793085989,ENSG00000135677,Rest,221.0,139,231,370,-6.850489090394073,True,46.55535840581256,False,>10 DE genes,on-target KD
516,GOLGA3,0.08840153859571483,0.0319696087980455,0.3759240688428233,0.36633939094383,ENSG00000090615,Rest,75.0,193,18,211,-1.2219669923663723,False,48.69668416117605,False,>10 DE genes,no on-target KD
517,GOLGA5,0.08189128388724155,-3.558422123524562e-05,0.8472283136091239,0.7822420429698838,ENSG00000066455,Rest,392.0,24,12,36,-9.335211631380998,True,29.68716749840204,False,>10 DE genes,on-target KD
518,GOLGA8A,0.2155686168712833,0.1863076341995294,0.7740658833948055,0.7424426984091703,ENSG00000175265,Rest,424.0,277,231,508,0.0,False,,False,>10 DE genes,no on-target KD
519,GP9,0.0843543845299608,0.0471292003992281,-0.12600664773330986,-0.2698295072021837,ENSG00000169704,Rest,611.0,66,16,82,0.0,False,,False,>10 DE genes,no on-target KD
520,GPAA1,0.04238795411236804,0.0340958577645312,0.3626801617187125,0.2715567475947862,ENSG00000197858,Rest,672.0,30,8,38,-15.43984868805972,True,39.30542948173818,False,>10 DE genes,on-target KD
521,GPALPP1,0.3056102083884017,0.1024332495976226,0.6799672052706306,0.5921879651634677,ENSG00000133114,Rest,69.0,44,112,156,-3.518759894673692,True,26.12296650306692,False,>10 DE genes,on-target KD
522,GPATCH3,-0.0193159822380409,-0.0286082766247369,0.1661666670142587,0.0081663091316672,ENSG00000198746,Rest,576.0,66,8,74,-8.740908203157748,True,13.585212796292952,False,>10 DE genes,on-target KD
523,GPATCH8,0.06223520193352256,0.0244377354725192,0.8996855487079106,0.8821448659633204,ENSG00000186566,Rest,663.0,37,21,58,-12.208717383048704,True,25.596139689864465,False,>10 DE genes,on-target KD
524,GPI,0.18076450923724396,0.169678210780387,0.8427284309746517,0.8287394971409943,ENSG00000105220,Rest,459.0,115,114,229,-12.356357297699146,True,48.91560175479343,False,>10 DE genes,on-target KD
525,GPR137,0.03711133552566447,-0.0220844072022522,0.8100821448741683,0.76948180719881,ENSG00000173264,Rest,1508.0,39,20,59,-12.67595992195896,True,18.786816344771573,True,>10 DE genes,on-target KD
526,GPR15,0.004914051550258599,-0.0449838650592625,-0.2499550036862375,-0.2926891710145075,ENSG00000154165,Rest,1447.0,66,4,70,-14.824184609226077,True,120.24491315257974,False,>10 DE genes,on-target KD
527,GPR63,0.033147534452020004,0.0249791228331741,-0.28567569882099625,-0.3483381044015279,ENSG00000112218,Rest,219.0,117,8,125,-1.201240889748771,False,3.6224177600696414,False,>10 DE genes,no on-target KD
528,GPR82,0.060254226001170495,0.0507622678477893,0.06821350215620163,0.061631596410355,ENSG00000171657,Rest,694.0,101,20,121,0.0,False,,False,>10 DE genes,no on-target KD
529,GPS2,0.15360501030287385,0.0991256719641749,0.8155024529949767,0.784751754225925,ENSG00000132522,Rest,697.0,143,174,317,-14.77605420762134,True,75.39151439814528,False,>10 DE genes,on-target KD
530,GRAP,0.18835284032622004,0.1380736055458683,0.8982493524103835,0.8852148025977289,ENSG00000154016,Rest,1055.0,40,31,71,-8.310822217793719,True,8.90882969630969,False,>10 DE genes,on-target KD
531,GRWD1,0.3482816917163111,0.2651845178195451,0.7030153588980065,0.6818680817452909,ENSG00000105447,Rest,52.0,284,312,596,0.0,False,,False,>10 DE genes,no on-target KD
532,GSS,0.13702235283008937,0.119449502083738,0.7219935093402983,0.6310630191145989,ENSG00000100983,Rest,154.0,87,172,259,-7.213893185519386,True,41.154145131098055,False,>10 DE genes,on-target KD
533,GSTCD,0.0816125033651104,0.0572310799739563,0.7698134539312266,0.5962470732021129,ENSG00000138780,Rest,679.0,38,14,52,-9.347922228936888,True,18.757581366443,True,>10 DE genes,on-target KD
534,GTF2H5,0.006385134775794367,-0.058894022864079,0.7400214125766303,0.5293490971467844,ENSG00000272047,Rest,1054.0,10,37,47,-18.67357055094287,True,54.78829477744348,True,>10 DE genes,on-target KD
535,GTF3C6,0.0887430544893252,0.0500008646838093,0.045595656922417356,-0.0803627970839902,ENSG00000155115,Rest,85.0,42,1,43,-6.765158265352079,True,148.9059624844787,False,>10 DE genes,on-target KD
536,GUCA1B,0.0714950881845771,0.0274287759262378,-0.492686887669956,-0.6138004286502319,ENSG00000112599,Rest,193.0,63,20,83,-0.0488585995866659,False,1.1486084056160226,False,>10 DE genes,no on-target KD
537,GYPC,0.0694561852477692,0.0584134024075973,0.7048483554031927,0.6857654257797647,ENSG00000136732,Rest,797.0,24,37,61,-11.839220993099632,True,147.0974145489578,False,>10 DE genes,on-target KD
538,GZF1,0.20969858240117842,0.1408053116078946,0.587879099780774,0.4774714163632002,ENSG00000125812,Rest,268.0,475,107,582,0.0601736795679018,False,10.684448424495782,False,>10 DE genes,no on-target KD
539,GZMB,0.025204086712650467,-0.0427057184327984,0.4552347856662143,0.4001156583046901,ENSG00000100453,Rest,341.0,204,57,261,-0.6301064618324597,False,156.25031370672505,False,>10 DE genes,no on-target KD
540,H2AFZ,0.15962497693931,0.131161551986274,0.7486489613725181,0.7121640104155404,ENSG00000164032,Rest,380.0,57,64,121,-9.178979229505613,True,137.3239618172259,False,>10 DE genes,on-target KD
541,H3F3C,0.06725561051730287,0.0220419795064759,0.49982360334011444,0.4681744279329886,ENSG00000188375,Rest,387.0,6,40,46,-0.4553215129093275,True,0.1407100910700752,False,>10 DE genes,on-target KD
542,HCCS,0.2343529565512199,0.1637366199604862,0.6499490454167137,0.5908343717407659,ENSG00000004961,Rest,247.0,666,240,906,-6.303576510087741,True,20.35052707042514,False,>10 DE genes,on-target KD
543,HCN2,-0.015571289859961535,-0.0542807398676809,0.09328297143844011,0.0143630043690166,ENSG00000099822,Rest,277.0,22,17,39,-2.5030476234738064,False,3.800914600838653,False,>10 DE genes,no on-target KD
544,HDAC1,0.11478563253728813,0.0846166203623412,0.619517943371548,0.6003235384225405,ENSG00000116478,Rest,547.0,52,17,69,-27.150559734964165,True,160.45763318062765,False,>10 DE genes,on-target KD
545,HDAC3,0.1415732328193638,0.1111461068222596,0.643592159113963,0.5979302183099253,ENSG00000171720,Rest,185.0,514,430,944,-7.006439114646314,True,34.398569085380004,True,>10 DE genes,on-target KD
546,HDAC7,0.1223223189202961,0.10861991115404,0.5119164130234621,0.4744131693223335,ENSG00000061273,Rest,328.0,61,24,85,-10.890305211354956,True,57.595514725061335,False,>10 DE genes,on-target KD
547,HDHD3,0.022561712061919603,-0.0109707877998867,0.009135395159978873,-0.1916732364667193,ENSG00000119431,Rest,896.0,59,11,70,-9.816389372712168,True,13.755262981570034,False,>10 DE genes,on-target KD
548,HEATR3,0.0126075607902936,0.0018269219072842,0.05366629564599206,-0.188166552581937,ENSG00000155393,Rest,76.0,205,30,235,-4.838294321180626,True,36.40402039980295,False,>10 DE genes,on-target KD
549,HEATR5B,0.06110150239818649,0.0293539241446729,0.4912735217003534,0.458081230073871,ENSG00000008869,Rest,414.0,33,9,42,-12.491890215146071,True,45.71013034544031,True,>10 DE genes,on-target KD
550,HELT,0.03683960434193923,0.0234203099314535,0.8437015026024892,0.8177868230513409,ENSG00000187821,Rest,1012.0,19,14,33,0.0,False,,False,>10 DE genes,no on-target KD
551,HELZ,-0.021280791972009702,-0.0550118439557265,0.7710270374677107,0.6921169246691959,ENSG00000198265,Rest,933.0,50,10,60,-19.94197261952265,True,67.8097843203027,False,>10 DE genes,on-target KD
552,HES4,0.1071411119153296,0.0588173170866379,0.6788751246929237,0.4361663150259454,ENSG00000188290,Rest,313.0,20,15,35,0.0,False,,False,>10 DE genes,no on-target KD
553,HEXDC,0.13631059577060153,0.0194794470165288,0.6491206701097015,0.570536897391257,ENSG00000169660,Rest,917.0,229,139,368,-15.699578846552798,True,29.598457194286688,True,>10 DE genes,on-target KD
554,HEXIM1,0.05839943719054367,0.0271534480643442,0.8649896464457457,0.8023886202606464,ENSG00000186834,Rest,462.0,41,24,65,-15.110838352809552,True,64.772166927896,False,>10 DE genes,on-target KD
555,HEY1,0.07983086313464847,0.0445029535555997,0.3775849227530234,0.3341157645392388,ENSG00000164683,Rest,558.0,154,148,302,0.0,False,,False,>10 DE genes,no on-target KD
556,HHAT,0.114381549058001,0.0926912230400063,0.6509106800942394,0.5717978177864238,ENSG00000054392,Rest,140.0,29,129,158,-0.0704429451960151,True,1.1871604082728195,False,>10 DE genes,on-target KD
557,HIBADH,0.06865089331844816,0.0619227986489992,-0.2862203113258781,-0.3528649260120679,ENSG00000106049,Rest,411.0,62,6,68,-6.658013548163335,True,10.578701937675223,False,>10 DE genes,on-target KD
558,HIP1R,-0.009921006585368866,-0.0598943908416079,0.12920529830666574,-0.0415008121759395,ENSG00000130787,Rest,1113.0,174,53,227,-12.32152504805116,True,15.484034154731884,False,>10 DE genes,on-target KD
559,HIST1H2BI,-0.0884702259932642,-0.1719859757071304,0.07229852835134797,-0.1092751950612746,ENSG00000278588,Rest,620.0,85,23,108,0.0,False,,False,>10 DE genes,no on-target KD
560,HIVEP3,0.12689475035926714,0.1254028135479156,0.7814734428338416,0.7344810434021308,ENSG00000127124,Rest,298.0,64,18,82,0.6639530147609999,False,18.15251618227672,False,>10 DE genes,no on-target KD
561,HMBS,0.06402409657556964,0.0575338668131032,0.10510198904895196,0.0706655509748675,ENSG00000256269,Rest,447.0,396,139,535,-7.391802908997731,True,15.301173418988435,False,>10 DE genes,on-target KD
562,HMGA1,-0.004394460108997067,-0.0501318140014136,0.0869288364402418,0.0302886604200986,ENSG00000137309,Rest,425.0,37,3,40,-0.5602513759655091,False,1.703575155006767,False,>10 DE genes,no on-target KD
563,HMGN5,0.03675805820781094,0.0249060490789301,0.07459030545569946,-0.0346892616221965,ENSG00000198157,Rest,725.0,34,18,52,-4.015894395618676,True,4.612076474556564,True,>10 DE genes,on-target KD
564,HNF4A,0.1332087323358906,0.0546119984807993,0.7945118203270014,0.6695634615752926,ENSG00000101076,Rest,543.0,229,131,360,0.0,False,,False,>10 DE genes,no on-target KD
565,HNRNPA1,0.23941085528476433,0.2228277898785622,0.8668591805494638,0.85882265497075,ENSG00000135486,Rest,1087.0,248,234,482,0.0,False,,False,>10 DE genes,no on-target KD
566,HNRNPA2B1,0.12096677755668916,0.0924266080042398,0.7103423693353381,0.699664636829552,ENSG00000122566,Rest,707.0,67,81,148,-27.03167487574609,True,636.674053738981,False,>10 DE genes,on-target KD
567,HNRNPD,0.15545962041713138,0.1319131877454986,0.8744560144976236,0.8145161685118066,ENSG00000138668,Rest,542.0,38,28,66,-24.007195128156653,True,275.07887069137325,False,>10 DE genes,on-target KD
568,HNRNPH1,0.10992249667452984,0.0494226965733187,0.7991692635257402,0.72495004172056,ENSG00000169045,Rest,181.0,57,35,92,0.0,False,,False,>10 DE genes,no on-target KD
569,HOMER1,0.11857075833253954,0.0919470177433903,0.15258773593136798,-0.0755164690647003,ENSG00000152413,Rest,322.0,29,6,35,-3.53973710343359,False,3.96494551606162,False,>10 DE genes,no on-target KD
570,HOXB13,0.0902594235337638,0.0845707685469289,0.8197574296072277,0.810063411166991,ENSG00000159184,Rest,101.0,88,13,101,0.0,False,,False,>10 DE genes,no on-target KD
571,HOXB2,0.12819483482006275,0.0813442028818201,0.6533905851453754,0.6163507343657066,ENSG00000173917,Rest,756.0,493,309,802,-10.264632032555168,True,33.543848670938445,True,>10 DE genes,on-target KD
572,HOXB4,0.1359799627634427,0.1227833621696338,0.8025917996770012,0.7798672068314069,ENSG00000182742,Rest,97.0,139,58,197,-4.5652123341801545,True,23.60261923092993,False,>10 DE genes,on-target KD
573,HOXC10,0.12349099990726096,0.1013020878424444,0.3399147693142816,0.1466000387189237,ENSG00000180818,Rest,1158.0,1649,943,2592,0.0,False,,False,>10 DE genes,no on-target KD
574,HOXD13,0.018425244518526267,0.0120981636465991,0.5439739222032262,0.449358511980948,ENSG00000128714,Rest,163.0,24,11,35,0.0,False,,False,>10 DE genes,no on-target KD
575,HP1BP3,0.0912008021189698,0.0812763155265718,0.6907301124010049,0.6395398253365259,ENSG00000127483,Rest,391.0,184,205,389,-3.50175931300719,True,58.52031839745729,False,>10 DE genes,on-target KD
576,HPRT1,0.08142467158715516,0.0631568402666879,0.8018400721441038,0.7375497385475059,ENSG00000165704,Rest,331.0,46,28,74,-14.5285839865553,True,96.46192563433864,False,>10 DE genes,on-target KD
577,HPS1,-0.10376387754088594,-0.1475318334339587,-0.06900499245278933,-0.1489778172807652,ENSG00000107521,Rest,3035.0,176,73,249,-23.468627953412625,True,39.72118936032903,False,>10 DE genes,on-target KD
578,HSD11B2,0.1972189803961265,0.162803736511633,0.6799435608434962,0.6387626362870524,ENSG00000176387,Rest,180.0,612,378,990,0.0,False,,False,>10 DE genes,no on-target KD
579,HSD17B10,0.11202676054080923,0.1095067634123479,0.5902409113157143,0.4935216508851618,ENSG00000072506,Rest,660.0,95,30,125,-13.687474480262985,True,67.73588617414957,False,>10 DE genes,on-target KD
580,HSD17B13,0.0224993976912415,0.0140894547305087,-0.0271246489510662,-0.2835315403289505,ENSG00000170509,Rest,471.0,74,12,86,0.0,False,,False,>10 DE genes,no on-target KD
581,HSDL2,-0.11652044502235215,-0.1830160989538583,-0.3379934508287689,-0.4363598549544453,ENSG00000119471,Rest,881.0,42,14,56,-17.068265883156418,True,41.91329293765409,False,>10 DE genes,on-target KD
582,HSPA14,0.1270052764828898,0.0776329531754485,0.6277960937111974,0.4481553610968164,ENSG00000187522,Rest,136.0,32,3,35,-5.0695363040608585,True,37.20410146163477,False,>10 DE genes,on-target KD
583,HSPA8,0.10756691871030194,0.0920180748032547,0.81291837598078,0.7658780095476144,ENSG00000109971,Rest,185.0,27,5,32,-11.33934390463224,True,742.5015434621988,False,>10 DE genes,on-target KD
584,HSPBAP1,0.1145353201446026,0.007775688088327,0.7445351046180798,0.6677517749800146,ENSG00000169087,Rest,239.0,219,96,315,-5.90638688903722,False,13.77816942303704,True,>10 DE genes,putative off-target
585,HSPE1,0.23569222578604407,0.0163386175875534,0.47979514075508617,0.3995951405858647,ENSG00000115541,Rest,56.0,76,8,84,-2.1553122317361204,False,80.546811011568,False,>10 DE genes,no on-target KD
586,HSPH1,0.26254853755798463,0.2229721937942493,0.4975450968189475,0.4464297894170734,ENSG00000120694,Rest,1650.0,39,7,46,-15.71560790950596,True,100.7412008433493,False,>10 DE genes,on-target KD
587,HUWE1,0.18437020715856534,0.1540612675292481,0.7928544743955399,0.7313723049722836,ENSG00000086758,Rest,626.0,246,442,688,-8.809073137655398,True,48.84384236799061,False,>10 DE genes,on-target KD
588,HYKK,0.1307786372214932,0.1170167973791339,0.6981785296723345,0.6807623030192834,ENSG00000188266,Rest,354.0,208,58,266,-3.614957450375096,True,3.602004923514926,False,>10 DE genes,on-target KD
589,ICOS,0.0885175871364145,0.0690904864234545,0.23739567311997165,0.21821414750612,ENSG00000163600,Rest,521.0,495,244,739,-16.419887380081416,True,97.7670616761476,False,>10 DE genes,on-target KD
590,ID2,0.05596020453541959,-0.0304912620854175,0.6679519134157873,0.5893474819512488,ENSG00000115738,Rest,207.0,308,123,431,-8.268273769889555,True,183.4928384995911,False,>10 DE genes,on-target KD
591,IFFO2,-0.07433255794854214,-0.0960959318879686,-0.1108672011924219,-0.1926945852505884,ENSG00000169991,Rest,1090.0,50,14,64,-10.62558757914711,True,39.45301707004269,False,>10 DE genes,on-target KD
592,IFI27L1,0.23846910009006703,0.2290873663064495,0.7986357281462436,0.7868487963099889,ENSG00000165948,Rest,310.0,189,322,511,-7.752348266058562,True,27.56507189711094,True,>10 DE genes,on-target KD
593,IFI30,-0.06025965755814023,-0.0861137324402945,-0.1641479933833358,-0.2360287163117158,ENSG00000216490,Rest,905.0,49,10,59,-16.346026909465312,True,112.51350482249782,False,>10 DE genes,on-target KD
594,IFNAR1,0.056151187887206196,0.0290920038720996,0.5011430648076012,0.3155595471694536,ENSG00000142166,Rest,1185.0,21,25,46,-26.66238238188665,True,74.96016722044853,False,>10 DE genes,on-target KD
595,IFNLR1,0.1722453414287655,0.0842309736489528,0.7654179745177466,0.7153872249409683,ENSG00000185436,Rest,182.0,13,73,86,-0.2429164155861013,True,0.5607455055498906,False,>10 DE genes,on-target KD
596,IL12RB2,0.0174716654902295,-0.0018453303530316,0.05192316754072466,0.0273313747959842,ENSG00000081985,Rest,1115.0,150,80,230,-10.969405748044904,True,39.56543842795997,False,>10 DE genes,on-target KD
597,IL21,0.08711749645694121,0.0590120299669635,0.793233052998659,0.7467757976264184,ENSG00000138684,Rest,452.0,269,133,402,1.008624107637086,False,0.6029065207650764,False,>10 DE genes,no on-target KD
598,IL23R,0.21071211968616455,0.1514844677007223,0.8598259678707847,0.8483950244429848,ENSG00000162594,Rest,435.0,156,100,256,-0.842022112945426,True,0.2572417450794115,False,>10 DE genes,on-target KD
599,IL9,0.15209351942229885,0.056530486290371,0.6910520083464436,0.5554669142551932,ENSG00000145839,Rest,377.0,137,32,169,0.0,False,,False,>10 DE genes,no on-target KD
600,ILVBL,-0.038948771089562934,-0.0675013572764922,-0.4686612977205303,-0.6248462887013531,ENSG00000105135,Rest,1028.0,41,3,44,-12.5544371305263,True,18.57362557152074,False,>10 DE genes,on-target KD
601,IMMP1L,0.18312412823946356,0.1182682125224769,0.6670285076673889,0.5572701621976909,ENSG00000148950,Rest,458.0,152,225,377,-7.138804973420293,True,12.811071312248364,True,>10 DE genes,on-target KD
602,IMMP2L,0.04140530273458976,0.0012036296493942,0.7214349471991799,0.6624534231693906,ENSG00000184903,Rest,829.0,31,26,57,-7.970349795997119,True,13.00517732393856,False,>10 DE genes,on-target KD
603,IMMT,0.11700213107546674,-0.0513922021066794,0.5480219349095451,0.3485828648923537,ENSG00000132305,Rest,151.0,114,168,282,-11.985590157335636,True,161.13300130358834,False,>10 DE genes,on-target KD
604,IMPA2,0.10425969428352443,0.0326812890657539,0.5815732981801224,0.4662983602972734,ENSG00000141401,Rest,360.0,812,333,1145,-8.233556470197293,True,18.99496112668626,False,>10 DE genes,on-target KD
605,IMPDH2,0.28133194563312197,0.2528499615862742,0.594802533506103,0.5136738402727199,ENSG00000178035,Rest,87.0,23,10,33,-5.402733438480541,True,49.36932458258756,False,>10 DE genes,on-target KD
606,IMPG2,0.06798472592331227,0.0411756255462422,0.7227767169098248,0.6469363075355566,ENSG00000081148,Rest,564.0,502,331,833,0.0,False,,False,>10 DE genes,no on-target KD
607,ING5,0.06443470016157803,0.0370125157196841,0.5700086559001248,0.4993326112128968,ENSG00000168395,Rest,116.0,91,17,108,-3.676679377962901,True,13.100962105556738,False,>10 DE genes,on-target KD
608,INIP,0.1339824460671676,0.1150849056844507,0.7951449117167299,0.6826291940869387,ENSG00000148153,Rest,430.0,40,30,70,-9.955534077610965,True,36.47876940397259,False,>10 DE genes,on-target KD
609,INO80,0.1958026769371335,0.1642182353209033,0.5257793620576624,0.5018487088579157,ENSG00000128908,Rest,193.0,202,139,341,-4.953737642766256,True,24.961958581737207,False,>10 DE genes,on-target KD
610,INO80B,0.0986219127774496,0.0623959073422873,0.4105454960020168,0.219848793620687,ENSG00000115274,Rest,204.0,125,41,166,-7.047731130680821,True,31.113353045476195,False,>10 DE genes,on-target KD
611,INO80C,0.21971509608658849,0.208518516571371,0.8590533195857569,0.8499864212357207,ENSG00000153391,Rest,502.0,98,121,219,-11.1284006158345,True,27.44321508922708,False,>10 DE genes,on-target KD
612,INPP5F,0.016052592219550632,-0.0441295734725396,0.7891694694967081,0.7059030450909553,ENSG00000198825,Rest,943.0,27,12,39,-9.686130897017174,True,13.41623362720869,False,>10 DE genes,on-target KD
613,INPP5K,0.13459645585509858,0.0807386177634553,0.7166467303662708,0.6505685471998064,ENSG00000132376,Rest,138.0,262,176,438,-3.531477372522817,True,44.53470619212101,False,>10 DE genes,on-target KD
614,INPPL1,0.11009656670788164,0.079236759105055,0.8281724275370138,0.8014065443046501,ENSG00000165458,Rest,369.0,23,28,51,-4.986942745077293,True,31.9696872585788,False,>10 DE genes,on-target KD
615,INSR,0.14159665543424502,0.1220659535219481,0.7896099251626123,0.7647089652452572,ENSG00000171105,Rest,1576.0,795,571,1366,-2.2949787323783943,True,0.5719039480153221,False,>10 DE genes,on-target KD
616,INTS10,0.16737171798728812,0.152331114182978,0.7708221316013312,0.7511155163131994,ENSG00000104613,Rest,320.0,508,207,715,-12.79236523030408,True,65.26625461941825,False,>10 DE genes,on-target KD
617,INTS12,0.16574343926453683,0.122961823242784,0.6898947501793385,0.6615662337025764,ENSG00000138785,Rest,643.0,340,144,484,-9.81779868496558,True,19.06422303550601,True,>10 DE genes,on-target KD
618,INTS13,0.1546435635244254,0.1296343470797817,0.7235612727656529,0.6935649964401839,ENSG00000064102,Rest,386.0,387,180,567,-14.60384772673244,True,56.212831579717786,True,>10 DE genes,on-target KD
619,INTS14,0.18338612581915273,0.156377204284659,0.6525116693361493,0.6453213820341883,ENSG00000138614,Rest,171.0,603,207,810,-6.221058135103379,True,26.794744493131383,False,>10 DE genes,on-target KD
620,INTS6,0.1072531137093619,0.0717135246668867,0.2366721647799457,0.2132075752422238,ENSG00000102786,Rest,394.0,44,24,68,-13.929981018830604,True,59.85689548307189,False,>10 DE genes,on-target KD
621,IPO11,-0.0109575571108287,-0.0675014240461866,0.5216316978609782,0.1877993594737828,ENSG00000086200,Rest,392.0,29,10,39,-0.9020253617316036,False,18.168542885435617,False,>10 DE genes,no on-target KD
622,IPO7,0.09045441998262878,-0.0584750999083853,0.42157655574388836,0.1233757371191819,ENSG00000205339,Rest,144.0,61,134,195,0.0,False,,False,>10 DE genes,no on-target KD
623,IPO9,0.06328445658508754,0.0249552048311764,0.523717542325565,0.3849698381974901,ENSG00000198700,Rest,95.0,72,12,84,-5.812225597276704,True,48.0458550331723,False,>10 DE genes,on-target KD
624,IRF1,0.2646658606349496,0.2452639189249578,0.8746368074019344,0.856507039410209,ENSG00000125347,Rest,760.0,79,192,271,-16.415923359100994,True,114.95122724194158,False,>10 DE genes,on-target KD
625,IRF2,0.08008453399788494,0.0473621865784943,0.8751759527190849,0.8698331447719908,ENSG00000168310,Rest,160.0,67,20,87,-8.565686302600689,True,64.93273322220753,False,>10 DE genes,on-target KD
626,IRF2BP1,0.1110605148106976,0.0662220220223253,0.8594862303963974,0.8467819171296305,ENSG00000170604,Rest,272.0,23,35,58,-6.548963913183966,True,18.12444875508832,False,>10 DE genes,on-target KD
627,IRF9,0.08303186555633427,0.0384930129404808,0.8504416648832467,0.8267329376919964,ENSG00000213928,Rest,1962.0,4,63,67,-29.31496498080037,True,80.20581692734129,True,>10 DE genes,on-target KD
628,ISCA1,0.13875149413016571,0.1017855463192455,0.8405748318584049,0.8230236822460668,ENSG00000135070,Rest,307.0,51,35,86,-4.57916146310471,True,14.69478147390904,False,>10 DE genes,on-target KD
629,ISCA2,0.07797333611216403,-0.0017514383886235,0.8921172892291898,0.8292229365414359,ENSG00000165898,Rest,261.0,25,17,42,-4.972163365623839,True,13.168443493803087,True,>10 DE genes,on-target KD
630,ISG15,0.11766488810053759,0.0763923857113944,0.7744671915935434,0.6559154620230935,ENSG00000187608,Rest,552.0,125,24,149,-15.923810082911944,True,137.1547618905597,False,>10 DE genes,on-target KD
631,IST1,0.1362055592066062,0.0805673748948927,0.7803965244104994,0.7321840309272437,ENSG00000182149,Rest,393.0,333,221,554,-16.751495168007523,True,63.43840738957417,False,>10 DE genes,on-target KD
632,ITGB2,0.20703602478817454,0.1873996424954747,0.8468258356027656,0.7953623675381233,ENSG00000160255,Rest,431.0,71,63,134,-20.47736104384944,True,238.4891005345586,False,>10 DE genes,on-target KD
633,ITM2B,0.16739356955199325,0.1310925208337089,0.8385019546267337,0.7922378887510264,ENSG00000136156,Rest,449.0,114,34,148,-14.714448434160788,True,91.29255657961662,False,>10 DE genes,on-target KD
634,ITPA,0.0341980583563285,0.0143887263802113,0.3969250066643167,0.1985684226315139,ENSG00000125877,Rest,395.0,26,14,40,-10.751925680360936,True,40.062724394087375,True,>10 DE genes,on-target KD
635,ITPK1,0.06607035663240526,-0.0015311043766637,0.6707453587862912,0.5457804162522361,ENSG00000100605,Rest,162.0,76,11,87,-9.367041633237942,True,69.82268999814276,False,>10 DE genes,on-target KD
636,ITSN1,0.030830996532633066,-0.0539769863227061,0.7439371914947476,0.6044627738677634,ENSG00000205726,Rest,224.0,88,66,154,-0.8615165403990799,False,0.9494635542452834,True,>10 DE genes,putative off-target
637,IWS1,0.2906381722519629,0.2677530009965517,0.7595442721836001,0.7331074748762751,ENSG00000163166,Rest,535.0,331,355,686,-15.10508032006232,True,55.20268885654155,False,>10 DE genes,on-target KD
638,JAKMIP2,-0.04066595786179747,-0.0984910520791544,0.43169122096989754,0.4251739806028328,ENSG00000176049,Rest,229.0,36,35,71,-1.6804867280142946,False,1.947533060765125,False,>10 DE genes,no on-target KD
639,JOSD2,0.16701777548079835,0.138075877328386,0.7729490292517301,0.7127084158806487,ENSG00000161677,Rest,416.0,74,30,104,-7.602429801080652,True,13.635713593236432,False,>10 DE genes,on-target KD
640,JUNB,0.1951507544915425,0.1574627085069293,0.7663476702721569,0.7159066931411843,ENSG00000171223,Rest,353.0,29,20,49,-12.560871125299345,True,155.48707896608016,False,>10 DE genes,on-target KD
641,JUND,0.1161714305297551,0.098724744582337,-0.22016529718236222,-0.4149565414666091,ENSG00000130522,Rest,657.0,32,6,38,-11.006824615792366,True,325.2805388291051,False,>10 DE genes,on-target KD
642,KAT14,0.18498492114624857,0.1498034719837445,0.8138924213650457,0.7844488236884303,ENSG00000149474,Rest,233.0,323,232,555,-3.946832244366044,True,9.83700142578465,True,>10 DE genes,on-target KD
643,KAT6A,0.0782862270641472,0.0377416577121404,0.742066481241454,0.6942162128916389,ENSG00000083168,Rest,1389.0,55,24,79,-25.57662254811764,True,88.26353776745647,False,>10 DE genes,on-target KD
644,KAT7,0.05900376864598791,0.0211180607676551,0.28542515634369053,0.0775735991632286,ENSG00000136504,Rest,119.0,213,75,288,-6.606917966404802,True,42.24910055472132,False,>10 DE genes,on-target KD
645,KBTBD2,0.0420352754716499,-0.0413013398643888,0.20409822683826392,0.1047466269572264,ENSG00000170852,Rest,1148.0,71,13,84,-11.813995034949356,True,53.07095801497465,False,>10 DE genes,on-target KD
646,KCNA2,0.13097923266466474,0.1242294986142175,0.571474755871603,0.5176558960851032,ENSG00000177301,Rest,911.0,130,202,332,-0.6365440571696512,True,1.1738495572289387,False,>10 DE genes,on-target KD
647,KCTD21,0.17452315187212253,0.1687078966060986,0.8665101328738111,0.7975823584195061,ENSG00000188997,Rest,488.0,54,36,90,-4.966801089492374,True,5.830318562948759,True,>10 DE genes,on-target KD
648,KDELC2,0.37003121790169274,0.2932346350401089,0.8182247321950976,0.8155721515220951,ENSG00000178202,Rest,316.0,452,423,875,-7.052681518405281,True,22.22141187860992,False,>10 DE genes,on-target KD
649,KDELR2,0.15487518984749776,0.1267141131484878,0.9653317060767262,0.9541094811597056,ENSG00000136240,Rest,2017.0,35,3,38,-17.671777197369423,True,19.24734740682668,False,>10 DE genes,on-target KD
650,KDM1A,0.4478534825661262,0.3264056442364893,0.8016532285421536,0.7376929968566106,ENSG00000004487,Rest,567.0,1344,674,2018,-15.42804875278808,True,53.8286380457908,False,>10 DE genes,on-target KD
651,KDM2A,0.20169397079677118,0.1693918951150461,0.8250255867734809,0.8003667266008474,ENSG00000173120,Rest,654.0,146,112,258,-10.542852623614667,True,100.7719024261491,False,>10 DE genes,on-target KD
652,KDM3B,0.19641594338901872,0.1877948296387442,0.880927656689094,0.8314782689009139,ENSG00000120733,Rest,325.0,47,40,87,-13.866432374478252,True,63.18612285727182,False,>10 DE genes,on-target KD
653,KDM4A,0.0036331353441100994,-0.0211887745143178,0.10515969785539313,-0.0703830963208683,ENSG00000066135,Rest,1456.0,19,13,32,-19.94130208553478,True,33.38634752599909,False,>10 DE genes,on-target KD
654,KDM5C,0.1482233851092814,0.1420503322139196,0.7894539225419049,0.7535517107257191,ENSG00000126012,Rest,631.0,43,25,68,-23.19015002537764,True,94.57818243510108,False,>10 DE genes,on-target KD
655,KDM6A,0.0883919367350564,0.0421248154190349,0.6041780612698489,0.5523471953934578,ENSG00000147050,Rest,1341.0,56,81,137,-17.708998845116305,True,38.6465421172943,False,>10 DE genes,on-target KD
656,KDM8,0.054652382554436434,0.0420159869365135,0.7327822303750186,0.6588249515489474,ENSG00000155666,Rest,294.0,72,37,109,-2.654579503153562,False,2.675886943287485,False,>10 DE genes,no on-target KD
657,KEAP1,0.11070249175658715,0.0723960005886154,0.683631186508503,0.6469977052173275,ENSG00000079999,Rest,145.0,102,24,126,-10.08019309030213,True,83.83563882466743,False,>10 DE genes,on-target KD
658,KHDRBS1,-0.03163416824302177,-0.1143718315654457,0.4116467129660597,0.2169311124956087,ENSG00000121774,Rest,190.0,125,45,170,-9.31310917923909,True,94.7490423066051,False,>10 DE genes,on-target KD
659,KIAA0556,0.09557238905194093,0.0681645420184651,0.8778731960172533,0.8456142187696871,ENSG00000047578,Rest,265.0,56,17,73,-4.931549382546565,True,9.939355729472489,True,>10 DE genes,on-target KD
660,KIAA0586,0.04805512041613417,0.0263846014279163,0.5822520260495733,0.4991306773309832,ENSG00000100578,Rest,144.0,31,12,43,-5.478424018455806,True,24.53006541860412,True,>10 DE genes,on-target KD
661,KIAA1551,0.041399116226123,0.038097498881292,0.6422564735488067,0.6234931848649271,ENSG00000174718,Rest,920.0,40,10,50,-23.383710127114032,True,176.998994760368,False,>10 DE genes,on-target KD
662,KIAA2026,0.20530751113193002,0.192556486950325,0.838247228241964,0.8042981189286164,ENSG00000183354,Rest,266.0,52,67,119,-4.129973210132135,True,52.26226664417073,False,>10 DE genes,on-target KD
663,KIF20A,0.2263066656842778,0.1691810071242213,0.771583287861318,0.758863879027436,ENSG00000112984,Rest,119.0,226,97,323,-6.021831341231387,True,50.50421761989995,True,>10 DE genes,on-target KD
664,KIFAP3,0.26338652744359975,0.2316491226029183,0.7879089950740982,0.7676725709352463,ENSG00000075945,Rest,797.0,1082,503,1585,-9.195909570673328,True,16.92324941962572,False,>10 DE genes,on-target KD
665,KLF10,-0.0297130252953533,-0.0363686541536398,-0.46927738877995706,-0.5756968865611849,ENSG00000155090,Rest,429.0,27,5,32,-9.322125214384492,True,29.06132829889748,False,>10 DE genes,on-target KD
666,KLF13,0.1117856873864927,0.0752511539950507,0.7045759927072043,0.6681790959346194,ENSG00000169926,Rest,1196.0,232,52,284,-0.2171570916091947,False,71.48315060649213,False,>10 DE genes,no on-target KD
667,KLF15,0.0928732403019978,0.0300748095957683,0.27221171579066233,0.1517515377954371,ENSG00000163884,Rest,458.0,25,13,38,0.0,False,,False,>10 DE genes,no on-target KD
668,KLF2,0.19437949817479594,0.1812612856667492,0.6541182480360704,0.6237804000978502,ENSG00000127528,Rest,496.0,582,405,987,-2.8690335711720585,True,639.1537121461206,False,>10 DE genes,on-target KD
669,KLHDC10,-0.006446286336333966,-0.0224131581176453,-0.15751955908002557,-0.2342802895918317,ENSG00000128607,Rest,1471.0,216,21,237,-15.506719498326396,True,19.20867404634229,False,>10 DE genes,on-target KD
670,KMT2B,0.13349704425960354,0.1209729824655922,0.7327765506982568,0.6267096539126196,ENSG00000272333,Rest,605.0,7,28,35,-15.028069238303,True,66.38456699626988,False,>10 DE genes,on-target KD
671,KMT2C,0.19880714250153972,0.1798523785857221,0.7603334960588285,0.747918552871877,ENSG00000055609,Rest,1252.0,141,312,453,-28.874678759828264,True,97.41647114821708,False,>10 DE genes,on-target KD
672,KMT2E,0.1551246514829119,0.1464573155270797,0.7800361178048879,0.7487047481699772,ENSG00000005483,Rest,264.0,133,204,337,-13.86926610085435,True,82.98615784580089,False,>10 DE genes,on-target KD
673,KMT5A,0.1146677639362293,0.0849893810006912,0.14316510940136704,-0.1883148111837106,ENSG00000183955,Rest,166.0,11,38,49,-5.493486537093441,True,50.06966528819494,False,>10 DE genes,on-target KD
674,KMT5B,0.21588737937082123,0.1960784839670713,0.7965331966439305,0.7650678836752414,ENSG00000110066,Rest,687.0,310,304,614,-15.162693768264743,True,44.51859816000538,False,>10 DE genes,on-target KD
675,KPNA1,0.1633312955432337,0.1231689544298135,0.5198359439156457,0.4711345717359286,ENSG00000114030,Rest,826.0,438,93,531,-18.49856650929093,True,53.38475587989064,False,>10 DE genes,on-target KD
676,KRBA2,0.1090510856187355,0.0379873339472473,0.4698140847991177,0.1003750520955108,ENSG00000184619,Rest,759.0,515,237,752,-7.754333129606626,True,7.050244662606555,False,>10 DE genes,on-target KD
677,KRCC1,-0.008623128289295767,-0.0743137126738042,-0.2409807147079791,-0.3470304322717161,ENSG00000172086,Rest,604.0,193,21,214,-16.630335909018495,True,51.06781815660632,False,>10 DE genes,on-target KD
678,KRR1,0.14342695827112006,0.1105402947079528,0.518169619255647,0.4690786939676117,ENSG00000111615,Rest,55.0,32,5,37,-4.94848054416174,True,65.11830927714053,False,>10 DE genes,on-target KD
679,KRT72,0.06244687925746584,0.0199201005134237,-0.12893172811834208,-0.4099326027158601,ENSG00000170486,Rest,320.0,23,8,31,0.0,False,,False,>10 DE genes,no on-target KD
680,KTI12,0.1710697721391922,0.1337690434918101,0.7424935930072195,0.699155014265475,ENSG00000198841,Rest,588.0,443,325,768,-6.777109878128362,True,8.575524505616567,False,>10 DE genes,on-target KD
681,L2HGDH,0.20942009108906512,0.2002998568002923,0.8425197230110353,0.7715252741166674,ENSG00000087299,Rest,1130.0,50,60,110,-11.1694666209329,True,14.334317051755177,False,>10 DE genes,on-target KD
682,L3MBTL2,0.2582531767085628,0.2521432158189526,0.8541725537576393,0.848729760925537,ENSG00000100395,Rest,1501.0,256,108,364,-19.05116829205364,True,27.75644129161424,False,>10 DE genes,on-target KD
683,L3MBTL3,0.17104266786415112,0.1342935577378408,0.7583745752442486,0.6271888514683067,ENSG00000198945,Rest,668.0,32,3,35,-6.357801957081392,True,15.298134579326286,False,>10 DE genes,on-target KD
684,LAGE3,0.040438947010568604,-0.0427723835619359,0.7497738409263519,0.7186210178209756,ENSG00000196976,Rest,159.0,55,10,65,-7.162660442652416,True,39.96319870064339,False,>10 DE genes,on-target KD
685,LAMP1,-0.02703587034599547,-0.0352339857374873,-0.07142023246664783,-0.2264805798684978,ENSG00000185896,Rest,777.0,208,30,238,-28.50019697863141,True,128.7232600282917,False,>10 DE genes,on-target KD
686,LAMTOR1,-0.04729122831712931,-0.0541614160286749,0.3105302024760298,-0.1319933614241178,ENSG00000149357,Rest,106.0,28,6,34,-12.203630069110869,True,180.81954703689465,False,>10 DE genes,on-target KD
687,LAMTOR2,0.17762823952856974,0.0846425696773806,0.8002400702069772,0.7671652791906635,ENSG00000116586,Rest,239.0,226,179,405,-12.725978555991086,True,82.76173924235272,False,>10 DE genes,on-target KD
688,LAMTOR3,0.0725221276550081,0.0314923043105231,0.8528452911896944,0.8159650381764044,ENSG00000109270,Rest,315.0,57,30,87,-12.212162085264374,True,63.19656622016669,False,>10 DE genes,on-target KD
689,LAMTOR5,0.005315308001481066,-0.0419710137571143,0.5794097126873871,0.44642699081407,ENSG00000134248,Rest,134.0,25,11,36,-7.520950628153213,True,49.03885500143412,False,>10 DE genes,on-target KD
690,LARS2,0.08268498435393774,0.0343628472172861,0.8299365591238234,0.8115331901462731,ENSG00000011376,Rest,352.0,87,35,122,-7.010219356401855,True,16.039486156260327,False,>10 DE genes,on-target KD
691,LAT2,-0.16676492809382107,-0.245383124631126,-0.20158147301944904,-0.2811049299228867,ENSG00000086730,Rest,2900.0,159,34,193,-5.378235358881576,True,9.435320264358738,False,>10 DE genes,on-target KD
692,LBH,0.18452992742001176,0.0490250487688076,0.7360086253031994,0.6440738202288853,ENSG00000213626,Rest,70.0,667,335,1002,-2.3077139662464146,False,48.95130859163074,False,>10 DE genes,no on-target KD
693,LCAT,0.020006796478435267,0.0042057582859018,0.5742788507685487,0.3194697756866888,ENSG00000213398,Rest,405.0,9,33,42,-0.8525412108226939,True,2.872840185949338,False,>10 DE genes,on-target KD
694,LCK,0.1908164906401405,0.1605955625274065,0.6688509167237142,0.6033756991422495,ENSG00000182866,Rest,102.0,103,206,309,-10.907615125457276,True,205.543259138832,False,>10 DE genes,on-target KD
695,LENG8,0.040129864909578795,0.0213399481529797,0.8130686148661441,0.7753396438963599,ENSG00000167615,Rest,99.0,46,25,71,-3.6046831494179097,True,104.51245899383284,False,>10 DE genes,on-target KD
696,LEO1,0.4245311063207311,0.3874962345786325,0.7511791874034467,0.7014134431925292,ENSG00000166477,Rest,347.0,1515,1500,3015,-11.243671145872888,True,53.22891667837858,False,>10 DE genes,on-target KD
697,LETM1,0.068244933937104,0.060813385465105,0.30828573531337267,0.1706726277904116,ENSG00000168924,Rest,61.0,35,2,37,-2.231448553125412,False,10.82802090531328,False,>10 DE genes,no on-target KD
698,LIG1,0.25571865521342224,0.1753350176518879,0.6392447849583555,0.4792961092666772,ENSG00000105486,Rest,83.0,459,598,1057,-6.483381765805426,True,74.86850576868166,False,>10 DE genes,on-target KD
699,LIN37,0.10971192777191757,0.0955372373571791,0.7814389693717213,0.7448352191855695,ENSG00000267796,Rest,455.0,126,17,143,-6.023815166146417,True,8.943564715804177,False,>10 DE genes,on-target KD
700,LMBR1L,0.03293526909398163,-0.0069798804094925,-0.12442897012367027,-0.388146192075642,ENSG00000139636,Rest,274.0,43,5,48,-7.74774904805737,True,22.571857307774085,False,>10 DE genes,on-target KD
701,LMNA,0.0684175995205856,0.0224692438314821,0.7966378855389863,0.7660451279083377,ENSG00000160789,Rest,560.0,20,38,58,-8.317813943090425,True,86.35009477208311,False,>10 DE genes,on-target KD
702,LMTK2,0.07648579180840143,0.0712475436904963,-0.120885407691925,-0.2043969863298582,ENSG00000164715,Rest,520.0,64,12,76,-6.733044712972304,True,11.26042762777957,False,>10 DE genes,on-target KD
703,LOXL4,-0.0597056498977866,-0.0824652519328666,0.6506992297519493,0.6023132061004604,ENSG00000138131,Rest,669.0,31,63,94,0.0,False,,False,>10 DE genes,no on-target KD
704,LPCAT3,0.015787637579306967,-0.0038751333322288,0.7697651244406858,0.7257847001890357,ENSG00000111684,Rest,595.0,111,33,144,-6.130583635671935,True,27.867910812365583,False,>10 DE genes,on-target KD
705,LRP2BP,0.04044618081246887,-0.124922445150655,0.03866611572658696,-0.1442710807087879,ENSG00000109771,Rest,2396.0,1110,170,1280,-1.4759743404264567,False,0.6373631287654781,True,>10 DE genes,putative off-target
706,LRP6,0.28082053319074557,0.2030595313119363,0.7496044594192247,0.6892178501993511,ENSG00000070018,Rest,1298.0,913,1084,1997,0.0,False,,False,>10 DE genes,no on-target KD
707,LRPPRC,0.23950616090281854,0.2136687136916497,0.8361159973278106,0.8192665460150441,ENSG00000138095,Rest,485.0,446,326,772,-20.348072240103072,True,134.2395019446863,False,>10 DE genes,on-target KD
708,LRR1,0.011536774056709434,-0.0203697131302944,-0.0970558110005073,-0.2657988654264998,ENSG00000165501,Rest,53.0,29,2,31,-3.38256213179594,False,52.06979279460097,False,>10 DE genes,no on-target KD
709,LRRC25,0.06638166702812441,0.0419115432359608,0.6027558274503174,0.5503770022644094,ENSG00000175489,Rest,1034.0,43,27,70,0.0,False,,False,>10 DE genes,no on-target KD
710,LRRC29,0.08966256928529293,0.0821806251920229,-0.21302342786025139,-0.2396771577943128,ENSG00000125122,Rest,295.0,30,9,39,0.0,False,,False,>10 DE genes,no on-target KD
711,LRRC8B,0.0876853796371515,0.0515135849428875,0.5383217444519368,0.4557330207167908,ENSG00000197147,Rest,504.0,27,5,32,-10.443101711443942,True,25.29676982392728,False,>10 DE genes,on-target KD
712,LSM10,0.14926734220658675,0.1049507403434158,0.5077279675819574,0.4279178504018761,ENSG00000181817,Rest,70.0,103,10,113,-2.996819494365235,False,44.889570320793936,False,>10 DE genes,no on-target KD
713,LSM12,0.11493629940899297,0.1032404980068189,0.7050591237151526,0.6782789739848588,ENSG00000161654,Rest,538.0,310,225,535,-10.17704072962226,True,22.429555083103324,True,>10 DE genes,on-target KD
714,LSM14A,0.031478449686156935,0.0295630231521857,0.4816879985304301,0.4640005672806536,ENSG00000257103,Rest,402.0,20,15,35,-15.22093489167721,True,65.69046716274102,False,>10 DE genes,on-target KD
715,LSR,0.010264628492430499,-0.0095478927753414,0.22207262201515984,-0.2460070189217557,ENSG00000105699,Rest,62.0,31,2,33,-0.5254590778905299,False,1.9696235428165003,False,>10 DE genes,no on-target KD
716,LTB4R,0.05631172688132737,-0.0594609167164009,0.3949318865005276,-0.1200127932347624,ENSG00000213903,Rest,1472.0,157,35,192,-4.168650527238961,True,13.671231007637289,True,>10 DE genes,on-target KD
717,LTBP4,0.05244077860358076,0.0357938817889936,0.8098245731064552,0.7432405583338694,ENSG00000090006,Rest,447.0,10,26,36,-4.523779545873312,True,8.909810586547728,False,>10 DE genes,on-target KD
718,LYRM2,0.045188300487027135,0.0043989903764866,0.45216433866486166,0.3478673905149586,ENSG00000083099,Rest,644.0,40,23,63,-7.619281840105128,True,9.738044641194984,False,>10 DE genes,on-target KD
719,LZTS1,0.013084593577978301,0.00164982607605,-0.07515077104632943,-0.1575732091521912,ENSG00000061337,Rest,1390.0,128,35,163,-6.905374902907457,True,6.9426090505027584,False,>10 DE genes,on-target KD
720,MAEA,0.18833697044338152,0.1736479162609908,0.6634350725759518,0.635571502026199,ENSG00000090316,Rest,391.0,961,690,1651,-14.284705203720616,True,67.84441843381664,False,>10 DE genes,on-target KD
721,MAGEH1,0.047897410525370436,-0.0111705202729199,-0.12939536427471826,-0.2854409376654674,ENSG00000187601,Rest,1167.0,84,8,92,-14.033444125737764,True,20.75760834919364,False,>10 DE genes,on-target KD
722,MAN1A2,0.007625888981449033,0.0001322969714343,0.46696748310517094,0.354851204866544,ENSG00000198162,Rest,384.0,276,101,377,-3.0717855763351585,True,36.23647575065979,False,>10 DE genes,on-target KD
723,MAN2A1,0.0243275333637578,0.0196804181531036,-0.3653033953942457,-0.4266033358452349,ENSG00000112893,Rest,559.0,81,3,84,-15.436309488398674,True,46.33390971174108,False,>10 DE genes,on-target KD
724,MANEA,0.07464744872674696,0.0448987519127188,0.6715292812934042,0.5450910560144027,ENSG00000172469,Rest,228.0,221,59,280,-6.033402461447811,True,46.0248992172114,False,>10 DE genes,on-target KD
725,MANF,0.023915792505980967,-0.0024932409570688,0.7102842032977946,0.6752175902654903,ENSG00000145050,Rest,462.0,74,3,77,-17.727301548524096,True,113.2075681100264,True,>10 DE genes,on-target KD
726,MAP1LC3B,0.13048999780037787,0.1290401328983069,0.5834344469028964,0.5526615995597671,ENSG00000140941,Rest,601.0,122,45,167,-19.62289444135969,True,75.0177298439641,False,>10 DE genes,on-target KD
727,MAP3K13,-0.0466122335763238,-0.0997942582045456,0.9334264615189696,0.9117942631102838,ENSG00000073803,Rest,780.0,24,8,32,-8.92056457724718,True,20.46222896923321,False,>10 DE genes,on-target KD
728,MAP3K5,0.16409634942252785,-0.0226340905716389,0.8465506774107076,0.83659211005941,ENSG00000197442,Rest,211.0,23,15,38,-8.828930929307138,True,47.14638520829736,False,>10 DE genes,on-target KD
729,MAPKAP1,0.08741910682081093,0.0732167249248101,0.5995014434131831,0.5693884396532065,ENSG00000119487,Rest,414.0,63,38,101,-13.609030861193368,True,49.2234840343067,False,>10 DE genes,on-target KD
730,MAPRE3,0.012101181974436034,0.0005031097234489,0.5074412248122703,0.1373904827922377,ENSG00000084764,Rest,96.0,37,36,73,-0.9769287354999564,True,1.9111968615895336,False,>10 DE genes,on-target KD
731,MATR3,0.004395224163764935,-0.0708866478129418,0.46240540747102205,0.2507769305421386,ENSG00000015479,Rest,331.0,23,28,51,0.0,False,,False,>10 DE genes,no on-target KD
732,MAU2,0.09248208893716053,0.073543121150755,0.7698391558518912,0.7641004229459203,ENSG00000129933,Rest,978.0,194,234,428,-4.770866576266961,True,5.7758283996487085,True,>10 DE genes,on-target KD
733,MAX,0.028767840663056033,-0.0164125946351205,0.045312803912725026,0.025288384881516,ENSG00000125952,Rest,1352.0,73,17,90,-20.673799679098924,True,161.84207366823608,False,>10 DE genes,on-target KD
734,MBD2,0.33624603136852865,0.2629702842171455,0.6897401769286687,0.5956064257098661,ENSG00000134046,Rest,75.0,453,120,573,-9.554739902324073,True,232.7869227801285,False,>10 DE genes,on-target KD
735,MBD3,0.11614131216503713,0.0963904704526543,0.4938528878976201,0.4703137647697348,ENSG00000071655,Rest,1522.0,25,29,54,-18.776645629844563,True,27.646335187807093,True,>10 DE genes,on-target KD
736,MBTPS1,0.09430532175838113,0.0401334930230515,0.9019109468524776,0.8938462474826896,ENSG00000140943,Rest,226.0,22,39,61,-10.987160847060244,True,58.925829354915976,False,>10 DE genes,on-target KD
737,MCAT,0.09177394777663221,0.0747400885005474,0.8362943342303812,0.8097917811544328,ENSG00000100294,Rest,663.0,67,46,113,-7.175099370322148,False,7.434793313586447,True,>10 DE genes,putative off-target
738,MCM8,0.0777219885375152,0.0440603253173118,0.7413463642455129,0.4692970732513112,ENSG00000125885,Rest,318.0,32,8,40,-10.672969114420368,True,45.828849909250685,False,>10 DE genes,on-target KD
739,MCPH1,0.0985208707582859,0.0854196186064676,0.847925945274886,0.7991203176467554,ENSG00000147316,Rest,235.0,29,12,41,-7.809272960319381,True,31.97335291901947,False,>10 DE genes,on-target KD
740,MCTS1,0.153527941341676,0.146075346225199,0.8109362323329415,0.8003567690801071,ENSG00000232119,Rest,1253.0,572,402,974,-24.58791164267637,True,62.82409898673915,False,>10 DE genes,on-target KD
741,MDM4,0.1449161017208255,0.0930337929576175,0.48333656435218303,0.3927410008705692,ENSG00000198625,Rest,134.0,82,27,109,-10.707865812802492,True,147.02837826963338,False,>10 DE genes,on-target KD
742,MEAF6,0.16836659755602848,0.1220715860912627,0.5114701236110192,0.3913755451863942,ENSG00000163875,Rest,58.0,125,34,159,-5.216552339951499,True,69.29815584952628,False,>10 DE genes,on-target KD
743,MED1,0.092465766414403,0.026818602007443,0.6890973851742744,0.6791540970136535,ENSG00000125686,Rest,186.0,114,138,252,-7.355348804558413,True,50.01688309425989,False,>10 DE genes,on-target KD
744,MED12,0.5613832902885912,0.5508063477278471,0.8305986781393933,0.827503165912494,ENSG00000184634,Rest,229.0,1659,1184,2843,-8.979948184824966,True,43.833905504895625,False,>10 DE genes,on-target KD
745,MED13,0.14600426923151721,0.1316698605662178,0.889066550747036,0.809634275551728,ENSG00000108510,Rest,1162.0,30,13,43,-25.73994723820956,True,65.94483564448085,False,>10 DE genes,on-target KD
746,MED14,0.12097074657330824,0.0971736311371534,0.7147590111263336,0.5523407890826906,ENSG00000180182,Rest,237.0,86,34,120,-7.592874060024137,True,39.30360977687402,False,>10 DE genes,on-target KD
747,MED15,0.2640531930703752,0.2211259996606674,0.7673375573422087,0.7200867617001216,ENSG00000099917,Rest,1294.0,1099,1708,2807,-25.02247865139637,True,128.59304724940682,False,>10 DE genes,on-target KD
748,MED19,0.3246494731093346,0.3052791586449945,0.7403065810851528,0.6938603613003084,ENSG00000156603,Rest,877.0,1131,881,2012,-7.033382304404051,True,9.250685576317515,True,>10 DE genes,on-target KD
749,MED23,0.18295440756851758,0.1538553659014415,0.8920795461668637,0.8719655774725316,ENSG00000112282,Rest,729.0,86,61,147,-13.611336058348048,True,32.97930929852359,False,>10 DE genes,on-target KD
750,MED24,0.28337743381241504,0.2355183675704133,0.8153290053202151,0.7793093595259833,ENSG00000008838,Rest,755.0,638,901,1539,-18.39796710107933,True,56.850746572157625,False,>10 DE genes,on-target KD
751,MEMO1,0.13935541004697552,0.0664473180524056,0.6262074984628795,0.5268430597906252,ENSG00000162959,Rest,55.0,389,153,542,0.0,False,,False,>10 DE genes,no on-target KD
752,MEN1,0.2929781217110334,0.18755601437077,0.731101535208971,0.6524709036663807,ENSG00000133895,Rest,165.0,460,144,604,-3.0742309306130062,True,9.654090132896265,False,>10 DE genes,on-target KD
753,MEST,0.14686701090504425,0.0813319145143839,0.6389543637735894,0.4825286309364612,ENSG00000106484,Rest,2132.0,449,376,825,-2.025546552837528,False,0.8438700476590325,False,>10 DE genes,no on-target KD
754,METAP2,0.09926601859297074,0.0543574058150488,0.6041455769225884,0.527994716569855,ENSG00000111142,Rest,226.0,378,394,772,-11.459362621343445,True,117.0511516998365,False,>10 DE genes,on-target KD
755,METRN,0.03214843590315123,-0.0847718870013064,0.7083173197257812,0.6110164584644727,ENSG00000103260,Rest,108.0,58,20,78,-2.113629523462994,True,3.6895322899987617,False,>10 DE genes,on-target KD
756,METTL1,0.11141029770967258,0.0838421815928014,0.7563048366365188,0.6787643433495536,ENSG00000037897,Rest,272.0,344,171,515,-4.18344027268101,True,7.56928205851599,False,>10 DE genes,on-target KD
757,METTL14,0.0289981767145034,0.010742665928397,0.25901339325750833,0.2115967131677078,ENSG00000145388,Rest,67.0,53,2,55,-3.1709958711334427,False,19.65651331674796,False,>10 DE genes,no on-target KD
758,METTL23,0.10066699956200316,0.0784791051959483,0.768431496634077,0.7168708685861152,ENSG00000181038,Rest,681.0,22,15,37,-24.29812267653916,True,103.19953497454853,True,>10 DE genes,on-target KD
759,MFHAS1,-0.029993525222851997,-0.0962996194147909,0.17397173702133803,0.1357533477973381,ENSG00000147324,Rest,673.0,55,9,64,-13.864325739802007,True,102.70187460726405,False,>10 DE genes,on-target KD
760,MFN2,0.10988643620368359,0.0726206312646038,0.37178303401753343,0.340790359682166,ENSG00000116688,Rest,160.0,155,59,214,-2.393423082009268,False,27.50110559911165,False,>10 DE genes,no on-target KD
761,MGA,0.08715688549661477,0.0748189256484006,0.5867846075494612,0.4653804928927469,ENSG00000174197,Rest,1472.0,55,1,56,-8.7116488743981,True,28.05583505681985,False,>10 DE genes,on-target KD
762,MIA2,0.04036768716912804,-0.0038868748606287,0.6330968357389753,0.591727318363399,ENSG00000150527,Rest,608.0,49,4,53,-11.604567803615726,True,24.157133922512525,False,>10 DE genes,on-target KD
763,MIA3,0.10916858584016187,-0.0465271319538224,0.7153363366812758,0.5254002849094793,ENSG00000154305,Rest,121.0,305,218,523,-4.544104555188448,True,47.35646409580796,False,>10 DE genes,on-target KD
764,MIEN1,0.14158518244934118,0.1332834012819202,0.8730797750216679,0.8414830302939802,ENSG00000141741,Rest,620.0,36,62,98,-16.135541248292913,True,48.897124305665216,False,>10 DE genes,on-target KD
765,MINOS1,0.0011417975738059981,-0.0751418986697239,0.8857366328052133,0.8513907125517197,ENSG00000173436,Rest,117.0,37,31,68,-11.062869054878968,True,105.39610063812889,False,>10 DE genes,on-target KD
766,MIOS,0.10261050468183304,0.0338525832959343,0.5787569845998765,0.5691394025145863,ENSG00000164654,Rest,84.0,369,100,469,-3.7428079003456873,True,25.908416807271628,False,>10 DE genes,on-target KD
767,MIPEP,0.05599269900711997,0.0249150529198279,0.7611380136576048,0.7245836853383222,ENSG00000027001,Rest,866.0,116,36,152,-7.56025045458347,True,8.475037270369615,False,>10 DE genes,on-target KD
768,MLKL,-0.017386505980766933,-0.046787515227645,-0.17539766928990266,-0.270536813646639,ENSG00000168404,Rest,1775.0,29,4,33,-18.80589115463059,True,25.31505842193461,False,>10 DE genes,on-target KD
769,MLST8,0.1826261133512271,0.1180770440461305,0.789352896528379,0.6822076690337835,ENSG00000167965,Rest,369.0,154,144,298,-11.69534534577704,True,44.15067178997508,False,>10 DE genes,on-target KD
770,MLX,0.021847726993524802,-0.0294349121535379,0.7684426650089172,0.71080805814027,ENSG00000108788,Rest,250.0,10,21,31,-13.616918616366346,True,87.80037109384087,False,>10 DE genes,on-target KD
771,MLYCD,0.17424473211732472,0.1580566570994142,0.7787977346329283,0.7526572141008833,ENSG00000103150,Rest,352.0,35,143,178,-4.575664124867232,True,7.770396471974134,False,>10 DE genes,on-target KD
772,MMAB,0.06490642170916773,0.0505365791341254,0.4288763019918928,0.3550692932687034,ENSG00000139428,Rest,539.0,569,268,837,-4.01325641713202,True,10.673260277449849,False,>10 DE genes,on-target KD
773,MMGT1,0.08149606179332887,0.053868075950761,0.8517452176432387,0.8060383347899098,ENSG00000169446,Rest,599.0,15,16,31,-14.51066515207254,True,33.940020700131086,True,>10 DE genes,on-target KD
774,MMP28,0.05809220876542911,0.0051004640845511,-0.034606818117268796,-0.247542878061262,ENSG00000271447,Rest,609.0,29,5,34,0.0,False,,False,>10 DE genes,no on-target KD
775,MMP9,-0.040444048608557034,-0.0930275009911015,-0.14136045322329463,-0.2510974734987378,ENSG00000100985,Rest,746.0,273,27,300,0.0,False,,False,>10 DE genes,no on-target KD
776,MNT,0.054441073735793266,0.0365274093104309,0.23938474116679434,0.1501958549224467,ENSG00000070444,Rest,299.0,21,18,39,0.0,False,,False,>10 DE genes,no on-target KD
777,MOB1A,0.048556448654908435,0.0261739041075096,0.7326232789674917,0.6499482410702964,ENSG00000114978,Rest,793.0,281,93,374,-25.06202138609989,True,59.98162933339195,False,>10 DE genes,on-target KD
778,MOCS3,0.059951864985918764,0.0391268488247009,0.7257485684001272,0.6957178314517536,ENSG00000124217,Rest,110.0,84,18,102,-3.6035519903344952,True,13.881657467027336,True,>10 DE genes,on-target KD
779,MORC2,0.06261280984854274,0.0345125420869745,0.7119256215470161,0.6816986852170686,ENSG00000133422,Rest,1175.0,146,267,413,-8.234791275592457,True,103.33381292439076,False,>10 DE genes,on-target KD
780,MOSMO,0.25549534103860083,0.1965839036442951,0.7322505861380426,0.6421978970532445,ENSG00000185716,Rest,1119.0,66,131,197,-11.34662686225225,True,15.547698669400502,False,>10 DE genes,on-target KD
781,MOSPD1,0.15080962551715546,0.1204571788759549,0.8465544718513872,0.8304752511791517,ENSG00000101928,Rest,342.0,54,100,154,-5.898896341029936,True,12.091409971372002,False,>10 DE genes,on-target KD
782,MOSPD2,0.14969973889477137,0.1313966007732805,0.5681777819026922,0.5278503521350678,ENSG00000130150,Rest,1678.0,586,492,1078,-18.112003778035533,True,26.008737150070043,True,>10 DE genes,on-target KD
783,MOV10,0.005732387870745592,-0.1277086258296439,0.33551532343483975,0.2233739897040304,ENSG00000155363,Rest,503.0,573,383,956,-12.340254386381549,True,54.808455589489725,False,>10 DE genes,on-target KD
784,MPI,0.16889159637133985,0.137917197290722,0.5984065969804678,0.593429768977435,ENSG00000178802,Rest,226.0,179,65,244,-9.49741994922441,True,47.26908692741857,False,>10 DE genes,on-target KD
785,MPP2,-0.0687922139290663,-0.2054312170028776,0.8050358491121076,0.7943549581562277,ENSG00000108852,Rest,192.0,31,20,51,0.0,False,,False,>10 DE genes,no on-target KD
786,MRC2,0.13099170666271553,0.1157497935752976,0.7608657073879902,0.7129786807611355,ENSG00000011028,Rest,892.0,77,60,137,-3.93138969768051,True,2.6199687027258984,False,>10 DE genes,on-target KD
787,MRPL10,-0.012639613956588297,-0.0892001244719127,0.3642352905440649,0.2891269504454526,ENSG00000159111,Rest,166.0,81,13,94,0.0,False,,False,>10 DE genes,no on-target KD
788,MRPL11,0.1137062545728648,0.0673383203528871,0.4173277298054343,0.1414758954516576,ENSG00000174547,Rest,512.0,53,18,71,0.0,False,,False,>10 DE genes,no on-target KD
789,MRPL16,0.1030939154251032,0.0740802477319778,0.4167592369397728,0.369472146915192,ENSG00000166902,Rest,197.0,96,28,124,0.0,False,,False,>10 DE genes,no on-target KD
790,MRPL18,0.20461754206249042,0.1999291773481372,0.8564751806930526,0.8312222533746985,ENSG00000112110,Rest,353.0,40,9,49,0.0,False,,False,>10 DE genes,no on-target KD
791,MRPL2,0.19877585745430523,0.1806199232449842,0.754661678822536,0.6671996118842835,ENSG00000112651,Rest,534.0,56,7,63,0.0,False,,False,>10 DE genes,no on-target KD
792,MRPL21,0.06562840454810803,0.0330723758627141,0.18238312344229532,0.1098722783969956,ENSG00000197345,Rest,306.0,51,12,63,0.0,False,,False,>10 DE genes,no on-target KD
793,MRPL37,0.019598771231177366,-0.0040987584751686,0.7174963788518894,0.6747148117789741,ENSG00000116221,Rest,241.0,71,29,100,0.0,False,,False,>10 DE genes,no on-target KD
794,MRPL39,0.12416385412294036,0.1193903027976493,0.7124337649190599,0.5693124239862926,ENSG00000154719,Rest,527.0,23,10,33,0.0,False,,False,>10 DE genes,no on-target KD
795,MRPL42,0.18707294826018742,0.1625671138813338,0.6795812507025255,0.6658001330848579,ENSG00000198015,Rest,372.0,153,78,231,0.0,False,,False,>10 DE genes,no on-target KD
796,MRPL43,0.14368004508738355,0.1349708093579426,0.8571697041121524,0.738951415609899,ENSG00000055950,Rest,288.0,26,8,34,0.0,False,,False,>10 DE genes,no on-target KD
797,MRPL45,0.15789299576760127,0.143710226773142,0.6084030958895287,0.4001358800424701,ENSG00000278845,Rest,298.0,65,13,78,0.0,False,,False,>10 DE genes,no on-target KD
798,MRPL46,0.13661291885230462,0.1268926888947648,0.8058711430378468,0.7929924425106624,ENSG00000259494,Rest,216.0,172,78,250,0.0,False,,False,>10 DE genes,no on-target KD
799,MRPS11,0.05119136514475823,0.030527339258104,0.49035467431297103,0.4170306439872399,ENSG00000181991,Rest,392.0,30,7,37,0.0,False,,False,>10 DE genes,no on-target KD
800,MRPS12,0.06613072653961173,0.0289323917182406,0.5573781057605859,0.5342580383639373,ENSG00000128626,Rest,190.0,39,9,48,0.0,False,,False,>10 DE genes,no on-target KD
801,MRPS15,0.14593138262746988,0.1214803923932464,0.8345331540790134,0.82207005455553,ENSG00000116898,Rest,787.0,160,83,243,0.0,False,,False,>10 DE genes,no on-target KD
802,MRPS16,0.0952413500592527,0.0597172461168297,0.6760944397741563,0.5709317078761459,ENSG00000182180,Rest,626.0,51,20,71,0.0,False,,False,>10 DE genes,no on-target KD
803,MRPS17,0.24463172508121622,0.2204959888307209,0.7883531269898914,0.7750619233301685,ENSG00000239789,Rest,349.0,314,151,465,0.0,False,,False,>10 DE genes,no on-target KD
804,MRPS18B,0.34945458042809524,0.286396909005615,0.7157599710902226,0.6778678121688213,ENSG00000204568,Rest,353.0,494,134,628,0.0,False,,False,>10 DE genes,no on-target KD
805,MRPS2,0.0699721080081489,0.0198477322192309,0.6508877590625958,0.559645319725443,ENSG00000122140,Rest,201.0,180,41,221,0.0,False,,False,>10 DE genes,no on-target KD
806,MRPS21,0.10965698129815381,0.0608237010890144,0.4384627463671558,0.3661057651408008,ENSG00000266472,Rest,405.0,39,13,52,0.0,False,,False,>10 DE genes,no on-target KD
807,MRPS23,0.16184217889805347,0.15761789507037,0.8112021879166013,0.7515099942384097,ENSG00000181610,Rest,409.0,80,39,119,0.0,False,,False,>10 DE genes,no on-target KD
808,MRPS24,0.10568176101962523,0.0971070940312895,0.8908870981544436,0.8701462203972022,ENSG00000062582,Rest,255.0,16,33,49,0.0,False,,False,>10 DE genes,no on-target KD
809,MRPS25,0.11079335291804497,0.0958669433085225,0.6810437538479018,0.5148174828316228,ENSG00000131368,Rest,500.0,24,26,50,0.0,False,,False,>10 DE genes,no on-target KD
810,MRPS26,0.07948643361255193,0.0713372046597598,0.7310483070064914,0.5373328205948029,ENSG00000125901,Rest,634.0,59,25,84,0.0,False,,False,>10 DE genes,no on-target KD
811,MRPS27,0.09470923219297284,0.0499380558945096,0.8459016466851272,0.8004881552556928,ENSG00000113048,Rest,231.0,36,12,48,0.0,False,,False,>10 DE genes,no on-target KD
812,MRPS35,0.1039520427411917,0.0900287696879354,0.7818319825777583,0.7399035200476087,ENSG00000061794,Rest,356.0,54,30,84,0.0,False,,False,>10 DE genes,no on-target KD
813,MRPS6,0.011625092873487966,-0.0166254030777115,0.22277726929348454,0.0636085478456019,ENSG00000243927,Rest,53.0,30,3,33,0.0,False,,False,>10 DE genes,no on-target KD
814,MRPS7,0.033390114789817536,0.0114004448328859,0.696449541284422,0.6473105434728618,ENSG00000125445,Rest,347.0,27,4,31,0.0,False,,False,>10 DE genes,no on-target KD
815,MRPS9,0.13522680602999881,0.0936709606996551,0.2639825006325583,0.195915675711944,ENSG00000135972,Rest,200.0,44,2,46,0.0,False,,False,>10 DE genes,no on-target KD
816,MSL2,0.17050337228436807,0.1340298408471289,0.8022064276911788,0.7664410024227892,ENSG00000174579,Rest,593.0,112,209,321,-19.885025926215484,True,101.87872921570889,False,>10 DE genes,on-target KD
817,MTA2,0.3978557166662911,0.3732902253059639,0.7739256390545908,0.7317621870401977,ENSG00000149480,Rest,266.0,972,550,1522,-16.970247711248568,True,187.00736495136863,False,>10 DE genes,on-target KD
818,MTERF2,0.024539159628806765,-0.0109328955884172,0.1868078298293833,0.1477385856401945,ENSG00000120832,Rest,837.0,45,15,60,-8.09609690239171,True,8.05958915470827,False,>10 DE genes,on-target KD
819,MTG2,0.16951225655916105,0.1412399223628113,0.8202790815307018,0.8163423649541056,ENSG00000101181,Rest,203.0,34,41,75,-2.5907122898738035,True,6.933062322210467,False,>10 DE genes,on-target KD
820,MTHFD1,0.031437874542741065,-0.0211249127400389,0.7802716826653483,0.7176574177553855,ENSG00000100714,Rest,115.0,31,13,44,-10.460394449089376,True,125.75243260723288,False,>10 DE genes,on-target KD
821,MTMR10,0.13926572416747615,0.0888573341648249,0.8686966208502579,0.8678222839605204,ENSG00000166912,Rest,451.0,83,130,213,-9.285178749678378,True,25.989437428543777,False,>10 DE genes,on-target KD
822,MTMR3,0.01886501437196623,-0.1119479105224131,0.11246688916217829,-0.1643535722156249,ENSG00000100330,Rest,460.0,211,7,218,-11.172223280410938,True,32.079583556080536,False,>10 DE genes,on-target KD
823,MTRR,0.09827448524638206,0.0915774290947412,0.6878657047394182,0.6551865053956313,ENSG00000124275,Rest,442.0,3,29,32,-10.433458637009114,True,28.30229889602105,False,>10 DE genes,on-target KD
824,MUM1,0.06122462592137764,0.0030606189403219,0.23095701839438212,0.1362307075897535,ENSG00000137265,Rest,803.0,248,77,325,-2.452291295136324,False,40.390338080287805,False,>10 DE genes,no on-target KD
825,MVB12B,-0.018347727949637935,-0.1051697169637718,0.36426569044535495,0.2141686548874401,ENSG00000196814,Rest,372.0,398,176,574,-3.6781292877899534,True,4.306522007899328,False,>10 DE genes,on-target KD
826,MVD,0.03140290532874963,-0.0539161583793247,0.19686321836361187,0.1659048681323192,ENSG00000167508,Rest,77.0,38,2,40,-3.029262335893883,False,27.678617638613467,False,>10 DE genes,no on-target KD
827,MYB,0.2626793352262866,0.21720040137457,0.7149820361698568,0.6885820270661345,ENSG00000118513,Rest,1242.0,790,535,1325,-4.389690084945521,True,20.40338062445068,False,>10 DE genes,on-target KD
828,MYC,-0.02624663138077607,-0.2119893337743788,0.7439602340167122,0.6454692187280047,ENSG00000136997,Rest,258.0,18,21,39,-5.113289556655271,True,61.53440973064042,False,>10 DE genes,on-target KD
829,MYCN,0.028184079143804136,-0.000813975347259,0.46374910025033245,0.4334931174168625,ENSG00000134323,Rest,924.0,78,28,106,0.0,False,,False,>10 DE genes,no on-target KD
830,MYH9,0.03658023709073037,-0.0267537666385313,-0.10261887140929733,-0.2699589984569068,ENSG00000100345,Rest,477.0,93,26,119,-11.936664141717367,True,290.3224771296285,False,>10 DE genes,on-target KD
831,MYO6,0.11299520716643911,0.104110554694299,-0.07817205685910414,-0.2989704684444413,ENSG00000196586,Rest,189.0,36,2,38,-0.9398150750168902,False,0.9415717699910408,False,>10 DE genes,no on-target KD
832,MYO9A,0.15842917753376148,0.1050834212664083,0.7547656851938721,0.7336477564938022,ENSG00000066933,Rest,1022.0,356,132,488,-10.91611339543438,True,15.204514067263672,False,>10 DE genes,on-target KD
833,MYRFL,0.09351254402392896,0.0276552818812636,0.6747387261200188,0.619767857159568,ENSG00000166268,Rest,770.0,22,19,41,0.0,False,,False,>10 DE genes,no on-target KD
834,MYT1L,-0.09680587083863634,-0.1536251292294436,-0.3182043502217433,-0.4437774917729925,ENSG00000186487,Rest,1476.0,64,3,67,0.0,False,,False,>10 DE genes,no on-target KD
835,N6AMT1,0.005079106602669767,-0.0170645187735501,0.5794484598946389,0.4405994855770854,ENSG00000156239,Rest,172.0,247,103,350,-2.358217050882849,False,3.847986941468056,False,>10 DE genes,no on-target KD
836,NAA20,0.14217476256922057,0.0251037192377765,0.6852813405494486,0.6575031899393213,ENSG00000173418,Rest,59.0,253,109,362,-5.420801297025149,True,56.40261181781267,False,>10 DE genes,on-target KD
837,NAA25,0.3640584991021419,0.3135407894774056,0.7740130109593304,0.7044062071676344,ENSG00000111300,Rest,57.0,299,216,515,-1.8422191508628687,False,11.46057184815944,False,>10 DE genes,no on-target KD
838,NAA30,0.3045254575848601,0.220410664100303,0.6918550583349402,0.6445504945904131,ENSG00000139977,Rest,94.0,971,340,1311,-6.934639124872205,True,38.41281538832646,False,>10 DE genes,on-target KD
839,NAA40,0.02155214031767133,-0.0244537419121101,0.3602505112366325,0.298785331468966,ENSG00000110583,Rest,702.0,65,24,89,-10.76649925842774,True,19.47563055954539,False,>10 DE genes,on-target KD
840,NABP1,0.030497488585550167,-0.0028605673786413,0.37802436230390124,0.2571797985602576,ENSG00000173559,Rest,734.0,59,11,70,-13.63060758199415,True,34.94666678590279,False,>10 DE genes,on-target KD
841,NACC2,0.0853529694110251,0.0604929754986932,0.6964841378867256,0.5597978413561642,ENSG00000148411,Rest,165.0,59,13,72,-3.611788211605372,True,9.861853377706268,False,>10 DE genes,on-target KD
842,NAF1,0.3220401258896313,0.2562672131149188,0.4080529761659735,0.3321301886700686,ENSG00000145414,Rest,100.0,125,25,150,-2.132304153266624,False,7.392991569470268,False,>10 DE genes,no on-target KD
843,NAPB,0.05967339720433729,0.0519309074737461,0.5312628845152455,0.2280314229593082,ENSG00000125814,Rest,563.0,33,13,46,-7.39960348452981,True,11.46224365693636,False,>10 DE genes,on-target KD
844,NASP,0.10192799748974257,0.0539277619062296,0.7342192633494253,0.6998432401605659,ENSG00000132780,Rest,419.0,107,136,243,-0.5989573239254673,True,0.2946269921607021,False,>10 DE genes,on-target KD
845,NCAM1,-0.008931402104275234,-0.0133308856570314,-0.21961984210782817,-0.3345786894747774,ENSG00000149294,Rest,389.0,135,3,138,0.0,False,,False,>10 DE genes,no on-target KD
846,NCAPG2,0.08448813236192725,0.0167701492891781,0.41634711490099247,0.1930812024289619,ENSG00000146918,Rest,354.0,554,117,671,-5.291807929794915,True,132.26851217591167,False,>10 DE genes,on-target KD
847,NCBP3,0.0654668569622829,0.0283971561307804,0.642158846201169,0.5846547105812026,ENSG00000074356,Rest,1286.0,268,297,565,-20.24369027691808,True,38.64735052369265,False,>10 DE genes,on-target KD
848,NCKAP1L,0.34126421940143165,0.2656802525264276,0.7437867902365772,0.6380756961013772,ENSG00000123338,Rest,867.0,1958,989,2947,-32.36533068028317,True,128.12153753432227,False,>10 DE genes,on-target KD
849,NCOA6,0.10921320906440157,0.0958912879482661,0.5303693124860358,0.2890405009406966,ENSG00000198646,Rest,740.0,29,68,97,-16.814945730124805,True,40.818885546256375,False,>10 DE genes,on-target KD
850,NCOR1,0.40796623017306816,0.3942019557225598,0.8195252402571427,0.8060110677507342,ENSG00000141027,Rest,713.0,794,905,1699,-27.43828936986334,True,116.60512442235698,True,>10 DE genes,on-target KD
851,NDOR1,-0.0059693600157424,-0.0611975254667663,0.1425287924827315,-0.0324633657630396,ENSG00000188566,Rest,125.0,45,3,48,-2.3529567986841347,False,7.444915336249706,False,>10 DE genes,no on-target KD
852,NDRG1,-0.100404935341756,-0.1841628124628245,0.23261708338152084,-0.1271771741687052,ENSG00000104419,Rest,309.0,47,8,55,-6.898274698398812,True,19.339552530315306,False,>10 DE genes,on-target KD
853,NDST2,0.06465639991692383,0.0383427001409281,0.7962331139678787,0.7526552148177447,ENSG00000166507,Rest,772.0,85,73,158,-3.0029441630003366,True,2.359374308873419,False,>10 DE genes,on-target KD
854,NDUFA10,0.13119638531391817,0.0866346125597993,0.8401635404322064,0.780223464185522,ENSG00000130414,Rest,866.0,96,33,129,-9.99514309920424,True,79.29412774437593,False,>10 DE genes,on-target KD
855,NDUFA8,0.1147177301826983,0.1079073299292046,0.7880856887300108,0.7191683788995782,ENSG00000119421,Rest,339.0,49,87,136,-13.201820208756248,True,59.13732624965156,False,>10 DE genes,on-target KD
856,NDUFB10,0.10480129824044367,0.0959325803145502,0.8283481808315035,0.791225479759245,ENSG00000140990,Rest,160.0,22,16,38,-10.992679062381184,True,107.82353005156055,False,>10 DE genes,on-target KD
857,NDUFB11,0.060536711343046966,0.0321372355326865,0.9057704518824834,0.8929950072002595,ENSG00000147123,Rest,744.0,29,36,65,-21.94145369197108,True,70.65087078912435,True,>10 DE genes,on-target KD
858,NDUFS8,0.07141680047871803,0.0705428773534054,0.13239256877129166,0.1305670967452981,ENSG00000110717,Rest,242.0,66,25,91,-7.655757954424041,True,30.35503311536521,False,>10 DE genes,on-target KD
859,NEB,0.1318662581233316,0.1040297458813293,0.8422696839007006,0.8123276269504388,ENSG00000183091,Rest,458.0,56,76,132,-0.4725038667574825,True,0.3008436282081851,False,>10 DE genes,on-target KD
860,NEK1,0.06548571694144846,-0.0384838524566112,0.73404026725195,0.5223756019359943,ENSG00000137601,Rest,545.0,29,38,67,-9.631340688385915,True,12.566770811525938,False,>10 DE genes,on-target KD
861,NELFCD,0.12869409253859043,0.0355669103712147,0.7198152089746411,0.6462188723033359,ENSG00000101158,Rest,137.0,343,252,595,-8.583483153632807,True,70.1750486488683,False,>10 DE genes,on-target KD
862,NEMP2,-0.014509410337966933,-0.0431284277543005,-0.22021886944818933,-0.3460288604034174,ENSG00000189362,Rest,764.0,65,8,73,-7.875983754239407,True,27.619128631643992,False,>10 DE genes,on-target KD
863,NEUROD2,0.05258398726554753,-0.0434041249503127,0.10695995634734434,-0.2035961462807295,ENSG00000171532,Rest,3266.0,105,17,122,0.0,False,,False,>10 DE genes,no on-target KD
864,NFAT5,0.3532632295129157,0.3124412264870235,0.8109920775801163,0.7843465055636332,ENSG00000102908,Rest,394.0,901,723,1624,-9.67592386344858,True,30.27852443024405,False,>10 DE genes,on-target KD
865,NFATC2IP,0.04393451216101283,0.0149752076550395,-0.7226555454409177,-0.7708842171522265,ENSG00000176953,Rest,294.0,48,3,51,-12.066754570364074,True,70.78344180990557,False,>10 DE genes,on-target KD
866,NFE2L1,0.12124912088653757,0.1036471687782709,0.7468205477859821,0.6965800412723128,ENSG00000082641,Rest,331.0,10,55,65,-11.61372326214928,True,58.32471533206311,False,>10 DE genes,on-target KD
867,NFKB1,8.489692566976635e-05,-0.066436404770538,0.44809017310218885,0.3539305409219561,ENSG00000109320,Rest,287.0,54,36,90,-13.872222492377736,True,147.24828868135305,False,>10 DE genes,on-target KD
868,NFKB2,0.077822514065764,0.0530407868796391,0.4521879033478071,0.4053591073736318,ENSG00000077150,Rest,1881.0,323,120,443,-21.707520846204982,True,96.94741021226406,False,>10 DE genes,on-target KD
869,NFKBIB,0.05337142655549243,0.0094820008865354,0.8858294158944094,0.8435509752418212,ENSG00000104825,Rest,564.0,34,4,38,-8.992634790766624,False,17.46862652037321,True,>10 DE genes,putative off-target
870,NFKBIL1,-0.016713006921359432,-0.0361512967541569,0.24730630190703348,0.1605757321277122,ENSG00000204498,Rest,1805.0,69,22,91,-4.760411409040279,True,11.610640677942111,False,>10 DE genes,on-target KD
871,NFRKB,0.4202701273957589,0.4077688446742958,0.8345639980256337,0.8234993110493538,ENSG00000170322,Rest,1665.0,1435,1585,3020,-16.02150972625049,True,18.60465709065113,False,>10 DE genes,on-target KD
872,NIPAL4,0.08534468795883893,0.0517568451875985,-0.15624026098185265,-0.2166641707299086,ENSG00000172548,Rest,728.0,34,17,51,-0.5219477966433742,False,0.2559742215300423,False,>10 DE genes,no on-target KD
873,NIPBL,0.051908900587092834,0.0091612398103977,0.4115702384048747,0.3055161339889138,ENSG00000164190,Rest,746.0,276,82,358,-6.803241605527359,True,70.44571541739863,False,>10 DE genes,on-target KD
874,NKAPD1,0.14283711164212537,0.1156776326011201,0.5879022776459464,0.5660956976804397,ENSG00000150776,Rest,451.0,425,104,529,-10.49490764267115,True,29.029227807635166,False,>10 DE genes,on-target KD
875,NKTR,0.11216254312920937,0.0791426953591424,0.8556782060043445,0.8171363716279924,ENSG00000114857,Rest,389.0,23,13,36,-13.832789635347682,True,63.42431330599208,False,>10 DE genes,on-target KD
876,NKX2-2,0.058296539436466975,0.0090264466184829,0.6766974442430248,0.5223963284404407,ENSG00000125820,Rest,326.0,82,136,218,0.0,False,,False,>10 DE genes,no on-target KD
877,NKX2-8,0.143589070215232,0.0712626201413773,0.8016676302662034,0.7041606248331473,ENSG00000136327,Rest,331.0,115,83,198,0.0,False,,False,>10 DE genes,no on-target KD
878,NKX6-3,-0.0345186959898214,-0.0652756287387781,-0.0880157233572707,-0.2050285850470073,ENSG00000165066,Rest,478.0,126,8,134,0.0,False,,False,>10 DE genes,no on-target KD
879,NLGN2,0.0637610262384873,-0.0012142529264861,0.45582836760284584,0.3208512951493537,ENSG00000169992,Rest,349.0,3,45,48,-0.5745737765216881,True,0.4826359132137944,False,>10 DE genes,on-target KD
880,NLRX1,0.21311591870126165,0.1981231545212117,0.8041866451400096,0.7904650915409998,ENSG00000160703,Rest,606.0,272,217,489,-5.530846360743442,True,5.076456120405403,False,>10 DE genes,on-target KD
881,NMRAL1,0.17315187671379892,0.1610623236655429,0.788590295968194,0.7480894062856394,ENSG00000153406,Rest,317.0,154,100,254,-10.35060939980525,False,37.4458901969131,True,>10 DE genes,putative off-target
882,NMT1,0.029710422390264765,-0.0880233624163336,0.569660223058643,0.175741315043082,ENSG00000136448,Rest,70.0,53,29,82,0.0523550159239274,False,106.95329103323108,False,>10 DE genes,no on-target KD
883,NMT2,0.07326683022651116,0.0469607905901159,0.8657665725104398,0.8510064445199321,ENSG00000152465,Rest,1666.0,21,24,45,-17.113339926417023,True,43.944208085177344,False,>10 DE genes,on-target KD
884,NOMO2,0.007699097611002834,-0.007678513964375,0.7774345886096277,0.7025947059773817,ENSG00000185164,Rest,156.0,21,37,58,0.0,False,,False,>10 DE genes,no on-target KD
885,NOP53,-0.02821247801609306,-0.2700448521065705,0.4929147631521342,0.1297613709534539,ENSG00000105373,Rest,110.0,34,14,48,-6.720860744765129,True,169.8269407870981,False,>10 DE genes,on-target KD
886,NPAS2,0.0562298934002601,-0.004480079384861,0.7979373194014702,0.7236604399509414,ENSG00000170485,Rest,168.0,50,31,81,-0.3320913865598405,True,0.1429034536084048,False,>10 DE genes,on-target KD
887,NPC1,0.0270685536766357,-0.0155267977181115,0.6971723384433778,0.5988231969044091,ENSG00000141458,Rest,179.0,10,33,43,-6.074426420656554,True,27.302482145785863,False,>10 DE genes,on-target KD
888,NPC2,0.1453086380413806,0.1281091079445786,0.7453977430821764,0.7038707987275998,ENSG00000119655,Rest,336.0,63,23,86,-16.05127550728316,True,120.67760416370876,True,>10 DE genes,on-target KD
889,NPEPPS,0.07354753647079472,-0.0022908484319666,0.7475707582246329,0.7387129923253839,ENSG00000141279,Rest,130.0,68,29,97,-5.827959597235066,True,58.04354191525504,False,>10 DE genes,on-target KD
890,NPHP4,-0.007637187237972035,-0.0424510173351436,-0.31262191043730353,-0.4340572004581037,ENSG00000131697,Rest,841.0,70,6,76,-5.9216325672875065,True,4.072514346790054,True,>10 DE genes,on-target KD
891,NPIPA7,0.06418625766722794,0.0514712077480268,-0.08734400999285376,-0.2703515715724077,ENSG00000214967,Rest,297.0,29,5,34,0.0,False,,False,>10 DE genes,no on-target KD
892,NPM1,-0.016614262690747134,-0.0706813482335357,0.04112693518734793,-0.1408647220859623,ENSG00000181163,Rest,108.0,29,5,34,0.0,False,,False,>10 DE genes,no on-target KD
893,NPRL3,0.056112812082338336,0.0014139695324835,0.29898861364144874,0.1865452218341033,ENSG00000103148,Rest,692.0,35,20,55,-9.575080647857265,True,14.57383648991304,False,>10 DE genes,on-target KD
894,NR2C2,0.1620400287779285,0.1213349680582942,0.8263653444418928,0.8246209259730305,ENSG00000177463,Rest,463.0,118,167,285,-13.051742609831033,True,50.99475768405986,False,>10 DE genes,on-target KD
895,NR2E1,0.014824138959054834,-0.0206732505493178,0.6682466967114135,0.6188587125444062,ENSG00000112333,Rest,871.0,295,108,403,0.0,False,,False,>10 DE genes,no on-target KD
896,NRAS,-0.0898548937402257,-0.1223112164998906,-0.21410044190670444,-0.2815848341940419,ENSG00000213281,Rest,1751.0,187,39,226,-32.715994364024134,True,109.81093648778663,False,>10 DE genes,on-target KD
897,NRBP1,0.15186025804666423,0.0916634845249116,0.7637435779118502,0.7118169342282215,ENSG00000115216,Rest,53.0,229,156,385,-7.377080500396872,True,131.09882461938574,False,>10 DE genes,on-target KD
898,NRG2,0.12935041942222467,0.0680116307390271,0.6455152850705095,0.5505829680512437,ENSG00000158458,Rest,823.0,131,140,271,0.0,False,,False,>10 DE genes,no on-target KD
899,NSD1,0.3561027387741398,0.345655654942656,0.7191101667706877,0.7008314160727704,ENSG00000165671,Rest,862.0,675,1092,1767,-30.263492295771883,True,112.33061492373908,False,>10 DE genes,on-target KD
900,NSD2,0.1984130763491698,0.0787126448404958,0.7940927719316048,0.6905449655486908,ENSG00000109685,Rest,215.0,101,77,178,-6.566879735795833,True,39.85837621213389,False,>10 DE genes,on-target KD
901,NSUN2,0.12688322454008252,0.0974316015137297,0.8737352051830806,0.842108882914135,ENSG00000037474,Rest,645.0,15,23,38,-12.947764153923542,True,58.85194288519076,True,>10 DE genes,on-target KD
902,NSUN4,0.13438161322275707,0.1112825337575311,0.7763922537598732,0.719982078700389,ENSG00000117481,Rest,477.0,25,12,37,-8.15077885974848,True,15.275510466737636,False,>10 DE genes,on-target KD
903,NUDCD1,0.11857336688509468,0.1064505829489385,0.6693847628845816,0.6324771272847711,ENSG00000120526,Rest,848.0,254,57,311,-14.055996475628124,True,30.97051824804204,True,>10 DE genes,on-target KD
904,NUDCD3,0.008326711415949503,-0.096109958383321,0.6383960624428391,0.4685829668518235,ENSG00000015676,Rest,53.0,30,11,41,-2.9658735483249234,False,35.447941390531845,False,>10 DE genes,no on-target KD
905,NUDT19,0.05456830517724393,0.0351051997734945,0.40971031815222375,0.372588252612196,ENSG00000213965,Rest,1089.0,118,33,151,-12.194619975300858,True,17.50778295752364,False,>10 DE genes,on-target KD
906,NUDT5,-6.769149775133415e-05,-0.0396880395274208,0.6443629175535478,0.5665264820310203,ENSG00000165609,Rest,61.0,69,2,71,-8.797497646359922,True,133.46413019100257,True,>10 DE genes,on-target KD
907,NUFIP2,0.1136545808873373,0.1011289756479213,0.8647289437753262,0.8610027429633174,ENSG00000108256,Rest,586.0,24,31,55,-21.15112376927815,True,92.99229040114083,False,>10 DE genes,on-target KD
908,NUP188,0.21631799359399775,0.1920291337973017,0.7790664845469252,0.7481752443372115,ENSG00000095319,Rest,249.0,296,307,603,-14.539291061537934,True,104.8814963168032,True,>10 DE genes,on-target KD
909,OAF,0.0936109037453744,-0.0681571089315191,0.5413043804616475,0.4951305864031122,ENSG00000184232,Rest,109.0,22,128,150,-0.7681867912161475,True,2.500849707316355,False,>10 DE genes,on-target KD
910,OGA,0.08308139545706754,0.0460338921330269,0.47562163410105085,0.0715211424627708,ENSG00000198408,Rest,71.0,25,14,39,-6.94409116659176,True,98.71571176148665,False,>10 DE genes,on-target KD
911,ORMDL2,0.1331187866315743,0.1010923304166601,0.8359268705625679,0.8229721450729282,ENSG00000123353,Rest,270.0,244,128,372,-9.165933908035424,True,106.7646491130822,False,>10 DE genes,on-target KD
912,OS9,0.07780291971150427,0.0469753069435873,0.5406513355437929,0.4488391669526296,ENSG00000135506,Rest,789.0,23,8,31,-25.84990166697918,True,120.73667726855028,False,>10 DE genes,on-target KD
913,OSGEP,0.056171024250866196,0.0159274859096685,0.7736768351371551,0.694144314327369,ENSG00000092094,Rest,207.0,30,28,58,-4.341774535720262,False,20.509266205519484,True,>10 DE genes,putative off-target
914,OSR1,0.12791994587660685,0.100872422324753,0.7600620352850895,0.7460157234691311,ENSG00000143867,Rest,736.0,52,251,303,0.0,False,,False,>10 DE genes,no on-target KD
915,OTUB1,0.1664052897125756,0.1353554455359344,0.5031925290757872,0.2567750401933944,ENSG00000167770,Rest,403.0,206,99,305,-14.451711884587144,True,71.62101401215686,False,>10 DE genes,on-target KD
916,OTUD1,0.040744286905675005,0.0135286051301061,0.7724264301227454,0.760413708135015,ENSG00000165312,Rest,1209.0,480,630,1110,-5.843688128162601,True,5.5204346469361045,False,>10 DE genes,on-target KD
917,OXA1L,0.20130639105882173,0.1872814835648794,0.7580780293933712,0.7167979588167004,ENSG00000155463,Rest,478.0,215,52,267,-20.69741978002832,True,125.70905669166942,False,>10 DE genes,on-target KD
918,P4HB,0.16088244077532401,0.1405218675474193,0.6686148474461425,0.6441213995749554,ENSG00000185624,Rest,521.0,167,24,191,-5.88761092091212,True,7.853899041905908,True,>10 DE genes,on-target KD
919,PA2G4,0.0540374372555274,-0.0476159792422432,0.5897215703396178,0.3642445746068328,ENSG00000170515,Rest,214.0,22,29,51,-12.470921865583474,True,88.93754083554843,False,>10 DE genes,on-target KD
920,PACSIN2,0.2702524732394467,0.2419828342876054,0.7575636767947082,0.6903397664417227,ENSG00000100266,Rest,298.0,426,206,632,-7.750167208868956,True,24.71282783471836,False,>10 DE genes,on-target KD
921,PAGR1,0.23180338034716821,0.2079488975619115,0.8303065284304226,0.8194906121413802,ENSG00000280789,Rest,549.0,249,252,501,-16.952425603026487,True,60.28032288319259,False,>10 DE genes,on-target KD
922,PAIP1,0.08952943601367251,0.0370751127754767,0.8267086229703678,0.7722358860839749,ENSG00000172239,Rest,151.0,79,39,118,-1.9302465088936225,True,8.361238675029862,False,>10 DE genes,on-target KD
923,PAK1,-0.05622953575618506,-0.093161988891125,-0.14715451415320924,-0.2224285607698676,ENSG00000149269,Rest,539.0,225,53,278,-3.956564087901559,True,48.62552773796944,False,>10 DE genes,on-target KD
924,PAK2,0.1444891497583442,0.1336500598912732,0.7361914282911312,0.6058357990340173,ENSG00000180370,Rest,567.0,128,19,147,-25.370592703984777,True,130.36374143360314,False,>10 DE genes,on-target KD
925,PAN3,0.11201358234831282,0.0821909328304923,0.8542849496970689,0.8115046285450761,ENSG00000152520,Rest,806.0,63,27,90,-16.72519497296903,True,38.27250833830245,False,>10 DE genes,on-target KD
926,PAPSS1,0.119258121418562,0.1059903714456082,0.776843801125996,0.7131212220945363,ENSG00000138801,Rest,432.0,97,153,250,-10.869252546998643,True,41.13110184508214,False,>10 DE genes,on-target KD
927,PARD6A,0.18481318018526982,0.1515799649824037,0.8201867791692495,0.7875862363272925,ENSG00000102981,Rest,548.0,67,76,143,-8.603938401367426,True,14.194936350773345,False,>10 DE genes,on-target KD
928,PARP14,0.06258883581662548,-0.0641463990421698,0.12768886542946298,-0.0275892058999387,ENSG00000173193,Rest,1695.0,290,84,374,-30.6544149571838,True,119.0874594978669,False,>10 DE genes,on-target KD
929,PARS2,0.17136857015972382,0.1557373575390965,0.8292758066445133,0.8171316473488727,ENSG00000162396,Rest,328.0,65,33,98,-3.434162538345495,True,3.8452393309533193,False,>10 DE genes,on-target KD
930,PATL1,0.173381603118124,0.16252552195502,0.8346781904979532,0.8210368516326535,ENSG00000166889,Rest,265.0,87,79,166,-8.777766313586348,True,58.99691804933253,False,>10 DE genes,on-target KD
931,PAXIP1,0.3804038355994031,0.3688755733006766,0.8603698034650975,0.8470195540247771,ENSG00000157212,Rest,501.0,498,573,1071,-13.865286835515844,True,39.66701683720966,False,>10 DE genes,on-target KD
932,PBX2,-0.04846473640474264,-0.0675651675605403,0.8375448168501295,0.7700387768769973,ENSG00000204304,Rest,398.0,43,16,59,-12.46713815192892,True,66.6298643951444,True,>10 DE genes,on-target KD
933,PCBP1,0.1245299541789559,0.0255559076644257,0.7998271474983958,0.7275459381571389,ENSG00000169564,Rest,116.0,41,35,76,-10.553693224707038,True,117.32797552217214,False,>10 DE genes,on-target KD
934,PCBP2,-0.019412756135418235,-0.0617819799211882,0.3416971072360995,0.2439251008432361,ENSG00000197111,Rest,163.0,349,174,523,-3.3978956049796927,True,9.51260762602658,False,>10 DE genes,on-target KD
935,PCBP4,-0.0024434034542936333,-0.0223645177021406,0.5561244885028235,0.5280346885838999,ENSG00000090097,Rest,984.0,37,17,54,-6.568972841357295,True,5.486919136587946,False,>10 DE genes,on-target KD
936,PCGF1,0.38357067998160016,0.2915092839173858,0.8440946884289401,0.7826952785070691,ENSG00000115289,Rest,1537.0,436,248,684,-18.287513083320025,True,31.25742696448565,False,>10 DE genes,on-target KD
937,PCNX3,0.21177347480150568,0.1833552652517901,0.8916066785881883,0.8633515407345197,ENSG00000197136,Rest,462.0,55,12,67,-6.80933756626316,True,10.02438913765064,False,>10 DE genes,on-target KD
938,PCNX4,0.1603585923460944,0.1079968201986435,0.7946046862250119,0.7007849147949476,ENSG00000126773,Rest,664.0,169,311,480,-7.22489227448869,True,9.489943221528264,False,>10 DE genes,on-target KD
939,PCYT2,0.310052410124761,0.28088464655967,0.7928511047287096,0.7825122922479902,ENSG00000185813,Rest,422.0,561,267,828,-8.957602736641308,True,22.319723653823026,False,>10 DE genes,on-target KD
940,PDAP1,0.1961357240901003,0.088426513306142,0.8247802334137327,0.7737971703302475,ENSG00000106244,Rest,358.0,128,134,262,0.0,False,,False,>10 DE genes,no on-target KD
941,PDCD2L,0.010093480737113232,-0.0153093593956697,0.18755441606075784,0.1363021057547182,ENSG00000126249,Rest,740.0,637,409,1046,-7.9704341165895745,True,10.609180366390754,False,>10 DE genes,on-target KD
942,PDCL,0.2355857014424623,0.2211444317112744,0.8310912410013765,0.8012993838075841,ENSG00000136940,Rest,576.0,406,347,753,-14.121778355292488,True,41.57550911435976,False,>10 DE genes,on-target KD
943,PDIA3,0.009695596203974201,-0.0090640311336788,-0.09322649687507345,-0.144057968401249,ENSG00000167004,Rest,488.0,68,7,75,-23.2447783276634,True,145.9256565758158,False,>10 DE genes,on-target KD
944,PDIA6,0.0876617739414939,0.0710137294539772,0.7159912521050202,0.690331627349833,ENSG00000143870,Rest,842.0,143,8,151,-15.69672960725176,True,68.75704465574269,False,>10 DE genes,on-target KD
945,PDK1,0.10039036918055703,0.0520399096732051,0.7410167189186035,0.7006294766097116,ENSG00000152256,Rest,196.0,163,122,285,-7.417270080165856,True,29.794755049207232,False,>10 DE genes,on-target KD
946,PDLIM2,0.07752989254949523,0.0612971899084759,0.1069574099804579,-0.016825759261311,ENSG00000120913,Rest,258.0,62,11,73,-7.593491383652684,True,27.90680320943452,False,>10 DE genes,on-target KD
947,PDPK1,0.0640869257733504,-0.0478434455015035,0.8376945647204784,0.7833848667941917,ENSG00000140992,Rest,158.0,123,61,184,-5.480234067639612,True,21.34430137191788,False,>10 DE genes,on-target KD
948,PDSS1,0.08726295304869769,0.0508203335099467,0.6318230936840173,0.5868148467683723,ENSG00000148459,Rest,409.0,27,5,32,-5.000845823850134,True,10.70384459285133,False,>10 DE genes,on-target KD
949,PDSS2,0.10653958349434285,0.0400043469051535,0.7817986932854396,0.7396167014763442,ENSG00000164494,Rest,255.0,525,418,943,-6.105850058475155,True,17.25691822882724,False,>10 DE genes,on-target KD
950,PELO,0.08014743717762203,0.0633875553750802,0.26499414335875277,0.0579962278205862,ENSG00000152684,Rest,494.0,132,31,163,-4.761307707142642,True,31.072631093317145,False,>10 DE genes,on-target KD
951,PEX16,0.0827507677120574,0.0706930506015963,0.29927805849836514,0.2784524082698414,ENSG00000121680,Rest,814.0,27,9,36,-6.876893127523242,True,7.276532704646104,False,>10 DE genes,on-target KD
952,PEX6,-0.0066715160445363,-0.0125528664977497,0.13197428884985882,0.0523273651776188,ENSG00000124587,Rest,523.0,126,14,140,-6.043057909906383,True,7.733654696963999,True,>10 DE genes,on-target KD
953,PFAS,0.07877975667925151,-0.0199589624874978,0.31937240998732147,0.2035883470889532,ENSG00000178921,Rest,69.0,133,24,157,-3.3629125579604584,True,18.244488647406435,False,>10 DE genes,on-target KD
954,PFDN5,0.029395586223168166,0.0272640608426528,0.5649457088077361,0.4644728211249652,ENSG00000123349,Rest,481.0,177,41,218,-14.559521812082544,True,63.21227922978894,False,>10 DE genes,on-target KD
955,PFKM,0.039971931894551636,0.0223266469545637,-0.0634157793952654,-0.1752310129179957,ENSG00000152556,Rest,524.0,27,13,40,-4.819021395401287,True,8.130271082014373,False,>10 DE genes,on-target KD
956,PGGT1B,0.1212972795506045,0.0067298015135467,0.7981692944724741,0.7744055669648156,ENSG00000164219,Rest,81.0,145,30,175,-3.887083339968376,True,26.457279674891765,False,>10 DE genes,on-target KD
957,PGK1,0.1706694036986346,0.1197032710148464,0.6222108523938429,0.5140738730997457,ENSG00000102144,Rest,101.0,72,196,268,-7.014881800018503,True,67.36692615004736,False,>10 DE genes,on-target KD
958,PGM1,0.08595297432384204,0.0382957320354709,0.37358981561775195,0.3258681443125943,ENSG00000079739,Rest,348.0,24,20,44,-9.407103810520232,True,33.520588983932896,False,>10 DE genes,on-target KD
959,PGS1,0.22636845669416217,0.1533585600092579,0.7434282528472179,0.6749401905982779,ENSG00000087157,Rest,165.0,463,251,714,-6.446736947131059,True,34.16497908186774,False,>10 DE genes,on-target KD
960,PHACTR4,0.043742632307674,-0.0771016181151754,0.8863938831559818,0.8521647521185478,ENSG00000204138,Rest,897.0,41,25,66,-16.16839181493634,True,33.5640209894916,False,>10 DE genes,on-target KD
961,PHF12,0.1720918424068796,0.1339986950619288,0.8507283845566992,0.7835052566694073,ENSG00000109118,Rest,304.0,148,40,188,-11.853057107357376,True,63.56559520620507,False,>10 DE genes,on-target KD
962,PHF19,0.02452938741474107,-0.0473176654476556,0.28246589847800324,0.254354146054051,ENSG00000119403,Rest,144.0,116,27,143,-12.735236328724566,True,185.47800033939487,False,>10 DE genes,on-target KD
963,PHF23,0.19384974301136845,0.1743238394894513,0.7330923629487884,0.7091810032721616,ENSG00000040633,Rest,324.0,278,425,703,-8.915548218601039,True,28.194862379824013,True,>10 DE genes,on-target KD
964,PHF3,-0.0105898445047099,-0.0313509269299296,0.5549654708577829,0.4715775469545927,ENSG00000118482,Rest,2265.0,77,143,220,-22.21719202719993,True,33.40032747175961,False,>10 DE genes,on-target KD
965,PHGR1,0.1348712756437184,0.0697304075325942,0.710252166855264,0.6189067058803329,ENSG00000233041,Rest,229.0,313,145,458,0.0,False,,False,>10 DE genes,no on-target KD
966,PHOSPHO2,0.038294313734451406,0.0353598122430765,0.735840919229228,0.7021076589660827,ENSG00000144362,Rest,1148.0,19,15,34,-8.658242942712743,True,8.019538782920188,True,>10 DE genes,on-target KD
967,PIAS1,0.10200378433728176,0.0519451317605769,0.7625971212110825,0.7018843148023111,ENSG00000033800,Rest,232.0,67,25,92,-4.178025557426574,True,24.60817701189584,False,>10 DE genes,on-target KD
968,PIBF1,0.09603424304978463,0.0551637380885893,0.8852528927498531,0.8455116212634434,ENSG00000083535,Rest,297.0,24,12,36,-6.501206507608351,True,17.38255653610732,True,>10 DE genes,on-target KD
969,PIGB,-0.043463651747322835,-0.0591892731264099,0.0115306007208172,-0.0713802487598747,ENSG00000069943,Rest,1970.0,78,29,107,-14.998955773180931,True,12.31205975359989,True,>10 DE genes,on-target KD
970,PIGF,0.12672258688617533,0.0938216697636749,0.6929977451886634,0.5659160102238859,ENSG00000151665,Rest,182.0,279,179,458,-8.568147010171227,True,39.6327154359328,True,>10 DE genes,on-target KD
971,PIGH,-0.04292626062613003,-0.1427467500622924,0.6683475004934825,0.5499389897060393,ENSG00000100564,Rest,137.0,148,111,259,-4.894277630269084,True,12.680962663400098,False,>10 DE genes,on-target KD
972,PIGN,-0.01897773062792363,-0.0243032431936463,-0.15422498760350742,-0.3197944140631633,ENSG00000197563,Rest,426.0,34,4,38,-8.783736204047145,True,33.0135200422174,True,>10 DE genes,on-target KD
973,PIK3C2B,0.0325184274345528,-0.003313121058756,0.7996563234805337,0.7662217872844912,ENSG00000133056,Rest,215.0,51,22,73,-4.32956686127783,True,8.872930682515626,False,>10 DE genes,on-target KD
974,PIK3R4,0.015774223028107732,-0.0140324812487264,0.14538663570100321,0.068592216727856,ENSG00000196455,Rest,413.0,107,32,139,-9.428196600083542,True,25.30005692134163,False,>10 DE genes,on-target KD
975,PIM1,0.2816755584557138,0.245336853499398,0.699091736331504,0.6274871458867046,ENSG00000137193,Rest,134.0,699,280,979,-14.8639452513141,True,383.4196452241542,False,>10 DE genes,on-target KD
976,PIP,0.028625384412513902,0.006215142337888,0.6603476907217285,0.5985399872575159,ENSG00000159763,Rest,1856.0,22,12,34,0.0,False,,False,>10 DE genes,no on-target KD
977,PKM,0.17474661785563309,0.1269084727813937,0.7739801865295632,0.737770326680191,ENSG00000067225,Rest,487.0,28,29,57,-14.896557454567954,True,119.02256566751934,False,>10 DE genes,on-target KD
978,PKN1,-0.038878021610172064,-0.0774499749397944,0.22467654617913602,0.121728549551911,ENSG00000123143,Rest,220.0,89,13,102,-8.16633276303542,True,84.92763670066329,False,>10 DE genes,on-target KD
979,PKNOX1,0.08872245242220846,0.0784668051308037,0.8444213484462528,0.805349552769224,ENSG00000160199,Rest,448.0,83,100,183,-9.530991980715534,True,22.870695793712624,False,>10 DE genes,on-target KD
980,PLEKHH2,0.032554132323754335,0.0141928608687419,0.12584738339414422,0.0269297876631936,ENSG00000152527,Rest,147.0,66,12,78,0.1429396113887899,False,0.1900860315316755,False,>10 DE genes,no on-target KD
981,PLOD3,0.0700458558863649,-0.1314639273988505,0.6464545379118305,0.4845822573497647,ENSG00000106397,Rest,53.0,81,8,89,-3.0909978907654896,False,22.71219741730031,False,>10 DE genes,no on-target KD
982,PMM2,0.20308796558111727,0.0970621224554576,0.7807890420691491,0.7610603266280835,ENSG00000140650,Rest,77.0,95,49,144,-3.5230130145141936,True,28.02284682684293,False,>10 DE genes,on-target KD
983,PMVK,0.12459424883336905,0.097630282054232,0.7383029779958327,0.7148522043200062,ENSG00000163344,Rest,337.0,140,70,210,-12.609918304076762,True,60.15846709550799,False,>10 DE genes,on-target KD
984,PNPT1,0.08853887593219743,0.061913523076949,0.3087849221588373,0.1574733392808809,ENSG00000138035,Rest,248.0,95,36,131,-5.227036372524752,True,14.55253810859906,False,>10 DE genes,on-target KD
985,POGK,0.1831519911094516,0.1458053142237479,0.842877099266921,0.81116885048888,ENSG00000143157,Rest,496.0,94,165,259,-11.818757556467196,True,39.87556193714863,False,>10 DE genes,on-target KD
986,POLDIP3,0.019619650934800534,-0.0040982653055397,0.6112819512084902,0.4797265475839263,ENSG00000100227,Rest,124.0,28,32,60,-5.081814734624806,True,67.02773301542203,False,>10 DE genes,on-target KD
987,POLG,0.17477022801476505,0.1531275861238484,0.8533065803809298,0.7991411976983016,ENSG00000140521,Rest,549.0,27,13,40,-10.142866156793206,True,23.106233333505244,False,>10 DE genes,on-target KD
988,POLR2M,0.03390364499065563,0.0032818408235075,-0.1545464485590671,-0.3876641894037507,ENSG00000255529,Rest,858.0,31,4,35,0.0,False,,False,>10 DE genes,no on-target KD
989,POLRMT,0.028098107557325266,0.0251127606628109,0.13670423734581383,0.025815272125439,ENSG00000099821,Rest,221.0,103,21,124,-0.7814618254406056,False,1.2029518124116831,False,>10 DE genes,no on-target KD
990,POMGNT1,0.0583510251534334,0.0439842180216257,0.5227663241489721,0.2887407369535492,ENSG00000085998,Rest,58.0,87,36,123,-3.73380704362426,True,21.970003101952884,False,>10 DE genes,on-target KD
991,POU3F1,-0.06238242732288054,-0.1106549282480617,-0.21647626274404508,-0.2575415620257261,ENSG00000185668,Rest,858.0,48,5,53,0.0,False,,False,>10 DE genes,no on-target KD
992,POU6F1,-0.013636258786152168,-0.0467145707843431,0.48199864945221105,0.3150824003072572,ENSG00000184271,Rest,135.0,55,4,59,-0.5382379737326022,True,1.0893792734984444,False,>10 DE genes,on-target KD
993,PPA2,0.2966875629463468,0.1970623251463494,0.7669388487243328,0.7217343176668778,ENSG00000138777,Rest,176.0,553,314,867,0.0,False,,False,>10 DE genes,no on-target KD
994,PPCDC,0.06316164651035236,0.0386693136315971,0.33751095324460323,0.2769949912417721,ENSG00000138621,Rest,575.0,432,159,591,-1.8352186404736144,False,23.70768250337213,False,>10 DE genes,no on-target KD
995,PPCS,0.21650472551086133,0.1718982868067017,0.7051061009942043,0.7009218708551023,ENSG00000127125,Rest,137.0,523,153,676,-3.932837864633609,True,20.31477238090753,False,>10 DE genes,on-target KD
996,PPDPF,0.0062634801447910005,-0.1541593017380416,-0.06051499013859583,-0.4055867679071234,ENSG00000125534,Rest,1076.0,771,45,816,-14.621897848335164,True,84.55371194443975,False,>10 DE genes,on-target KD
997,PPHLN1,0.25182651347098484,0.2387059906714189,0.8274908947076675,0.8084860016891837,ENSG00000134283,Rest,736.0,277,198,475,-23.37642130545006,True,95.21664179144932,True,>10 DE genes,on-target KD
998,PPIF,0.0075276120401819675,-0.0471073279874817,0.7852290985113569,0.7219876556041016,ENSG00000108179,Rest,212.0,155,64,219,-7.1166519221068425,True,34.07006361786699,False,>10 DE genes,on-target KD
999,PPIH,0.13362215971543082,0.1304203477477858,0.8685140071173431,0.8424266435306654,ENSG00000171960,Rest,383.0,97,64,161,-4.578435858869762,True,5.74783873978312,False,>10 DE genes,on-target KD
1000,PPIL1,0.10673150515532681,0.0397355839064148,0.7985158285406709,0.7801995417522217,ENSG00000137168,Rest,302.0,306,265,571,-9.400254428911882,True,32.866219131890894,False,>10 DE genes,on-target KD
1001,PPM1D,0.22519280749813064,0.2175224733098524,0.8140987490293939,0.7957889427687869,ENSG00000170836,Rest,726.0,480,910,1390,-8.356797408607056,True,16.973746512600297,False,>10 DE genes,on-target KD
1002,PPM1L,0.18615820275364772,0.1567677094097129,0.6342964699912247,0.5136490699502444,ENSG00000163590,Rest,75.0,654,275,929,-1.5033551322180303,True,2.4822926032277794,False,>10 DE genes,on-target KD
1003,PPP1R10,0.004426227936660934,-0.0450557416858614,0.5399437735820666,0.4254125563633605,ENSG00000204569,Rest,125.0,29,2,31,-2.587309129213589,False,56.03659249384995,False,>10 DE genes,no on-target KD
1004,PPP1R11,0.12022328532015476,0.0697595518692864,0.6515786686997939,0.6128881033956021,ENSG00000204619,Rest,88.0,277,143,420,-5.999976353250204,True,50.66770003643428,True,>10 DE genes,on-target KD
1005,PPP1R12A,0.12350092041959686,0.0948345327210213,0.5616623836108549,0.4518872148755921,ENSG00000058272,Rest,571.0,74,19,93,-23.543557970896497,True,116.06103933512208,False,>10 DE genes,on-target KD
1006,PPP1R12C,0.1125802837238938,0.0795412223591076,0.7481519310728021,0.642809025199164,ENSG00000125503,Rest,791.0,89,53,142,-12.307777217939668,True,16.160399216566308,False,>10 DE genes,on-target KD
1007,PPP1R13L,0.1641910267917715,0.1477375156088758,0.8683905976164862,0.854995032703918,ENSG00000104881,Rest,523.0,78,137,215,-2.2279052312051943,True,1.6412626422918122,False,>10 DE genes,on-target KD
1008,PPP1R15B,0.09262656604337705,0.0729228042076681,0.7707098134424508,0.7475970939135537,ENSG00000158615,Rest,184.0,144,55,199,-12.309448084563677,True,93.06228155698768,False,>10 DE genes,on-target KD
1009,PPP1R1A,0.0127898034841984,-0.1160926412126952,0.6841791051232647,0.6021486042050459,ENSG00000135447,Rest,216.0,22,26,48,0.0,False,,False,>10 DE genes,no on-target KD
1010,PPP1R2,0.1465635255290703,0.1284517005253541,0.579166874644756,0.4994038436976953,ENSG00000184203,Rest,1001.0,392,443,835,0.0,False,,False,>10 DE genes,no on-target KD
1011,PPP1R3B,0.15482055192696473,0.1097183903919843,0.6149712242399185,0.564810134216235,ENSG00000173281,Rest,1585.0,209,103,312,-6.645313386082282,True,4.184818451786207,False,>10 DE genes,on-target KD
1012,PPP1R7,0.24557987105329607,0.2246178067838328,0.8947303702879421,0.8752918185007814,ENSG00000115685,Rest,417.0,39,43,82,-21.04684626332964,True,137.34628944738904,True,>10 DE genes,on-target KD
1013,PPP2R1A,0.23742700234877565,0.1925550817244752,0.5420522780303542,0.4655622265741613,ENSG00000105568,Rest,59.0,136,34,170,-1.941081132106664,False,9.325139463328949,False,>10 DE genes,no on-target KD
1014,PPP4C,0.1083350291454314,0.0760357685687217,0.6476620537164063,0.5913789192361197,ENSG00000149923,Rest,158.0,60,76,136,-9.024177649632072,True,171.22548842941617,False,>10 DE genes,on-target KD
1015,PPP6C,0.11047967038992744,0.0903596823414322,0.546177398793879,0.4345939412899812,ENSG00000119414,Rest,238.0,98,28,126,-12.841982137468854,True,106.03102275769808,False,>10 DE genes,on-target KD
1016,PPP6R2,0.10524997564794814,0.0521955780093257,0.8692889367973637,0.8291939988408952,ENSG00000100239,Rest,653.0,62,62,124,-20.3512736662338,True,65.33010494486264,False,>10 DE genes,on-target KD
1017,PPRC1,0.07198758970214227,0.0175785944131673,0.8395407357913779,0.8006361443565849,ENSG00000148840,Rest,288.0,40,30,70,-5.44107057226037,True,31.883786997584306,False,>10 DE genes,on-target KD
1018,PQBP1,-0.03243549117471636,-0.1161522335172133,0.6648006690679805,0.5836894800332885,ENSG00000102103,Rest,228.0,42,14,56,-10.740637047883016,True,59.45129138901532,True,>10 DE genes,on-target KD
1019,PRAM1,-0.03588522499219347,-0.0530631287978251,-0.22907108675826793,-0.3358578234874567,ENSG00000133246,Rest,450.0,162,6,168,-0.9092652969326348,False,0.8537746258600144,False,>10 DE genes,no on-target KD
1020,PRB4,0.07553188641758916,0.0350341597977376,0.2930448220975423,0.1532652135358245,ENSG00000230657,Rest,303.0,44,14,58,0.0,False,,False,>10 DE genes,no on-target KD
1021,PRCP,0.03493769223773553,-0.0224963664088055,0.8281502734634637,0.778154821383293,ENSG00000137509,Rest,536.0,92,15,107,-10.314182414364044,True,23.455752086969824,False,>10 DE genes,on-target KD
1022,PRDX3,0.004719103947347432,-0.0441746198303122,0.8090025262858388,0.7999070299730926,ENSG00000165672,Rest,1350.0,42,14,56,-20.870636824439032,True,58.201606959570576,False,>10 DE genes,on-target KD
1023,PRELID1,0.09031977630080835,0.0710304765101862,0.6541059247354496,0.4895502706416954,ENSG00000169230,Rest,149.0,90,27,117,-7.561658020149234,True,55.695578880325925,False,>10 DE genes,on-target KD
1024,PRIMPOL,0.042352403374554565,-0.0166658177629134,0.2556703160059601,0.1488642650110722,ENSG00000164306,Rest,202.0,35,6,41,-3.800208328428881,True,9.705398246727,True,>10 DE genes,on-target KD
1025,PRKAR1A,0.4637373473659698,0.4434956138751482,0.8015994615230114,0.8010190672239653,ENSG00000108946,Rest,66.0,871,194,1065,-6.621803786317123,True,117.65194863138638,False,>10 DE genes,on-target KD
1026,PRKCH,0.1586657663152202,0.1544693400758575,0.8591481362255076,0.8285017862466718,ENSG00000027075,Rest,427.0,14,20,34,-17.541459456289015,True,142.8447023731249,False,>10 DE genes,on-target KD
1027,PRKRA,0.14729861957475957,0.1092016684716428,0.8195300556034174,0.7936628197039596,ENSG00000180228,Rest,553.0,45,12,57,-14.468220973682788,True,52.1015758884415,False,>10 DE genes,on-target KD
1028,PROX2,0.0206214515725766,-0.0473122295805661,0.5153801920266202,0.3975337724356776,ENSG00000119608,Rest,864.0,186,120,306,0.0,False,,False,>10 DE genes,no on-target KD
1029,PRPF39,0.03314978630264307,-0.0291750386089855,0.2059855028245635,-0.3312060447675177,ENSG00000185246,Rest,740.0,39,14,53,-8.73650272465009,True,31.75904032828328,False,>10 DE genes,on-target KD
1030,PRR12,0.0972029065886244,0.062463373891712,0.8827279051151731,0.8482242733934348,ENSG00000126464,Rest,1754.0,23,29,52,-23.63818074936679,True,36.36184731158089,False,>10 DE genes,on-target KD
1031,PRRC2A,0.058105113009139266,-0.0268250289585402,0.92643821900338,0.9136254158132854,ENSG00000204469,Rest,392.0,10,22,32,-12.97044016635518,True,48.474544664220666,False,>10 DE genes,on-target KD
1032,PRRT2,0.09112179921595857,0.0814234242917898,0.8693081102777303,0.8410124342082357,ENSG00000167371,Rest,688.0,62,69,131,0.0,False,,False,>10 DE genes,no on-target KD
1033,PRSS21,0.18962623222647654,0.0666185800797381,0.8191464898033907,0.7407338684315036,ENSG00000007038,Rest,162.0,171,71,242,-1.085572198243261,True,1.8435642754080168,False,>10 DE genes,on-target KD
1034,PRUNE1,0.0017773887539326017,-0.038175806131253,0.7475009633311904,0.7051580699901205,ENSG00000143363,Rest,1730.0,30,9,39,-17.109631170611397,True,20.104807723309264,False,>10 DE genes,on-target KD
1035,PRXL2B,0.15007384918159586,0.1299399237959884,0.6221492404759364,0.5301498930216596,ENSG00000157870,Rest,455.0,57,40,97,-6.009365143962478,True,8.370251073064415,False,>10 DE genes,on-target KD
1036,PSD,0.026686978660330003,0.0087924628494655,0.4643262162964912,0.2876432312619787,ENSG00000059915,Rest,1006.0,23,14,37,-0.3420039334764909,False,0.2038486484110435,False,>10 DE genes,no on-target KD
1037,PSIP1,0.18692303602489543,0.1767734819970668,0.7411525340578412,0.6677746950615128,ENSG00000164985,Rest,445.0,92,31,123,-13.150000895178916,True,43.33824445832709,False,>10 DE genes,on-target KD
1038,PSMB9,0.0492529766909492,0.0441703528728592,-0.28491854348375384,-0.4656048774035709,ENSG00000240065,Rest,631.0,83,5,88,-26.67171877701092,True,322.38981511106624,True,>10 DE genes,on-target KD
1039,PSMF1,0.12577713009083533,0.0883352924971998,0.666304061443174,0.6422958920814366,ENSG00000125818,Rest,1589.0,218,181,399,-33.28801546691356,True,99.57092375163175,False,>10 DE genes,on-target KD
1040,PTBP1,0.19610644425670698,0.1834982089041865,0.7692802179023496,0.6886546303810063,ENSG00000011304,Rest,126.0,66,23,89,-7.25678977601863,True,67.65390211495006,False,>10 DE genes,on-target KD
1041,PTCD2,0.1023174111947887,0.088929603242383,0.7967750514765924,0.6682567414646412,ENSG00000049883,Rest,257.0,10,40,50,-3.730305229178831,True,6.6558832495497615,False,>10 DE genes,on-target KD
1042,PTCH1,0.023835344364428537,-0.1277799600392704,0.5949898543990358,0.384167284806685,ENSG00000185920,Rest,376.0,282,82,364,-1.6290740967998127,True,1.9177601047964552,False,>10 DE genes,on-target KD
1043,PTDSS2,0.01650993156325264,-0.0657038059808892,0.4433827865435735,0.3221281440153317,ENSG00000174915,Rest,237.0,17,32,49,-4.3683198916965935,True,10.355814361808566,False,>10 DE genes,on-target KD
1044,PTEN,0.5055072753700925,0.4830430125753701,0.8593451920032229,0.8530391638561475,ENSG00000171862,Rest,1624.0,1815,1114,2929,-24.51913699869284,True,90.1590410097114,False,>10 DE genes,on-target KD
1045,PTGER3,-0.014089429551465466,-0.0356945205347949,0.6595472580014416,0.4111468878021955,ENSG00000050628,Rest,226.0,82,18,100,-0.5487184531643177,True,2.075935495606335,False,>10 DE genes,on-target KD
1046,PTMA,0.1270907084166316,0.1163952624503726,0.6941353539865943,0.6642560152858682,ENSG00000187514,Rest,583.0,115,42,157,0.0,False,,False,>10 DE genes,no on-target KD
1047,PTP4A1,0.17271983124293835,0.1569649742688751,0.857729594149249,0.8292554732334326,ENSG00000112245,Rest,864.0,166,351,517,0.0,False,,False,>10 DE genes,no on-target KD
1048,PTP4A2,0.1171710240005049,0.0991408649440367,0.7513138750150241,0.6937272756639418,ENSG00000184007,Rest,54.0,65,52,117,0.0,False,,False,>10 DE genes,no on-target KD
1049,PTPA,0.10563968113321183,0.0739626073897098,0.6026200137119453,0.4645142844438744,ENSG00000119383,Rest,490.0,209,135,344,-16.282489568176516,True,67.87839717345682,True,>10 DE genes,on-target KD
1050,PTPN1,0.012868940159001835,-0.1330939216730405,0.30918353637075296,0.2450543356456754,ENSG00000196396,Rest,143.0,354,30,384,-3.121681537547235,True,99.66788104954436,False,>10 DE genes,on-target KD
1051,PTPN2,0.17919539490237,0.1260269715701516,0.4551096803882535,0.398953392777877,ENSG00000175354,Rest,288.0,298,116,414,-7.271300386225767,True,19.760857589851323,False,>10 DE genes,on-target KD
1052,PTPRC,0.13580495087229785,0.0367624429072642,0.8426415021216652,0.7806928858694524,ENSG00000081237,Rest,431.0,43,12,55,-24.796931595710724,True,197.2722470694337,False,>10 DE genes,on-target KD
1053,PTRH2,-0.07201547190823647,-0.1733643167660597,0.64980953127268,0.587883600918929,ENSG00000141378,Rest,232.0,70,16,86,-4.094263824784048,True,6.561568490314024,True,>10 DE genes,on-target KD
1054,PUDP,0.02734990743396003,0.0080843560988749,0.3784814294969607,0.1690557932100803,ENSG00000130021,Rest,339.0,52,89,141,-2.75947544953648,False,2.259755842935672,True,>10 DE genes,putative off-target
1055,PUM1,0.20784116657032067,0.1607326843944843,0.7983585681188519,0.6509825416868238,ENSG00000134644,Rest,500.0,52,32,84,-14.66679557219355,True,53.600312356049166,False,>10 DE genes,on-target KD
1056,PUS3,0.08244449225236024,0.0699340657757085,0.8810203840805279,0.8479239487267616,ENSG00000110060,Rest,695.0,25,11,36,-12.122893900646416,True,22.209867470755228,False,>10 DE genes,on-target KD
1057,PXMP4,0.0809559365299577,0.0782999517235829,-0.012119210344661435,-0.1907956815043574,ENSG00000101417,Rest,563.0,90,13,103,-8.251309663319722,True,13.291974826031892,False,>10 DE genes,on-target KD
1058,PYGM,0.06303533877614503,0.0495021563625234,0.7050638829679313,0.6895881446513239,ENSG00000068976,Rest,373.0,64,46,110,-1.1375910686556288,True,1.6859702387917594,False,>10 DE genes,on-target KD
1059,PYROXD1,0.06227981303526717,0.0278149958018328,0.6590443460754646,0.4088055977530022,ENSG00000121350,Rest,133.0,35,38,73,-6.030112900116011,True,32.79586204988525,False,>10 DE genes,on-target KD
1060,QRICH1,0.07083732697737447,0.0390849734903828,0.7397722592393863,0.6020086430808749,ENSG00000198218,Rest,263.0,18,20,38,-9.636407289465737,True,72.94320227688293,False,>10 DE genes,on-target KD
1061,R3HCC1L,0.07910417669416334,0.0528062604692755,0.6732281988663148,0.6093301316888126,ENSG00000166024,Rest,497.0,204,20,224,-10.064884758823071,True,21.79307373595076,False,>10 DE genes,on-target KD
1062,RAB11FIP1,-0.05815359599062594,-0.0873477045621055,-0.06401400573829218,-0.1643524079077604,ENSG00000156675,Rest,1402.0,183,36,219,-18.33032146336862,True,63.4742235574415,False,>10 DE genes,on-target KD
1063,RAB24,0.016687934031319032,-0.0459598075484541,0.4244669003259928,0.3809308643131124,ENSG00000169228,Rest,366.0,3,38,41,-3.912488312819527,False,4.249486274015301,True,>10 DE genes,putative off-target
1064,RAB27B,-0.020510667804704497,-0.0949819634899479,0.31837338315429226,0.1952970789226496,ENSG00000041353,Rest,916.0,49,36,85,0.580417573056782,False,0.7855427433562765,False,>10 DE genes,no on-target KD
1065,RAB33A,-0.09340455578928179,-0.156413310298207,-0.4521630102687688,-0.5262002326432005,ENSG00000134594,Rest,338.0,36,3,39,-8.93050803600245,True,27.712253472695075,False,>10 DE genes,on-target KD
1066,RABGEF1,0.04177712497528973,0.0051000244607242,0.8487867398149405,0.7813020380733808,ENSG00000154710,Rest,261.0,30,12,42,-8.097783997629794,True,28.663998966855992,False,>10 DE genes,on-target KD
1067,RABL3,0.2877887594436877,0.2407338044729734,0.5427155718652251,0.4272553330066728,ENSG00000144840,Rest,54.0,32,4,36,-2.882046020964064,False,29.741616278786644,False,>10 DE genes,no on-target KD
1068,RAC2,0.09778341367672323,0.0830394461364848,0.6959838468392515,0.57917370752897,ENSG00000128340,Rest,524.0,10,25,35,-28.538439085411145,True,442.7625745064539,False,>10 DE genes,on-target KD
1069,RAD23A,0.015346138934243433,0.0006418114802913,0.5820002147931169,0.5264687000258947,ENSG00000179262,Rest,1158.0,69,7,76,-24.885435401622527,True,84.61172901336921,True,>10 DE genes,on-target KD
1070,RAD50,-0.03803639532603163,-0.1805406092991862,0.4432940477336178,0.3379606797773736,ENSG00000113522,Rest,273.0,72,36,108,-5.564424471363783,True,61.93188750432104,False,>10 DE genes,on-target KD
1071,RAD51B,0.11138070917759187,0.004197915579261,0.43402694958718196,0.3729995017540671,ENSG00000182185,Rest,276.0,28,6,34,-8.114856777715955,True,29.235538964032475,False,>10 DE genes,on-target KD
1072,RAD54L2,-0.05049129177249893,-0.0867832731923841,-0.42155078964559606,-0.5374030159388308,ENSG00000164080,Rest,660.0,158,4,162,-0.0605170417382629,False,34.012411666077405,False,>10 DE genes,no on-target KD
1073,RAF1,0.07304525335846944,0.0635687524366138,0.8110301355943931,0.7565885072816211,ENSG00000132155,Rest,1229.0,15,18,33,-1.7415113337941504,False,49.2791692070957,False,>10 DE genes,no on-target KD
1074,RALGAPB,0.09744224301847859,0.0743335239805676,0.6124086658809028,0.5472587144249571,ENSG00000170471,Rest,821.0,49,34,83,-21.90097949425684,True,62.07429482631384,False,>10 DE genes,on-target KD
1075,RANBP1,0.1587337423583602,0.1491830333965215,0.7715729339341052,0.7374386048347674,ENSG00000099901,Rest,384.0,20,31,51,0.0,False,,False,>10 DE genes,no on-target KD
1076,RANBP3,0.08314818557824101,0.0025239169491985,0.8362566216437098,0.7963418024443962,ENSG00000031823,Rest,224.0,93,55,148,-10.276675795758262,True,61.36313772229207,False,>10 DE genes,on-target KD
1077,RARB,0.14084996783380696,0.1044049137798335,0.2633123928416343,0.0665576211731341,ENSG00000077092,Rest,472.0,64,7,71,0.0,False,,False,>10 DE genes,no on-target KD
1078,RASA2,0.2627245585432241,0.2135502552812684,0.7043301933857911,0.6971334102853991,ENSG00000155903,Rest,416.0,461,239,700,-11.32847231468037,True,38.71504058609997,False,>10 DE genes,on-target KD
1079,RASA4B,0.1126208900758197,0.0316306987454389,0.6713702535437792,0.5227700106005692,ENSG00000170667,Rest,159.0,198,76,274,0.0,False,,False,>10 DE genes,no on-target KD
1080,RASAL3,0.386290794294245,0.3090397186047268,0.7804282373734842,0.6632132458091642,ENSG00000105122,Rest,3528.0,55,47,102,-40.17718094182092,True,139.35733854521172,False,>10 DE genes,on-target KD
1081,RASGRP1,0.04134418868575023,-0.0237365367247869,0.41069310372040063,0.2855852426655988,ENSG00000172575,Rest,440.0,327,72,399,-11.55691208966032,True,352.06496844817707,False,>10 DE genes,on-target KD
1082,RB1CC1,0.029736671322890568,0.0008046018811063,0.20865546557119788,0.176373037937898,ENSG00000023287,Rest,261.0,293,99,392,-9.62683477121659,True,33.25805693132304,False,>10 DE genes,on-target KD
1083,RBM10,0.22329846137487,0.2130391775106646,0.8886250910629787,0.8715124762305624,ENSG00000182872,Rest,644.0,237,147,384,-18.186842053635285,True,58.68685268392805,True,>10 DE genes,on-target KD
1084,RBM12,0.16004538080001765,0.1196237131507396,0.7870015465612193,0.7085167519794853,ENSG00000244462,Rest,525.0,75,38,113,-7.284446551557492,True,20.376369105771484,True,>10 DE genes,on-target KD
1085,RBM27,0.13500284302384655,0.1201931842917176,0.770387000715286,0.7669392137361484,ENSG00000091009,Rest,250.0,289,148,437,-11.644770555291792,True,64.20570495526877,False,>10 DE genes,on-target KD
1086,RBM33,0.0613087295118335,0.0183338052140765,0.7731633693349136,0.7578541425219546,ENSG00000184863,Rest,303.0,118,47,165,-14.110399119716693,True,125.67380642560909,False,>10 DE genes,on-target KD
1087,RBP5,0.05188968840431213,0.0457368951125442,0.3126624526084026,0.2478351392050069,ENSG00000139194,Rest,792.0,28,4,32,0.0,False,,False,>10 DE genes,no on-target KD
1088,RBPJ,0.11069544633329913,0.0969076256656738,0.7756725838901474,0.7513114557023302,ENSG00000168214,Rest,727.0,55,6,61,-12.082978670398308,True,30.49370490610584,False,>10 DE genes,on-target KD
1089,RBPJL,0.04763036210441293,0.0178394478831039,0.8200891051077366,0.7952605755127199,ENSG00000124232,Rest,647.0,30,24,54,0.0,False,,False,>10 DE genes,no on-target KD
1090,RC3H1,0.1050034734205273,0.097135259645522,0.5862459768405114,0.4940679196061221,ENSG00000135870,Rest,756.0,91,23,114,-16.692269507472815,True,39.907171532647375,False,>10 DE genes,on-target KD
1091,RCC1L,0.14038185523265648,0.1197629821224026,0.8600721353165838,0.829775001298984,ENSG00000274523,Rest,687.0,24,34,58,-14.158146158762294,True,33.38852101820733,False,>10 DE genes,on-target KD
1092,RCN1,0.05640144856789397,-0.0102340023923362,0.7789809144235322,0.744004613628034,ENSG00000049449,Rest,102.0,123,53,176,-6.614698207369475,True,38.454078661887074,False,>10 DE genes,on-target KD
1093,RCOR1,0.2099592145163943,0.185078035259036,0.8317761324253983,0.7801878667657782,ENSG00000089902,Rest,999.0,206,87,293,-15.56145379328906,True,27.599585005477724,False,>10 DE genes,on-target KD
1094,RCOR3,0.1808610794921911,0.056891515407973,0.6892590494845793,0.6572773026863168,ENSG00000117625,Rest,237.0,98,227,325,-7.6193153606210995,True,40.30253764195608,False,>10 DE genes,on-target KD
1095,RDH13,0.12044646029257607,0.1112921245869066,0.7753136863248495,0.6774808410350674,ENSG00000160439,Rest,422.0,22,12,34,-7.135808344184376,True,13.519929621981126,False,>10 DE genes,on-target KD
1096,RELL2,0.19683295895265496,0.1823324438199298,0.7772758731028597,0.7670451679172103,ENSG00000164620,Rest,125.0,441,211,652,-3.351566433959252,True,10.326103667741975,True,>10 DE genes,on-target KD
1097,REST,0.2469134518299907,0.1870103226784651,0.6388578619472077,0.6113112490732228,ENSG00000084093,Rest,94.0,106,19,125,-6.842810713176693,True,61.47271616054703,False,>10 DE genes,on-target KD
1098,REXO1,0.004920929924711968,-0.0362423738917573,0.3960590536029513,0.1762412950028254,ENSG00000079313,Rest,1434.0,14,17,31,-13.451546795359922,True,27.41720038473719,False,>10 DE genes,on-target KD
1099,RFWD3,0.038330673182361566,-0.0058741354262775,0.426179663629118,0.2925613680781036,ENSG00000168411,Rest,126.0,67,22,89,-6.54264579696685,True,39.88176755910919,False,>10 DE genes,on-target KD
1100,RFX1,0.2149059026630872,0.214615868450014,0.7848912605477162,0.7630172477736283,ENSG00000132005,Rest,511.0,182,13,195,-11.197876923346964,True,26.700553919592327,False,>10 DE genes,on-target KD
1101,RGPD6,0.11895767733329599,0.0018085496695612,0.6865105893876513,0.6009907611485248,ENSG00000183054,Rest,57.0,187,141,328,0.0,False,,False,>10 DE genes,no on-target KD
1102,RHBDD3,0.0970696074115633,0.0876461548881868,0.8784260382580432,0.8402702104569737,ENSG00000100263,Rest,419.0,39,24,63,-3.639080861531491,True,3.4834006301625813,True,>10 DE genes,on-target KD
1103,RHBDF2,0.008204815771473802,-0.0125806464072039,0.5334323866396516,0.5087108527951311,ENSG00000129667,Rest,847.0,27,8,35,-12.51317465780058,True,20.66545577566157,False,>10 DE genes,on-target KD
1104,RHEB,0.015335222939304833,0.0025894307893895,-0.12398235814378626,-0.202660015977436,ENSG00000106615,Rest,489.0,134,25,159,-9.18289445847651,True,57.93473717413603,False,>10 DE genes,on-target KD
1105,RHOC,0.19553775916843552,0.1602361997518629,0.7486049470313523,0.6980651483852102,ENSG00000155366,Rest,275.0,207,106,313,-7.118853134090588,True,26.3813660905782,False,>10 DE genes,on-target KD
1106,RHOF,0.10013693681734731,0.0965127076520965,0.5021463992457883,0.4434787070032559,ENSG00000139725,Rest,380.0,270,206,476,-19.34572165740857,True,146.55659979224637,False,>10 DE genes,on-target KD
1107,RICTOR,0.18251401761851496,0.1522855729318716,0.760476494588425,0.7372272846281906,ENSG00000164327,Rest,781.0,148,70,218,-15.648936221413903,True,36.812666259720345,False,>10 DE genes,on-target KD
1108,RIN1,0.1381894714401159,0.1199325992251362,0.7404358450987342,0.7266070377141979,ENSG00000174791,Rest,194.0,21,57,78,0.0,False,,False,>10 DE genes,no on-target KD
1109,RIPK1,0.2634888156123045,0.2389104994274112,0.8020250545296458,0.757036632114979,ENSG00000137275,Rest,312.0,245,193,438,-11.45450338138961,True,43.85780646090669,False,>10 DE genes,on-target KD
1110,RIPOR1,0.21804209430452334,0.1835028338676862,0.6620332719510951,0.5272774488606864,ENSG00000039523,Rest,385.0,82,84,166,-3.3954917273730816,True,10.024265040392002,False,>10 DE genes,on-target KD
1111,RITA1,0.28900715128297744,0.267598469938722,0.8190248591288638,0.7747157578194228,ENSG00000139405,Rest,76.0,49,46,95,-3.3337983651349257,False,24.2672818324527,True,>10 DE genes,putative off-target
1112,RMND5A,0.0952466770272379,0.0859737030676054,0.8196454796258781,0.8157088462648727,ENSG00000153561,Rest,540.0,170,114,284,-19.34945447197269,True,84.24311992733641,False,>10 DE genes,on-target KD
1113,RNASEH1,0.082581466421583,0.0787666289763381,0.7796177105373895,0.7398495075196797,ENSG00000171865,Rest,364.0,46,32,78,-9.590124094195932,True,48.89927789760515,False,>10 DE genes,on-target KD
1114,RNF111,0.14585681342357806,0.1274435479292276,0.7734749536646444,0.7141346645276428,ENSG00000157450,Rest,210.0,110,209,319,-7.94574092143004,True,35.07261387095985,False,>10 DE genes,on-target KD
1115,RNF115,0.039966798711990034,0.0206397173852738,0.5622651708767599,0.4439418405946247,ENSG00000265491,Rest,152.0,73,29,102,-9.086144316313694,True,87.52771482044993,False,>10 DE genes,on-target KD
1116,RNF181,0.13618615259692454,0.1184713720244025,0.5922763942523058,0.4990276756978002,ENSG00000168894,Rest,721.0,54,18,72,-7.795969221517577,True,9.229910544760012,False,>10 DE genes,on-target KD
1117,RNF20,0.22410493857490635,0.1571208874435929,0.745305825587756,0.7046909842133958,ENSG00000155827,Rest,62.0,160,73,233,-2.616308386364281,False,33.1478320823323,False,>10 DE genes,no on-target KD
1118,RNF41,0.06507373423458353,0.0193991515389545,0.7583884399606422,0.6907164547071986,ENSG00000181852,Rest,713.0,17,23,40,-11.082439854910296,True,29.697042399597915,True,>10 DE genes,on-target KD
1119,RNF7,0.08705353159039435,0.0503709927327991,0.8293367706327515,0.80577898757451,ENSG00000114125,Rest,204.0,16,18,34,-14.745303825512435,True,128.450312773193,False,>10 DE genes,on-target KD
1120,RNF8,0.06080641855670906,0.0414055360017458,0.8822231778469319,0.8762432598149523,ENSG00000112130,Rest,886.0,56,69,125,-14.795398392541784,True,32.302882836431614,False,>10 DE genes,on-target KD
1121,RPL26L1,0.05926121097030407,0.0465713941966522,0.08497353713985313,-0.0063091280638118,ENSG00000037241,Rest,876.0,33,4,37,0.0,False,,False,>10 DE genes,no on-target KD
1122,RPL29,0.029139256880892268,-0.0010622365406998,0.4132091258114497,0.3317040098151518,ENSG00000162244,Rest,63.0,45,7,52,0.0,False,,False,>10 DE genes,no on-target KD
1123,RPRD1B,0.26179515903923434,0.112263597742471,0.7750290482787948,0.7494714936684236,ENSG00000101413,Rest,153.0,187,113,300,-3.2953658035293625,True,21.687544928927377,False,>10 DE genes,on-target KD
1124,RPRD2,0.2803872737075306,0.2263148193367911,0.7711900451549156,0.7540850245046224,ENSG00000163125,Rest,849.0,903,605,1508,-20.734810949274507,True,61.57519962893461,False,>10 DE genes,on-target KD
1125,RPS25,0.14093223168368263,0.115919696702135,0.574983348193574,0.5158911448300799,ENSG00000118181,Rest,127.0,77,10,87,0.0,False,,False,>10 DE genes,no on-target KD
1126,RPS6KA1,0.17076829246352676,0.1347615567543759,0.6158749848550361,0.3982604780980852,ENSG00000117676,Rest,1692.0,23,16,39,0.0,False,,False,>10 DE genes,no on-target KD
1127,RPS6KB1,0.10955694909334775,0.0841776365428149,0.7843389630305104,0.7242865108990455,ENSG00000108443,Rest,420.0,176,320,496,0.0,False,,False,>10 DE genes,no on-target KD
1128,RPTOR,0.21480121718185755,0.1357144788132791,0.7057068438873247,0.6252126352294589,ENSG00000141564,Rest,283.0,458,181,639,-3.1091457899469703,True,61.69089570502166,False,>10 DE genes,on-target KD
1129,RPUSD1,0.07407212579326124,0.0630665939175591,0.33572736145277693,0.2702731927963241,ENSG00000007376,Rest,223.0,57,22,79,-4.457475324889307,True,11.55475778157953,True,>10 DE genes,on-target KD
1130,RRAGA,0.1730742595265192,0.159258644115487,0.8698903026677033,0.8303626073428003,ENSG00000155876,Rest,280.0,73,57,130,-8.293354290624595,True,30.91923567627428,False,>10 DE genes,on-target KD
1131,RRAGC,0.15361831510681387,0.1425541651115608,0.8680806553921143,0.8637134041710223,ENSG00000116954,Rest,340.0,30,19,49,-12.975686076752396,True,56.36307838326074,False,>10 DE genes,on-target KD
1132,RREB1,0.10293556195287885,0.0706416864927921,0.8769195277944348,0.8355654603983281,ENSG00000124782,Rest,882.0,34,14,48,-8.367022565092013,True,16.864826442824377,False,>10 DE genes,on-target KD
1133,RTRAF,0.3349022123307859,0.2751124583258826,0.7990959345561458,0.7449663702985261,ENSG00000087302,Rest,157.0,733,411,1144,-10.647404171626553,True,110.14224685059666,False,>10 DE genes,on-target KD
1134,RTTN,0.2761735176343543,0.2469046502312333,0.7244315032183127,0.6639023944823997,ENSG00000176225,Rest,66.0,57,52,109,-0.5803299054771253,True,9.141929770780528,False,>10 DE genes,on-target KD
1135,RWDD2A,0.4065661872362216,0.3410567756256735,0.6163561674740401,0.5208597393725671,ENSG00000013392,Rest,72.0,162,34,196,-0.4217121740504936,False,2.4803167460230573,False,>10 DE genes,no on-target KD
1136,RWDD2B,0.018591580793016538,-0.0103445266923755,0.2489477191532492,0.0211456235967225,ENSG00000156253,Rest,599.0,160,30,190,-9.016690408913416,True,14.168214164672433,False,>10 DE genes,on-target KD
1137,RXRB,0.11143787961127537,-0.0494619936491393,0.7616116924042936,0.7078715903098549,ENSG00000204231,Rest,305.0,165,143,308,-0.2334325116895421,True,25.25423568928824,False,>10 DE genes,on-target KD
1138,S1PR4,0.07086598419405273,0.0466696902984131,0.6098421529108203,0.4971510785727159,ENSG00000125910,Rest,300.0,8,41,49,-18.05632504933466,True,225.85148861583005,False,>10 DE genes,on-target KD
1139,SAAL1,0.08760575717218998,0.0440394558460303,-0.19362006011769695,-0.329131011700253,ENSG00000166788,Rest,330.0,28,4,32,-6.265086097814828,True,15.829710689274195,False,>10 DE genes,on-target KD
1140,SAC3D1,0.042149386128994194,0.0145955216040104,0.05420155381830336,-0.1220232363397524,ENSG00000168061,Rest,812.0,179,18,197,-10.97506740516672,True,30.951899016035547,True,>10 DE genes,on-target KD
1141,SACM1L,0.008112385384861432,-0.0598139909221256,0.7462809288939273,0.7275509507671326,ENSG00000211456,Rest,71.0,468,239,707,-3.983504803510449,True,68.13043629517246,False,>10 DE genes,on-target KD
1142,SAMD1,0.2636504690764731,0.2168843586718662,0.8499388341387096,0.8187219398028266,ENSG00000141858,Rest,667.0,308,75,383,-15.687548405710166,True,59.26075725208071,False,>10 DE genes,on-target KD
1143,SAMD4B,0.23170032076925548,0.2269600526770887,0.836559727560766,0.8333275965415693,ENSG00000179134,Rest,604.0,742,422,1164,-4.724217257534024,True,22.016268659773186,True,>10 DE genes,on-target KD
1144,SAP130,0.09052403419293203,0.0745819388042263,0.6318672066909571,0.5625088271415543,ENSG00000136715,Rest,555.0,226,123,349,-5.107904765578107,True,28.837695755616487,False,>10 DE genes,on-target KD
1145,SAP30,0.14145948708837588,0.107813916566915,0.8982788150369071,0.8801593768332281,ENSG00000164105,Rest,544.0,28,12,40,-14.207362426411054,True,42.70952093770035,False,>10 DE genes,on-target KD
1146,SARS2,0.12994365118315812,0.1204925293202682,0.828501366808262,0.7593354270094812,ENSG00000104835,Rest,450.0,47,30,77,-3.808676169419434,True,5.987014087136643,False,>10 DE genes,on-target KD
1147,SBDS,0.21090620460273335,0.1143603573741779,0.6734253274597024,0.4397263501092939,ENSG00000126524,Rest,197.0,20,14,34,-5.452954530682475,True,17.008141970198306,False,>10 DE genes,on-target KD
1148,SBF1,0.2122543455125863,0.1935856128545967,0.8851522247527733,0.8627124526881836,ENSG00000100241,Rest,639.0,124,58,182,-14.951443995260602,True,89.50683728719862,False,>10 DE genes,on-target KD
1149,SBNO1,0.15233958266707417,0.0492732114546673,0.7260297092483284,0.6915784006301956,ENSG00000139697,Rest,116.0,124,105,229,-7.334703217979057,True,62.72756138222962,False,>10 DE genes,on-target KD
1150,SCAF4,0.2155857529672519,0.1667573291214963,0.8870516127112168,0.8493941792182634,ENSG00000156304,Rest,353.0,96,71,167,-14.068128163725351,True,62.52247284704316,False,>10 DE genes,on-target KD
1151,SCAF8,0.19459816120757575,0.1524657194985146,0.861832713292309,0.8415076846334946,ENSG00000213079,Rest,293.0,38,44,82,-10.376186559278947,True,44.573056052504654,False,>10 DE genes,on-target KD
1152,SCO1,0.04447778116348883,0.0164035941078609,0.8975693126970604,0.8792115993988261,ENSG00000133028,Rest,455.0,30,13,43,-4.685024401249478,True,5.132595636619399,True,>10 DE genes,on-target KD
1153,SCO2,0.07062241361520137,0.0591419256262174,0.8024471278611996,0.6916023076754227,ENSG00000284194,Rest,743.0,37,16,53,-10.584588738225795,True,16.119682762587722,True,>10 DE genes,on-target KD
1154,SCYL3,0.08758644722066573,0.0615541993264194,0.6484081339616421,0.5070174462888357,ENSG00000000457,Rest,268.0,189,31,220,-4.93096768537447,True,23.07931241661561,False,>10 DE genes,on-target KD
1155,SEC14L1,0.1682147551049726,0.1447140388453015,0.6840370102173458,0.6382880039566978,ENSG00000129657,Rest,162.0,333,123,456,-1.6298896211785674,False,63.0295510067098,False,>10 DE genes,no on-target KD
1156,SEC14L2,0.12297557676774257,0.0295986800479646,0.6502910037219782,0.5264591437174587,ENSG00000100003,Rest,647.0,585,556,1141,-4.34787507825775,True,3.265238730833216,False,>10 DE genes,on-target KD
1157,SEC14L5,0.034977564720785864,0.0181031791219092,0.5741522024479898,0.4336114296432833,ENSG00000103184,Rest,1359.0,25,8,33,0.0,False,,False,>10 DE genes,no on-target KD
1158,SEC24A,0.12730657586943675,-0.049319261820759,0.7148786007379683,0.5121954147919455,ENSG00000113615,Rest,76.0,276,221,497,0.36435171040192,False,36.52946011165773,False,>10 DE genes,no on-target KD
1159,SEC62,0.16208712808740153,0.1270934653322103,0.7935479964217299,0.7441670568876375,ENSG00000008952,Rest,364.0,42,100,142,-14.30823635500509,True,74.78468488020987,False,>10 DE genes,on-target KD
1160,SEC63,0.1633777686863324,0.1298332588610954,0.7311307964526903,0.7245186608215483,ENSG00000025796,Rest,347.0,257,36,293,-9.076640261552528,True,33.39935036458652,False,>10 DE genes,on-target KD
1161,SEL1L,0.355147371669912,0.3324477613052998,0.8433303674895846,0.8311911375080226,ENSG00000071537,Rest,115.0,1029,468,1497,-6.50577935050314,True,50.910529755821486,False,>10 DE genes,on-target KD
1162,SEMA4C,0.06804636049320177,0.0494067459581827,0.737855660957529,0.692194633857765,ENSG00000168758,Rest,297.0,44,35,79,-6.28650280636252,True,15.552749049433132,False,>10 DE genes,on-target KD
1163,SENP1,0.19143592343435897,0.1469016175262089,0.8510934171347349,0.8284854421096838,ENSG00000079387,Rest,850.0,55,38,93,-18.22122496168818,True,53.59846354014273,True,>10 DE genes,on-target KD
1164,SENP5,0.44369517856139246,0.4341847433295451,0.7883162047577525,0.7736587782825828,ENSG00000119231,Rest,2096.0,2157,1172,3329,-29.94821463107316,True,39.27753355228461,False,>10 DE genes,on-target KD
1165,SERF2,0.0649853369806965,0.0523187829265066,-0.040427431500589035,-0.260673996185241,ENSG00000140264,Rest,480.0,28,13,41,-13.789501089816367,True,47.2316243642621,False,>10 DE genes,on-target KD
1166,SESTD1,0.16261124557432746,0.0667346375944669,0.6805428748245711,0.6519966834162859,ENSG00000187231,Rest,299.0,59,141,200,-3.3654407795634653,True,6.350864269479211,False,>10 DE genes,on-target KD
1167,SETD1B,0.14264470535582555,0.0555983850321664,0.7270834262401809,0.6790802229540899,ENSG00000139718,Rest,160.0,43,66,109,-10.355048456966449,True,74.22528598611493,False,>10 DE genes,on-target KD
1168,SETD2,0.2883555785769991,0.2688421740918535,0.7628306797662309,0.7527841885122872,ENSG00000181555,Rest,379.0,794,749,1543,0.0,False,,False,>10 DE genes,no on-target KD
1169,SETDB1,0.5810384098896028,0.5351407642005146,0.8775725901001054,0.8719532670677503,ENSG00000143379,Rest,4563.0,1475,816,2291,-27.330085435392103,True,26.99173660033583,False,>10 DE genes,on-target KD
1170,SFTPC,0.15637835422709548,0.1308138982364841,0.8223202177108494,0.8071730674963007,ENSG00000168484,Rest,450.0,79,191,270,0.0,False,,False,>10 DE genes,no on-target KD
1171,SFXN1,0.023485777064549063,0.0156748018563225,-0.2026793263610047,-0.2413828817913521,ENSG00000164466,Rest,875.0,49,4,53,-25.69655767080355,True,163.17410138492983,False,>10 DE genes,on-target KD
1172,SGCB,0.07982283137336536,0.0679522161553892,0.5644276242017491,0.4407110831372335,ENSG00000163069,Rest,290.0,19,30,49,-7.050611651247971,True,24.43065581119463,False,>10 DE genes,on-target KD
1173,SGF29,0.4022224126453741,0.3692697012842125,0.8015345356572195,0.7636392053158682,ENSG00000176476,Rest,1087.0,2626,821,3447,-13.582372254865152,True,18.21710642272272,False,>10 DE genes,on-target KD
1174,SGK3,0.012794362670599732,-0.0601283974412062,0.2373630740249821,0.227470201616555,ENSG00000104205,Rest,229.0,33,7,40,-3.68675255095964,True,17.991629319031002,False,>10 DE genes,on-target KD
1175,SH3D21,0.17800361193513456,0.1402630747616764,0.7178623292836476,0.6289211604932019,ENSG00000214193,Rest,351.0,95,43,138,-0.7458531721291712,True,0.595990238723522,False,>10 DE genes,on-target KD
1176,SH3GL1,0.2210782409311608,0.1436741366107482,0.8426268444794033,0.8090612063563801,ENSG00000141985,Rest,243.0,104,221,325,-7.618825279190101,True,30.25699106801305,False,>10 DE genes,on-target KD
1177,SHLD1,0.23461031143055155,0.2093164635254825,0.8268002613230747,0.8139077798522201,ENSG00000171984,Rest,1962.0,183,102,285,-19.793904021519,True,22.88447710917089,False,>10 DE genes,on-target KD
1178,SHQ1,0.1681232667947831,0.0118838106787069,0.7823742237913786,0.7385172697892133,ENSG00000144736,Rest,142.0,33,14,47,-1.2362089638854192,True,10.39519549718588,False,>10 DE genes,on-target KD
1179,SIK2,-0.08998433804205118,-0.1663288117928223,0.011389592383285213,-0.0868172737215915,ENSG00000170145,Rest,305.0,143,4,147,-6.083567289023719,True,14.407952318516356,False,>10 DE genes,on-target KD
1180,SIK3,0.19614314309673117,0.1890474892398729,0.7201343397440397,0.7079584616521656,ENSG00000160584,Rest,344.0,357,100,457,-8.38112418608334,True,28.856136673144466,False,>10 DE genes,on-target KD
1181,SIMC1,0.08581248888988684,0.0480200813174198,0.7283957990854604,0.4579533936139971,ENSG00000170085,Rest,653.0,25,28,53,-7.926577330531058,True,9.83174412406351,False,>10 DE genes,on-target KD
1182,SIN3A,0.24299544983415952,0.2366170741748748,0.8146875881991722,0.7829387892287903,ENSG00000169375,Rest,611.0,117,45,162,-10.91922658752745,True,100.49527799666564,False,>10 DE genes,on-target KD
1183,SIN3B,0.2175067195075641,0.162894999600678,0.8183562884388443,0.7866152339003067,ENSG00000127511,Rest,1069.0,753,502,1255,-16.099738725992378,True,28.141008854713363,False,>10 DE genes,on-target KD
1184,SINHCAF,0.0548175002881747,0.038546748199418,-0.11632896009240452,-0.271783932851781,ENSG00000139146,Rest,639.0,52,6,58,-5.1317559543154,True,10.17670010950784,False,>10 DE genes,on-target KD
1185,SIRT7,0.030694648836761734,0.018036703017994,0.0020624083093606685,-0.1400234338338356,ENSG00000187531,Rest,512.0,83,37,120,-7.05408636064575,True,32.50622182051578,False,>10 DE genes,on-target KD
1186,SKIV2L,0.06207657366705919,-0.1076328836243095,0.6780352166189627,0.5896504010499739,ENSG00000204351,Rest,62.0,44,18,62,-1.9639467470752687,True,9.88176990111706,False,>10 DE genes,on-target KD
1187,SLAMF6,0.07379616133855266,0.0447159261452457,0.897407377939977,0.8792329209027333,ENSG00000162739,Rest,869.0,12,26,38,-16.17882161947129,True,58.31093402464522,False,>10 DE genes,on-target KD
1188,SLAMF7,0.011302744563945701,-0.0410857993839369,-0.137582326387385,-0.22164652223336,ENSG00000026751,Rest,848.0,40,5,45,-7.227575757738643,True,15.332469184834435,False,>10 DE genes,on-target KD
1189,SLC16A5,-0.09784103294195667,-0.121132239765315,0.9456388000032406,0.9304681511869874,ENSG00000170190,Rest,452.0,28,10,38,-2.5904891732073705,True,1.4773024138638169,False,>10 DE genes,on-target KD
1190,SLC17A5,-0.014690923011119234,-0.019182511868008,-0.2423309785000416,-0.2741254836344299,ENSG00000119899,Rest,433.0,221,16,237,-6.645627088469782,True,13.147683332315458,False,>10 DE genes,on-target KD
1191,SLC18A2,0.07537298137524891,0.0554498812140185,0.5711722141583322,0.4507009980575364,ENSG00000165646,Rest,331.0,32,11,43,0.0,False,,False,>10 DE genes,no on-target KD
1192,SLC24A1,0.28795317334571163,0.2720755591953978,0.773730472392088,0.7637653494132893,ENSG00000074621,Rest,658.0,1150,821,1971,0.0,False,,False,>10 DE genes,no on-target KD
1193,SLC25A10,0.16234291747271246,0.1352726719760121,0.7884373616057574,0.7567843891759941,ENSG00000183048,Rest,296.0,99,49,148,-3.2201038129357205,True,13.11007486439144,False,>10 DE genes,on-target KD
1194,SLC25A22,0.14312040178094323,0.1212421048647459,0.7512884983672808,0.7361114218342288,ENSG00000177542,Rest,161.0,48,102,150,-3.2455959173460025,True,13.912271540904596,False,>10 DE genes,on-target KD
1195,SLC25A27,0.018376831021429334,0.0053098032093243,0.0942746855482189,0.0338783997095537,ENSG00000153291,Rest,961.0,74,15,89,0.0,False,,False,>10 DE genes,no on-target KD
1196,SLC25A3,0.11460111164775282,0.0845901243572447,0.4717755878700613,0.3826442110026882,ENSG00000075415,Rest,452.0,49,27,76,-17.33505114208233,True,128.24594151100598,False,>10 DE genes,on-target KD
1197,SLC25A51,0.1474748474694973,0.1098408170364551,0.8111903175616354,0.7657093619282929,ENSG00000122696,Rest,680.0,141,52,193,-10.481761544443463,True,19.7393238704851,False,>10 DE genes,on-target KD
1198,SLC27A3,0.15681966836292605,0.1444041733833357,0.83003288607105,0.7937627218015021,ENSG00000143554,Rest,682.0,143,45,188,-6.721557852088997,True,7.077942021252838,False,>10 DE genes,on-target KD
1199,SLC31A1,0.18614667129303505,0.1715358210183056,0.6411815304337437,0.6233573547883164,ENSG00000136868,Rest,273.0,777,567,1344,-4.741316200568534,True,12.5034979132154,True,>10 DE genes,on-target KD
1200,SLC33A1,0.007943837895718767,-0.0126896201731693,0.567733239551214,0.4622354889032582,ENSG00000169359,Rest,233.0,27,5,32,-6.472278829024694,True,25.5409546783208,False,>10 DE genes,on-target KD
1201,SLC35A2,0.21469253274578637,0.1685509425738511,0.8661391386155725,0.8614817243521093,ENSG00000102100,Rest,260.0,34,30,64,-1.9058211629600583,True,1.6386328169917914,False,>10 DE genes,on-target KD
1202,SLC35B1,0.21264777263945986,0.203427731666558,0.7836805629954006,0.7201203415963927,ENSG00000121073,Rest,126.0,458,170,628,-6.712053423166866,True,67.0020314077594,False,>10 DE genes,on-target KD
1203,SLC35C2,0.2147832742077761,0.194438332676647,0.8153844763454302,0.7865292983559783,ENSG00000080189,Rest,272.0,436,237,673,-10.381439923682526,True,37.337151436981095,True,>10 DE genes,on-target KD
1204,SLC35D2,0.18215303423367712,0.1535557068898548,0.7849101665155856,0.6847919990709531,ENSG00000130958,Rest,332.0,59,30,89,-8.238745253409073,True,24.632737431346246,False,>10 DE genes,on-target KD
1205,SLC35E3,0.06991537658774423,0.0520089343750498,0.6666559851463151,0.4895617284373134,ENSG00000175782,Rest,612.0,29,10,39,-9.647942349684511,True,15.995676627207583,False,>10 DE genes,on-target KD
1206,SLC39A6,0.049194997162156896,0.0260414753943084,0.8219230798496096,0.6425990080156125,ENSG00000141424,Rest,1304.0,55,16,71,-17.366548871512904,True,36.86793938360796,True,>10 DE genes,on-target KD
1207,SLC4A1AP,0.13121996152159165,0.1039378210482024,0.8499704832250511,0.8282917981189827,ENSG00000163798,Rest,952.0,239,68,307,-9.41695898217824,True,22.620660194905746,True,>10 DE genes,on-target KD
1208,SLC5A6,-0.0300750071412632,-0.0398690964589613,-0.23519081545774953,-0.2523740691660646,ENSG00000138074,Rest,543.0,565,94,659,-1.529030558329784,False,23.20744272949533,False,>10 DE genes,no on-target KD
1209,SLC7A11,0.10150102479845059,0.0645163171268,0.4261927908247087,0.3536411821895264,ENSG00000151012,Rest,117.0,113,7,120,-1.448748399039996,False,5.871092054143959,False,>10 DE genes,no on-target KD
1210,SLC9A5,0.16382720150241672,0.1525635582836589,0.7872336079627081,0.7427912446971334,ENSG00000135740,Rest,559.0,154,54,208,-1.203203105404811,False,0.4028804129688126,True,>10 DE genes,putative off-target
1211,SLTM,0.03106091385554757,0.012013382890513,0.7482495730096729,0.5636241250271378,ENSG00000137776,Rest,378.0,24,8,32,-14.892276758434717,True,128.00418957726995,False,>10 DE genes,on-target KD
1212,SMAD3,-0.07532074172785151,-0.0849285315159822,0.006845753584086668,-0.0790234098633494,ENSG00000166949,Rest,1804.0,420,109,529,1.4734778776118302,False,143.09532329024717,False,>10 DE genes,no on-target KD
1213,SMAD4,0.16940547586144628,0.1339554369621141,0.8878073455907857,0.8662985485456504,ENSG00000141646,Rest,532.0,63,51,114,-15.265137218878076,True,51.55842022539982,False,>10 DE genes,on-target KD
1214,SMAD7,0.04037305785935913,-0.0004872862747996,0.6859924401154979,0.6207476797376699,ENSG00000101665,Rest,1322.0,108,227,335,-2.37761591395118,True,10.7218041427951,False,>10 DE genes,on-target KD
1215,SMAGP,0.08409047760316274,0.0736202943751752,0.26183842547113845,0.0684348139294189,ENSG00000170545,Rest,977.0,54,18,72,-5.883617237582289,True,4.171391614809183,False,>10 DE genes,on-target KD
1216,SMARCA4,0.0373962566376734,0.005056038866,0.6926675279800146,0.6473886958877829,ENSG00000127616,Rest,118.0,26,14,40,-9.94252420621148,True,92.04499541904774,False,>10 DE genes,on-target KD
1217,SMARCA5,0.36613771050999144,0.2723599642938374,0.7904642466889337,0.7696428678055602,ENSG00000153147,Rest,223.0,1331,1455,2786,-15.575834259022333,True,118.87740265658272,False,>10 DE genes,on-target KD
1218,SMARCB1,0.4244465191724403,0.3874157201823921,0.7558514337518668,0.7362138999980633,ENSG00000099956,Rest,278.0,1278,852,2130,-9.377832476599774,True,103.56989359959556,False,>10 DE genes,on-target KD
1219,SMARCC1,0.20346161748641078,0.1959959903500648,0.8377501699634756,0.803807135673728,ENSG00000173473,Rest,265.0,68,70,138,-12.65540003533916,True,69.04447489977196,False,>10 DE genes,on-target KD
1220,SMARCD1,0.14543355428943636,0.1076700230286499,0.821177262861943,0.7907355564173273,ENSG00000066117,Rest,259.0,70,31,101,-10.633977946519384,True,66.397327871944,False,>10 DE genes,on-target KD
1221,SMARCD2,0.17775109438653136,0.1740459101123335,0.8752129469898379,0.8113456410350451,ENSG00000108604,Rest,458.0,20,41,61,-14.323528511727297,True,100.99150048682084,False,>10 DE genes,on-target KD
1222,SMARCE1,0.641439854821678,0.6301110940011734,0.8419766627284019,0.8345079210470823,ENSG00000073584,Rest,149.0,1474,906,2380,-9.429734593804016,True,76.08825595857887,False,>10 DE genes,on-target KD
1223,SMG1,0.16832708297350216,0.1447070768265913,0.4298380247027333,0.2978311448184114,ENSG00000157106,Rest,484.0,1637,397,2034,-7.140505165083504,True,56.7018086190786,False,>10 DE genes,on-target KD
1224,SMG5,0.2962466799822498,0.2601202262784151,0.5776248849851665,0.4822072731380562,ENSG00000198952,Rest,59.0,221,10,231,0.0,False,,False,>10 DE genes,no on-target KD
1225,SMG7,0.29056430873815703,0.2687232923308429,0.7300129075357397,0.7144008258986724,ENSG00000116698,Rest,206.0,1256,412,1668,-4.597864389686134,True,12.340843954158334,False,>10 DE genes,on-target KD
1226,SMG8,0.1432087193683852,0.1007867012305353,0.8733665409172743,0.8597052684978927,ENSG00000167447,Rest,932.0,419,157,576,-10.554719721148402,True,12.42353238673577,False,>10 DE genes,on-target KD
1227,SMG9,0.12090112111225464,0.082735477726647,0.7905980702139285,0.7637767884723391,ENSG00000105771,Rest,617.0,319,101,420,-7.901069749299319,True,11.987140128271236,False,>10 DE genes,on-target KD
1228,SMS,0.0748583133498243,0.058755523871694,0.018984563306080133,-0.0377513203316598,ENSG00000102172,Rest,312.0,59,15,74,-14.190860848265553,True,80.15360386040521,False,>10 DE genes,on-target KD
1229,SNAP23,0.11947220663929319,0.1124811343250324,0.6221867758869135,0.5224560487528941,ENSG00000092531,Rest,348.0,72,16,88,-10.184029789884198,True,41.6091426827117,False,>10 DE genes,on-target KD
1230,SNPH,0.056594979476295965,0.0400099131196482,0.5056275808230999,0.4066105623274729,ENSG00000101298,Rest,1046.0,126,55,181,-5.116559276732283,True,3.0915038113631947,False,>10 DE genes,on-target KD
1231,SNTB1,0.18522274189939344,0.1693938795031196,0.7546198549173989,0.720827357122,ENSG00000172164,Rest,378.0,76,121,197,-3.973605981033877,True,49.8133089526209,False,>10 DE genes,on-target KD
1232,SNUPN,0.05296497009680843,-0.074172221809204,0.17317258932950597,-0.532513896994142,ENSG00000169371,Rest,54.0,43,109,152,-4.941566156012397,True,57.69554402309386,False,>10 DE genes,on-target KD
1233,SNX1,-0.005411620833349866,-0.0141187772800195,0.7383601223907883,0.6877168672499536,ENSG00000028528,Rest,1091.0,30,34,64,-26.83041681994684,True,160.76307497830754,False,>10 DE genes,on-target KD
1234,SOCS3,-0.03937433224473407,-0.1015384567307972,0.5626075490468853,0.543795336587791,ENSG00000184557,Rest,113.0,59,35,94,-5.6114683109897605,True,41.93711139594109,False,>10 DE genes,on-target KD
1235,SOCS4,0.1899025955510564,0.1687691758177373,0.8097482750093327,0.8012748799874566,ENSG00000180008,Rest,215.0,268,257,525,-6.2893924762610816,True,30.39112361415635,True,>10 DE genes,on-target KD
1236,SOCS5,0.18484938470795007,0.1696752639235189,0.6348905522892925,0.5697091387823299,ENSG00000171150,Rest,99.0,489,322,811,-4.134872771245767,True,12.697226251673635,False,>10 DE genes,on-target KD
1237,SP1,0.16945538452887074,0.1491296557614843,0.8445313060724574,0.810021169015035,ENSG00000185591,Rest,464.0,98,31,129,-16.072648143658984,True,62.6956226104685,False,>10 DE genes,on-target KD
1238,SP100,0.13265242798788698,0.1099263496033777,0.7303620265487535,0.7189224095200984,ENSG00000067066,Rest,751.0,102,128,230,-23.705029944304965,True,109.02019774605728,False,>10 DE genes,on-target KD
1239,SP140L,0.19789711322560596,0.1471014947193933,0.6874129028733833,0.6061282143101387,ENSG00000185404,Rest,281.0,762,408,1170,-18.045391859923395,True,93.28325180115644,False,>10 DE genes,on-target KD
1240,SP2,0.21063654114101915,0.1909106146029392,0.8699013924056952,0.8634993775222608,ENSG00000167182,Rest,720.0,120,262,382,-18.34783069936641,True,57.38658176679494,False,>10 DE genes,on-target KD
1241,SP5,0.06754886752357032,0.0565705776309308,0.7285782980650799,0.5771708573028863,ENSG00000204335,Rest,147.0,26,19,45,0.0,False,,False,>10 DE genes,no on-target KD
1242,SPOP,0.16405078542735693,0.1357514079122839,0.805856225929748,0.7835519262302924,ENSG00000121067,Rest,215.0,85,64,149,-7.935248745855959,True,25.466008685693648,False,>10 DE genes,on-target KD
1243,SPSB2,-0.049197266055580335,-0.076075730343181,-0.33325002083636956,-0.4848762457052705,ENSG00000111671,Rest,890.0,46,6,52,-13.699345348750356,True,21.93673033370573,False,>10 DE genes,on-target KD
1244,SPSB3,0.10960213924951684,0.0703012356257402,0.7839952813417735,0.7587063208276535,ENSG00000162032,Rest,77.0,87,65,152,-3.5022849157888314,True,34.096965724375835,False,>10 DE genes,on-target KD
1245,SPTBN1,0.017060007194457633,-0.0577174371664709,0.19931125172155975,-0.1483168918973294,ENSG00000115306,Rest,596.0,268,163,431,-1.514782064537786,False,74.00568741978124,False,>10 DE genes,no on-target KD
1246,SPTLC2,0.11929715360921082,0.1118248149868521,0.653076942556922,0.5292711222595421,ENSG00000100596,Rest,126.0,34,9,43,-6.629594838378678,True,48.5060001896128,False,>10 DE genes,on-target KD
1247,SRD5A1,-0.03042257704148721,-0.1292685779863849,0.7168237914308077,0.6773819469705614,ENSG00000145545,Rest,136.0,87,103,190,-4.080830839257888,False,22.28273618976216,True,>10 DE genes,putative off-target
1248,SRD5A3,0.22741107720903322,0.2075589748545765,0.5908180728471247,0.5663629230597461,ENSG00000128039,Rest,518.0,32,22,54,-9.764316188921846,True,18.66136087473348,False,>10 DE genes,on-target KD
1249,SRF,0.12489703187687516,-0.0406392968598566,0.6407119630249475,0.3174696208602084,ENSG00000112658,Rest,89.0,605,439,1044,-3.611761487695189,True,73.0345163487633,False,>10 DE genes,on-target KD
1250,SRP14,0.15120471640139613,0.1136993568016913,0.8733855616488887,0.8382618679519641,ENSG00000140319,Rest,271.0,36,21,57,0.0,False,,False,>10 DE genes,no on-target KD
1251,SRPK1,0.0966538119730591,0.0552058690526636,0.8613742437325532,0.8038498519967145,ENSG00000096063,Rest,552.0,21,23,44,-16.99613988504265,True,79.99909577082927,False,>10 DE genes,on-target KD
1252,SRR,0.14676561575541403,0.1306740005853772,0.6883992252220809,0.6705977434807004,ENSG00000167720,Rest,339.0,390,76,466,-5.430933390567737,True,9.74669053597165,False,>10 DE genes,on-target KD
1253,SRRD,0.11761139025251727,0.1130576749913877,0.8143190193210025,0.784370985373022,ENSG00000100104,Rest,477.0,29,8,37,-9.662169298062317,True,22.7331631135599,False,>10 DE genes,on-target KD
1254,SRSF10,0.1744891023979406,0.1512018044199537,0.8282551433208835,0.779713483049005,ENSG00000188529,Rest,375.0,190,187,377,-9.690619479721205,True,23.651557514333724,False,>10 DE genes,on-target KD
1255,SRSF11,-0.07006332699434004,-0.1126747076812962,-0.038997822210537936,-0.2966908951761244,ENSG00000116754,Rest,409.0,408,99,507,-4.151025837076373,True,15.829429766890344,False,>10 DE genes,on-target KD
1256,SS18L1,0.09018719881280267,0.0578016102257302,0.6654522275024904,0.631722248862882,ENSG00000184402,Rest,68.0,41,7,48,-1.9766087726599184,False,8.640555044145609,True,>10 DE genes,putative off-target
1257,SSB,0.30206778137620555,0.2723848251997571,0.8500179377525416,0.8195643853123329,ENSG00000138385,Rest,160.0,460,192,652,0.0,False,,False,>10 DE genes,no on-target KD
1258,SSBP1,0.17733193645617326,0.144171354982162,0.6615288937347045,0.5403969968654029,ENSG00000106028,Rest,451.0,100,32,132,-3.382097680605733,True,3.1294964036231767,False,>10 DE genes,on-target KD
1259,SSR2,0.07697038587890646,0.0669737689986646,0.7199623978759228,0.6412319268954141,ENSG00000163479,Rest,602.0,77,5,82,-31.79782646274964,True,253.62142594868592,False,>10 DE genes,on-target KD
1260,SSR3,0.0527188796470213,0.0421075185364022,0.9244416481618973,0.9059880287571258,ENSG00000114850,Rest,1189.0,59,7,66,-34.49614706106112,True,157.1897805454189,False,>10 DE genes,on-target KD
1261,ST7L,0.13951381262025295,0.1161258008278498,0.8414314542649648,0.8250506353969732,ENSG00000007341,Rest,197.0,302,133,435,-4.178796369418508,False,6.251990332164948,True,>10 DE genes,putative off-target
1262,STAG2,0.10770993842242038,0.0630001813923208,0.5920530536290157,0.554070979771049,ENSG00000101972,Rest,550.0,136,135,271,-17.302787005751775,True,122.74147956061964,False,>10 DE genes,on-target KD
1263,STAP1,0.020698341256998366,-0.0075348001065859,0.7480756589798979,0.7118808804620017,ENSG00000035720,Rest,1215.0,42,32,74,-3.107124987113916,True,21.57122357812501,False,>10 DE genes,on-target KD
1264,STARD10,0.06769402391991954,-0.0226122378963665,0.5376302030877459,0.4836159210454684,ENSG00000214530,Rest,184.0,619,236,855,-2.831057570352546,True,9.328612369740808,False,>10 DE genes,on-target KD
1265,STAT2,0.13342514099987687,0.1225050197367811,0.8388910813630002,0.7646133421840329,ENSG00000170581,Rest,605.0,9,34,43,-16.79580634322941,True,70.84076728530452,False,>10 DE genes,on-target KD
1266,STAT3,0.33863941907152334,0.3097600442522956,0.8170686108578403,0.7935865355646594,ENSG00000168610,Rest,239.0,420,505,925,-10.349113203097811,True,61.78874837220609,False,>10 DE genes,on-target KD
1267,STAT5B,0.19235761896550632,0.0969810625278475,0.7148140865698708,0.6816670841785862,ENSG00000173757,Rest,110.0,652,483,1135,-7.731701591981156,True,93.73788857415848,False,>10 DE genes,on-target KD
1268,STIP1,0.23199027566491462,0.1856981614428716,0.7535639138609659,0.6769406509538624,ENSG00000168439,Rest,702.0,548,481,1029,-14.633696113680218,True,28.59171873282549,False,>10 DE genes,on-target KD
1269,STK11,0.350819150132161,0.3188352765408515,0.7744071565162544,0.7510681055273194,ENSG00000118046,Rest,196.0,772,314,1086,-7.917465924765942,True,49.85618347994146,False,>10 DE genes,on-target KD
1270,STK19,0.10390691122170874,0.0582349402079783,0.7896909657713235,0.7421093099050379,ENSG00000204344,Rest,179.0,478,228,706,-4.374980001066517,True,9.719332774436444,False,>10 DE genes,on-target KD
1271,STK25,-0.07698383081423384,-0.1265696830618335,-0.12063477686326067,-0.1726812243312198,ENSG00000115694,Rest,827.0,35,4,39,-17.34401368614296,True,42.706249546282976,False,>10 DE genes,on-target KD
1272,STK35,0.14581916583777474,0.0888288593813171,0.8292062650961555,0.8124058397081785,ENSG00000125834,Rest,838.0,52,43,95,-9.822071895504136,True,11.824864757690351,False,>10 DE genes,on-target KD
1273,STK40,0.06405139226045674,0.016220734520547,0.5997133437657802,0.5602791072034284,ENSG00000196182,Rest,147.0,143,86,229,-8.757878616485668,True,52.92175422129739,False,>10 DE genes,on-target KD
1274,STOM,0.04458157203630856,-0.0641487989151828,-0.00857249018281466,-0.4294237855838085,ENSG00000148175,Rest,1083.0,41,18,59,-15.915496127469932,True,43.61856382502536,False,>10 DE genes,on-target KD
1275,STRAP,0.3376885474071669,0.2916731275451711,0.7942614950561895,0.7590385506906512,ENSG00000023734,Rest,242.0,1020,680,1700,-13.62300385381343,True,78.31915692544754,False,>10 DE genes,on-target KD
1276,STUB1,-0.036662932860991704,-0.0857852905421048,-0.07655828441926453,-0.1044949985888317,ENSG00000103266,Rest,107.0,34,5,39,-8.634767636021982,True,85.2286669793684,False,>10 DE genes,on-target KD
1277,STX16,0.04561932209055603,0.0366606733413988,0.37295293774930793,0.3159971464032226,ENSG00000124222,Rest,852.0,177,39,216,-26.0418683124448,True,105.8990730034666,False,>10 DE genes,on-target KD
1278,STXBP4,0.13894764596307166,0.0369045418142894,0.8017685688138481,0.7294187143891835,ENSG00000166263,Rest,260.0,133,56,189,-4.110374061353625,True,9.525236466872265,True,>10 DE genes,on-target KD
1279,STYXL1,0.03125980703047112,-7.575576617046163e-06,0.3565903698020613,0.1954749869399165,ENSG00000127952,Rest,863.0,114,56,170,-9.172914992045166,True,11.632629214576244,True,>10 DE genes,on-target KD
1280,SUGP1,0.13193481712111851,0.0672295807144602,0.8695605084165331,0.8393232158579667,ENSG00000105705,Rest,354.0,53,42,95,-6.869560126454761,True,18.24511393667301,False,>10 DE genes,on-target KD
1281,SUGT1,0.0461106507511826,0.0063332328645607,0.5144144570420442,0.4544817353660048,ENSG00000165416,Rest,58.0,31,27,58,-3.84179183464368,True,63.08251592054852,False,>10 DE genes,on-target KD
1282,SUN1,0.012111485597590699,-0.0652784574150841,0.5626250966546699,0.4162953237346631,ENSG00000164828,Rest,51.0,37,9,46,-3.3695959234359414,False,31.20080905300477,False,>10 DE genes,no on-target KD
1283,SUPT20H,0.3021346627469304,0.2869817544588314,0.7973869098401282,0.7504609881178641,ENSG00000102710,Rest,1104.0,2260,812,3072,-20.27250338401841,True,40.99718121203079,False,>10 DE genes,on-target KD
1284,SUPT3H,0.01679432083116696,-0.1923185159937509,0.7365563876913898,0.5997932122785873,ENSG00000196284,Rest,247.0,381,177,558,-3.3521773022315706,True,13.550026183217064,False,>10 DE genes,on-target KD
1285,SUPT4H1,0.1728689856850806,0.1193663323831191,0.758790890786155,0.7486047462207079,ENSG00000213246,Rest,141.0,142,313,455,-1.8481539125216413,False,41.21666631603689,False,>10 DE genes,no on-target KD
1286,SUPT7L,0.1972831123058787,0.1773894670049624,0.6446219913543111,0.61549388026682,ENSG00000119760,Rest,2303.0,2277,652,2929,-22.47552074739448,True,22.369067597672064,True,>10 DE genes,on-target KD
1287,SURF1,0.04008791707383543,-0.0150008326552549,0.5244702133603166,0.521857440806705,ENSG00000148290,Rest,847.0,36,13,49,-12.746233609647224,True,49.35948807659856,True,>10 DE genes,on-target KD
1288,SYK,0.1534534962555699,0.093431687100605,0.5924051664965901,0.4222569928049892,ENSG00000165025,Rest,1002.0,138,69,207,-0.5336855196995703,False,0.2311951291467934,False,>10 DE genes,no on-target KD
1289,SYNCRIP,0.025088543400618696,-0.0218881969258443,0.8216587987525553,0.7371227974778648,ENSG00000135316,Rest,257.0,16,21,37,-3.314752046121999,True,8.515837146640687,False,>10 DE genes,on-target KD
1290,SYVN1,0.004657507349257431,-0.0484532850273376,0.7052738164244378,0.5452069207112279,ENSG00000162298,Rest,211.0,89,25,114,-0.2902808474392094,False,19.40950932095196,False,>10 DE genes,no on-target KD
1291,SZRD1,0.10604335730099969,0.0257389330722244,0.8955855234172652,0.862829078198562,ENSG00000055070,Rest,574.0,12,24,36,-18.27540222836878,True,87.22422607883773,False,>10 DE genes,on-target KD
1292,TADA1,0.43494512645911027,0.4175812984965907,0.8227690981033264,0.8052200985811625,ENSG00000152382,Rest,545.0,2071,873,2944,-7.049823844477187,True,10.07916955706968,False,>10 DE genes,on-target KD
1293,TADA2B,0.5575847542993729,0.5395964113760517,0.8420669516304152,0.8212002453859524,ENSG00000173011,Rest,1534.0,3451,1230,4681,-26.45606279357548,True,53.34040831478646,True,>10 DE genes,on-target KD
1294,TADA3,0.17206093835218259,0.1444848124228734,0.760569150890039,0.7330034143187715,ENSG00000171148,Rest,306.0,148,83,231,-8.66080303079398,True,56.28743968463642,True,>10 DE genes,on-target KD
1295,TAF11,0.21992827707393325,0.181325293955312,0.7975123639079024,0.781311098515037,ENSG00000064995,Rest,1388.0,879,848,1727,-21.054329503229766,True,41.24655611026126,True,>10 DE genes,on-target KD
1296,TAF13,0.3937504786289528,0.3918454198227795,0.8128721884435061,0.8067530095143601,ENSG00000197780,Rest,671.0,1041,1149,2190,-17.35612012400698,True,53.75488144695723,False,>10 DE genes,on-target KD
1297,TAF5L,0.24303327615437145,0.166863373622205,0.7101112409843812,0.6701508294521201,ENSG00000135801,Rest,148.0,481,128,609,-3.649013842596202,True,19.4752634580972,False,>10 DE genes,on-target KD
1298,TAF6L,0.48656454183173786,0.4445951979763516,0.808606842846623,0.7687988141407507,ENSG00000162227,Rest,871.0,2343,1025,3368,-9.456345125102144,True,9.664885431921258,True,>10 DE genes,on-target KD
1299,TAOK2,-0.027025876710206464,-0.1228053580141212,0.6277570682268322,0.5944814134532608,ENSG00000149930,Rest,123.0,130,35,165,-7.5010743672799025,True,38.907348563689936,False,>10 DE genes,on-target KD
1300,TARBP2,0.104963427685116,0.0939501771244845,0.8683866721859156,0.857958501476254,ENSG00000139546,Rest,368.0,153,61,214,-6.140734084168267,True,13.730080952183014,True,>10 DE genes,on-target KD
1301,TARDBP,0.16979231893488225,0.1271564392374138,0.6313983334854483,0.5651371181492262,ENSG00000120948,Rest,84.0,140,41,181,0.0,False,,False,>10 DE genes,no on-target KD
1302,TARS2,0.15883686328617544,0.1362488674736707,0.4519974153998203,0.3992365540814187,ENSG00000143374,Rest,402.0,519,144,663,-6.9203181052663,True,13.594009288590684,False,>10 DE genes,on-target KD
1303,TATDN2,0.10518167712008226,0.0880160268482465,0.7869361057765083,0.7511359127220275,ENSG00000157014,Rest,390.0,94,105,199,-13.781683110974182,True,63.96299820145305,False,>10 DE genes,on-target KD
1304,TBC1D10A,0.009773444806314065,-0.0025665381771831,-0.22133740892207177,-0.2763487143865647,ENSG00000099992,Rest,597.0,120,5,125,-13.93078695496064,True,39.62885409378684,False,>10 DE genes,on-target KD
1305,TBC1D14,0.0239547800625724,-0.0242670350115842,0.7034725686027953,0.6686889496290601,ENSG00000132405,Rest,301.0,82,21,103,-3.508678961548409,True,76.60111102668688,False,>10 DE genes,on-target KD
1306,TBCA,0.2847548967542564,0.2449841416991913,0.7962852958345014,0.7808106986432664,ENSG00000171530,Rest,165.0,329,430,759,0.0,False,,False,>10 DE genes,no on-target KD
1307,TBL1X,0.025170920427877868,0.0082653446412366,-0.3486487453149319,-0.4828951243698032,ENSG00000101849,Rest,156.0,57,4,61,-2.0225790763034714,False,20.96458496534066,False,>10 DE genes,no on-target KD
1308,TBL1XR1,0.2123630020678108,0.1861213147049429,0.8520857566078587,0.789665772719179,ENSG00000177565,Rest,766.0,65,70,135,-19.386159847993333,True,110.96252034526802,False,>10 DE genes,on-target KD
1309,TBX21,0.18531198709911256,0.1554016027035407,0.8964290979593903,0.8628421334848126,ENSG00000073861,Rest,406.0,16,24,40,-5.759933333906496,True,27.979963548246182,False,>10 DE genes,on-target KD
1310,TCEAL1,0.09789569173980879,0.0396634747234233,0.6463483749959676,0.6009618641307274,ENSG00000172465,Rest,1005.0,302,182,484,-3.152016436620257,True,2.408666305636108,False,>10 DE genes,on-target KD
1311,TCEAL3,0.13679930171722768,0.067277218000386,0.7494732982995256,0.6856375519471817,ENSG00000196507,Rest,333.0,185,269,454,-0.4226654927299343,True,0.4294150348452547,False,>10 DE genes,on-target KD
1312,TCTEX1D2,0.17624728817631163,0.1725906044103557,0.8197905185746022,0.7758637581652053,ENSG00000213123,Rest,478.0,114,75,189,-13.85327126231159,True,44.73021530913913,False,>10 DE genes,on-target KD
1313,TEDC1,0.08372681923501664,0.0403430434186447,0.5012661248568351,0.411126291562554,ENSG00000185347,Rest,171.0,38,10,48,-4.376854479864085,True,15.599555066690144,False,>10 DE genes,on-target KD
1314,TEDC2,0.1392050761096326,-0.0092004266829083,0.8482560520543169,0.8090363677418961,ENSG00000162062,Rest,126.0,68,64,132,-2.2873941636282145,True,6.734152331569311,False,>10 DE genes,on-target KD
1315,TENT2,-0.0412014552340651,-0.1222592882705524,0.1799666317507068,-0.035518589572378,ENSG00000164329,Rest,1028.0,137,19,156,-20.196583485274427,True,58.0375497567596,False,>10 DE genes,on-target KD
1316,TENT5C,0.1752608841306946,0.169786681514152,0.8156510704314863,0.6994639144609998,ENSG00000183508,Rest,468.0,41,7,48,-10.534837040175605,True,37.93659925640103,False,>10 DE genes,on-target KD
1317,TEP1,0.3061702135587176,0.2303513664245816,0.7019803634554816,0.6199251772777402,ENSG00000129566,Rest,156.0,880,483,1363,-4.852289629098396,True,13.613406323682543,False,>10 DE genes,on-target KD
1318,TESPA1,0.1299130591197948,0.0599428340233723,0.5312391546696774,0.3190248278438309,ENSG00000135426,Rest,1165.0,300,154,454,-18.90403176447718,True,64.70081712047184,False,>10 DE genes,on-target KD
1319,TET2,0.19234452756368184,0.1626645338672827,0.8295789800651839,0.72958045309624,ENSG00000168769,Rest,1018.0,18,107,125,-14.88014580089615,True,29.116510076156583,False,>10 DE genes,on-target KD
1320,TFAM,0.15941548625279406,0.1395215176857089,0.7658064210788238,0.7105464116272155,ENSG00000108064,Rest,899.0,238,103,341,-16.084952243074177,True,41.20234651538095,False,>10 DE genes,on-target KD
1321,TFAP4,0.10214074635708757,0.088879321653354,0.8705375730102158,0.850966475224926,ENSG00000090447,Rest,334.0,75,38,113,-3.5949213393470627,True,4.3109202974791625,False,>10 DE genes,on-target KD
1322,TFDP1,0.10272562211073454,0.0292861501347051,0.7340239572205123,0.6929518887097732,ENSG00000198176,Rest,178.0,185,95,280,-8.041090078179119,True,96.12301836127968,False,>10 DE genes,on-target KD
1323,TGDS,0.10253077267974274,0.0210571108421282,0.8403797601936215,0.7689003423247581,ENSG00000088451,Rest,205.0,137,62,199,-6.716699883200229,True,19.36908043605748,True,>10 DE genes,on-target KD
1324,THAP11,0.15580219336039278,0.1055449996673947,0.5204191064965843,0.5045523374233223,ENSG00000168286,Rest,629.0,1194,353,1547,-13.876510987995175,True,63.49171368118199,False,>10 DE genes,on-target KD
1325,THAP12,0.12352281396139043,0.0944987743464067,0.5875397006090037,0.5703907489223917,ENSG00000137492,Rest,1114.0,115,129,244,-19.68126245035878,True,69.26787742147448,True,>10 DE genes,on-target KD
1326,THAP2,0.0531227422800298,0.0233504771953806,0.6601183163047871,0.5863210840294752,ENSG00000173451,Rest,552.0,86,8,94,-4.699609727011579,True,9.58170213668572,True,>10 DE genes,on-target KD
1327,THAP5,0.09716660515920121,0.0813761550125743,0.4911195209585781,0.3181722786147655,ENSG00000177683,Rest,469.0,85,5,90,-11.305865364584497,True,29.374474899984467,False,>10 DE genes,on-target KD
1328,THOC6,0.07989169663633004,0.0714965827647568,0.9022197046067596,0.8776261312287461,ENSG00000131652,Rest,530.0,41,66,107,-14.89321074202794,True,52.04809670845001,True,>10 DE genes,on-target KD
1329,THRA,0.24413554773516263,0.2139119659118041,0.84242816405028,0.8054138214073355,ENSG00000126351,Rest,154.0,198,139,337,-2.444542431468627,True,3.00770064626974,False,>10 DE genes,on-target KD
1330,THRAP3,0.24734648890876584,0.2301094598978384,0.81245936010244,0.7833982899179245,ENSG00000054118,Rest,609.0,515,685,1200,-19.791007494712648,True,69.20792966753791,False,>10 DE genes,on-target KD
1331,TIA1,-0.040061086079011966,-0.0468930142501414,-0.4575500464610216,-0.5260389287133885,ENSG00000116001,Rest,1141.0,58,10,68,-21.939732068585865,True,81.23750887035978,False,>10 DE genes,on-target KD
1332,TIAF1,0.008167152741392967,-0.0110616054122841,-0.047544494135548065,-0.1146722993698849,ENSG00000196535,Rest,1080.0,81,13,94,-2.9425500737713217,False,43.50719725015752,False,>10 DE genes,no on-target KD
1333,TIAL1,0.1116681540232576,0.1100707761401982,0.5692904844569842,0.3179922248664367,ENSG00000151923,Rest,629.0,33,21,54,-19.708959105703208,True,113.38541952846124,False,>10 DE genes,on-target KD
1334,TIGAR,0.14208886904799764,0.1136018873717202,0.6539257983803745,0.6206381121733153,ENSG00000078237,Rest,315.0,769,243,1012,-12.082045152694128,True,42.5771709591552,False,>10 DE genes,on-target KD
1335,TIMM10,0.06783754818142797,0.0087333260029367,0.28143015364971213,0.2553126576962627,ENSG00000134809,Rest,222.0,1093,259,1352,-1.2918818086525037,False,88.46983268051468,False,>10 DE genes,no on-target KD
1336,TIMM50,0.07301700576114133,-0.1189417185987229,0.020358455380713736,-0.4226327630458516,ENSG00000105197,Rest,67.0,30,3,33,-3.14500092371155,False,28.767718666509523,False,>10 DE genes,no on-target KD
1337,TIMM8B,0.051222470218230974,0.0249539746109752,0.49950827032865835,0.4721402772870182,ENSG00000150779,Rest,126.0,132,23,155,-9.69896071153766,True,85.70011747383431,False,>10 DE genes,on-target KD
1338,TIMM9,-0.09352324825803433,-0.2388885091906011,0.056268910133343,-0.2069018860561147,ENSG00000100575,Rest,72.0,74,5,79,-2.9716149977942603,False,27.118045714944767,False,>10 DE genes,no on-target KD
1339,TIPARP,0.15365956087899457,0.1366780885324983,0.7946449280797584,0.7361616100690462,ENSG00000163659,Rest,232.0,161,203,364,-5.156452678271585,True,42.47000339037594,False,>10 DE genes,on-target KD
1340,TIPRL,0.24315922535672196,0.2072371119010584,0.8205125453378724,0.8090143142531709,ENSG00000143155,Rest,595.0,420,474,894,-20.03150133008376,True,78.4140686498578,False,>10 DE genes,on-target KD
1341,TLN1,0.16734525072830508,0.1364827646857481,0.8491814402982497,0.8337703267498703,ENSG00000137076,Rest,316.0,12,28,40,-16.051735164723272,True,99.13800625556256,False,>10 DE genes,on-target KD
1342,TM2D1,0.04826133917632686,0.021417168853161,0.20500133719163202,0.1858593017378453,ENSG00000162604,Rest,717.0,276,106,382,-15.701908684434336,True,33.151383390282255,False,>10 DE genes,on-target KD
1343,TM9SF3,0.20598066532876294,0.2005054452836938,0.8926654721521324,0.8382325713386087,ENSG00000077147,Rest,325.0,58,38,96,-17.949281818076166,True,109.15774848003348,False,>10 DE genes,on-target KD
1344,TMED10,0.25672389157567954,0.241738486638731,0.8192073659953669,0.7806986301613087,ENSG00000170348,Rest,372.0,368,166,534,-9.986776383927634,True,43.98820092069697,False,>10 DE genes,on-target KD
1345,TMED2,0.19783185491704489,0.1800432249657786,0.6851148778435374,0.6190802096327729,ENSG00000086598,Rest,362.0,99,30,129,-7.792720154725442,True,32.95441171856721,False,>10 DE genes,on-target KD
1346,TMED4,0.011282881777318033,-0.0298038180144357,0.30510445380331475,0.1989675597300107,ENSG00000158604,Rest,836.0,56,36,92,-25.47702569956908,True,67.44276973014826,False,>10 DE genes,on-target KD
1347,TMED9,0.35815283611314336,0.288141302543619,0.7292226818712386,0.7063330298574664,ENSG00000184840,Rest,157.0,1179,391,1570,-7.095135060148551,True,45.916833465446025,False,>10 DE genes,on-target KD
1348,TMEM123,0.13710722127699845,0.1150583097432848,0.8424681837101149,0.7780210866706126,ENSG00000152558,Rest,2465.0,41,31,72,-27.738715369102863,True,219.13338018674168,False,>10 DE genes,on-target KD
1349,TMEM131,0.03693809200902563,-0.0046206860212249,0.8432780233478834,0.783751533374067,ENSG00000075568,Rest,809.0,81,10,91,-18.05396466663859,True,44.510755760947454,False,>10 DE genes,on-target KD
1350,TMEM131L,0.0420928749006457,0.0290123449633223,0.3686488127106109,-0.3242103220651565,ENSG00000121210,Rest,1341.0,82,1,83,-5.216409253734525,True,48.58864471364603,False,>10 DE genes,on-target KD
1351,TMEM167A,0.12264059056640714,0.115192489384411,0.89079810121458,0.8615685826164884,ENSG00000174695,Rest,597.0,39,16,55,-22.69570764404272,True,106.40477895626174,True,>10 DE genes,on-target KD
1352,TMEM184B,-0.08055899610454377,-0.1488109873389535,0.6169767858959454,0.5366299832741467,ENSG00000198792,Rest,311.0,24,17,41,-9.449027940787207,True,56.18848925557487,False,>10 DE genes,on-target KD
1353,TMEM185A,0.1313906817124717,0.1283207634228119,0.8679473461236702,0.8138928053141988,ENSG00000269556,Rest,1569.0,40,25,65,-20.18283887779216,True,31.86072640580905,False,>10 DE genes,on-target KD
1354,TMEM205,0.08765555029278033,0.0271205132510335,0.062345920713091106,-0.0108219020605369,ENSG00000105518,Rest,884.0,65,3,68,-8.70755400580167,True,10.77909728723161,False,>10 DE genes,on-target KD
1355,TMEM214,0.15666272575170653,0.1051476665648008,0.8302950995491228,0.7887669760811985,ENSG00000119777,Rest,454.0,62,48,110,-12.072123144068833,True,35.79594468675466,False,>10 DE genes,on-target KD
1356,TMEM245,0.027092483862532966,-0.0119347400543433,-0.09092244987180093,-0.1152958640074796,ENSG00000106771,Rest,288.0,158,44,202,-9.161204000391445,True,43.72014042425981,False,>10 DE genes,on-target KD
1357,TMEM259,0.18944078619829574,0.1744445254119694,0.6778414308903072,0.4559140592311495,ENSG00000182087,Rest,83.0,22,9,31,-5.825791240354754,True,55.5401358328826,True,>10 DE genes,on-target KD
1358,TMEM265,0.03609838196967047,0.0037425944625314,0.3759926129601692,0.248180375236254,ENSG00000281991,Rest,612.0,180,98,278,-0.8501873043546998,True,0.8736876441025334,False,>10 DE genes,on-target KD
1359,TMEM30A,0.048996132052420406,0.0352609833083507,0.69728704427277,0.6374073559770232,ENSG00000112697,Rest,835.0,220,112,332,-18.05049975120091,True,42.07028523513049,False,>10 DE genes,on-target KD
1360,TMEM45B,0.15847328319235568,0.1229158539495419,0.7951927652839835,0.7564148346752869,ENSG00000151715,Rest,496.0,173,368,541,0.0,False,,False,>10 DE genes,no on-target KD
1361,TMEM79,0.13283030879257826,0.108824479139124,0.5476710642092896,0.3505654328009691,ENSG00000163472,Rest,396.0,244,7,251,-5.140439261006472,True,6.88344129575332,False,>10 DE genes,on-target KD
1362,TMEM86A,-0.0140181322607903,-0.0500599285158884,0.44929982771724,0.4149789283384408,ENSG00000151117,Rest,438.0,41,18,59,-1.4704909756560265,False,0.8505768343440261,False,>10 DE genes,no on-target KD
1363,TMEM87B,-0.04774366574713753,-0.1758339794303429,0.7316493324116745,0.5832168284693103,ENSG00000153214,Rest,214.0,81,39,120,-4.978750085981686,True,11.61720465765012,False,>10 DE genes,on-target KD
1364,TMX2,0.10440713425653143,0.0872293000643441,0.8394382846382732,0.7304217610386788,ENSG00000213593,Rest,288.0,25,14,39,-7.202018899620335,True,49.73822093159226,False,>10 DE genes,on-target KD
1365,TNFRSF10B,0.15655483686151625,0.1250583115931336,0.8289828862572034,0.806144007083143,ENSG00000120889,Rest,656.0,102,165,267,-11.399439785798736,True,42.4638273089516,False,>10 DE genes,on-target KD
1366,TNFRSF1A,0.0949928376591026,0.0751336720100889,0.9069523054861003,0.8869726910659345,ENSG00000067182,Rest,381.0,20,27,47,-12.05144157245747,True,49.19647874275645,False,>10 DE genes,on-target KD
1367,TNK1,0.10062946136163757,0.0506637504056822,0.6593287696878719,0.6319404467827631,ENSG00000174292,Rest,284.0,188,228,416,0.242662910856421,False,0.2532363210133436,False,>10 DE genes,no on-target KD
1368,TNNC1,0.0317652816676273,0.0152424019907709,0.3154040646054601,0.1436846467598873,ENSG00000114854,Rest,1772.0,89,15,104,-1.792465976027877,False,0.6113982751750185,False,>10 DE genes,no on-target KD
1369,TNPO1,0.23863305029498297,0.2059761152796983,0.6945735873232786,0.6137312671602431,ENSG00000083312,Rest,731.0,400,311,711,-4.444656692547505,True,7.89689532679427,False,>10 DE genes,on-target KD
1370,TNRC6A,0.07561648429375907,0.0323075252161149,0.6135094822235008,0.5412553356261883,ENSG00000090905,Rest,393.0,34,23,57,-7.886335569694559,True,19.193258720272897,False,>10 DE genes,on-target KD
1371,TNS1,0.17660172685053155,0.1375650818211217,0.6358803857866285,0.544612463521388,ENSG00000079308,Rest,252.0,96,115,211,0.0,False,,False,>10 DE genes,no on-target KD
1372,TOP2B,0.13160735849997313,0.1135266994911648,0.893552520072704,0.8847980585628041,ENSG00000077097,Rest,724.0,42,57,99,-12.18206665271489,True,26.438707781064128,False,>10 DE genes,on-target KD
1373,TOPORS,-0.050209317094075535,-0.176639327053531,0.6794759314586271,0.57961889701923,ENSG00000197579,Rest,184.0,29,31,60,-3.3450467257625136,True,20.67360202668152,False,>10 DE genes,on-target KD
1374,TOR1A,0.03743715080577977,0.0315891815302032,0.20871507796128563,0.099517096722033,ENSG00000136827,Rest,931.0,69,9,78,-24.41706117166156,True,74.80198744257126,False,>10 DE genes,on-target KD
1375,TP53,0.18054123457981464,0.1328812551943657,0.8811319192374997,0.8677401868710991,ENSG00000141510,Rest,2839.0,957,892,1849,-48.5385908909051,True,143.74951310710634,True,>10 DE genes,on-target KD
1376,TP53INP2,0.22763552218506797,0.1863826113533672,0.7704257445451989,0.7595811744795613,ENSG00000078804,Rest,1140.0,241,268,509,-4.661145245731017,True,1.8207680297347488,False,>10 DE genes,on-target KD
1377,TP73,0.08425719813780164,0.0279459679469036,0.56424306024607,0.4312011349139606,ENSG00000078900,Rest,229.0,41,62,103,-1.6271533955214537,True,1.7235536031777337,False,>10 DE genes,on-target KD
1378,TPD52,0.12559083621391787,0.0580103688717468,0.5769112740289168,0.2779906155462774,ENSG00000076554,Rest,281.0,250,184,434,-7.633514429440924,True,23.906121552466487,False,>10 DE genes,on-target KD
1379,TPD52L1,0.05692422030692384,0.003319737339402,0.3674729467907179,0.1962325930205767,ENSG00000111907,Rest,292.0,128,67,195,0.0,False,,False,>10 DE genes,no on-target KD
1380,TPI1,0.05419389098830326,-0.0303784932007976,0.7772173256952586,0.7367955202294588,ENSG00000111669,Rest,92.0,31,51,82,0.0,False,,False,>10 DE genes,no on-target KD
1381,TPR,0.049538488969108306,0.000697311039413,0.2180609298896695,0.1702861804660097,ENSG00000047410,Rest,67.0,137,10,147,-4.820076966369439,True,143.23769376414862,False,>10 DE genes,on-target KD
1382,TPT1,0.21417059922391948,0.1741897175134651,0.7467868254552918,0.736076770801821,ENSG00000133112,Rest,260.0,460,519,979,0.0,False,,False,>10 DE genes,no on-target KD
1383,TRAF3,0.4757578428417859,0.4601708244023413,0.7746194805617105,0.7425766147460889,ENSG00000131323,Rest,6962.0,919,425,1344,-32.8951748253116,True,54.23588477000569,False,>10 DE genes,on-target KD
1384,TRAPPC3,-0.011976865096230803,-0.0421932532316477,-0.009025965856376167,-0.0422021722126364,ENSG00000054116,Rest,121.0,279,28,307,-3.340412560298762,True,90.04971157068066,False,>10 DE genes,on-target KD
1385,TRIB2,0.13638402359956228,0.088126128523545,0.5438392363375707,0.4952156629608379,ENSG00000071575,Rest,360.0,92,16,108,-13.877780229116112,True,117.7151110969968,False,>10 DE genes,on-target KD
1386,TRIM14,0.12334267079103434,0.0882166040124156,0.750171579561529,0.671424132539199,ENSG00000106785,Rest,342.0,17,122,139,-15.533328550131568,True,104.35894435116542,False,>10 DE genes,on-target KD
1387,TRIM2,0.06611597199994367,0.0190552676607191,0.5543694243684291,0.4425678965063869,ENSG00000109654,Rest,395.0,889,234,1123,0.0,False,,False,>10 DE genes,no on-target KD
1388,TRIM39,0.10394005068945476,0.0982204240047023,0.6985001072394184,0.6016840351551065,ENSG00000204599,Rest,973.0,5,48,53,-4.766329010999846,True,2.2350406963813367,False,>10 DE genes,on-target KD
1389,TRIP12,0.380374488818227,0.3026342771852257,0.8108995442010597,0.7891904721023418,ENSG00000153827,Rest,1816.0,1067,946,2013,-37.93536619108139,True,140.46968583009033,True,>10 DE genes,on-target KD
1390,TRMT61A,0.13359972470657416,0.0795590800458956,0.680571325465678,0.6110173837444103,ENSG00000166166,Rest,244.0,111,37,148,-3.6511593807432674,True,7.358150501531599,False,>10 DE genes,on-target KD
1391,TROVE2,0.17261400960229975,0.1379772698598595,0.8137990894566274,0.7642707342366208,ENSG00000116747,Rest,1108.0,157,282,439,-26.69537150882717,True,68.29006084266895,True,>10 DE genes,on-target KD
1392,TRRAP,0.21823216046255636,0.1921534133954956,0.8013885534388588,0.7685977056393147,ENSG00000196367,Rest,398.0,356,212,568,-11.884656966999591,True,80.62373301497207,False,>10 DE genes,on-target KD
1393,TRUB1,0.08172703490129474,0.0357755259037209,0.6518481779868414,0.4063806730819817,ENSG00000165832,Rest,367.0,78,31,109,-10.240504684320785,True,28.67165880124801,False,>10 DE genes,on-target KD
1394,TSC1,0.3186616402212374,0.2988029577671549,0.8277579350958063,0.8049606641140287,ENSG00000165699,Rest,492.0,748,928,1676,-9.057551458857024,True,17.133781289975985,False,>10 DE genes,on-target KD
1395,TSC2,0.27548086211942396,0.2490941786856253,0.8265285056242601,0.8158624590915021,ENSG00000103197,Rest,631.0,577,524,1101,-10.287862214606998,True,16.242151893627582,True,>10 DE genes,on-target KD
1396,TSC22D2,0.061197929180646,0.045934748241985,0.4196499152610556,0.1898915159438285,ENSG00000196428,Rest,183.0,32,8,40,-6.3332200215634025,True,25.994305942740493,False,>10 DE genes,on-target KD
1397,TSEN2,0.30208928092688725,0.1771967801821022,0.7059285873287799,0.6854475717899445,ENSG00000154743,Rest,51.0,135,38,173,0.0,False,,False,>10 DE genes,no on-target KD
1398,TSPAN9,0.21358657420814495,0.2081841415603804,0.7037026927024922,0.6482675919427191,ENSG00000011105,Rest,75.0,40,78,118,0.0,False,,False,>10 DE genes,no on-target KD
1399,TSPYL5,0.33206206440120106,0.2612997602603872,0.7894998590052923,0.7424042903624388,ENSG00000180543,Rest,298.0,1330,469,1799,-1.941009865679484,False,1.556210308194076,False,>10 DE genes,no on-target KD
1400,TSR2,0.298946503622913,0.1362521362408445,0.7474862060096917,0.714685011033147,ENSG00000158526,Rest,55.0,74,114,188,-3.631238964181164,True,53.90096635227114,False,>10 DE genes,on-target KD
1401,TSTD2,0.1692197227332984,0.1223899756149899,0.7274918517687933,0.7056665526696075,ENSG00000136925,Rest,144.0,259,97,356,-3.944049459054829,True,14.87231921007112,False,>10 DE genes,on-target KD
1402,TTC14,0.0869317276800417,0.0173467330955878,0.7717531190607335,0.6896550379048536,ENSG00000163728,Rest,339.0,9,27,36,-10.217224635302394,True,64.3312124178243,False,>10 DE genes,on-target KD
1403,TTC39C,0.07442679189034224,0.0366214440044559,0.7496579314898767,0.7435007785118439,ENSG00000168234,Rest,260.0,208,125,333,-9.5648872916057,True,119.48934347992594,False,>10 DE genes,on-target KD
1404,TTC4,0.15622289786366908,0.1505842852704701,0.6765332754729716,0.6469304381249289,ENSG00000243725,Rest,142.0,270,221,491,-4.562691887045135,True,14.714598843231178,False,>10 DE genes,on-target KD
1405,TTC5,0.10850629596771731,0.0679449446382764,0.7060388460406305,0.5483733844363347,ENSG00000136319,Rest,559.0,110,60,170,-9.413892429267888,True,17.723142687926238,False,>10 DE genes,on-target KD
1406,TUFM,0.10441916250954249,0.078564723960829,0.4316878059473012,0.3909713572369513,ENSG00000178952,Rest,124.0,107,15,122,-11.099253663830495,True,146.18237266718714,False,>10 DE genes,on-target KD
1407,TWF1,0.12245085169477203,0.1030859052803804,0.7955844332249642,0.7287608884778831,ENSG00000151239,Rest,724.0,161,73,234,-6.064419634671716,True,14.702965182367668,False,>10 DE genes,on-target KD
1408,TWNK,0.1702146661653078,0.1425904440020681,0.8365305166666493,0.83103437546952,ENSG00000107815,Rest,1148.0,130,102,232,-5.566569238955238,True,17.289700368008585,False,>10 DE genes,on-target KD
1409,TXNL1,0.08016601849008877,0.0500110953742587,0.3878974525205221,0.201422682255068,ENSG00000091164,Rest,878.0,146,27,173,-20.82777483466284,True,60.5668412565668,False,>10 DE genes,on-target KD
1410,TYK2,0.007190427564135131,-0.121573830414372,0.706637532302591,0.6692696080623759,ENSG00000105397,Rest,800.0,0,34,34,-17.869756717271194,True,47.25188071542063,False,>10 DE genes,on-target KD
1411,U2SURP,0.10471012413898988,-0.0384256341696354,0.7305410366944618,0.7037651310339513,ENSG00000163714,Rest,416.0,44,24,68,-5.529859857064078,True,113.69496835236818,False,>10 DE genes,on-target KD
1412,UBA2,0.10064510875673131,0.0336426774473911,0.43970773113383793,0.4017158090274037,ENSG00000126261,Rest,80.0,344,63,407,-6.23685618849396,True,71.73325997141049,False,>10 DE genes,on-target KD
1413,UBA5,-0.009264490402070535,-0.0247589424041558,0.8641273449162971,0.8580703478874688,ENSG00000081307,Rest,2147.0,267,169,436,-18.17251313977656,True,30.675061037688486,True,>10 DE genes,on-target KD
1414,UBAP2L,0.22040447170730879,0.1955568787911749,0.8323655327507704,0.8229844033077692,ENSG00000143569,Rest,648.0,258,371,629,-28.06210459471565,True,158.8953907204912,True,>10 DE genes,on-target KD
1415,UBC,0.3049424949480704,0.2361605172175615,0.7816420991919711,0.7542793832844902,ENSG00000150991,Rest,274.0,615,657,1272,-6.457052703358629,True,35.82011574558794,False,>10 DE genes,on-target KD
1416,UBE2B,0.08462081536731131,0.0274313830198081,0.40650863678691235,0.1713511091718569,ENSG00000119048,Rest,155.0,24,11,35,-3.5696981072842635,False,108.57593440192876,False,>10 DE genes,no on-target KD
1417,UBE2E1,0.08067792850369367,0.0733247636777967,0.34267621757251393,0.201218816644829,ENSG00000170142,Rest,965.0,56,4,60,-16.041782125370638,True,38.50650494779876,False,>10 DE genes,on-target KD
1418,UBE2G2,-0.009902550251718732,-0.1175545659295936,-0.18974716586451168,-0.3873537637573702,ENSG00000184787,Rest,338.0,121,9,130,-12.319755252228491,True,46.68115236941929,False,>10 DE genes,on-target KD
1419,UBE2H,0.09153198311849157,0.0359167274185622,0.5846421243882937,0.3370576450531814,ENSG00000186591,Rest,261.0,187,50,237,-6.377333604621241,True,27.13632067246024,False,>10 DE genes,on-target KD
1420,UBE2I,0.16389331671537483,0.0909453213303015,0.7746588846094937,0.7385689340107131,ENSG00000103275,Rest,246.0,301,137,438,-18.350995143451208,True,215.68835762335857,False,>10 DE genes,on-target KD
1421,UBE2L3,0.17569877307815066,0.1421131621177901,0.5106143344072919,0.4416107845044503,ENSG00000185651,Rest,2136.0,1207,698,1905,-34.598924773200416,True,72.64766053930771,False,>10 DE genes,on-target KD
1422,UBE2N,0.020413551531081667,-0.0378006237057093,0.6244724049484827,0.4822942922314669,ENSG00000177889,Rest,108.0,92,97,189,-6.1741497182178415,True,48.54671784974383,False,>10 DE genes,on-target KD
1423,UBE2T,0.09579665003944954,-0.0018037164564982,0.47251895378372094,0.4115145462204344,ENSG00000077152,Rest,65.0,267,47,314,-6.633177322837762,True,91.5077685273574,False,>10 DE genes,on-target KD
1424,UBE2V2,-0.0434177116366057,-0.1233653612594057,0.3700497889914118,-0.0111529917960749,ENSG00000169139,Rest,2227.0,18,25,43,-5.037787299566241,True,17.7695815660613,False,>10 DE genes,on-target KD
1425,UBE3D,0.22111951823343293,0.200570465540168,0.8152831682419109,0.7960238897047008,ENSG00000118420,Rest,171.0,184,81,265,-1.7063855535091508,False,2.443570343795519,False,>10 DE genes,no on-target KD
1426,UBL3,0.11366966032786786,0.1039772058671257,0.7596787818307446,0.7007959175339429,ENSG00000122042,Rest,528.0,46,29,75,-14.505911637880692,True,66.10162422480666,False,>10 DE genes,on-target KD
1427,UBR1,0.10865741196324014,0.0428775721171475,0.8034395717214463,0.7531178497215919,ENSG00000159459,Rest,164.0,66,28,94,0.0,False,,False,>10 DE genes,no on-target KD
1428,UBR4,0.31524110633349356,0.3043791463284229,0.7897203131325262,0.7780700545004211,ENSG00000127481,Rest,337.0,591,618,1209,-14.741472665055888,True,88.28731283445391,False,>10 DE genes,on-target KD
1429,UBR5,0.23058506703203893,0.206580479484323,0.7990794132533613,0.7680136602627695,ENSG00000104517,Rest,1225.0,618,579,1197,-23.356860685549304,True,60.66972432827802,False,>10 DE genes,on-target KD
1430,UBXN1,0.09067286405980661,0.0659574050182571,0.27587897363656955,0.2058990388304903,ENSG00000162191,Rest,592.0,2726,1714,4440,-6.741071079478915,True,49.59543117596324,False,>10 DE genes,on-target KD
1431,UCHL5,0.2678404621525084,0.243380900049201,0.8487960520934781,0.832123258659853,ENSG00000116750,Rest,191.0,108,148,256,-9.096174638315754,True,47.34169631025304,True,>10 DE genes,on-target KD
1432,UFC1,0.18339341318386423,0.1741535195960419,0.8595395652093516,0.8061811177612151,ENSG00000143222,Rest,469.0,72,51,123,-19.08702584598323,True,115.8815618386347,False,>10 DE genes,on-target KD
1433,UFL1,0.11421045210214253,0.0879422178768956,0.7995439421988202,0.7484677477117384,ENSG00000014123,Rest,390.0,329,321,650,-6.784880876316569,True,12.813125136962311,False,>10 DE genes,on-target KD
1434,UFM1,0.27949241866514557,0.2471138149940978,0.8241645610048426,0.792974856602792,ENSG00000120686,Rest,843.0,768,902,1670,-24.90414242149982,True,94.15545106579088,False,>10 DE genes,on-target KD
1435,UGDH,0.3163491758235945,0.2945853752396724,0.7612071766275941,0.7441121957889064,ENSG00000109814,Rest,218.0,544,422,966,-6.128370312565106,True,28.55771054859961,False,>10 DE genes,on-target KD
1436,UGGT1,0.014214148953184833,-0.0130631407021043,0.5163116614041755,0.0618722593401685,ENSG00000136731,Rest,669.0,44,8,52,-17.32642133586309,True,61.5838668417957,False,>10 DE genes,on-target KD
1437,UHRF1,0.1694684467199334,0.147951118008406,0.581708088507987,0.4567942390095702,ENSG00000276043,Rest,217.0,185,79,264,2.084287929183808,False,162.02923891389352,False,>10 DE genes,no on-target KD
1438,ULK4,0.020266928354005367,-0.0106764607147804,0.010809862840309598,-0.0659477775106897,ENSG00000168038,Rest,662.0,32,7,39,-11.399849167212103,True,26.29690452524659,False,>10 DE genes,on-target KD
1439,UMPS,0.0263810964096662,-0.043383698399163,0.2680447151278167,0.1233612044915967,ENSG00000114491,Rest,115.0,139,33,172,0.0,False,,False,>10 DE genes,no on-target KD
1440,UNCX,0.29365123614673116,0.2429992292203954,0.6053813163916294,0.5712801536937488,ENSG00000164853,Rest,82.0,25,9,34,0.0,False,,False,>10 DE genes,no on-target KD
1441,UPF2,0.20826249345222925,0.1760480101351191,0.7940766302168286,0.7534825188981392,ENSG00000151461,Rest,125.0,521,200,721,-6.920176033566138,True,66.28123648521043,False,>10 DE genes,on-target KD
1442,UQCRB,0.12341908673385256,0.0519271510823671,0.7726470014309736,0.6820792610967232,ENSG00000156467,Rest,254.0,259,101,360,-13.66579284546382,True,107.77565571613071,False,>10 DE genes,on-target KD
1443,UQCRC1,0.13519544317169888,0.0670022611524103,0.5976096498418647,0.5375384285423669,ENSG00000010256,Rest,69.0,210,318,528,-8.314429633932807,True,145.53319136107308,False,>10 DE genes,on-target KD
1444,UQCRQ,0.1906312003471804,0.1331301196609376,0.7886224638048329,0.7635156435589591,ENSG00000164405,Rest,240.0,123,144,267,-8.177698422130089,True,59.93136038270264,False,>10 DE genes,on-target KD
1445,URM1,0.2755518176815937,0.1599110737683144,0.8240094801761506,0.764989934134043,ENSG00000167118,Rest,314.0,271,160,431,-7.917439389705139,True,27.764179837084885,False,>10 DE genes,on-target KD
1446,USF2,0.012178589386468602,-0.0010360527661052,0.5955043201370315,0.5215965175080162,ENSG00000105698,Rest,1364.0,21,23,44,-16.388794739475085,True,154.31256665513646,False,>10 DE genes,on-target KD
1447,USO1,0.19056012249908907,0.1467920993128101,0.7268744429735375,0.7030836402215631,ENSG00000138768,Rest,89.0,499,72,571,-6.670690923212932,True,63.26693337771428,False,>10 DE genes,on-target KD
1448,USP10,0.11264838139985046,0.0685297272995561,0.8573178541004723,0.8207526787534688,ENSG00000103194,Rest,321.0,45,67,112,-12.747040057914411,True,60.38921650098508,False,>10 DE genes,on-target KD
1449,USP13,0.17983404195842398,0.1548803517789098,0.7242578381993847,0.6521614753326113,ENSG00000058056,Rest,235.0,475,322,797,-5.46114743225501,True,16.265615506114507,False,>10 DE genes,on-target KD
1450,USP16,0.008900533230204134,-0.0282466086386105,0.4161552315338528,0.3678253341268446,ENSG00000156256,Rest,486.0,25,6,31,-9.83253819108524,True,73.28048107044363,False,>10 DE genes,on-target KD
1451,USP22,0.2840006539123424,0.2750246105314031,0.8329492000267716,0.8164019192340711,ENSG00000124422,Rest,1653.0,1189,594,1783,-22.80175148861433,True,38.451779176934686,False,>10 DE genes,on-target KD
1452,USP28,0.03571717009941647,0.0138779000603586,0.07349783834716296,0.0485798789132313,ENSG00000048028,Rest,814.0,24,14,38,-16.10717710447563,True,34.84777452399701,False,>10 DE genes,on-target KD
1453,USP7,0.31927325175031224,0.148859565459253,0.757686120290778,0.7233961230456329,ENSG00000187555,Rest,189.0,712,316,1028,-7.585589579595071,True,33.59888859135361,False,>10 DE genes,on-target KD
1454,UVRAG,0.16723120789618384,0.1543278708460988,0.6982165699902468,0.6245109747239542,ENSG00000198382,Rest,110.0,700,496,1196,-3.356443907253194,True,18.737172526882777,False,>10 DE genes,on-target KD
1455,UVSSA,0.0239717029985865,-0.0071599152943251,0.8249741542048935,0.7769757712140688,ENSG00000163945,Rest,75.0,39,17,56,-2.7955218522519987,False,12.321526554015538,False,>10 DE genes,no on-target KD
1456,UXS1,0.14225342251498677,0.124241176916991,0.7073240739913986,0.6971962205509538,ENSG00000115652,Rest,678.0,86,86,172,-14.354505398583845,True,90.77709446792994,False,>10 DE genes,on-target KD
1457,VARS2,0.043591938157028436,0.0253882615184465,0.6048071418233891,0.545006507319456,ENSG00000137411,Rest,293.0,38,16,54,-5.510078215222831,True,11.759732353226832,False,>10 DE genes,on-target KD
1458,VAV1,0.2041694818913756,0.1915889216795714,0.8754779000604475,0.8237742731343951,ENSG00000141968,Rest,414.0,51,19,70,-15.63560163562742,True,73.87880942055504,False,>10 DE genes,on-target KD
1459,VENTX,0.1697278404513217,0.1127093713607348,0.7952283914020053,0.7393981371453839,ENSG00000151650,Rest,451.0,130,241,371,0.0,False,,False,>10 DE genes,no on-target KD
1460,VEZT,0.30888786031635873,0.2867142234162619,0.7953039725673633,0.7354112520202667,ENSG00000028203,Rest,125.0,127,144,271,-4.155217236064682,True,22.92396128620302,False,>10 DE genes,on-target KD
1461,VHL,0.2755351386834511,0.2532330828156864,0.8965467807436127,0.8789258667433618,ENSG00000134086,Rest,721.0,210,30,240,-19.83948935006644,True,88.65397581689415,False,>10 DE genes,on-target KD
1462,VPS29,0.054002346422371394,-0.0746510768692245,0.6792317025844499,0.6426416719706034,ENSG00000111237,Rest,202.0,191,86,277,-3.4323934180614484,True,6.277114214580577,False,>10 DE genes,on-target KD
1463,VPS41,-0.07498376617312226,-0.139395996396311,0.4176160340918165,0.3858965619661346,ENSG00000006715,Rest,131.0,213,60,273,-7.267511642194917,True,41.04567062872303,False,>10 DE genes,on-target KD
1464,VWF,0.0030047836022604993,-0.0259323072634457,0.44547416468506135,0.3490012057658814,ENSG00000110799,Rest,2813.0,24,10,34,0.0,False,,False,>10 DE genes,no on-target KD
1465,WAC,0.29490229247057925,0.2444460660596788,0.8097851673559034,0.7741152375438751,ENSG00000095787,Rest,393.0,598,567,1165,-6.882631419443582,True,16.89454851811276,False,>10 DE genes,on-target KD
1466,WARS2,0.11934628290520133,0.063484169837281,0.46401040966775636,0.3892457958850844,ENSG00000116874,Rest,600.0,38,21,59,-8.243719248381597,True,13.547618610808875,False,>10 DE genes,on-target KD
1467,WAS,0.07682790288670094,0.0363626431909168,0.4097293873562822,0.3459982998800489,ENSG00000015285,Rest,578.0,20,13,33,-26.16958843161823,True,137.9270095908035,False,>10 DE genes,on-target KD
1468,WASF2,0.1689299495456595,0.1052693021872276,0.8147118454535204,0.7893330803086659,ENSG00000158195,Rest,1070.0,375,348,723,-26.3161302529902,True,84.94841764601325,False,>10 DE genes,on-target KD
1469,WASHC4,0.07459387328074084,0.0106440485806743,0.8657916837141131,0.7661988166965461,ENSG00000136051,Rest,469.0,31,33,64,-20.207343222808625,True,81.7894643227198,False,>10 DE genes,on-target KD
1470,WASL,0.04687795257545813,0.0360712366230687,0.553409319680081,0.4011750691183052,ENSG00000106299,Rest,1172.0,35,3,38,-10.79550680847232,True,11.38257836389699,False,>10 DE genes,on-target KD
1471,WBP4,0.0884787754643318,0.0739672292427749,0.5330049919280594,0.4382312496819684,ENSG00000120688,Rest,218.0,108,34,142,-7.6886571418458995,True,28.83507715738212,False,>10 DE genes,on-target KD
1472,WDR26,0.0176532836537054,-0.0389764225738641,0.36575782380677574,0.12357810200052,ENSG00000162923,Rest,69.0,28,11,39,-7.437706747011749,True,143.6671721834594,False,>10 DE genes,on-target KD
1473,WDR44,0.1552183292012063,0.1313102836076917,0.795282439672838,0.789619216801359,ENSG00000131725,Rest,193.0,133,139,272,-6.5507424795785205,True,22.85287549403661,False,>10 DE genes,on-target KD
1474,WDR48,0.08866783912074512,0.0672256106382383,0.7622605889879611,0.7484066381970401,ENSG00000114742,Rest,131.0,90,107,197,-4.763530932707016,True,32.60020463754953,False,>10 DE genes,on-target KD
1475,WDR59,0.12673284188584188,0.0410282933056526,0.7785308525456887,0.7541989187759603,ENSG00000103091,Rest,213.0,363,184,547,-6.485458894684584,True,28.4550013541279,False,>10 DE genes,on-target KD
1476,WDR61,0.2249421276615989,0.0913092152444115,0.7877374428085044,0.7671374520637435,ENSG00000140395,Rest,101.0,440,465,905,-5.333015622012198,True,32.056733033698926,False,>10 DE genes,on-target KD
1477,WDR82,0.4165340869380791,0.3809740998719459,0.8659863055618994,0.8333290395178988,ENSG00000164091,Rest,373.0,801,452,1253,-18.74731208425747,True,237.8238191281714,False,>10 DE genes,on-target KD
1478,WDR92,0.18812167807517954,0.0109068810998292,0.29939365552820735,-0.1858280292440859,ENSG00000243667,Rest,58.0,47,68,115,-1.6956911197525075,True,7.118647889520339,False,>10 DE genes,on-target KD
1479,WIPI2,0.0227028275456039,-0.023495303621911,0.20467682045274374,-0.2436838273928533,ENSG00000157954,Rest,387.0,28,4,32,-12.955892733964204,True,49.32677575848756,False,>10 DE genes,on-target KD
1480,WIZ,0.20806209409292653,0.1953559410941337,0.75391372667982,0.7241208316599734,ENSG00000011451,Rest,937.0,141,91,232,-13.882706143751149,True,41.86706959871555,False,>10 DE genes,on-target KD
1481,WNK1,0.09901308811624647,0.0686470744115348,0.6205483021878603,0.5680836744260239,ENSG00000060237,Rest,569.0,259,73,332,-17.545526920051678,True,90.3040031444354,False,>10 DE genes,on-target KD
1482,WNT9A,0.0639867577642394,0.0371393038605146,0.48610066681072817,0.4000317781397828,ENSG00000143816,Rest,2181.0,123,133,256,0.0,False,,False,>10 DE genes,no on-target KD
1483,WRAP53,0.1864143046308361,0.1435171167903142,0.8566560164025864,0.8506772139053201,ENSG00000141499,Rest,555.0,137,184,321,-9.680296402061185,True,22.343254024314835,True,>10 DE genes,on-target KD
1484,WRN,0.08461907216443147,0.0475469538317831,0.46282976957692307,0.1810783604015519,ENSG00000165392,Rest,1820.0,45,13,58,-16.164988900252293,True,22.045221186734675,False,>10 DE genes,on-target KD
1485,WTAP,0.0416818475914023,0.022416294880987,0.737784385590662,0.7089756377349837,ENSG00000146457,Rest,728.0,34,10,44,-4.197067578293214,True,32.706263303221746,False,>10 DE genes,on-target KD
1486,XBP1,0.06334219608610074,0.0529462365010092,0.7589423874366797,0.692502559473586,ENSG00000100219,Rest,948.0,15,165,180,-17.748309477037704,True,76.61030517834372,False,>10 DE genes,on-target KD
1487,XPO6,0.19168815373825002,0.1413200251381627,0.9068510282115039,0.8936595506043916,ENSG00000169180,Rest,288.0,15,22,37,-11.730529754509558,True,57.63126322677231,False,>10 DE genes,on-target KD
1488,XPR1,0.18745663089496603,0.1581558373758556,0.779772871999767,0.6917420409614278,ENSG00000143324,Rest,547.0,126,147,273,-10.99420965115456,True,26.107318113347365,False,>10 DE genes,on-target KD
1489,XRCC2,0.166076745195628,0.147449345909194,0.7604957145916424,0.7253455059738939,ENSG00000196584,Rest,98.0,208,114,322,-2.465347333753616,True,10.49844195378846,False,>10 DE genes,on-target KD
1490,XRN1,0.04234053136555153,0.0173388794123207,0.6734994462263749,0.5486077678933053,ENSG00000114127,Rest,222.0,67,9,76,-9.153304503562302,True,136.0234374965245,False,>10 DE genes,on-target KD
1491,XRRA1,0.15957330276430695,0.0662919853379304,0.7652413822520342,0.5505592239552312,ENSG00000166435,Rest,371.0,303,41,344,-5.840963898897032,True,10.461327213227484,True,>10 DE genes,on-target KD
1492,YBX1,0.08365282212733614,0.07275534960362,0.7589729018949224,0.6978683676944203,ENSG00000065978,Rest,87.0,37,20,57,-8.820737262852969,True,163.4830260794481,False,>10 DE genes,on-target KD
1493,YEATS2,0.22267863182347558,0.1759645686762558,0.8208798701033997,0.7890139002564343,ENSG00000163872,Rest,202.0,206,306,512,-6.502012501050489,True,27.09012330690604,False,>10 DE genes,on-target KD
1494,YPEL5,0.11201662538447586,0.0760286249110075,0.7704050566706541,0.598358053811585,ENSG00000119801,Rest,353.0,21,36,57,-11.529089128322514,True,66.29384175810074,False,>10 DE genes,on-target KD
1495,YTHDF2,0.19167884479232866,0.1405688434993283,0.7054270151571188,0.6208364288719448,ENSG00000198492,Rest,629.0,619,283,902,-26.707982717614687,True,110.8857146691635,False,>10 DE genes,on-target KD
1496,YY1,0.17684218551571926,0.1134268419443548,0.7854286990543976,0.7154085176696765,ENSG00000100811,Rest,651.0,252,258,510,-10.965538152307898,True,60.753626427792135,False,>10 DE genes,on-target KD
1497,ZAP70,0.06385893651144624,0.0171685119446209,0.8245176878743793,0.7821857158886993,ENSG00000115085,Rest,141.0,51,32,83,-17.03053948971874,True,248.91854130443576,False,>10 DE genes,on-target KD
1498,ZBED1,0.1078150463548005,0.069151018278354,0.6524448100984489,0.5777274033642117,ENSG00000214717,Rest,85.0,69,44,113,-5.218877183614532,True,31.016321182110023,False,>10 DE genes,on-target KD
1499,ZBED5,0.09226375809569627,0.0412130271078961,0.7851894303516689,0.707226465308281,ENSG00000236287,Rest,82.0,31,27,58,-2.796841604112044,True,21.89767610825873,False,>10 DE genes,on-target KD
1500,ZBED6,0.11523366038797174,0.0321754942701442,0.8201847462498377,0.7847245189044796,ENSG00000257315,Rest,182.0,10,46,56,0.0,False,,False,>10 DE genes,no on-target KD
1501,ZBTB1,0.2070840131699614,0.1446467885542474,0.8416431266477554,0.8121587894251304,ENSG00000126804,Rest,329.0,94,55,149,-18.42102410966587,True,137.58572057372558,True,>10 DE genes,on-target KD
1502,ZBTB39,0.09868084368068876,0.0445209986337404,0.3439743768379564,0.1815588196070897,ENSG00000166860,Rest,360.0,94,36,130,-3.994918153831857,True,11.785884217608949,False,>10 DE genes,on-target KD
1503,ZBTB44,0.3381498736965658,0.3229869555965802,0.6816925674961305,0.5913345081643727,ENSG00000196323,Rest,75.0,52,86,138,-6.2925875222856895,True,74.9830378207419,False,>10 DE genes,on-target KD
1504,ZBTB48,0.07652634496324988,0.0349229891379746,0.8991506540646261,0.8364173815872791,ENSG00000204859,Rest,863.0,16,17,33,-8.468286130009403,True,9.343189907823405,False,>10 DE genes,on-target KD
1505,ZBTB7A,0.16190966756557337,0.127149729774308,0.4447070637779757,0.4305982668970153,ENSG00000178951,Rest,843.0,289,254,543,-9.691441830183363,True,86.7776308253417,False,>10 DE genes,on-target KD
1506,ZBTB8OS,0.033001666152067365,-0.0342900864982102,0.14799999181464224,0.0149913420323187,ENSG00000176261,Rest,90.0,242,34,276,-1.1147967336569162,False,33.18375172426721,False,>10 DE genes,no on-target KD
1507,ZBTB9,0.02838714618863963,-0.0765795476410591,0.5969693523688243,0.4893348221281037,ENSG00000213588,Rest,440.0,797,320,1117,-4.621534793281625,True,13.571668562313294,False,>10 DE genes,on-target KD
1508,ZC3H10,0.2117018963546039,0.1750820115756265,0.8386908012998254,0.7833271268045507,ENSG00000135482,Rest,869.0,281,100,381,-9.987030323400814,True,13.701961147891748,True,>10 DE genes,on-target KD
1509,ZC3H12A,0.18356247061603947,0.1662764586690658,0.8568311290485028,0.8473278840780358,ENSG00000163874,Rest,802.0,83,98,181,-6.122543931790236,True,23.4040417196174,False,>10 DE genes,on-target KD
1510,ZC3H3,0.12479443181733374,0.1115925605669974,0.3973417824624648,0.2585918684300041,ENSG00000014164,Rest,177.0,187,31,218,-7.023116329609046,True,28.848805301406347,False,>10 DE genes,on-target KD
1511,ZC3H4,0.1410758290393142,0.123665452868275,0.8087040717230476,0.7762416567740639,ENSG00000130749,Rest,542.0,119,17,136,-10.671269807522371,True,127.82624175032544,False,>10 DE genes,on-target KD
1512,ZC3HC1,0.0926459316576191,0.0488495719174591,0.5212950990386148,0.4146387754599816,ENSG00000091732,Rest,314.0,36,23,59,-4.819367252238103,True,16.476780217286233,False,>10 DE genes,on-target KD
1513,ZCCHC24,0.028918032884648767,0.0066579032801812,-0.5050684712637612,-0.5944713553670671,ENSG00000165424,Rest,911.0,25,10,35,-2.826959485116817,False,1.4634136685253551,False,>10 DE genes,no on-target KD
1514,ZCCHC4,0.0618536866678715,-0.0145359342745856,0.6973633096365505,0.5597125527822318,ENSG00000168228,Rest,160.0,344,122,466,-5.779322611412998,True,21.25507989904936,False,>10 DE genes,on-target KD
1515,ZCCHC8,0.09569213800963554,0.0753923020510269,0.7820576809255454,0.7300195224025313,ENSG00000033030,Rest,303.0,38,4,42,-8.429391631014173,True,27.175420683034623,False,>10 DE genes,on-target KD
1516,ZCRB1,0.17780703324453465,0.1677335854284325,0.6947082906146077,0.6031501187869952,ENSG00000139168,Rest,91.0,50,23,73,-4.833571347593415,True,83.25589106149734,True,>10 DE genes,on-target KD
1517,ZCWPW1,-0.0454795749638107,-0.1161585761805044,0.07186660924872916,-0.104918665433995,ENSG00000078487,Rest,1257.0,40,4,44,-4.326847549304538,True,1.6055454337110178,True,>10 DE genes,on-target KD
1518,ZDHHC12,0.1347928883994244,0.1110565567999772,0.7376684218725207,0.6470715422388102,ENSG00000160446,Rest,230.0,61,77,138,-8.553946802688422,True,37.49958069016362,False,>10 DE genes,on-target KD
1519,ZEB1,0.25987790941000577,0.2428270030803151,0.8997589498966511,0.8920740838986375,ENSG00000148516,Rest,1011.0,209,44,253,-11.909309207876904,True,38.61066145878733,False,>10 DE genes,on-target KD
1520,ZFAT,0.15728914117120624,0.1467418510264638,0.8775360987087305,0.8528980661547899,ENSG00000066827,Rest,726.0,14,31,45,-5.922860176453248,True,7.352237631751857,False,>10 DE genes,on-target KD
1521,ZFC3H1,0.12252703440744633,0.1119790100493386,0.7119379378613401,0.670789148824955,ENSG00000133858,Rest,119.0,204,35,239,-8.993310625532938,True,62.39884829071373,True,>10 DE genes,on-target KD
1522,ZFPM1,0.39749492880712706,0.3827768914879931,0.7442977769952642,0.7180902245754378,ENSG00000179588,Rest,239.0,1858,561,2419,0.0,False,,False,>10 DE genes,no on-target KD
1523,ZFR,0.08555303706016193,0.0262147997782971,0.7256741870376056,0.556055767274309,ENSG00000056097,Rest,174.0,51,72,123,-7.982171116487062,True,72.37540100595537,False,>10 DE genes,on-target KD
1524,ZFX,0.2071384609329123,0.1590692415549812,0.8858490482936934,0.8408133002326238,ENSG00000005889,Rest,157.0,15,20,35,-3.878629830946488,True,24.85304870790205,False,>10 DE genes,on-target KD
1525,ZFYVE21,-0.008527673358096531,-0.0540109646431841,0.5010212512684475,0.453205252492565,ENSG00000100711,Rest,156.0,125,35,160,-5.538132174540073,True,21.34579985717975,False,>10 DE genes,on-target KD
1526,ZHX1-C8orf76,0.027531804661445603,-0.1373522679780622,0.7467530027370484,0.6440011788435196,ENSG00000259305,Rest,116.0,194,167,361,0.0,False,,False,>10 DE genes,no on-target KD
1527,ZHX3,0.15739901797961106,0.0822696676774687,0.7592698859261177,0.637423413953098,ENSG00000174306,Rest,372.0,36,91,127,-5.805464387534264,True,10.083159566214649,False,>10 DE genes,on-target KD
1528,ZMAT1,-0.08173178358969789,-0.1228882884985319,-0.16069380016630389,-0.451020382852171,ENSG00000166432,Rest,1041.0,168,22,190,-3.504959915104679,True,2.303188361800218,False,>10 DE genes,on-target KD
1529,ZMYM2,0.11018564160883533,0.0554031185338146,0.3784869052827156,0.3076810666317998,ENSG00000121741,Rest,580.0,1462,716,2178,-13.08861999251485,True,43.86956248534907,False,>10 DE genes,on-target KD
1530,ZMYND8,0.14718072507964586,0.111684199228273,0.912776351719779,0.9087658573205164,ENSG00000101040,Rest,909.0,34,18,52,-16.277592064229744,True,39.99057210392818,False,>10 DE genes,on-target KD
1531,ZNF12,0.0965713915277463,0.0928719096166786,0.7944663411815055,0.7764875979893413,ENSG00000164631,Rest,632.0,17,28,45,-12.050686450854224,True,26.316873445085555,False,>10 DE genes,on-target KD
1532,ZNF148,0.0019178657497147002,-0.0579482627148522,0.4575166517687011,0.3953676708736219,ENSG00000163848,Rest,996.0,658,697,1355,-17.715670164586584,True,52.84079388718435,False,>10 DE genes,on-target KD
1533,ZNF154,0.033205333569343035,-0.0138832250446223,0.30496973995756804,0.0800049333767763,ENSG00000179909,Rest,624.0,64,15,79,-1.2778228324794538,False,0.3741949167608455,False,>10 DE genes,no on-target KD
1534,ZNF165,0.06394347836766794,0.0121799792817196,0.5862483752312669,0.5750792785485331,ENSG00000197279,Rest,529.0,67,20,87,-1.133966387967264,False,1.0274358331579094,False,>10 DE genes,no on-target KD
1535,ZNF18,0.09840288472906117,0.062648455855622,0.8300424820654783,0.8091000334319072,ENSG00000154957,Rest,427.0,74,54,128,-6.484570901061095,True,9.470972885035534,False,>10 DE genes,on-target KD
1536,ZNF221,0.17962474033259143,0.161242740294029,0.7683765490437385,0.7501459520134167,ENSG00000159905,Rest,319.0,452,211,663,-1.6558576528223454,True,0.7769489046179594,False,>10 DE genes,on-target KD
1537,ZNF254,-0.006303047415488699,-0.0388825178370864,-0.11840129845614467,-0.2618181630876667,ENSG00000213096,Rest,271.0,61,17,78,-3.869058120271936,True,6.545052462160888,False,>10 DE genes,on-target KD
1538,ZNF274,0.18175130474725773,0.1402026938395192,0.847947626556247,0.7830013377102827,ENSG00000171606,Rest,615.0,143,3,146,-6.136640596452472,True,9.547128767944958,False,>10 DE genes,on-target KD
1539,ZNF280D,-0.027632541820321297,-0.0383054997766042,-0.06365218583352514,-0.1200866082950172,ENSG00000137871,Rest,1180.0,58,8,66,-16.521231518624877,True,24.88803206954536,False,>10 DE genes,on-target KD
1540,ZNF304,0.1079740563887092,0.0482465776599955,0.6745186655817367,0.4933512848767791,ENSG00000131845,Rest,712.0,632,182,814,-7.285450398954696,True,6.476191896676026,False,>10 DE genes,on-target KD
1541,ZNF35,0.08513265975790042,0.0804085361396475,0.8229630099992474,0.7644753972278995,ENSG00000169981,Rest,458.0,19,91,110,-2.5984983736956093,True,1.890563161890208,False,>10 DE genes,on-target KD
1542,ZNF384,0.13955810557266887,0.1133074261609364,0.898544795335976,0.8860106462896471,ENSG00000126746,Rest,884.0,37,36,73,-16.38615905235869,True,48.55284838728597,False,>10 DE genes,on-target KD
1543,ZNF410,0.023532119166901566,-0.0040632266920217,0.006762112265294234,-0.1089578838575189,ENSG00000119725,Rest,1227.0,27,7,34,-25.10708416879517,True,83.11446362729767,False,>10 DE genes,on-target KD
1544,ZNF414,0.1532560124157518,0.0903636908675314,0.6382110504090327,0.480683399794026,ENSG00000133250,Rest,169.0,107,87,194,-6.426086610477238,True,26.135551230815864,False,>10 DE genes,on-target KD
1545,ZNF43,0.06929104583300917,0.0548618146894263,-0.38573862883648546,-0.5745420158543708,ENSG00000198521,Rest,459.0,43,3,46,-3.772474402320982,True,3.36204870117822,False,>10 DE genes,on-target KD
1546,ZNF470,0.05965981437371124,-0.0730412834369338,0.6088509909582752,0.4146878065986031,ENSG00000197016,Rest,368.0,207,148,355,-3.962132709812426,True,3.7533161803407378,False,>10 DE genes,on-target KD
1547,ZNF512B,0.11396481486559805,0.0908668695548074,0.8004978561339023,0.7870118703564327,ENSG00000196700,Rest,358.0,301,192,493,-8.30958571563549,True,19.781954357018567,False,>10 DE genes,on-target KD
1548,ZNF518A,-0.07005944423963206,-0.1106977557128694,0.5276008427722773,0.4325919262519538,ENSG00000177853,Rest,392.0,412,325,737,-1.383791811972995,False,11.581891886134882,False,>10 DE genes,no on-target KD
1549,ZNF549,0.10696622085128422,0.0972993115735027,0.5428065366363074,0.3905376419569297,ENSG00000121406,Rest,545.0,26,16,42,-5.558083151358007,True,5.047400994806568,False,>10 DE genes,on-target KD
1550,ZNF554,0.1174785869506153,0.0761709049233101,0.7075391431502185,0.581902370605067,ENSG00000172006,Rest,648.0,434,78,512,-4.381662703062443,True,3.5332014809395944,False,>10 DE genes,on-target KD
1551,ZNF579,-0.007531995938354667,-0.0203493771486105,0.24674006033801107,0.0256359070979385,ENSG00000218891,Rest,676.0,26,6,32,-3.017271970457643,False,1.817547279725386,False,>10 DE genes,no on-target KD
1552,ZNF589,0.025517932715218367,-0.0428363139873464,0.4830298125592602,0.3805190710166893,ENSG00000164048,Rest,667.0,48,5,53,-11.740737545299448,True,21.59920751983377,False,>10 DE genes,on-target KD
1553,ZNF608,-0.0035846560276855343,-0.0284339505942682,-0.09743697383469185,-0.203991877145604,ENSG00000168916,Rest,661.0,41,10,51,0.0,False,,False,>10 DE genes,no on-target KD
1554,ZNF613,0.02683653871085857,-0.0058184709316557,0.14540105150086216,0.0114617905455987,ENSG00000176024,Rest,749.0,625,164,789,-7.954915972648296,True,8.659166255520473,False,>10 DE genes,on-target KD
1555,ZNF618,0.0262400045044784,0.0103815474737612,-0.15221466417778068,-0.2385850793027544,ENSG00000157657,Rest,744.0,29,3,32,-0.32032089194129,False,0.1076311976811232,False,>10 DE genes,no on-target KD
1556,ZNF627,-0.08224929344266313,-0.0990999333539406,-0.2611945379086124,-0.3213086017324027,ENSG00000198551,Rest,1126.0,53,1,54,-5.877510626933703,True,3.4286725631615496,False,>10 DE genes,on-target KD
1557,ZNF628,0.18155927552691872,0.1719431062401835,0.8808368468505664,0.8551356480048026,ENSG00000197483,Rest,305.0,32,34,66,-3.336168942405481,False,4.521940586873483,False,>10 DE genes,no on-target KD
1558,ZNF630,0.08615230795078886,0.0303649462808351,-0.18430709646160146,-0.3130686610996129,ENSG00000221994,Rest,455.0,44,2,46,-1.3802982227940457,False,0.6731092102300317,False,>10 DE genes,no on-target KD
1559,ZNF641,0.23397184571791851,0.182342743686182,0.6982682472073215,0.5643985022029525,ENSG00000167528,Rest,787.0,36,22,58,-12.278255098644731,True,19.855055371327293,False,>10 DE genes,on-target KD
1560,ZNF644,0.1476199206418989,0.0976139720427749,0.7398332749903845,0.6129341736489817,ENSG00000122482,Rest,669.0,312,119,431,-26.029034088989604,True,124.06401739880232,False,>10 DE genes,on-target KD
1561,ZNF649,0.06431981217987437,0.0037640803555293,0.22285322184424664,0.0512487812683643,ENSG00000198093,Rest,509.0,71,34,105,-5.495673025971644,True,7.919205562455698,False,>10 DE genes,on-target KD
1562,ZNF653,0.1080593121391394,0.0815411107914191,0.3898995336528057,0.307648048556834,ENSG00000161914,Rest,554.0,61,60,121,-6.416390240515695,True,9.847966986542977,False,>10 DE genes,on-target KD
1563,ZNF662,-0.05144438176888033,-0.1374459489670187,0.5792885740157777,0.5077800947459716,ENSG00000182983,Rest,205.0,312,172,484,0.0,False,,False,>10 DE genes,no on-target KD
1564,ZNF70,0.005172598026519734,-0.0256539449414999,0.6234005010480312,0.4685724209346742,ENSG00000187792,Rest,1411.0,578,109,687,-5.691234223331141,True,2.2363695069890266,False,>10 DE genes,on-target KD
1565,ZNF703,0.14831804732381715,0.0624549693682046,0.6725635808730521,0.6191044389942154,ENSG00000183779,Rest,81.0,202,59,261,0.0,False,,False,>10 DE genes,no on-target KD
1566,ZNF71,0.11129624006108041,0.0627446160870576,0.3895775440210689,0.181714950793686,ENSG00000197951,Rest,91.0,79,213,292,-2.6316345340262752,True,10.2677654570771,False,>10 DE genes,on-target KD
1567,ZNF710,0.19228218685123968,0.1692858504160065,0.7774283563094139,0.7519954173900444,ENSG00000140548,Rest,189.0,146,248,394,-1.898665979379108,True,3.136286143486499,False,>10 DE genes,on-target KD
1568,ZNF776,0.24514728647727638,0.2015652513957165,0.781685095702623,0.7489084376203445,ENSG00000152443,Rest,142.0,93,76,169,-3.083459333619811,True,9.633124790542391,False,>10 DE genes,on-target KD
1569,ZNF81,-0.046797870498006634,-0.0792645347297984,-0.1847356913843892,-0.2311698493914488,ENSG00000197779,Rest,849.0,37,7,44,0.0,False,,False,>10 DE genes,no on-target KD
1570,ZNF829,-0.0021819057692686003,-0.02595892721985,-0.016131183231227097,-0.1319863992476848,ENSG00000185869,Rest,1402.0,51,6,57,-5.251572420788298,True,2.0256043449947163,True,>10 DE genes,on-target KD
1571,ZNF883,0.1040976271550732,0.0966111973357714,-0.07452367463678229,-0.1697502516333577,ENSG00000228623,Rest,309.0,47,6,53,-0.2970221832805206,False,0.1692573836311933,False,>10 DE genes,no on-target KD
1572,ZNF92,0.011758533221116167,0.0065955197499161,0.33828495735205494,0.2462479366527943,ENSG00000146757,Rest,971.0,95,27,122,-15.334362517696922,True,26.694913043843936,False,>10 DE genes,on-target KD
1573,ZNF93,-0.05820811717122811,-0.097707748476274,-0.3821426793448395,-0.4573138189400171,ENSG00000184635,Rest,199.0,195,12,207,0.0,False,,False,>10 DE genes,no on-target KD
1574,ZNHIT3,0.22077686864544996,0.1372536292252224,0.5026439218389779,0.4436698389608304,ENSG00000273611,Rest,54.0,51,46,97,0.0,False,,False,>10 DE genes,no on-target KD
1575,ZNRF2,0.009462786221695533,-0.0217187246988776,0.1990185755142956,-0.0033976366300712,ENSG00000180233,Rest,366.0,34,8,42,-9.61917194661708,True,57.99918252317432,False,>10 DE genes,on-target KD
1576,ZPR1,-0.014161960724065469,-0.1390165904997962,0.6651879140867375,0.621337239110361,ENSG00000109917,Rest,52.0,36,13,49,-3.749418650707137,True,28.096294620514588,False,>10 DE genes,on-target KD
1577,ZRANB2,0.027484040900784445,-0.0056837229642954,0.885893257262025,0.8394625283920969,ENSG00000132485,Rest,291.0,16,23,39,-14.533687470189529,True,95.96251768050226,False,>10 DE genes,on-target KD
1578,ZRSR2,0.15676601234763418,0.1401101609014157,0.7893782887202644,0.7271200234396257,ENSG00000169249,Rest,262.0,117,174,291,-5.210700552514437,True,15.69850213414063,False,>10 DE genes,on-target KD
1579,ZSCAN2,0.08740400593176305,0.0742753921149174,0.400971501507616,0.3547137536703297,ENSG00000176371,Rest,732.0,159,38,197,-6.00563677211975,True,5.775548085207844,False,>10 DE genes,on-target KD
1580,ZSCAN25,0.16892507168630203,0.1442325791123106,0.8399618596025586,0.8319243482438629,ENSG00000197037,Rest,394.0,112,43,155,-4.7297282380024095,True,5.174821510360179,False,>10 DE genes,on-target KD
1581,ZSWIM4,0.11814527111062577,0.0706510462324712,0.475093238929333,0.3875847140019806,ENSG00000132003,Rest,904.0,264,208,472,-4.4065882841273964,True,2.014434893846033,False,>10 DE genes,on-target KD
1582,ZW10,0.0796291342385572,0.0471724661994428,0.6917733608193976,0.662202845566987,ENSG00000086827,Rest,156.0,679,398,1077,-1.542853742677072,False,35.93579532511828,False,>10 DE genes,no on-target KD
1583,ZWINT,0.07696254168652876,0.0237570453981054,0.19975349704712533,0.1541659927202703,ENSG00000122952,Rest,68.0,50,6,56,-6.592092665243054,True,102.45804788609252,False,>10 DE genes,on-target KD
0,A2M,0.03806000874930433,0.0107527919221037,0.7679589361674785,0.7002698427669607,ENSG00000175899,Stim8hr,292.0,67,97,164,0.0,False,,False,>10 DE genes,no on-target KD
1,AAGAB,0.0807216822144294,0.074213143386536,0.8235040123057779,0.7205376035241297,ENSG00000103591,Stim8hr,535.0,27,7,34,-19.26220275480125,True,85.63344306620213,False,>10 DE genes,on-target KD
2,ABCA1,0.06931826852337376,-0.1882526675202934,0.8229787491805932,0.7498764902509213,ENSG00000165029,Stim8hr,239.0,14,28,42,0.0,False,,False,>10 DE genes,no on-target KD
3,ABCA5,0.020848333659095566,0.003777010182988,-0.2165367856550637,-0.2944059892320585,ENSG00000154265,Stim8hr,784.0,28,5,33,-9.06194824942834,True,12.260059117255729,False,>10 DE genes,on-target KD
4,ABCC1,0.10986429284246073,0.0950131849268307,0.8285876097739943,0.7768994574585827,ENSG00000103222,Stim8hr,578.0,33,21,54,-25.20890566642898,True,167.93516349197793,False,>10 DE genes,on-target KD
5,ABHD13,0.041605631407588634,0.0062286534269936,0.25697852471264676,0.1709485296198621,ENSG00000139826,Stim8hr,640.0,124,70,194,-12.601001868074416,True,24.6119664647257,True,>10 DE genes,on-target KD
6,ABHD17A,0.052511833168790135,0.0297445425010142,0.5362422934284439,0.5107647732404772,ENSG00000129968,Stim8hr,441.0,101,22,123,0.0,False,,False,>10 DE genes,no on-target KD
7,ABI3,0.132537077615165,0.0885951132981471,0.8694719886344452,0.8484219881150022,ENSG00000108798,Stim8hr,122.0,91,38,129,-5.44091023261793,True,34.44520761563291,True,>10 DE genes,on-target KD
8,ABT1,0.3304838012149706,0.3024831494645773,0.7836871345350566,0.7650129706502025,ENSG00000146109,Stim8hr,70.0,35,18,53,0.0,False,,False,>10 DE genes,no on-target KD
9,ACAD11,0.07533961655016518,0.0225206708854553,0.6989445527088508,0.6062127692113359,ENSG00000240303,Stim8hr,378.0,265,146,411,-7.961079723779544,True,17.78572872538522,True,>10 DE genes,on-target KD
10,ACLY,0.1709957062039015,0.1016018343359159,0.7377628422684716,0.7153749533598135,ENSG00000131473,Stim8hr,396.0,822,499,1321,-20.366812167232048,True,124.76613909052988,False,>10 DE genes,on-target KD
11,ACO2,-0.01163240524084797,-0.0416102167858643,0.0012569116260821656,-0.0551125130344928,ENSG00000100412,Stim8hr,172.0,55,4,59,-2.8636806537558903,False,42.04007310892101,False,>10 DE genes,no on-target KD
12,ACTB,0.11895437803112514,0.1025745122059845,0.9083239106241198,0.8899231791073522,ENSG00000075624,Stim8hr,689.0,28,18,46,0.0,False,,False,>10 DE genes,no on-target KD
13,ACTR2,0.17734848291546024,0.0745379218029614,0.8089223367675902,0.718107597281701,ENSG00000138071,Stim8hr,255.0,399,184,583,-18.894150489878704,True,157.8756744058086,False,>10 DE genes,on-target KD
14,ACTR3,0.06657189180932672,0.0401736468010796,0.4302111763733798,0.3403976041365661,ENSG00000115091,Stim8hr,274.0,150,59,209,-9.826204141173958,True,77.59480203820787,False,>10 DE genes,on-target KD
15,ACTR5,0.14382186015023782,0.1195333007856579,0.824772836459406,0.7529964726908875,ENSG00000101442,Stim8hr,1218.0,316,269,585,-17.366357008528972,True,31.54245178219749,False,>10 DE genes,on-target KD
16,ACTR8,0.34627205033660546,0.3201685711979432,0.8333573953481479,0.826809227310358,ENSG00000113812,Stim8hr,153.0,419,432,851,-7.535854574396472,True,55.00559858257995,True,>10 DE genes,on-target KD
17,ADAM19,0.044968594564577434,0.0430696403542996,0.49350645268223065,0.4102004270604013,ENSG00000135074,Stim8hr,223.0,256,146,402,-11.408513199886094,True,479.64599272603135,False,>10 DE genes,on-target KD
18,ADAT2,0.20191733128330314,0.1759028143513774,0.8349091135615022,0.7957656635621521,ENSG00000189007,Stim8hr,287.0,352,176,528,-14.048915256797576,True,93.76677572793136,True,>10 DE genes,on-target KD
19,ADAT3,0.245968717295225,0.2326432236751313,0.8795277907036505,0.8582775990462127,ENSG00000213638,Stim8hr,439.0,322,276,598,0.0,False,,False,>10 DE genes,no on-target KD
20,ADGRG5,0.13466117772403388,0.104713353366707,0.7406301510552701,0.6491198127233656,ENSG00000159618,Stim8hr,410.0,26,13,39,-6.29898815658574,True,49.7994860635952,False,>10 DE genes,on-target KD
21,ADM5,0.012631330847231002,-0.0147628362043656,-0.10344523778131703,-0.1390608000132279,ENSG00000224420,Stim8hr,1952.0,25,7,32,-4.184098266110551,True,3.3828709472855616,False,>10 DE genes,on-target KD
22,ADNP,0.07627832802642366,0.014562900133118,0.7851145740147407,0.7658544516285164,ENSG00000101126,Stim8hr,1221.0,29,21,50,-24.71793717915088,True,58.31272828978412,False,>10 DE genes,on-target KD
23,ADNP2,0.19565869771365443,0.1181880645493214,0.9337825944364867,0.9054037882116868,ENSG00000101544,Stim8hr,1065.0,40,52,92,-21.222086777295576,True,47.50945460415405,False,>10 DE genes,on-target KD
24,ADO,0.0305921679678183,-0.1232668858332316,0.9091969361686005,0.8990486214558578,ENSG00000181915,Stim8hr,115.0,26,24,50,-6.06973549465534,True,70.37462326085753,False,>10 DE genes,on-target KD
25,ADRM1,0.13369431735723902,0.12117124391037,0.45350896913624456,0.4162084269813259,ENSG00000130706,Stim8hr,275.0,28,3,31,-15.315175177131987,True,201.3712268506109,False,>10 DE genes,on-target KD
26,AEBP2,0.1835157132847537,0.1706358524844959,0.8704696434981636,0.8465190810592432,ENSG00000139154,Stim8hr,518.0,27,28,55,-23.099562280105808,True,160.44555940958702,False,>10 DE genes,on-target KD
27,AFG3L2,0.29114198458175117,0.0212801096852432,0.6901957846870098,0.5972416926727877,ENSG00000141385,Stim8hr,51.0,51,32,83,-2.63089287528342,False,126.4749004504435,False,>10 DE genes,no on-target KD
28,AGRN,-0.007796196646298765,-0.0987399823544142,0.41669085685936197,0.3917344390956687,ENSG00000188157,Stim8hr,301.0,10,21,31,-3.866036285141788,True,6.184390761446121,False,>10 DE genes,on-target KD
29,AHR,0.40381829904604566,0.3664297291479581,0.8300620782875955,0.7832721756727252,ENSG00000106546,Stim8hr,1080.0,949,828,1777,-17.84083577171312,True,136.4064462618078,False,>10 DE genes,on-target KD
30,AIFM1,0.14956094207342263,0.1442911085886563,0.8604774091036912,0.8086208001302064,ENSG00000156709,Stim8hr,265.0,52,6,58,-11.633401624774432,True,61.22935505397964,True,>10 DE genes,on-target KD
31,AIP,0.15501318501126507,0.129115595775141,0.8585118797940862,0.8218517854466879,ENSG00000110711,Stim8hr,499.0,194,109,303,-29.68431258406681,True,360.6678024306967,False,>10 DE genes,on-target KD
32,AK3,0.06286288605431421,0.0421547735727053,0.27040667840179267,0.1344353320088527,ENSG00000147853,Stim8hr,852.0,177,36,213,-11.563155826045293,True,19.954568621700304,False,>10 DE genes,on-target KD
33,AK5,0.12955012215126357,0.0554253055843524,-0.13576629483592031,-0.2566254922535524,ENSG00000154027,Stim8hr,223.0,24,12,36,0.0,False,,False,>10 DE genes,no on-target KD
34,AKAP10,0.027818011686691502,0.0168132785333349,0.17358721901942267,0.1455945240829605,ENSG00000108599,Stim8hr,306.0,48,8,56,-10.12436049620233,True,39.51398454100525,False,>10 DE genes,on-target KD
35,AKAP17A,0.028501767660965432,-0.0152539268194353,0.689185930277807,0.4745750232419961,ENSG00000197976,Stim8hr,761.0,35,36,71,-18.187131815363166,True,88.43306406071396,False,>10 DE genes,on-target KD
36,AKIRIN2,0.033326203397979336,0.0090343130762661,0.4556370382473289,0.2947427613272352,ENSG00000135334,Stim8hr,226.0,30,7,37,-12.345403246660622,True,119.3667975483939,False,>10 DE genes,on-target KD
37,AKR1A1,0.07175249917076723,0.0620733897231181,0.2711291287380908,0.2150104629622085,ENSG00000117448,Stim8hr,383.0,42,7,49,-9.978510164288254,True,152.0891075077528,True,>10 DE genes,on-target KD
38,ALAS1,0.18567936914076225,0.0717279744566258,0.7168515567319558,0.6776478989861727,ENSG00000023330,Stim8hr,96.0,46,15,61,-4.659713125262166,True,61.38059722000349,False,>10 DE genes,on-target KD
39,ALDH18A1,0.1733614461556341,0.136480122227582,0.882390123781246,0.8525141836392331,ENSG00000059573,Stim8hr,538.0,127,48,175,-13.40345944541909,True,107.26653948996103,False,>10 DE genes,on-target KD
40,ALDOA,0.29384664286868784,0.2084689965419336,0.8356055126210252,0.8231353346894391,ENSG00000149925,Stim8hr,173.0,144,89,233,0.0,False,,False,>10 DE genes,no on-target KD
41,ALG1,0.19933600859168568,0.0889505040807401,0.7231916186073128,0.6693282042143823,ENSG00000033011,Stim8hr,73.0,349,51,400,-3.519349559147316,True,53.6428183387337,False,>10 DE genes,on-target KD
42,ALG12,0.0895375941337045,0.0802036650151305,0.7483296406359625,0.6302651082906736,ENSG00000182858,Stim8hr,710.0,57,11,68,-12.201052757642428,True,27.98570242121664,True,>10 DE genes,on-target KD
43,ALG13,0.13735225136958076,0.1322574931749969,0.7682488768892651,0.7564954181894858,ENSG00000101901,Stim8hr,365.0,152,34,186,-10.038634031308654,True,114.65895615485324,False,>10 DE genes,on-target KD
44,ALG2,0.12367067925913056,0.0387188666494402,0.8088938513904774,0.788149315837136,ENSG00000119523,Stim8hr,213.0,75,32,107,-8.92134373745001,True,69.88814067521925,True,>10 DE genes,on-target KD
45,ALG3,0.0906481528109856,0.089323821870706,0.5358194459218953,0.5204039250844338,ENSG00000214160,Stim8hr,457.0,116,6,122,-17.163613734046656,True,77.77743166788309,False,>10 DE genes,on-target KD
46,ALG6,0.08614832595783127,0.0690046886861142,0.737278385796083,0.6687877362612091,ENSG00000088035,Stim8hr,687.0,193,67,260,-14.309553259613638,True,40.89355940042163,False,>10 DE genes,on-target KD
47,ALG8,0.10917202605910403,0.080817416215169,0.8363403562540204,0.8121889462154145,ENSG00000159063,Stim8hr,711.0,355,195,550,-15.440598724370805,True,42.46544010401874,False,>10 DE genes,on-target KD
48,ALKBH2,0.058222027233721996,0.0150554961760311,-0.02264736145386513,-0.1463681165896352,ENSG00000189046,Stim8hr,363.0,74,33,107,-7.4482039918890175,True,20.70437878986672,False,>10 DE genes,on-target KD
49,AMD1,0.07169133120856166,0.0555897776409744,0.6667495957155744,0.5943830899388245,ENSG00000123505,Stim8hr,350.0,121,73,194,-19.733280421165944,True,136.78950225176212,False,>10 DE genes,on-target KD
50,ANKAR,0.06175289253270677,0.0258114123430224,0.21322673210197696,0.1700315548969276,ENSG00000151687,Stim8hr,375.0,123,13,136,-3.316479141939097,True,3.418955580232757,False,>10 DE genes,on-target KD
51,ANKK1,-0.0438337421039335,-0.0777337734047822,-0.017597045950470697,-0.5270370236139961,ENSG00000170209,Stim8hr,598.0,42,3,45,0.0,False,,False,>10 DE genes,no on-target KD
52,ANKRD10,0.09480613970698855,0.0647819826752472,0.9082992754207267,0.8628807830421562,ENSG00000088448,Stim8hr,165.0,17,17,34,-10.365839395533875,True,120.97682689350523,False,>10 DE genes,on-target KD
53,ANKRD11,0.1700341103507291,0.16146771679952,0.8026866166134843,0.759091027410057,ENSG00000167522,Stim8hr,751.0,31,38,69,-20.40297621867781,True,136.79932097029976,False,>10 DE genes,on-target KD
54,ANKRD17,0.052022197502868794,0.0059553560661872,0.36834423082207324,0.2427107228830506,ENSG00000132466,Stim8hr,290.0,41,5,46,-7.366032810483432,True,137.24939345642704,False,>10 DE genes,on-target KD
55,ANKRD49,0.020485598040774735,-0.0013903645358996,0.6613286419630735,0.5875230506742077,ENSG00000168876,Stim8hr,228.0,50,7,57,-5.611561326837524,True,25.143570250975703,True,>10 DE genes,on-target KD
56,ANKRD61,0.011945168659958568,-0.0171432157464087,0.5830751816844677,0.4617798234575589,ENSG00000157999,Stim8hr,919.0,63,19,82,-1.393747424048395,True,0.5829688800834105,False,>10 DE genes,on-target KD
57,ANKZF1,0.045861302944697806,0.0309207229565866,0.8011830408879635,0.7593169096981703,ENSG00000163516,Stim8hr,228.0,23,16,39,-6.612066384178218,True,22.748042001418792,True,>10 DE genes,on-target KD
58,ANP32B,0.08361195476481104,0.0673636399885593,0.6110790403895986,0.5461541958043531,ENSG00000136938,Stim8hr,337.0,174,100,274,-16.703117659046068,True,102.14270658937023,False,>10 DE genes,on-target KD
59,AP1S2,-0.0399484054410584,-0.0543158997018144,-0.03473612924859767,-0.1577073756510436,ENSG00000182287,Stim8hr,394.0,107,39,146,-9.740506544149367,True,34.62981965567324,False,>10 DE genes,on-target KD
60,APC,0.1542475241334372,0.1203900795759674,0.5170597187037775,0.3143518613384401,ENSG00000134982,Stim8hr,91.0,206,39,245,-3.587534873692923,True,20.35204049659644,False,>10 DE genes,on-target KD
61,APEX1,0.11501503227498172,0.1044262621778941,0.4561528078858877,0.2700910140340021,ENSG00000100823,Stim8hr,667.0,147,63,210,-32.415925237654506,True,194.01326001494985,True,>10 DE genes,on-target KD
62,APMAP,0.013789725217582533,0.0016911544277246,0.4032164805916742,0.3160604306697509,ENSG00000101474,Stim8hr,723.0,31,9,40,-19.29100869498405,True,69.47010935807542,False,>10 DE genes,on-target KD
63,APOBEC3B,-0.030233812961277737,-0.0734411237891743,0.47686688895880486,0.2970822374849126,ENSG00000179750,Stim8hr,914.0,148,37,185,-5.179939629518646,True,4.015406057932343,False,>10 DE genes,on-target KD
64,APPL2,0.32569867093498134,0.2988800854900242,0.6610485469782462,0.6302557861901107,ENSG00000136044,Stim8hr,769.0,407,53,460,-10.020330272107865,True,42.34240825460484,False,>10 DE genes,on-target KD
65,ARF1,0.10233561035547134,0.0927838740363544,0.7636178928592087,0.5561507720777491,ENSG00000143761,Stim8hr,496.0,35,23,58,-13.94040699830986,True,172.30010762821357,False,>10 DE genes,on-target KD
66,ARF4,0.10675116102406003,0.0876970723796457,0.8016634912354585,0.776344623851608,ENSG00000168374,Stim8hr,264.0,125,29,154,-10.85828881723755,True,89.0431397718162,False,>10 DE genes,on-target KD
67,ARFGEF1,0.05328419941936486,0.0265689852362619,0.5250140053699596,0.4609865186646881,ENSG00000066777,Stim8hr,726.0,32,1,33,-17.319207327052947,True,46.09224690611773,False,>10 DE genes,on-target KD
68,ARGLU1,0.03992776101168017,0.0213830947763299,0.6312236152356266,0.5978246339985429,ENSG00000134884,Stim8hr,335.0,31,12,43,-14.408508294696643,True,136.35399430963415,False,>10 DE genes,on-target KD
69,ARHGAP27,0.2332576817983001,0.2157562304430356,0.7359825618838828,0.7320882990184542,ENSG00000159314,Stim8hr,234.0,709,225,934,-6.386096144522551,True,23.812384580919723,False,>10 DE genes,on-target KD
70,ARHGAP30,0.14908295607499247,0.1434648038220513,0.9072140631559876,0.8928170494699693,ENSG00000186517,Stim8hr,1227.0,124,175,299,-32.49304273926119,True,147.66456794012248,False,>10 DE genes,on-target KD
71,ARHGAP45,0.1309621679229546,0.1064033347200411,0.9088672932357741,0.8879474171852902,ENSG00000180448,Stim8hr,346.0,29,21,50,-7.686299384928706,True,58.174143754702456,False,>10 DE genes,on-target KD
72,ARHGEF5,0.07463012456412253,0.0434509246430256,0.5974663913072452,0.5418700712353285,ENSG00000050327,Stim8hr,329.0,14,24,38,-4.462417760399131,True,6.049048849724314,False,>10 DE genes,on-target KD
73,ARID1A,0.0535006431276057,-0.0325244745948151,0.5906223588938224,0.4686891751214808,ENSG00000117713,Stim8hr,138.0,78,22,100,-4.744824237099287,True,103.08790714462,False,>10 DE genes,on-target KD
74,ARID2,0.10597286058106097,0.0859656095788816,0.593609661156936,0.4855308883845461,ENSG00000189079,Stim8hr,873.0,145,71,216,-16.766453703494445,True,69.61019902474563,False,>10 DE genes,on-target KD
75,ARID4B,0.13611226355341677,0.1113411983773116,0.8204857801406407,0.7699001327674939,ENSG00000054267,Stim8hr,272.0,192,50,242,-12.376928236739683,True,84.15026019896219,False,>10 DE genes,on-target KD
76,ARID5B,0.046883279017742197,0.040236297728902,0.7303935377191486,0.675721862534114,ENSG00000150347,Stim8hr,304.0,53,8,61,-0.2998559875675536,False,178.57580262013846,False,>10 DE genes,no on-target KD
77,ARIH1,0.1782415786822562,0.1558807040443492,0.6991994829751137,0.6514810762800709,ENSG00000166233,Stim8hr,334.0,429,172,601,-14.155651958105896,True,63.63923893957264,False,>10 DE genes,on-target KD
78,ARL4D,0.0937099293885526,0.0662438018847018,0.7753271284228037,0.70501438520318,ENSG00000175906,Stim8hr,570.0,9,22,31,-2.5975417982890634,False,1.2788633374616032,False,>10 DE genes,no on-target KD
79,ARL5B,-0.0204909504480866,-0.0427919070968739,0.7945154690100589,0.7323643927820884,ENSG00000165997,Stim8hr,1170.0,45,15,60,-7.306107684374265,True,30.92965442378832,True,>10 DE genes,on-target KD
80,ARMC8,0.0089257335088675,-0.0247585315991549,0.0690085510514099,0.0146057528729158,ENSG00000114098,Stim8hr,1307.0,69,16,85,-27.980158409116683,True,93.24770233900269,False,>10 DE genes,on-target KD
81,ARNT,0.40108767452715677,0.3613118778865162,0.8523013769842608,0.8374243272645707,ENSG00000143437,Stim8hr,844.0,1509,1134,2643,-14.1844449860405,True,29.64951544780498,False,>10 DE genes,on-target KD
82,ARPC1B,0.03333759932976127,0.0001198317717231,0.5009972639101603,0.3558879048268966,ENSG00000130429,Stim8hr,456.0,34,10,44,-16.087957206167744,True,280.15430678509364,False,>10 DE genes,on-target KD
83,ARPC2,0.17016726648995487,0.1285012643828013,0.6916441508732135,0.6106530247928887,ENSG00000163466,Stim8hr,250.0,750,289,1039,-18.0333091589308,True,158.56640726424226,False,>10 DE genes,on-target KD
84,ARPC3,0.14939632811228343,0.0986976666033681,0.6105747864860331,0.5793819757761696,ENSG00000111229,Stim8hr,235.0,644,262,906,-11.771401813390504,True,73.27739473065614,False,>10 DE genes,on-target KD
85,ARPC4-TTLL3,0.16406479025387347,0.1285048105676576,0.7961596207824347,0.7628606110675042,ENSG00000250151,Stim8hr,1295.0,452,193,645,0.0,False,,False,>10 DE genes,no on-target KD
86,ARRDC4,0.23545488798752004,0.2122751021224702,0.7309277968498757,0.7005619924929931,ENSG00000140450,Stim8hr,105.0,485,136,621,-0.5439348242983211,False,0.7324140348722651,False,>10 DE genes,no on-target KD
87,ARSK,0.04467773889296337,0.0213119816754522,0.9153120006758435,0.8909231677618723,ENSG00000164291,Stim8hr,498.0,60,25,85,-4.241639668889425,False,3.2225844367449428,True,>10 DE genes,putative off-target
88,ASNA1,0.10107746726309559,0.0832621509961809,0.776499937323754,0.6708572600123904,ENSG00000198356,Stim8hr,114.0,94,90,184,-10.039993226552166,True,95.24979999299816,False,>10 DE genes,on-target KD
89,ASXL1,0.16314113500013447,0.1464638011406753,0.7232645776923997,0.6816037298115901,ENSG00000171456,Stim8hr,854.0,10,32,42,-37.5080155845783,True,309.7186389996396,False,>10 DE genes,on-target KD
90,ATAD5,0.48379556234410925,0.4492064574287283,0.7886688457419558,0.738655856499341,ENSG00000176208,Stim8hr,1299.0,2379,1218,3597,-21.410092823907394,True,55.80964963658052,True,>10 DE genes,on-target KD
91,ATF4,0.20187233594946552,0.1671725291236501,0.7792552107581425,0.7579787024876673,ENSG00000128272,Stim8hr,175.0,655,407,1062,-8.996019991844117,True,66.49378446837073,False,>10 DE genes,on-target KD
92,ATF7IP2,0.21787451493201715,0.1936670529955013,0.35677299529021633,0.2727177079324157,ENSG00000166669,Stim8hr,2412.0,2102,629,2731,-15.165205141858202,True,12.841361418699147,False,>10 DE genes,on-target KD
93,ATG12,0.17219668823801307,0.0497599471973499,0.4720029640606416,0.3976019612476439,ENSG00000145782,Stim8hr,624.0,154,23,177,-19.81573682459544,True,78.20636553469997,True,>10 DE genes,on-target KD
94,ATG9A,-0.013032759162206533,-0.0437854511671261,0.6448862324317373,0.5796081966769703,ENSG00000198925,Stim8hr,509.0,21,11,32,-9.814929251542296,True,20.053702983811466,True,>10 DE genes,on-target KD
95,ATIC,0.05918964045275656,-0.0066782456077481,0.7630218963586278,0.6968972119128721,ENSG00000138363,Stim8hr,73.0,103,78,181,-13.209654675301785,True,260.5227444893946,False,>10 DE genes,on-target KD
96,ATL1,0.01831404543010243,-0.021376039622961,0.27940948993171427,-0.2457305621690134,ENSG00000198513,Stim8hr,647.0,152,28,180,-2.1947464823449963,False,1.35100563570981,False,>10 DE genes,no on-target KD
97,ATM,0.07950720771500967,0.052711905851647,0.8310813399399789,0.793780279656901,ENSG00000149311,Stim8hr,694.0,44,27,71,-14.417877704558215,True,33.762660834744054,False,>10 DE genes,on-target KD
98,ATP1B3,0.14977511865551146,0.146578063818268,0.5635761272007752,0.451075222241977,ENSG00000069849,Stim8hr,228.0,186,30,216,-11.833498073956582,True,158.8492200844655,False,>10 DE genes,on-target KD
99,ATP23,0.06264494142480409,0.0179693954278571,0.6907666011570752,0.612776652116336,ENSG00000166896,Stim8hr,1098.0,49,18,67,-9.848334081855125,True,10.096181913279745,False,>10 DE genes,on-target KD
100,ATP2A2,0.5026129099828293,0.469703605446264,0.7077880423950172,0.6779519954443823,ENSG00000174437,Stim8hr,248.0,2255,1005,3260,-15.645571410880336,True,169.55156178302295,False,>10 DE genes,on-target KD
101,ATP2A3,0.09702109157608074,0.0700510866765166,0.8449015974988973,0.8186125159574246,ENSG00000074370,Stim8hr,315.0,52,28,80,-8.800641773558782,True,33.45472670302497,False,>10 DE genes,on-target KD
102,ATP2B1,0.04610863420976224,0.0286997522908251,0.8325248229331867,0.8023904406701335,ENSG00000070961,Stim8hr,254.0,24,19,43,-5.915728934284946,True,37.40081035878295,False,>10 DE genes,on-target KD
103,ATP5F1A,0.11788895137336357,0.0705427049597968,0.7554341640835572,0.6591284661153941,ENSG00000152234,Stim8hr,399.0,72,25,97,-19.120578107624308,True,99.13357941788882,True,>10 DE genes,on-target KD
104,ATP5MC1,0.016000392424221434,-0.0295529229620082,-0.012296857079584195,-0.1407378559810229,ENSG00000159199,Stim8hr,630.0,41,8,49,-14.17862744168472,True,33.97649582264794,False,>10 DE genes,on-target KD
105,ATP5ME,0.1430465056761484,0.1165593748359978,0.8492289089164156,0.813991980777534,ENSG00000169020,Stim8hr,252.0,74,27,101,-14.038880112479324,True,114.71580555585945,True,>10 DE genes,on-target KD
106,ATP5PF,0.3151746102611939,-0.0300615417341278,0.8565014337371263,0.7877836626229566,ENSG00000154723,Stim8hr,87.0,41,32,73,-2.454356471294895,False,9.177837942425471,True,>10 DE genes,putative off-target
107,ATP5PO,0.20874879467046512,0.1813857760298531,0.7677487318021591,0.7481249867593953,ENSG00000241837,Stim8hr,412.0,63,31,94,-5.404041102992315,True,5.579821779217464,False,>10 DE genes,on-target KD
108,ATP6V0A2,0.1059819135493324,0.0284383410749926,0.4283021052873112,0.1698606117476147,ENSG00000185344,Stim8hr,140.0,27,13,40,-9.114109334129202,True,85.35630393885897,False,>10 DE genes,on-target KD
109,ATP8B1,0.009071161780812768,-0.0062790714716717,-0.0442198608358888,-0.0829895753124685,ENSG00000081923,Stim8hr,404.0,497,165,662,0.0,False,,False,>10 DE genes,no on-target KD
110,ATRX,0.2875262768096069,0.2812996585876299,0.7607477583994742,0.7324354427015937,ENSG00000085224,Stim8hr,421.0,560,271,831,-15.36785354393968,True,58.77523079223167,False,>10 DE genes,on-target KD
111,ATXN10,0.15019487617239247,0.0996593629601206,0.6367484115836616,0.6089068877524139,ENSG00000130638,Stim8hr,68.0,940,366,1306,-8.597546394696378,True,115.30849882981866,False,>10 DE genes,on-target KD
112,ATXN2L,0.09058581342523231,0.0759498058611003,0.8190699048986979,0.7792085838547708,ENSG00000168488,Stim8hr,404.0,56,64,120,-18.917188595392027,True,120.80416476530512,False,>10 DE genes,on-target KD
113,ATXN7L3,0.30455181797640624,0.2694289866213712,0.6814738166139285,0.6415950306428354,ENSG00000087152,Stim8hr,1174.0,1300,642,1942,-13.557483353777297,True,28.061420664047706,False,>10 DE genes,on-target KD
114,AUP1,0.0822764429232654,0.0561969056446011,0.7516943532600608,0.7111765919527017,ENSG00000115307,Stim8hr,659.0,90,38,128,-13.96580639273371,True,66.2579009960597,True,>10 DE genes,on-target KD
115,AVEN,0.0733842653782614,0.0487838467390121,0.8480204936524881,0.8283570236278862,ENSG00000169857,Stim8hr,375.0,116,41,157,-13.114138803755644,True,47.41617061426426,False,>10 DE genes,on-target KD
116,B4GALT1,0.0683130389157721,-0.008767626345182,0.8153582407864355,0.7565837713695124,ENSG00000086062,Stim8hr,550.0,7,29,36,-20.140810477920564,True,125.5792370245101,False,>10 DE genes,on-target KD
117,BAHD1,0.18942030921345562,0.1638828607677012,0.6573867116446823,0.5852827261751061,ENSG00000140320,Stim8hr,388.0,88,8,96,-13.749327266557064,True,55.96704029805537,False,>10 DE genes,on-target KD
118,BAP1,0.035853952571738366,0.0091520538920449,0.5715292342476903,0.3477021823425122,ENSG00000163930,Stim8hr,57.0,70,96,166,-3.820194698033344,True,58.96017444968382,False,>10 DE genes,on-target KD
119,BATF,0.19216542485717206,0.122982191755658,0.7900749273249362,0.7742800534554163,ENSG00000156127,Stim8hr,135.0,373,287,660,-15.805025015383393,True,282.07146856899425,False,>10 DE genes,on-target KD
120,BAX,0.15621176817644178,0.1479334817455942,0.5166585585176806,0.3851998201558149,ENSG00000087088,Stim8hr,214.0,14,22,36,-13.096799923081912,True,405.8239734519936,False,>10 DE genes,on-target KD
121,BBS10,0.0705970475391874,0.0129706127439891,0.353852470682841,0.1774189978710399,ENSG00000179941,Stim8hr,1411.0,62,17,79,-10.424105606562218,True,9.533512601706985,False,>10 DE genes,on-target KD
122,BCAP29,0.018382004842186602,0.0152254421039053,-0.16006748592201878,-0.2431409499572427,ENSG00000075790,Stim8hr,509.0,100,5,105,-15.358994790048872,True,51.8708322315341,False,>10 DE genes,on-target KD
123,BCAT2,0.5284375322102681,0.5150825232876096,0.7847017767061941,0.7826385331504413,ENSG00000105552,Stim8hr,198.0,2736,942,3678,-5.669235678926915,True,48.06703588579499,False,>10 DE genes,on-target KD
124,BCKDHA,0.27202066211767884,0.1922171881758821,0.6170413831944844,0.5235943937764131,ENSG00000248098,Stim8hr,61.0,312,62,374,-3.2950665187875523,True,26.2028241942299,False,>10 DE genes,on-target KD
125,BCL10,0.2643774578511376,0.1888634019585277,0.7107279712771969,0.5672868214637314,ENSG00000142867,Stim8hr,687.0,2190,1266,3456,-13.113211002631488,True,41.97375066832826,False,>10 DE genes,on-target KD
126,BCL11B,0.28013620000288547,0.2175788716400119,0.7323062425223258,0.6241644161211981,ENSG00000127152,Stim8hr,209.0,945,440,1385,0.0,False,,False,>10 DE genes,no on-target KD
127,BCL3,0.1260460994003237,0.0951320345042291,0.8487303836675858,0.8074724883826815,ENSG00000069399,Stim8hr,179.0,45,68,113,-12.723267865010468,True,150.9471507330673,False,>10 DE genes,on-target KD
128,BCLAF1,0.10943725418641866,0.1009699699319798,0.9138190722351153,0.8934580850390265,ENSG00000029363,Stim8hr,635.0,64,43,107,-14.739506400267024,True,40.32734430397576,False,>10 DE genes,on-target KD
129,BCOR,0.05405887887538186,-0.0439581179141983,0.7743025213187106,0.743994163219594,ENSG00000183337,Stim8hr,1290.0,31,11,42,-8.988576585053798,True,145.58607210942196,False,>10 DE genes,on-target KD
130,BCS1L,0.18860559767528098,0.1475120913130185,0.7619252976543155,0.7345412719126186,ENSG00000074582,Stim8hr,288.0,719,368,1087,-10.255666298668984,True,51.433004991518565,True,>10 DE genes,on-target KD
131,BEGAIN,0.0845034293388453,0.0731969892533337,0.8212305688496674,0.8026430399133224,ENSG00000183092,Stim8hr,662.0,20,24,44,-1.116811637987526,True,0.8437780553173722,False,>10 DE genes,on-target KD
132,BHLHE40,0.35724466373138064,0.3494792050167683,0.8397832143867467,0.8366251348016195,ENSG00000134107,Stim8hr,972.0,729,1268,1997,-17.857106625639812,True,467.9295365905351,False,>10 DE genes,on-target KD
133,BLOC1S2,0.06565170914684833,0.0529349541835314,-0.03442298013609543,-0.043084378988638,ENSG00000196072,Stim8hr,343.0,24,21,45,-17.69105565334947,True,120.04588899712986,False,>10 DE genes,on-target KD
134,BLOC1S4,0.07809469843074167,0.0576022978153417,0.7459076321636161,0.6985471185676362,ENSG00000186222,Stim8hr,245.0,39,43,82,-8.085141997137343,True,35.9212214432048,False,>10 DE genes,on-target KD
135,BMI1,0.11253532664817684,0.1037605852890676,0.771128505006805,0.7313296009918694,ENSG00000168283,Stim8hr,148.0,25,67,92,-11.692447272096382,True,130.4279377270559,False,>10 DE genes,on-target KD
136,BORCS8-MEF2B,0.03389499527320867,0.0098212204978362,0.9139727745483895,0.907585272764874,ENSG00000064489,Stim8hr,786.0,4,28,32,0.0,False,,False,>10 DE genes,no on-target KD
137,BPTF,0.22121095841352148,0.2069090188113072,0.8197743533969578,0.809657414035621,ENSG00000171634,Stim8hr,279.0,229,375,604,-10.700764047586109,True,73.57726702347786,False,>10 DE genes,on-target KD
138,BRD1,0.2953753639839431,0.2782785864953648,0.8298627179372614,0.8122098130979422,ENSG00000100425,Stim8hr,187.0,109,183,292,-12.360408858965396,True,96.7038430408632,False,>10 DE genes,on-target KD
139,BRD7,0.09648702010434607,0.0629655129914361,0.767961199021287,0.7475943893340138,ENSG00000166164,Stim8hr,1041.0,25,20,45,-26.125682070851067,True,135.8338710252145,False,>10 DE genes,on-target KD
140,BRD8,0.39997524440301024,0.3540174432823443,0.6980317533390408,0.687971217907155,ENSG00000112983,Stim8hr,372.0,2377,1316,3693,-10.03872486841051,True,41.934418880606266,True,>10 DE genes,on-target KD
141,BRD9,0.14700736933306616,0.141321055847105,0.9020713877530867,0.8844478857470213,ENSG00000028310,Stim8hr,207.0,67,31,98,-10.444968462021883,True,62.136858993398334,True,>10 DE genes,on-target KD
142,BRK1,0.18618357665338117,0.1651324485176766,0.687455762075759,0.6561879995567154,ENSG00000254999,Stim8hr,421.0,922,355,1277,-13.597903956757454,True,48.46938852513932,False,>10 DE genes,on-target KD
143,BRMS1,0.19159789676245084,0.1746676946506318,0.8406660332750288,0.8334797703915535,ENSG00000174744,Stim8hr,963.0,450,473,923,-34.03235463193955,True,132.44618127188818,True,>10 DE genes,on-target KD
144,BRPF1,0.3551130499571658,0.3409486495018456,0.786363395176657,0.7706705275544717,ENSG00000156983,Stim8hr,670.0,862,926,1788,-16.502082893558093,True,56.45845935113045,False,>10 DE genes,on-target KD
145,BRWD1,0.014236658664663768,-0.0085599677140639,0.4659950131472786,0.4227338562483491,ENSG00000185658,Stim8hr,848.0,32,8,40,-12.695402733127503,True,27.7293823577443,False,>10 DE genes,on-target KD
146,BTAF1,0.22588126212348703,0.2119574564179706,0.7936375705406563,0.7751808183556048,ENSG00000095564,Stim8hr,702.0,872,621,1493,-21.72385678835028,True,85.04242815962579,False,>10 DE genes,on-target KD
147,BTBD2,0.00021453929620563337,-0.0036428892700594,-0.20410949015543425,-0.2713890089555061,ENSG00000133243,Stim8hr,690.0,71,22,93,-3.005475698353839,False,28.40538998580008,False,>10 DE genes,no on-target KD
148,C11orf54,0.04873988095558143,0.0357029713313994,0.6296103762356126,0.5346365256274606,ENSG00000182919,Stim8hr,635.0,102,57,159,-6.417906370600576,True,34.177767703331206,False,>10 DE genes,on-target KD
149,C11orf68,-0.015386555800087602,-0.0423441573948538,0.5856985668431939,0.5028504365878641,ENSG00000175573,Stim8hr,494.0,73,75,148,-9.286682486453955,True,20.58096938400876,True,>10 DE genes,on-target KD
150,C16orf72,0.13825211911301227,0.1286942524504155,0.7795264747834453,0.7627389504724645,ENSG00000182831,Stim8hr,1043.0,205,228,433,-32.81847842151823,True,142.29848282220186,False,>10 DE genes,on-target KD
151,C16orf87,0.10093299509311264,0.0527631068998838,0.5550562984927027,0.4790217753233163,ENSG00000155330,Stim8hr,596.0,114,68,182,-21.80292638880316,True,143.1988814334241,False,>10 DE genes,on-target KD
152,C18orf32,0.04928913497192633,-0.048807360269629,0.7894923961024017,0.7587173734812359,ENSG00000177576,Stim8hr,224.0,47,27,74,-10.06265297080134,True,62.78461113662503,False,>10 DE genes,on-target KD
153,C19orf54,0.042570507033023564,0.0251594237147838,0.8110669381246143,0.8014706055103191,ENSG00000188493,Stim8hr,382.0,16,26,42,-5.047581621321965,False,8.002746552300367,True,>10 DE genes,putative off-target
154,C1D,0.22227718736850824,0.193691752930658,0.7360838885533308,0.7109695060081898,ENSG00000197223,Stim8hr,269.0,682,278,960,-11.48845158583641,True,64.92994411825207,False,>10 DE genes,on-target KD
155,C1S,0.0104133669173325,-0.0008829663268382,0.6352159468772091,0.5349806997839063,ENSG00000182326,Stim8hr,356.0,83,32,115,0.0,False,,False,>10 DE genes,no on-target KD
156,C1orf109,0.1458872447744848,0.0982343015754711,0.6753333972015954,0.6320241392417298,ENSG00000116922,Stim8hr,367.0,226,66,292,-2.610283899138232,False,54.6907275408959,False,>10 DE genes,no on-target KD
157,C1orf115,0.057293750770043866,0.0276140937366819,0.7758364497143369,0.730509532672731,ENSG00000162817,Stim8hr,537.0,26,17,43,0.0,False,,False,>10 DE genes,no on-target KD
158,C2CD2L,-0.0593531744059475,-0.0866621325191302,0.15245684004051693,0.1036454871116274,ENSG00000172375,Stim8hr,284.0,57,6,63,-6.60835591602004,True,22.58185597316855,False,>10 DE genes,on-target KD
159,C2CD5,0.06340902440368819,0.0489002987685569,0.8081076813247491,0.7740599526929313,ENSG00000111731,Stim8hr,809.0,29,32,61,-17.64199265211617,True,48.83920594703918,False,>10 DE genes,on-target KD
160,C6orf120,0.03727591739026343,0.0215240889097394,0.3263755423761994,0.1218126514979306,ENSG00000185127,Stim8hr,954.0,32,8,40,-20.466297590677364,True,64.1330105843895,True,>10 DE genes,on-target KD
161,C6orf203,0.26888634573226405,0.2251749011257225,0.9138435265549393,0.8776263300999998,ENSG00000130349,Stim8hr,138.0,25,11,36,-5.090072720556224,True,18.930103691793526,False,>10 DE genes,on-target KD
162,C7orf26,0.11339129924001863,0.0904276209681543,0.7883813485306681,0.7357167992434144,ENSG00000146576,Stim8hr,201.0,212,84,296,-11.7251923615863,True,96.13443180336778,False,>10 DE genes,on-target KD
163,C7orf55-LUC7L2,0.2349349240718559,0.221032011663028,0.8082336080663869,0.7836457988748913,ENSG00000269955,Stim8hr,714.0,485,171,656,0.0,False,,False,>10 DE genes,no on-target KD
164,C8orf33,0.0871576550004393,0.0850410690119631,-0.20855541497548732,-0.3219968513070838,ENSG00000182307,Stim8hr,627.0,61,24,85,-24.49845336823674,True,123.45744064590257,False,>10 DE genes,on-target KD
165,C8orf82,0.2894319549356618,0.249985098490782,0.7215020081835865,0.5881167035293614,ENSG00000213563,Stim8hr,125.0,88,48,136,0.2089375991823869,False,0.329472407844691,False,>10 DE genes,no on-target KD
166,C9orf64,0.1289384669060035,0.1061408373166435,0.327573010268446,0.3076377619277997,ENSG00000165118,Stim8hr,81.0,67,29,96,-4.453109545322328,True,42.08843994666389,False,>10 DE genes,on-target KD
167,CAB39,0.040460879087829034,0.0113288789845426,0.005325657578457298,-0.117588596831819,ENSG00000135932,Stim8hr,669.0,109,20,129,-15.983469072568257,True,365.5681818100018,False,>10 DE genes,on-target KD
168,CABIN1,0.1620733033848247,0.1120904124646497,0.7738438222916803,0.7418596988059685,ENSG00000099991,Stim8hr,305.0,116,75,191,-7.663605453317666,True,36.0704380290528,False,>10 DE genes,on-target KD
169,CABP5,-0.0773464737801336,-0.1160092853562943,-0.29697909783555393,-0.3395304419199571,ENSG00000105507,Stim8hr,678.0,49,12,61,0.0,False,,False,>10 DE genes,no on-target KD
170,CACHD1,-0.0037443139594559327,-0.0389418948402021,-0.13283648464380318,-0.17826919113465,ENSG00000158966,Stim8hr,240.0,118,41,159,0.0,False,,False,>10 DE genes,no on-target KD
171,CAD,0.3805217987825115,0.1038370957213334,0.7793819559955245,0.7532219988224231,ENSG00000084774,Stim8hr,90.0,374,236,610,-5.493505970429713,True,51.08146519317567,True,>10 DE genes,on-target KD
172,CALCOCO2,0.3573146486973983,0.3062792077810017,0.6828117742313982,0.5932569912019868,ENSG00000136436,Stim8hr,488.0,1793,559,2352,-13.131464260901431,True,50.36655367904381,False,>10 DE genes,on-target KD
173,CAMSAP1,0.2775470677146444,0.1832468569955075,0.7957786791286926,0.7707146101482197,ENSG00000130559,Stim8hr,154.0,591,272,863,-6.240119553261474,True,33.936158008712084,False,>10 DE genes,on-target KD
174,CAND1,0.21527234257022312,0.1995074754954354,0.7760884215459942,0.7090730392745411,ENSG00000111530,Stim8hr,862.0,702,457,1159,-40.10763809249842,True,209.59562327657187,False,>10 DE genes,on-target KD
175,CAP1,0.004268853021766564,-0.0671571677079297,0.8564855233712493,0.8200171417309815,ENSG00000131236,Stim8hr,254.0,62,40,102,-5.394785636688769,True,10.296037247764,False,>10 DE genes,on-target KD
176,CAPZA1,0.12868057200323016,0.1049836971852371,0.8098863519502927,0.6913201808171188,ENSG00000116489,Stim8hr,278.0,27,28,55,-21.86689575262942,True,190.60917952759905,False,>10 DE genes,on-target KD
177,CARD11,0.3569465931880118,0.0737028183521734,0.7304389848618147,0.6933926817078844,ENSG00000198286,Stim8hr,64.0,320,87,407,-4.461677015374857,True,56.862030168111474,False,>10 DE genes,on-target KD
178,CARM1,0.09908484310896597,0.0314685257186423,0.688500989257466,0.6062806463877943,ENSG00000142453,Stim8hr,550.0,133,70,203,-26.259583190371064,True,188.2866862025636,False,>10 DE genes,on-target KD
179,CARMIL2,0.17768397396618582,0.1658559691481741,0.6016208178272419,0.5067465438524148,ENSG00000159753,Stim8hr,512.0,1650,895,2545,-17.935612295155313,True,137.19419246164733,False,>10 DE genes,on-target KD
180,CARNMT1,0.10448149430721232,0.0818235894231027,0.8749109226438788,0.8301099195592481,ENSG00000156017,Stim8hr,947.0,24,23,47,-25.21973326786357,True,140.95129808732392,False,>10 DE genes,on-target KD
181,CASC3,0.18954095144984184,0.1779615929106147,0.7057294241012456,0.700174416002405,ENSG00000108349,Stim8hr,287.0,1101,330,1431,-20.55603999544314,True,150.0559279977044,False,>10 DE genes,on-target KD
182,CASP3,0.16084918063205927,-0.0251715548850982,0.8715415076422359,0.8322504960476685,ENSG00000164305,Stim8hr,1597.0,192,230,422,-37.32787045085588,True,212.2812299599624,True,>10 DE genes,on-target KD
183,CBFB,0.2063653970284912,0.1891446543104885,0.666573513855472,0.5906092008329799,ENSG00000067955,Stim8hr,112.0,655,435,1090,-11.58689385438696,True,289.24043470268947,False,>10 DE genes,on-target KD
184,CBLB,0.2381226444703587,0.1926231742949512,0.7925453671110761,0.7568073125492314,ENSG00000114423,Stim8hr,1057.0,525,503,1028,-15.991721461146271,True,193.9172414539895,False,>10 DE genes,on-target KD
185,CBLL1,0.09232707650951998,0.0843629980829377,0.46619596130340685,0.3592105974907003,ENSG00000105879,Stim8hr,256.0,326,206,532,-9.147561531274714,True,51.102716665958354,False,>10 DE genes,on-target KD
186,CBX1,0.06920575583831994,0.0361677465461278,0.5266653314054425,0.447604888311244,ENSG00000108468,Stim8hr,370.0,37,7,44,-5.982101822140961,True,9.64999986568024,False,>10 DE genes,on-target KD
187,CBX3,0.06783987758364163,0.0486609997607355,0.7842954249493319,0.7634887239131549,ENSG00000122565,Stim8hr,825.0,76,21,97,-40.81175971122617,True,288.6142676832618,False,>10 DE genes,on-target KD
188,CBX5,0.0424175498374454,0.0260072029405285,0.8384467026036093,0.8237228330117459,ENSG00000094916,Stim8hr,1353.0,86,147,233,-25.194838194437885,True,63.05330298350088,False,>10 DE genes,on-target KD
189,CCAR1,0.3194012724947913,0.0555971212939569,0.5016733572289928,0.3237689247474527,ENSG00000060339,Stim8hr,64.0,66,40,106,-2.8554358302338687,True,23.32392609966314,False,>10 DE genes,on-target KD
190,CCAR2,0.09113831803099783,0.0664734977321898,0.3665113388201611,-0.0315941921868646,ENSG00000158941,Stim8hr,1253.0,9,22,31,-22.34122031291285,True,78.90035863629342,True,>10 DE genes,on-target KD
191,CCDC12,-0.009333081678923634,-0.0468199068010722,0.5669564046017287,0.4827612932145261,ENSG00000160799,Stim8hr,162.0,359,235,594,-3.067652134376165,True,86.91201617680929,False,>10 DE genes,on-target KD
192,CCDC134,0.10966099596634743,0.0928516864509731,0.5141662447569798,0.475837059726905,ENSG00000100147,Stim8hr,653.0,27,5,32,-11.319429070011696,True,25.005969475853885,False,>10 DE genes,on-target KD
193,CCDC136,0.0404484889046699,0.017742666525398,-0.2504358412640289,-0.2753110669506524,ENSG00000128596,Stim8hr,551.0,32,6,38,-2.100040415795628,False,0.9174345839668978,False,>10 DE genes,no on-target KD
194,CCDC138,0.008420172324185267,-0.0169689008759506,0.1605349357932909,0.1089103186090729,ENSG00000163006,Stim8hr,888.0,785,177,962,-14.676485042112624,True,29.433517296242744,False,>10 DE genes,on-target KD
195,CCDC28B,0.09915544380288903,0.0855866548918433,0.838600174629001,0.786566240944647,ENSG00000160050,Stim8hr,90.0,19,16,35,-2.320589298615158,True,11.756421851749998,False,>10 DE genes,on-target KD
196,CCDC59,0.0277910900549171,0.0046023873970184,0.8287149922534889,0.7946243670029445,ENSG00000133773,Stim8hr,100.0,34,40,74,-8.276434449434428,True,190.8545150983701,False,>10 DE genes,on-target KD
197,CCDC6,0.07107391454834551,0.0080538717201701,0.646814211818902,0.6317884367334498,ENSG00000108091,Stim8hr,209.0,157,28,185,-15.445445210213236,True,141.291567081308,False,>10 DE genes,on-target KD
198,CCDC93,0.13224252769320166,0.1200954885816648,0.7830496896112621,0.7171814098877659,ENSG00000125633,Stim8hr,319.0,37,55,92,-7.573015298196775,True,26.030051148777865,False,>10 DE genes,on-target KD
199,CCNA2,0.2742498817037101,0.1784071758705527,0.6663306788397877,0.6324599148103726,ENSG00000145386,Stim8hr,1443.0,658,160,818,-5.232565427559492,True,91.86615838339544,True,>10 DE genes,on-target KD
200,CCNC,0.20387732389065574,0.1380104447926734,0.5280183371004017,0.4580633894994946,ENSG00000112237,Stim8hr,3668.0,1441,830,2271,-41.36951285831497,True,129.00128906373314,False,>10 DE genes,on-target KD
201,CCND2,0.16265890611282816,0.1507248194703758,0.762442871764474,0.7218379391515873,ENSG00000118971,Stim8hr,707.0,384,937,1321,-26.17590141254648,True,364.894664488444,False,>10 DE genes,on-target KD
202,CCNE1,0.10007576163834823,0.082655849674864,0.6709748034018298,0.6667216403726458,ENSG00000105173,Stim8hr,214.0,15,30,45,-7.238611807195991,True,33.67117640793313,False,>10 DE genes,on-target KD
203,CCNF,0.16494355161850935,0.1540287668067659,0.5704452725624852,0.5148789211741018,ENSG00000162063,Stim8hr,497.0,60,65,125,-11.953050924377877,True,50.10003105037952,False,>10 DE genes,on-target KD
204,CCNK,0.11951184149673137,0.1128305162469325,0.7118508892222971,0.6636203669153843,ENSG00000090061,Stim8hr,258.0,304,358,662,-12.016829254914038,True,104.496775435372,True,>10 DE genes,on-target KD
205,CCNQ,0.16463167729754405,0.0650506664633583,0.7748607322053066,0.7503499390853543,ENSG00000262919,Stim8hr,249.0,478,299,777,-9.525613340784812,True,46.03634415577388,False,>10 DE genes,on-target KD
206,CCR4,0.021428569603112197,-0.0028463349091499,0.015038069129302898,-0.0055199508413266,ENSG00000183813,Stim8hr,437.0,53,8,61,-11.087061379957031,True,392.6927673517097,False,>10 DE genes,on-target KD
207,CCR6,0.045307217846540036,0.0260192596432453,0.22062959062521606,0.1688703403585616,ENSG00000112486,Stim8hr,559.0,27,6,33,-0.1703855022258541,False,0.593605744316915,True,>10 DE genes,putative off-target
208,CCS,0.21816432864782728,0.1874317752674569,0.7273430462491645,0.6924987273895704,ENSG00000173992,Stim8hr,193.0,648,237,885,-4.146947658007219,True,9.981444729359868,False,>10 DE genes,on-target KD
209,CD2,0.2303321440303213,0.1924569312735138,0.8374934879882998,0.8249416645997458,ENSG00000116824,Stim8hr,378.0,354,315,669,-50.578725404681904,True,1719.681607512678,False,>10 DE genes,on-target KD
210,CD244,0.10179336781209285,-0.0524593601435807,0.1598964684748046,0.1066999107522817,ENSG00000122223,Stim8hr,2620.0,51,1,52,0.0,False,,False,>10 DE genes,no on-target KD
211,CD247,0.55181021522921,0.5224027958679217,0.8224811519182627,0.8036216147090709,ENSG00000198821,Stim8hr,412.0,2971,1359,4330,-11.933472010237974,True,167.5185768467658,False,>10 DE genes,on-target KD
212,CD274,-0.010864509666942399,-0.0300194518746101,0.13271375226650606,0.0147721126473005,ENSG00000120217,Stim8hr,1490.0,139,28,167,-13.196582436494383,True,66.69075974259219,False,>10 DE genes,on-target KD
213,CD28,0.2358824209934657,0.2033117625669483,0.7978241204563195,0.779033612666125,ENSG00000178562,Stim8hr,675.0,886,620,1506,-22.40595141825408,True,271.408851414541,False,>10 DE genes,on-target KD
214,CD3D,0.6694156449842966,0.6285046227965654,0.8404035529464132,0.8221888591557934,ENSG00000167286,Stim8hr,185.0,3491,1493,4984,-14.856732152029188,True,421.3690925550965,True,>10 DE genes,on-target KD
215,CD3E,0.7110312283591241,0.668519724575125,0.8517264903032252,0.8122635596359719,ENSG00000198851,Stim8hr,234.0,3833,1878,5711,-17.891807119280895,True,340.9247386460533,False,>10 DE genes,on-target KD
216,CD3G,0.6681163546725385,0.5998174432236674,0.8352030828561569,0.784803899239728,ENSG00000160654,Stim8hr,230.0,3402,1564,4966,-12.164764217189468,True,117.01246333248989,True,>10 DE genes,on-target KD
217,CD5,0.21091792068543033,0.1910048344275361,0.8863621059797042,0.8640187276583183,ENSG00000110448,Stim8hr,1092.0,195,163,358,-20.05923062320436,True,188.92970484437697,False,>10 DE genes,on-target KD
218,CD99L2,0.13169200058041566,-0.0383133976657399,0.6937124238697341,0.5248483321147136,ENSG00000102181,Stim8hr,404.0,15,35,50,-7.510804389007405,True,15.065994964738248,False,>10 DE genes,on-target KD
219,CDADC1,0.029338503314174633,-0.054047208686289,0.364214985280176,0.2240094494860552,ENSG00000102543,Stim8hr,492.0,29,7,36,-6.615827250434641,True,9.730633017866314,False,>10 DE genes,on-target KD
220,CDC123,0.10209375061657183,-0.016427095310007,0.9176956113248872,0.905973988172414,ENSG00000151465,Stim8hr,349.0,53,3,56,-21.36799293587221,True,290.9326405472667,True,>10 DE genes,on-target KD
221,CDC25B,0.16408523208988138,0.1344170888503958,0.5908520311049578,0.5549562084806048,ENSG00000101224,Stim8hr,381.0,894,314,1208,-9.793112612801773,True,98.95745067527945,False,>10 DE genes,on-target KD
222,CDCA2,-0.03075061775686644,-0.0853515605010378,-0.23467976012453554,-0.2883643130851018,ENSG00000184661,Stim8hr,510.0,127,9,136,-7.840907679720979,True,48.81469148927048,True,>10 DE genes,on-target KD
223,CDCA3,0.1565604848925982,0.0998486164014624,0.8626496157832545,0.8123297718128398,ENSG00000111665,Stim8hr,313.0,45,29,74,-7.270898533934929,True,18.91939876804101,False,>10 DE genes,on-target KD
224,CDIPT,0.09893510368866572,0.0595825192227735,0.5770371161695705,0.5303169403579864,ENSG00000103502,Stim8hr,336.0,320,56,376,-10.862685771002896,True,105.42141505129224,False,>10 DE genes,on-target KD
225,CDK13,0.24129470460064084,0.2311612359163564,0.8511962076244557,0.8447907158128343,ENSG00000065883,Stim8hr,714.0,242,430,672,-16.715302548926637,True,42.06934007283725,False,>10 DE genes,on-target KD
226,CDK2,0.14773616409536397,0.0862593829847765,0.8715249842796772,0.8159689703124794,ENSG00000123374,Stim8hr,612.0,17,41,58,-12.1990678824926,True,36.4355319218225,False,>10 DE genes,on-target KD
227,CDK2AP2,0.1099327449186257,0.0599883812386828,0.8296801621764002,0.7791356591773658,ENSG00000167797,Stim8hr,378.0,30,27,57,-11.12954431409296,True,40.97374328534062,True,>10 DE genes,on-target KD
228,CDK5RAP3,0.07346077094675196,0.0476175662875143,0.6825180218497099,0.507874837486781,ENSG00000108465,Stim8hr,660.0,162,78,240,-17.765300844275366,True,53.71524495929516,False,>10 DE genes,on-target KD
229,CDKN2AIP,0.058645600305524404,0.0452194643522223,0.7454105485216126,0.5599163122506307,ENSG00000168564,Stim8hr,478.0,46,56,102,-8.403342735026484,True,16.201726793109966,False,>10 DE genes,on-target KD
230,CDS2,0.3301823878956091,0.3189586144705377,0.7292278131822051,0.6709155569634055,ENSG00000101290,Stim8hr,118.0,608,313,921,-6.939856353546112,True,48.94432980419518,True,>10 DE genes,on-target KD
231,CDYL,0.18525227318846196,0.1713347462863161,0.5594320953453283,0.5081826207376872,ENSG00000153046,Stim8hr,192.0,34,4,38,-7.170576320006643,True,36.39620737168459,False,>10 DE genes,on-target KD
232,CENPE,0.39264913178738264,0.2742846238020788,0.4890821556845772,0.1327781373976917,ENSG00000138778,Stim8hr,58.0,27,45,72,-3.544505358449988,True,42.02145858601364,False,>10 DE genes,on-target KD
233,CENPJ,-0.004748569442313902,-0.0803114024918412,0.35332175890091794,0.2739616583224113,ENSG00000151849,Stim8hr,56.0,35,6,41,-3.272238079494165,False,34.74150428335016,False,>10 DE genes,no on-target KD
234,CEP135,0.09241599806298488,0.0727849623900694,0.8370739642140997,0.7943549916682411,ENSG00000174799,Stim8hr,347.0,27,11,38,-9.882177221823335,True,36.70144652215916,False,>10 DE genes,on-target KD
235,CEP350,0.010588510176713603,-0.0592929216393727,0.36475323617955696,0.2920276466861561,ENSG00000135837,Stim8hr,149.0,67,7,74,-8.361743895045537,True,59.49260258322462,False,>10 DE genes,on-target KD
236,CEP89,0.08461863367853197,0.056651472599327,0.8501026572896772,0.7726801481486812,ENSG00000121289,Stim8hr,348.0,24,25,49,-4.923106229009126,True,8.00612836329539,True,>10 DE genes,on-target KD
237,CFAP20,0.26800910445221254,0.2394065701996006,0.8093754921224522,0.7830099500300072,ENSG00000070761,Stim8hr,255.0,469,394,863,-11.183314261037998,True,61.5320824610917,False,>10 DE genes,on-target KD
238,CFAP298,0.23795909021331696,0.0435982129323829,0.16421644328848561,-0.0250817208407361,ENSG00000159079,Stim8hr,455.0,705,720,1425,-3.8475659670869335,True,141.26847612132124,False,>10 DE genes,on-target KD
239,CFD,-0.022155572959592366,-0.037830168948033,0.4829785337987471,0.3059202712781139,ENSG00000197766,Stim8hr,508.0,37,37,74,-0.2904362965465969,False,0.2684045183142288,False,>10 DE genes,no on-target KD
240,CHD4,0.3561941792739174,0.3127109999253001,0.7899880794714221,0.779466445601645,ENSG00000111642,Stim8hr,246.0,985,532,1517,-7.854961327872931,True,111.15600402269196,False,>10 DE genes,on-target KD
241,CHD7,0.3158632820966531,0.3041714910326835,0.7460391564165336,0.6958969685651272,ENSG00000171316,Stim8hr,569.0,1658,620,2278,-15.66791744343354,True,73.0475124458421,False,>10 DE genes,on-target KD
242,CHIC2,0.013676576503047932,-0.0228862726533145,0.7485355410644061,0.7246985757103295,ENSG00000109220,Stim8hr,2317.0,25,50,75,-27.68164106521361,True,56.126728714664495,False,>10 DE genes,on-target KD
243,CHMP1A,0.041932476123400564,-0.0257954986183162,0.8133191073143814,0.7776376702870673,ENSG00000131165,Stim8hr,296.0,47,40,87,-9.509422672606744,True,80.79704093161298,False,>10 DE genes,on-target KD
244,CHMP4A,0.006857808449248933,-0.0552118183553954,0.45878876709222105,0.3895465825281221,ENSG00000254505,Stim8hr,698.0,70,30,100,-25.89934028963503,True,150.8644623324764,False,>10 DE genes,on-target KD
245,CHORDC1,0.0850422912637429,0.0607345252308929,0.6950955872390546,0.657980503422423,ENSG00000110172,Stim8hr,70.0,27,21,48,-7.391569653120329,True,96.65601880772589,False,>10 DE genes,on-target KD
246,CHRNB1,0.08627108646814151,0.0418889786755569,0.014517737838361475,-0.2369945018166318,ENSG00000170175,Stim8hr,164.0,34,2,36,-0.2384953997581022,True,5.088433321934881,False,>10 DE genes,on-target KD
247,CHTF18,0.18758192248438665,0.1118361201055869,0.6664439714420709,0.5551197720440246,ENSG00000127586,Stim8hr,229.0,63,23,86,-4.391082618077215,True,12.221552196829917,False,>10 DE genes,on-target KD
248,CHUK,0.12582619254355662,0.1083564049701251,0.439519034441252,0.3756552727401181,ENSG00000213341,Stim8hr,145.0,21,14,35,-12.507065697138389,True,109.41715120533888,False,>10 DE genes,on-target KD
249,CHURC1,-0.014154162819588867,-0.0467051922417755,0.5656556937166962,0.541337694978534,ENSG00000258289,Stim8hr,191.0,74,44,118,-14.849418265073384,True,143.43202650028374,False,>10 DE genes,on-target KD
250,CIB2,0.20499069588242305,0.1791522727202989,0.7897161964270111,0.7022069718311259,ENSG00000136425,Stim8hr,54.0,42,34,76,0.5502174639677494,False,0.5848912244008164,False,>10 DE genes,no on-target KD
251,CIP2A,-0.03317280982691447,-0.065959961538818,0.013608491569240733,-0.1361942967676958,ENSG00000163507,Stim8hr,238.0,134,40,174,-2.48330737486877,False,39.78120380347885,False,>10 DE genes,no on-target KD
252,CIR1,0.0372680466194372,0.0176358461187593,0.874063338298448,0.7982846047049681,ENSG00000138433,Stim8hr,287.0,5,27,32,-8.226104025279025,True,22.53442687897842,True,>10 DE genes,on-target KD
253,CISD1,0.024771038677170298,-0.0236722143333648,-0.03934770625289547,-0.1854237071006467,ENSG00000122873,Stim8hr,639.0,40,3,43,-23.445654833789103,True,110.20345297388003,True,>10 DE genes,on-target KD
254,CIT,0.08513651147308567,0.0701354658069407,0.10500423161485083,-0.0734239853454137,ENSG00000122966,Stim8hr,237.0,18,36,54,-7.360271638247233,True,21.64048695074612,False,>10 DE genes,on-target KD
255,CKAP2,0.062008965704427994,0.0410979143964517,-0.006813985962342802,-0.3015982629311926,ENSG00000136108,Stim8hr,442.0,42,3,45,-10.336108623497516,True,39.95732876440029,False,>10 DE genes,on-target KD
256,CLASRP,0.0994850971882477,0.0923434992563862,0.7619661024359984,0.7342007006871354,ENSG00000104859,Stim8hr,110.0,104,93,197,-6.9022000367216725,True,52.75284986886814,False,>10 DE genes,on-target KD
257,CLCC1,0.10627281180887815,0.0592387648264249,0.6054429718690129,0.584336942186707,ENSG00000121940,Stim8hr,1040.0,475,205,680,-16.635371928910605,True,32.907657260486786,False,>10 DE genes,on-target KD
258,CLDN7,0.14936511192927202,0.0980105812966438,0.7812030429156226,0.7395493293337227,ENSG00000181885,Stim8hr,629.0,142,142,284,0.0,False,,False,>10 DE genes,no on-target KD
259,CLDND2,0.060409768513027005,0.0534386303966491,0.8718512908969575,0.8207265399994713,ENSG00000160318,Stim8hr,255.0,28,16,44,-3.694250008267853,True,7.180843390256609,False,>10 DE genes,on-target KD
260,CMAS,0.1323603906019999,0.1170163670840608,0.8455898045086659,0.8175882774701508,ENSG00000111726,Stim8hr,171.0,29,33,62,-10.1874093299376,True,73.16574026164906,False,>10 DE genes,on-target KD
261,CMTM7,-0.09204440693615312,-0.1905472231761018,0.019103391575736105,-0.2905024716051079,ENSG00000153551,Stim8hr,476.0,44,3,47,-9.255833530146491,True,18.38682380337324,False,>10 DE genes,on-target KD
262,CMTR1,0.041448716091176736,0.0312442291767755,0.7421466611850773,0.7002153507555594,ENSG00000137200,Stim8hr,276.0,138,57,195,-9.43609272385052,True,47.5237450358138,False,>10 DE genes,on-target KD
263,CNBP,0.10650062882656959,0.0928554368669313,0.8571427259462535,0.833004091600023,ENSG00000169714,Stim8hr,1141.0,145,117,262,-42.20610871682854,True,325.85023597006733,False,>10 DE genes,on-target KD
264,CNIH4,0.0195925046755293,-0.0370766220892426,0.2093068974847263,0.135090875820399,ENSG00000143771,Stim8hr,285.0,34,9,43,-15.930678481263616,True,118.74637458149525,False,>10 DE genes,on-target KD
265,CNOT10,0.1080964872786005,0.0871841433685541,0.5450948802680587,0.5035058915652703,ENSG00000182973,Stim8hr,305.0,64,17,81,-5.690033641043884,True,43.02721194576642,False,>10 DE genes,on-target KD
266,CNOT11,0.13508332868284173,0.0963927737120758,0.5881925023434221,0.5754117270911752,ENSG00000158435,Stim8hr,158.0,506,155,661,-14.460955088774448,True,160.58453038812468,False,>10 DE genes,on-target KD
267,CNOT4,0.19507000514188141,0.1912186785271681,0.8054957682508744,0.7964573826509365,ENSG00000080802,Stim8hr,316.0,268,237,505,-7.089118736220353,True,18.49695719081732,False,>10 DE genes,on-target KD
268,CNOT9,0.21129538960120367,0.2108775151576084,0.5627422019565876,0.5468013639250904,ENSG00000144580,Stim8hr,144.0,192,59,251,-10.455157888484695,True,158.27226934051387,False,>10 DE genes,on-target KD
269,COA3,0.11542946954339983,0.0773273566740644,0.5305485305554621,0.4888735844184364,ENSG00000183978,Stim8hr,316.0,160,93,253,-12.637151415431909,True,64.10997888468502,False,>10 DE genes,on-target KD
270,COA5,0.20175470234895973,0.1772945133268022,0.8285988683451526,0.8264358463301914,ENSG00000183513,Stim8hr,403.0,184,119,303,-6.415017106881867,True,13.651219445250051,True,>10 DE genes,on-target KD
271,COA7,0.1551289098917335,0.1344884019892032,0.8660738990141924,0.8413142305547137,ENSG00000162377,Stim8hr,457.0,115,85,200,-11.64324220067359,True,38.46300291236204,False,>10 DE genes,on-target KD
272,COASY,0.32362947523420665,0.2347288585618842,0.5270277784205311,0.4681035840239503,ENSG00000068120,Stim8hr,57.0,504,119,623,-3.1869415482584755,True,44.25698734580504,False,>10 DE genes,on-target KD
273,COG5,0.0375333562308053,0.0266503764864918,0.5059200464394805,0.4749766618638863,ENSG00000164597,Stim8hr,152.0,437,143,580,-5.714607529212086,True,25.989454959971216,True,>10 DE genes,on-target KD
274,COG6,0.0342667469542814,0.0146833562173008,0.509635059279851,0.4512505931825608,ENSG00000133103,Stim8hr,159.0,869,293,1162,-2.694523900483848,True,5.708721125635187,False,>10 DE genes,on-target KD
275,COL4A3BP,0.12124067053521415,0.10536722239017,0.8551596201326882,0.8331652041682922,ENSG00000113163,Stim8hr,219.0,26,57,83,-12.29323681342424,True,78.218374959513,True,>10 DE genes,on-target KD
276,COMMD10,0.0551221667052857,0.0212367682047322,0.4053843160921562,0.3678515256088256,ENSG00000145781,Stim8hr,330.0,103,40,143,-11.76660254748936,True,47.67653163573642,False,>10 DE genes,on-target KD
277,COMMD5,0.14003705088524612,0.008590501390738,0.8880687612464525,0.8476334909106505,ENSG00000170619,Stim8hr,261.0,86,38,124,-10.943316218508844,True,60.74084081557454,False,>10 DE genes,on-target KD
278,COP1,0.12572864024405217,0.1135060720764269,0.7018538714920711,0.6772312521775613,ENSG00000143207,Stim8hr,525.0,161,52,213,-10.024904880494883,True,38.68573035964719,False,>10 DE genes,on-target KD
279,COPRS,0.029654433986914867,0.0210692504333344,0.09903097924456111,0.0345855274397413,ENSG00000172301,Stim8hr,831.0,152,30,182,-31.516138013575443,True,122.21396776847644,False,>10 DE genes,on-target KD
280,COPS8,0.3183456331636683,0.2852309615249513,0.6100789512179429,0.5981419142472194,ENSG00000198612,Stim8hr,58.0,178,36,214,-2.685558358568624,False,55.236385819425976,False,>10 DE genes,no on-target KD
281,COPS9,0.07347348765580584,0.0596177669589909,0.737541830987448,0.6043798557435681,ENSG00000172428,Stim8hr,617.0,39,6,45,-14.38617255717458,True,40.46676353679139,False,>10 DE genes,on-target KD
282,COQ2,0.23799694986337724,0.1836152339197095,0.5945852404614292,0.5798551475810491,ENSG00000173085,Stim8hr,54.0,295,66,361,-3.549659218396246,True,49.17062781059604,False,>10 DE genes,on-target KD
283,COQ3,0.11231085156108966,0.0452502000056167,0.43702187466921355,0.4006732325786725,ENSG00000132423,Stim8hr,144.0,175,57,232,-5.019809316938137,True,21.567551959847577,False,>10 DE genes,on-target KD
284,COQ4,0.15542707829563893,0.1352038422031521,0.8765281664121488,0.8721526085743242,ENSG00000167113,Stim8hr,225.0,45,50,95,-9.762914877020908,True,58.90107248786059,True,>10 DE genes,on-target KD
285,COQ5,0.1486809768915328,0.0857765953744545,0.8624770560167638,0.8329313096020522,ENSG00000110871,Stim8hr,274.0,22,17,39,-8.376323996796483,True,41.12435319671515,False,>10 DE genes,on-target KD
286,COQ6,0.1481138852353391,0.1263213494399341,0.8253973349460121,0.802205576901122,ENSG00000119723,Stim8hr,347.0,145,84,229,-6.260147196808599,True,14.255841393492815,False,>10 DE genes,on-target KD
287,COX10,0.3175335665136716,0.1836056507681982,0.81630274098861,0.790537524594777,ENSG00000006695,Stim8hr,65.0,123,122,245,-4.736799113393046,True,77.18845813540422,False,>10 DE genes,on-target KD
288,COX11,0.1789258982873274,0.1644964514224551,0.6159046005306816,0.590858647433308,ENSG00000166260,Stim8hr,133.0,261,113,374,-5.021591086004295,True,26.166046719202864,True,>10 DE genes,on-target KD
289,COX15,0.1276949928146581,0.0857838753586165,0.8463463428191588,0.8310965084508868,ENSG00000014919,Stim8hr,704.0,46,52,98,-16.366802417765165,True,44.39572230579127,False,>10 DE genes,on-target KD
290,COX17,0.13285191634848323,0.1131348479496569,0.8240186132592191,0.794391039220172,ENSG00000138495,Stim8hr,605.0,47,43,90,-17.11875289549958,True,74.2954569086993,False,>10 DE genes,on-target KD
291,COX19,0.0383676035322167,0.0056622687583807,0.7415322281403812,0.7148786425779972,ENSG00000240230,Stim8hr,228.0,180,130,310,-6.362562164244811,True,35.58221243530207,False,>10 DE genes,on-target KD
292,COX4I1,0.12900590293209171,0.0690109416098823,0.6794034416330798,0.6427241004823426,ENSG00000131143,Stim8hr,131.0,346,138,484,-15.856365979245291,True,227.51270656937777,True,>10 DE genes,on-target KD
293,COX5A,0.1642256279535742,0.1583700687732391,0.6096919546078015,0.5923691881384316,ENSG00000178741,Stim8hr,128.0,355,123,478,0.0,False,,False,>10 DE genes,no on-target KD
294,COX6B1,0.10238745941030902,0.0613376520695505,0.819522231195744,0.7049776117917428,ENSG00000126267,Stim8hr,336.0,60,71,131,-12.928019821768732,True,60.52180674464027,False,>10 DE genes,on-target KD
295,COX6C,0.1737388511251031,0.1471720958746117,0.67740314800215,0.6514702811886796,ENSG00000164919,Stim8hr,255.0,908,586,1494,-17.78242717547921,True,175.9131719266295,False,>10 DE genes,on-target KD
296,COX7C,0.08667243376223414,0.0685606480429983,-0.11287139340802325,-0.1849922953874364,ENSG00000127184,Stim8hr,307.0,22,13,35,-8.397019673843204,True,29.62691971902204,False,>10 DE genes,on-target KD
297,CPSF6,0.4127481250289607,0.3963655924706891,0.7678832655214379,0.740974925418453,ENSG00000111605,Stim8hr,217.0,1593,894,2487,-9.642752985111011,True,70.16757513731856,False,>10 DE genes,on-target KD
298,CREB1,0.1662503513691654,0.1501682614569577,0.7252491174084502,0.6975286511535072,ENSG00000118260,Stim8hr,726.0,182,254,436,-23.971545856976405,True,89.62553280753993,False,>10 DE genes,on-target KD
299,CREBBP,0.3237735627382006,0.315990458282081,0.7938773408557531,0.7777230697422245,ENSG00000005339,Stim8hr,1150.0,1969,1000,2969,-23.397890150711373,True,58.52231225470506,False,>10 DE genes,on-target KD
300,CRIPT,0.16510839068079028,0.1122833551850574,0.6801272517805828,0.6181127614824532,ENSG00000119878,Stim8hr,439.0,67,30,97,-16.109905980636935,True,77.82132830795707,True,>10 DE genes,on-target KD
301,CRLS1,0.14627365261093705,0.0909239471367996,0.9139317663437566,0.886609606202359,ENSG00000088766,Stim8hr,386.0,45,5,50,-23.728083932837528,True,169.39605050481222,False,>10 DE genes,on-target KD
302,CROT,0.38826816098127637,0.2995730581388234,0.6979503624174042,0.5420220028867302,ENSG00000005469,Stim8hr,491.0,222,61,283,-4.946436192729975,True,5.2775463797309845,False,>10 DE genes,on-target KD
303,CRTAP,0.08186033037392106,0.0354514964734061,0.3663213496620274,0.2998218988063834,ENSG00000170275,Stim8hr,433.0,134,27,161,-11.055804425404991,True,34.05476261029402,False,>10 DE genes,on-target KD
304,CRYZL1,-0.03709862101566783,-0.0785227788190674,-0.024860951811520603,-0.101720121602749,ENSG00000205758,Stim8hr,565.0,587,149,736,-7.675741344761684,True,10.758077385160636,True,>10 DE genes,on-target KD
305,CSDE1,0.2502542158390884,0.224803701825061,0.7526779303179714,0.7108371522385074,ENSG00000009307,Stim8hr,519.0,588,465,1053,-29.370138796098185,True,176.27110812191705,False,>10 DE genes,on-target KD
306,CSH1,0.09002981518127617,0.0616745196737892,0.7206652907147637,0.5607754068402596,ENSG00000136488,Stim8hr,630.0,47,18,65,0.0,False,,False,>10 DE genes,no on-target KD
307,CSK,0.14058056668277172,0.1094636315152315,0.8467551518748339,0.8392321361796294,ENSG00000103653,Stim8hr,1222.0,150,176,326,-36.82796421906576,True,317.3493573477266,False,>10 DE genes,on-target KD
308,CSNK2A1,0.10107067289811761,0.0844613241371397,0.8053417787592693,0.7664563484123755,ENSG00000101266,Stim8hr,492.0,61,78,139,-8.899585656709773,True,15.75346497736494,False,>10 DE genes,on-target KD
309,CTBP1,0.5317320206542,0.5168681459416434,0.8913402022245012,0.8741889080081557,ENSG00000159692,Stim8hr,1374.0,1382,772,2154,0.0,False,,False,>10 DE genes,no on-target KD
310,CTDSPL2,0.1888680370613479,0.1590670993791798,0.8126199529205502,0.8050110586980515,ENSG00000137770,Stim8hr,467.0,169,309,478,-11.965771850805591,True,32.6132227458273,False,>10 DE genes,on-target KD
311,CTNNBL1,0.15546379914183514,0.1069808300605855,0.5393947643048962,0.4726084024211042,ENSG00000132792,Stim8hr,63.0,65,8,73,-2.660721006445524,False,50.85744132904364,False,>10 DE genes,no on-target KD
312,CTPS1,0.1852425949867493,0.1601251402770658,0.6885152057954746,0.6443501541675623,ENSG00000171793,Stim8hr,315.0,544,348,892,-8.056806220548136,True,173.5328916532492,False,>10 DE genes,on-target KD
313,CTSZ,0.10155571535666193,0.0543905127606051,0.3517311025430778,0.130317482870595,ENSG00000101160,Stim8hr,209.0,15,16,31,-7.072347820732146,True,27.90020650989414,False,>10 DE genes,on-target KD
314,CTU1,0.17615998647190426,0.1443055461681706,0.7359428559728727,0.6883346159200575,ENSG00000142544,Stim8hr,255.0,184,113,297,-2.7791837175024443,True,3.4062531524238064,False,>10 DE genes,on-target KD
315,CTU2,0.21483075338203364,0.1875351440714183,0.7171357232553478,0.6567174211975684,ENSG00000174177,Stim8hr,500.0,357,405,762,-19.185719668196835,True,94.55227187249604,True,>10 DE genes,on-target KD
316,CUL3,0.18462349894370486,0.1376558704920768,0.6386078595657899,0.5755696282247915,ENSG00000036257,Stim8hr,266.0,425,160,585,-15.481459227834431,True,163.1348454910109,False,>10 DE genes,on-target KD
317,CUL4B,0.08571104379238866,-0.0577492251673356,0.7728767635535799,0.7393299128807537,ENSG00000158290,Stim8hr,245.0,32,67,99,-6.819650790850787,True,29.8575140967316,False,>10 DE genes,on-target KD
318,CWC27,0.0124326826384423,-0.0093595890037824,0.5333048827460581,0.371736033222114,ENSG00000153015,Stim8hr,904.0,32,46,78,-23.79700607421253,True,61.488125479624735,True,>10 DE genes,on-target KD
319,CXXC1,0.23785533021999564,0.2177068335228775,0.7431695013630729,0.7208562250600793,ENSG00000154832,Stim8hr,124.0,862,476,1338,-8.7742078689494,True,62.98569137143362,False,>10 DE genes,on-target KD
320,CXorf40A,-0.011629157292245734,-0.0264539635208237,-0.006578058857411935,-0.1991367361412636,ENSG00000197620,Stim8hr,1421.0,48,4,52,-10.14192215034999,True,15.011374047283969,False,>10 DE genes,on-target KD
321,CYB561D2,0.08139818655224756,0.0722656386514689,0.8846575804997511,0.858727720995747,ENSG00000114395,Stim8hr,926.0,57,31,88,-17.396016703171238,True,31.70643903771155,False,>10 DE genes,on-target KD
322,CYB5R4,0.29760952907531185,0.2753981858098817,0.7521497104726821,0.7383320333324674,ENSG00000065615,Stim8hr,211.0,960,715,1675,-12.691617821811455,True,81.44453042694641,False,>10 DE genes,on-target KD
323,CYC1,0.24423325143636224,0.1819329869941633,0.7152386420474234,0.6625799154673464,ENSG00000179091,Stim8hr,188.0,299,183,482,-12.340989134462175,True,153.6368721538504,False,>10 DE genes,on-target KD
324,CYCS,0.07103098395160773,0.0333566584101586,0.8949374690842049,0.8549602903012659,ENSG00000172115,Stim8hr,135.0,36,15,51,-13.466405414349076,True,329.0053842046026,False,>10 DE genes,on-target KD
325,CYLD,0.01476908844186547,-0.0809831853931871,0.23699953467295817,-0.0129229145768189,ENSG00000083799,Stim8hr,279.0,41,5,46,-6.278749047024912,True,251.493860244132,False,>10 DE genes,on-target KD
326,CYP4V2,0.181212868908371,0.1436070773108802,0.28107621307656594,0.2177671254910373,ENSG00000145476,Stim8hr,194.0,59,21,80,-3.711326852490032,True,14.226670471916565,False,>10 DE genes,on-target KD
327,CYTH3,0.1558148341093545,0.0986200925524892,0.8253038448819511,0.7668097968683102,ENSG00000008256,Stim8hr,267.0,19,80,99,-1.7587359446435953,True,1.688082443488632,False,>10 DE genes,on-target KD
328,DAP,0.0732302880631028,0.0067155530095,0.5924289014308192,0.5465720554256366,ENSG00000112977,Stim8hr,123.0,83,144,227,-10.295706934926702,True,104.49326046633642,False,>10 DE genes,on-target KD
329,DARS,-0.04424909129212587,-0.1572365731825818,0.8382089617679002,0.7333938138514966,ENSG00000115866,Stim8hr,83.0,13,27,40,-3.300610307275594,True,161.53412556929715,False,>10 DE genes,on-target KD
330,DAXX,0.0675046560957005,-0.0238098560094968,0.8093332794307221,0.7813449712788606,ENSG00000204209,Stim8hr,264.0,197,54,251,-16.365509962373768,True,111.16155079367624,False,>10 DE genes,on-target KD
331,DCAF11,0.0426822818326019,0.0272543544626965,0.048487922295683994,-0.0279774175821208,ENSG00000100897,Stim8hr,538.0,123,14,137,-14.66201377951501,True,55.251670073018566,False,>10 DE genes,on-target KD
332,DCAF16,-0.025041389191066566,-0.0688973134258279,0.21533228018143183,-0.2660866440821114,ENSG00000163257,Stim8hr,244.0,32,4,36,-7.607388020899107,True,26.50605814422646,False,>10 DE genes,on-target KD
333,DCAF5,0.0918278077938519,0.0781155279837466,0.4937758031317236,0.3461751294195278,ENSG00000139990,Stim8hr,752.0,49,18,67,-16.251343734902136,True,39.29377450264036,False,>10 DE genes,on-target KD
334,DCAF6,0.07824290444142756,0.0340217925115417,0.7405439281658661,0.7147885224939009,ENSG00000143164,Stim8hr,399.0,24,9,33,-8.34155520600086,True,19.406987141676147,True,>10 DE genes,on-target KD
335,DCAF7,0.0353276989149762,-0.0308522651849033,0.7690326180220568,0.7155468205597464,ENSG00000136485,Stim8hr,60.0,20,13,33,-10.277123120825207,True,195.3304234643028,False,>10 DE genes,on-target KD
336,DCAKD,-0.04685963962145717,-0.0940408477221232,-0.044350029854431365,-0.0743535391871005,ENSG00000172992,Stim8hr,775.0,1136,362,1498,-7.941119915573627,True,17.495570620516645,False,>10 DE genes,on-target KD
337,DCLRE1A,0.1356009250907412,0.1044542585933231,0.9215738498148047,0.9002559664171602,ENSG00000198924,Stim8hr,623.0,11,31,42,-12.930250863054829,True,30.69875348129064,True,>10 DE genes,on-target KD
338,DCP2,0.10550533676084813,0.0580628961658685,0.7370034635066963,0.6950563650159276,ENSG00000172795,Stim8hr,121.0,706,226,932,-6.26467225734698,True,58.10477710852344,False,>10 DE genes,on-target KD
339,DDA1,0.21839440410958724,0.2109393981568417,0.8384977069553742,0.830314464875999,ENSG00000130311,Stim8hr,363.0,271,173,444,-12.876586369780297,True,58.56084046020093,True,>10 DE genes,on-target KD
340,DDRGK1,0.24274168488416645,0.2257199845003239,0.7749450590475058,0.766550138663834,ENSG00000198171,Stim8hr,573.0,799,907,1706,-19.44042445594313,True,69.066158432781,True,>10 DE genes,on-target KD
341,DDX1,0.4694228397386499,0.4464797693246849,0.7919370119102226,0.7725980002508097,ENSG00000079785,Stim8hr,86.0,572,248,820,-10.74679418365902,True,232.86955751345823,False,>10 DE genes,on-target KD
342,DDX17,0.11148142156813917,0.0867009597766372,0.7402982805957707,0.725035883509498,ENSG00000100201,Stim8hr,966.0,370,393,763,-24.825101916425226,True,99.69370632427986,False,>10 DE genes,on-target KD
343,DDX31,0.06758629986735228,0.0042703641353627,0.7620061031462807,0.6905501562575224,ENSG00000125485,Stim8hr,371.0,27,12,39,-9.961452608997003,True,45.03551510483244,True,>10 DE genes,on-target KD
344,DDX42,0.06735713278006626,0.0223411727522063,0.5537714784518152,0.5325253149877368,ENSG00000198231,Stim8hr,66.0,122,29,151,-5.775402054018919,True,56.80620494088088,False,>10 DE genes,on-target KD
345,DDX5,0.04459214867242237,-0.0662401076655987,0.8378336813804204,0.8152829069813858,ENSG00000108654,Stim8hr,200.0,23,15,38,-23.69054128496446,True,365.9152101852157,True,>10 DE genes,on-target KD
346,DDX6,0.1792547565864385,0.1433670309965322,0.6677793118065919,0.6574981291260775,ENSG00000110367,Stim8hr,230.0,754,232,986,-16.834627431576067,True,171.62210354815045,False,>10 DE genes,on-target KD
347,DDX60L,0.11033822938156024,0.1037783871682804,0.7967439146339134,0.7123891273665608,ENSG00000181381,Stim8hr,675.0,126,71,197,-7.223786382117927,True,11.8217829601769,False,>10 DE genes,on-target KD
348,DEF6,0.048622565786560164,0.0202303535010776,0.69613269619389,0.4692677229295227,ENSG00000023892,Stim8hr,541.0,35,25,60,-16.502337747444802,True,67.58430223315388,False,>10 DE genes,on-target KD
349,DEF8,0.16386610218654754,0.1401459878321648,0.8700256277063372,0.8501605574537866,ENSG00000140995,Stim8hr,935.0,56,48,104,-4.977576112198964,True,2.875052807064555,False,>10 DE genes,on-target KD
350,DEFA6,-0.0220692099035479,-0.1664954505839032,0.3890798925182701,0.2842443319571377,ENSG00000164822,Stim8hr,1311.0,354,131,485,0.0,False,,False,>10 DE genes,no on-target KD
351,DEGS1,0.020544006473309503,-0.0018441512376318,0.845308910752396,0.7192477766496402,ENSG00000143753,Stim8hr,1199.0,65,20,85,-32.929025477664446,True,110.0719715502782,False,>10 DE genes,on-target KD
352,DEK,0.02766417704817657,0.0171533125660198,-0.16313957208488064,-0.2119678202661529,ENSG00000124795,Stim8hr,734.0,35,11,46,-18.933552382844752,True,152.43642821603976,False,>10 DE genes,on-target KD
353,DENR,0.26164085619564875,0.2579111538470479,0.6948710265696668,0.6873504361608536,ENSG00000139726,Stim8hr,806.0,2568,1069,3637,-30.85673328752525,True,132.83446773879405,False,>10 DE genes,on-target KD
354,DET1,0.1093445614234842,0.0470245414580566,0.6984612673393823,0.6330236538181057,ENSG00000140543,Stim8hr,366.0,127,27,154,-1.348623363809658,False,0.6296884095595923,False,>10 DE genes,no on-target KD
355,DGKZ,0.0472453832530406,0.0022556731134722,0.6699269634684452,0.524616747268683,ENSG00000149091,Stim8hr,262.0,76,52,128,-4.4393657234264685,True,9.540455649077629,False,>10 DE genes,on-target KD
356,DHODH,0.32493268890662513,0.2946729602021364,0.7197009533915594,0.7077129815312785,ENSG00000102967,Stim8hr,82.0,429,204,633,0.0,False,,False,>10 DE genes,no on-target KD
357,DHPS,0.12226305331430942,0.102346062074819,0.4907346885928785,0.2752679811413787,ENSG00000095059,Stim8hr,145.0,220,154,374,-7.210588934673572,True,43.59518363488792,False,>10 DE genes,on-target KD
358,DHRS7,0.17043064111514358,0.1266057044624649,0.72226190683051,0.6773166144679699,ENSG00000100612,Stim8hr,234.0,88,90,178,-5.841062633223027,True,20.691915588435524,False,>10 DE genes,on-target KD
359,DHX36,0.4173227344894153,0.3989252742304158,0.7700630176516751,0.7462966743760575,ENSG00000174953,Stim8hr,160.0,1072,737,1809,-11.840443401251044,True,127.44826468656213,False,>10 DE genes,on-target KD
360,DHX9,0.09736543165846827,0.0578738120502032,0.9023692773998958,0.8911606265851676,ENSG00000135829,Stim8hr,168.0,42,25,67,-16.375934604684492,True,216.9525605208054,False,>10 DE genes,on-target KD
361,DIS3,0.29491437509435464,0.0793404219193637,0.7869382701713926,0.768320238918682,ENSG00000083520,Stim8hr,69.0,197,190,387,-3.6362069378951047,True,90.63236285561956,False,>10 DE genes,on-target KD
362,DIS3L,0.13677479134958367,0.1119111229322802,0.7549793798979493,0.7365565172008612,ENSG00000166938,Stim8hr,242.0,192,78,270,-10.703114471885948,True,51.25575521602298,False,>10 DE genes,on-target KD
363,DIS3L2,0.008820908755284266,0.0039010889536455,0.1405042762072605,0.0839896138889821,ENSG00000144535,Stim8hr,1081.0,492,89,581,-13.8213504404436,True,22.023454151651627,False,>10 DE genes,on-target KD
364,DLD,0.1222206664821978,0.1056740586332518,0.7239466417856404,0.6344372346077612,ENSG00000091140,Stim8hr,127.0,76,30,106,-6.749246936969963,True,72.5860804640817,False,>10 DE genes,on-target KD
365,DLG4,-0.0014773910114032316,-0.0520322339489515,0.7541298967704758,0.6616433312005748,ENSG00000132535,Stim8hr,939.0,20,21,41,-2.5369763815822863,False,1.341534038295755,False,>10 DE genes,no on-target KD
366,DMRTA2,0.12089663256187294,0.0926513148950923,0.8265765252966139,0.7973678181883597,ENSG00000142700,Stim8hr,1377.0,31,42,73,0.0,False,,False,>10 DE genes,no on-target KD
367,DNAAF2,0.155530307963267,0.1112563961761911,0.83533142112045,0.8105151525798369,ENSG00000165506,Stim8hr,150.0,122,79,201,-5.806374201069224,True,32.10636043661343,False,>10 DE genes,on-target KD
368,DNAH3,0.023335804830513063,-0.0170036208689783,0.15138735380696075,0.0805995236593912,ENSG00000158486,Stim8hr,284.0,396,95,491,0.0,False,,False,>10 DE genes,no on-target KD
369,DNAJA3,0.25356259742558046,0.1764584348992049,0.47046472021153846,0.2292618456627458,ENSG00000103423,Stim8hr,135.0,57,9,66,0.0,False,,False,>10 DE genes,no on-target KD
370,DNAJB9,0.08521547761033403,0.0581271683742127,0.6569197438295308,0.6470661779643537,ENSG00000128590,Stim8hr,940.0,102,16,118,-12.845344269528365,True,25.54354157320269,True,>10 DE genes,on-target KD
371,DNAJC2,0.40232457702576535,0.3862618049388509,0.7525708638165236,0.7223235657795352,ENSG00000105821,Stim8hr,87.0,433,329,762,-7.195959568637238,True,95.41571993698965,True,>10 DE genes,on-target KD
372,DNAJC21,0.0821827727017823,0.0517550742332134,0.7757214932965973,0.7313527204201662,ENSG00000168724,Stim8hr,195.0,49,84,133,-13.680711818883102,True,110.30419544639066,False,>10 DE genes,on-target KD
373,DNAJC24,0.17914862161332315,0.1669201400483485,0.7812452880514237,0.7577394307857448,ENSG00000170946,Stim8hr,429.0,211,231,442,-9.183392235723604,True,22.985410650774806,False,>10 DE genes,on-target KD
374,DNAJC3,0.09315150926097855,0.0741665164456078,0.49051265417144135,0.425388477959391,ENSG00000102580,Stim8hr,554.0,44,15,59,-18.59913538124061,True,89.42984456261419,False,>10 DE genes,on-target KD
375,DNAJC8,0.21384844152209873,0.1751215145421,0.7543409269081196,0.7188266037194391,ENSG00000126698,Stim8hr,477.0,713,460,1173,-25.861227044942325,True,152.65251259137918,True,>10 DE genes,on-target KD
376,DNTTIP1,0.2951002559453717,0.2675280055139338,0.7790501314865258,0.7637649567861057,ENSG00000101457,Stim8hr,1450.0,1435,1290,2725,-23.71096140773837,True,44.50774162894039,False,>10 DE genes,on-target KD
377,DOCK2,0.1684092166408274,0.1194571526334154,0.7882812098021995,0.720453817640929,ENSG00000134516,Stim8hr,896.0,196,132,328,-21.619555678547457,True,116.73387039753672,False,>10 DE genes,on-target KD
378,DOHH,0.24590263982238603,0.1565430943544544,0.697756004861051,0.6219455097858781,ENSG00000129932,Stim8hr,420.0,685,878,1563,-13.148236751328945,True,61.733019757845256,False,>10 DE genes,on-target KD
379,DOLPP1,0.2646350758934249,0.2558376088290738,0.7972700256970126,0.7786041748255053,ENSG00000167130,Stim8hr,2042.0,1829,889,2718,-17.8874823057354,True,18.947700090794378,False,>10 DE genes,on-target KD
380,DOP1A,0.1748270606835968,0.1443186571821805,0.7799869030745773,0.7188195640440199,ENSG00000083097,Stim8hr,606.0,113,56,169,-5.652656983076428,True,6.216762598086111,True,>10 DE genes,on-target KD
381,DOP1B,0.12317955904154813,0.0570919472320457,0.39644685405683705,0.2645850277679424,ENSG00000142197,Stim8hr,2552.0,320,291,611,-13.62619378815547,True,9.201037570027568,False,>10 DE genes,on-target KD
382,DOT1L,0.07877068583036306,0.0490052687219559,0.41664858352176587,0.3800629942246294,ENSG00000104885,Stim8hr,196.0,146,30,176,-12.403870147454215,True,247.06514766540107,False,>10 DE genes,on-target KD
383,DPF1,0.12337132688931707,0.0939517212652837,0.6649232480742912,0.4938036300243367,ENSG00000011332,Stim8hr,370.0,77,22,99,0.0,False,,False,>10 DE genes,no on-target KD
384,DPH1,0.15038328798526487,0.0137469395961073,0.701213543175331,0.5941442220545561,ENSG00000108963,Stim8hr,233.0,269,240,509,-3.3998707379774054,True,5.572176374944016,False,>10 DE genes,on-target KD
385,DPH5,0.22689010712301513,0.2110172924723626,0.768238298950128,0.742175716346884,ENSG00000117543,Stim8hr,289.0,268,416,684,-12.45707753331058,True,63.48052184625382,False,>10 DE genes,on-target KD
386,DPH6,0.11804448464994531,0.0664833108429181,0.6725349730931788,0.492685363545024,ENSG00000134146,Stim8hr,327.0,77,80,157,-9.084046806586333,True,30.36989330063924,False,>10 DE genes,on-target KD
387,DPH7,0.0440102302752802,0.029220559956384,0.8077906262748108,0.7887932262675021,ENSG00000148399,Stim8hr,626.0,4,32,36,-12.495109075956162,True,35.04470088805886,False,>10 DE genes,on-target KD
388,DPM1,0.15275060271154903,0.131552392980292,0.842134351851978,0.7421599769589751,ENSG00000000419,Stim8hr,666.0,129,136,265,-26.489016453885213,True,161.95378865590766,True,>10 DE genes,on-target KD
389,DPM2,0.05384182990402477,0.0334033226863525,0.8434361003371752,0.8042370175469102,ENSG00000136908,Stim8hr,499.0,45,13,58,-12.395285386767338,True,37.53438657972912,False,>10 DE genes,on-target KD
390,DPY19L3,-0.011785145785184734,-0.064463485233122,-0.054194201571614774,-0.5097273037498775,ENSG00000178904,Stim8hr,62.0,32,3,35,-1.895078951295576,False,16.558598785111318,False,>10 DE genes,no on-target KD
391,DR1,0.1819249903943373,0.1657073231904328,0.7984306366325887,0.7857215047686702,ENSG00000117505,Stim8hr,488.0,272,163,435,-28.351639915319502,True,225.7004925732816,False,>10 DE genes,on-target KD
392,DRAP1,-0.0119214097120054,-0.028962096294477,0.47636090486485844,0.4324470354799881,ENSG00000175550,Stim8hr,626.0,301,152,453,-14.814967607594458,True,253.91306253103264,True,>10 DE genes,on-target KD
393,DTWD1,0.16964990857720763,0.1413619081126541,0.9000261428648334,0.87888427006951,ENSG00000104047,Stim8hr,248.0,21,17,38,-7.813196923074769,True,23.81712867847154,False,>10 DE genes,on-target KD
394,DTX4,-0.08162484033474927,-0.1292838068529715,0.015726882237276668,-0.0540038991027121,ENSG00000110042,Stim8hr,727.0,176,11,187,0.0,False,,False,>10 DE genes,no on-target KD
395,DUSP12,0.29703932130119975,0.2502736401367994,0.7611434286367539,0.7121076933402034,ENSG00000081721,Stim8hr,135.0,617,355,972,-6.296810662946027,True,47.19519647161109,False,>10 DE genes,on-target KD
396,DUSP4,0.046002729884704,0.0240184258805032,0.8071781530967771,0.7482809175262035,ENSG00000120875,Stim8hr,457.0,39,17,56,-19.498842633474283,True,764.5504856598941,False,>10 DE genes,on-target KD
397,DYNLL1,0.057192043263842,0.0164587374976359,0.6979777008775998,0.600446773006337,ENSG00000088986,Stim8hr,395.0,9,24,33,-3.9403510180774255,True,4.305589851198231,False,>10 DE genes,on-target KD
398,DZIP1,0.2560278666177686,0.2167644609305555,0.694139870011261,0.6245371857670097,ENSG00000134874,Stim8hr,864.0,118,19,137,-0.6371343576565482,True,0.1882883852189413,False,>10 DE genes,on-target KD
399,E2F1,0.07018144742056064,0.0230220405383735,0.8557306726414392,0.8388790884389539,ENSG00000101412,Stim8hr,148.0,32,55,87,-9.242814916037174,True,92.17257929375526,False,>10 DE genes,on-target KD
400,EARS2,0.18565160045146797,0.1780644052251765,0.8592641200991497,0.83336414629935,ENSG00000103356,Stim8hr,415.0,156,121,277,-9.309943733736707,True,26.079493252685783,False,>10 DE genes,on-target KD
401,EBF3,0.05638626879758537,0.004366095059189,0.36736884083248444,0.327515894449224,ENSG00000108001,Stim8hr,935.0,621,226,847,0.0,False,,False,>10 DE genes,no on-target KD
402,ECHS1,0.0988024623329445,0.05700388346954,0.7016471419838832,0.6615974915747648,ENSG00000127884,Stim8hr,947.0,260,103,363,-27.586209466761687,True,94.00051271371626,True,>10 DE genes,on-target KD
403,ECI2,0.12299542204247056,0.1131288348525891,0.7909702781979785,0.7141603745260873,ENSG00000198721,Stim8hr,275.0,49,29,78,-7.788721681791221,True,30.81926757280264,False,>10 DE genes,on-target KD
404,EDC3,-0.1215203921372436,-0.1841065697773718,0.07663827415402313,-0.025483958722644,ENSG00000179151,Stim8hr,1527.0,595,183,778,-27.19681193091647,True,52.98491583434432,False,>10 DE genes,on-target KD
405,EDRF1,0.11821060270831707,0.1082938364900305,0.8111188483647486,0.7730085431446734,ENSG00000107938,Stim8hr,111.0,41,25,66,-5.507166849117495,True,30.124853746678586,False,>10 DE genes,on-target KD
406,EEF1E1,0.11227550618444272,0.0951621526014643,0.5243755686280057,0.3549733758305547,ENSG00000124802,Stim8hr,448.0,22,9,31,-16.057614822339485,True,68.63243673557257,False,>10 DE genes,on-target KD
407,EEF1G,0.20280873727998983,0.188925239447527,0.2450213645264271,0.091541716911612,ENSG00000254772,Stim8hr,57.0,37,2,39,-5.374126006688461,True,458.0613069580975,False,>10 DE genes,on-target KD
408,EFHD2,0.22527262509757928,0.1868477643279749,0.2894425481016885,0.2062761022203209,ENSG00000142634,Stim8hr,160.0,34,7,41,-6.529922827543291,True,279.15563926384897,False,>10 DE genes,on-target KD
409,EFR3A,0.3226412410963084,0.2501870020127429,0.6963282591076897,0.6333779766488495,ENSG00000132294,Stim8hr,69.0,1473,557,2030,-8.6366372315756,True,99.41380695480277,False,>10 DE genes,on-target KD
410,EGLN1,0.0817751739046177,0.0038547964064762,0.8812690220104914,0.8270039202084023,ENSG00000135766,Stim8hr,614.0,97,11,108,-17.562014085165774,True,65.26638678012888,False,>10 DE genes,on-target KD
411,EGR2,0.264350328150337,0.2577227861024751,0.8111061833573756,0.7950607888732261,ENSG00000122877,Stim8hr,576.0,399,456,855,-11.061330168611285,True,128.78595955791863,False,>10 DE genes,on-target KD
412,EGR3,0.036330245066267135,0.019241316414386,0.610468112165561,0.5325903667767301,ENSG00000179388,Stim8hr,432.0,77,25,102,-3.769778552049028,True,5.499822488748838,False,>10 DE genes,on-target KD
413,EHBP1,0.1453110198929296,0.1356579194885877,0.8336260468956173,0.7447080724553214,ENSG00000115504,Stim8hr,265.0,32,24,56,-6.6560057908847545,True,21.27539793246828,False,>10 DE genes,on-target KD
414,EHMT1,0.2134170893445759,0.1696896972527861,0.8533332338201873,0.8164112453758803,ENSG00000181090,Stim8hr,1414.0,245,150,395,-21.03225064851488,True,123.27119500902896,True,>10 DE genes,on-target KD
415,EHMT2,0.40498587633713695,0.3871276947279574,0.8570047102761299,0.8433631445042971,ENSG00000204371,Stim8hr,593.0,531,647,1178,-21.517053188797533,True,95.8765643749649,False,>10 DE genes,on-target KD
416,EI24,-0.0167274384287789,-0.1071604876978835,0.7847302046320267,0.726755852686357,ENSG00000149547,Stim8hr,154.0,36,12,48,-10.24290127934192,True,84.98971048515172,False,>10 DE genes,on-target KD
417,EID2,0.04838047178311603,0.0296242670873809,0.5180599507349243,0.4445197844123258,ENSG00000176396,Stim8hr,381.0,78,17,95,-8.433368137678071,True,26.989073188644063,False,>10 DE genes,on-target KD
418,EIF1,0.31872859042790175,0.3043214160192302,0.8459855617841195,0.8130922010307038,ENSG00000173812,Stim8hr,382.0,418,314,732,-30.98942042215493,True,421.037125136788,False,>10 DE genes,on-target KD
419,EIF1AX,0.03525190951178007,-0.0041367204240971,0.0880523536830049,-0.0182022446937554,ENSG00000173674,Stim8hr,535.0,1962,615,2577,-3.5969192268731933,True,6.29508516650681,False,>10 DE genes,on-target KD
420,EIF2AK4,0.0744343249754555,0.0621375270545951,0.0066127670087409674,-0.0404118789729851,ENSG00000128829,Stim8hr,381.0,31,8,39,-12.16531329999848,True,46.66478064494957,False,>10 DE genes,on-target KD
421,EIF3H,0.2304887457915427,0.2228831025031979,0.7697936595424033,0.7641715050998044,ENSG00000147677,Stim8hr,173.0,342,243,585,-10.963535324996704,True,111.16782876505364,False,>10 DE genes,on-target KD
422,EIF3J,0.15961693450397127,0.1280513020230789,0.7587637902746586,0.7254662493540291,ENSG00000104131,Stim8hr,66.0,160,75,235,-15.62160015261816,True,413.98904738860256,False,>10 DE genes,on-target KD
423,EIF3K,0.12239877371456138,0.0813340064585454,0.822726113399789,0.7337250840151776,ENSG00000178982,Stim8hr,659.0,233,120,353,-23.718633587750176,True,101.11089003056014,True,>10 DE genes,on-target KD
424,EIF3L,0.066655416697604,0.0376196618368451,0.7543841972093475,0.7348240822288418,ENSG00000100129,Stim8hr,286.0,131,67,198,-14.036516380809028,True,148.46247117678263,False,>10 DE genes,on-target KD
425,EIF4A1,0.10641628703350649,0.0692077258906737,0.5514757903021384,0.3856854878120129,ENSG00000161960,Stim8hr,68.0,129,99,228,-21.350543750635783,True,841.9441329587657,False,>10 DE genes,on-target KD
426,EIF4B,0.1742347463191931,0.1332195090971323,0.494436706482309,0.2901163773754379,ENSG00000063046,Stim8hr,428.0,41,13,54,-10.913587642676946,True,161.4947416087391,False,>10 DE genes,on-target KD
427,EIF4E,-0.04508518775728584,-0.1520994963103039,0.8549877508572861,0.8193316510302198,ENSG00000151247,Stim8hr,130.0,10,42,52,-0.9310006824928394,False,176.4500030079105,False,>10 DE genes,no on-target KD
428,EIF4G1,0.5776559542238654,0.5590443640537281,0.7699789838178033,0.7457192737554056,ENSG00000114867,Stim8hr,69.0,1118,561,1679,-10.116178350129118,True,262.3085087786536,False,>10 DE genes,on-target KD
429,EIF4G2,0.3025480240276844,0.2922123394003725,0.6486365773350847,0.6390126297606576,ENSG00000110321,Stim8hr,298.0,1639,891,2530,-10.718678286206217,True,50.65346606560245,False,>10 DE genes,on-target KD
430,EIF4H,-0.003188730778660632,-0.0651411695578736,0.2895624204826421,0.2024027553920304,ENSG00000106682,Stim8hr,350.0,197,28,225,-28.98003834644709,True,265.55554333713565,False,>10 DE genes,on-target KD
431,EIF5A,0.21866854548029935,0.2129579879631363,0.6209140273249733,0.5581530153204083,ENSG00000132507,Stim8hr,79.0,413,312,725,0.0,False,,False,>10 DE genes,no on-target KD
432,EIPR1,0.12559163708431356,0.059265206215223,0.7926857167842046,0.7619698301013491,ENSG00000032389,Stim8hr,250.0,141,103,244,-11.10109727377841,True,54.41319386673627,True,>10 DE genes,on-target KD
433,ELAVL1,0.33818482031414665,0.3102132542827673,0.7964183277618555,0.7480469689054807,ENSG00000066044,Stim8hr,1041.0,808,1362,2170,-51.408416087516684,True,305.26325223958025,False,>10 DE genes,on-target KD
434,ELF4,0.11662714987541213,0.1019195648098571,0.8382009660356363,0.819166066836527,ENSG00000102034,Stim8hr,332.0,27,40,67,-8.085328749527438,True,23.88670668996248,False,>10 DE genes,on-target KD
435,ELOB,0.4090471541794031,0.3634332593266045,0.6992483948159566,0.652763784229413,ENSG00000103363,Stim8hr,1093.0,2211,841,3052,-23.532262132140296,True,106.97024803601856,False,>10 DE genes,on-target KD
436,ELOC,0.17129041524394428,0.1517372666677274,0.5458041183082715,0.4994104954449824,ENSG00000154582,Stim8hr,577.0,231,32,263,-12.871977435336795,True,148.5772741851008,False,>10 DE genes,on-target KD
437,ELOF1,0.3303607659410275,0.3123063423427192,0.6800724152998076,0.6631711173285068,ENSG00000130165,Stim8hr,2683.0,2163,2050,4213,-41.60267421150828,True,83.48804309486414,True,>10 DE genes,on-target KD
438,ELP1,0.2915888842654643,0.2748861447248401,0.7103575461344521,0.658735868163463,ENSG00000070061,Stim8hr,166.0,429,399,828,-6.250322178571322,True,36.853875048796496,False,>10 DE genes,on-target KD
439,ELP2,0.2442492115763358,0.2349664791066587,0.7497604223012885,0.7376968555343422,ENSG00000134759,Stim8hr,210.0,706,392,1098,-12.224654605594536,True,88.05138991352575,True,>10 DE genes,on-target KD
440,ELP3,0.25995022371011584,0.2425580062926487,0.7865164775179053,0.7682206835494553,ENSG00000134014,Stim8hr,409.0,461,535,996,-12.332803499388238,True,43.24472421408176,False,>10 DE genes,on-target KD
441,ELP4,0.1755493556271289,0.1420183126306468,0.6900509880301309,0.5718086819943438,ENSG00000109911,Stim8hr,150.0,154,38,192,-4.100952255335577,True,31.07358441572575,False,>10 DE genes,on-target KD
442,ELP5,0.19594264646597637,0.1717578706837419,0.5758731765394026,0.5525802304367805,ENSG00000170291,Stim8hr,338.0,365,206,571,-17.200391665190345,True,100.52143957138358,False,>10 DE genes,on-target KD
443,ELP6,0.04115907584707277,0.0038543506702174,0.35239064205408605,0.2748007604386217,ENSG00000163832,Stim8hr,411.0,34,22,56,-8.918491669811237,True,51.90232378033447,False,>10 DE genes,on-target KD
444,EMB,-0.04138016923900287,-0.0523601483221017,0.9416109195660164,0.9263237324559,ENSG00000170571,Stim8hr,496.0,38,22,60,-14.51267023784688,True,65.32072367141764,False,>10 DE genes,on-target KD
445,EMC2,0.11661427768850846,0.0942408101338855,0.7583574781810981,0.6802162472408338,ENSG00000104412,Stim8hr,140.0,168,83,251,-8.034757549229992,True,62.52824549356747,False,>10 DE genes,on-target KD
446,EMC3,0.06631900109179717,0.0412940006571028,0.6844163024223174,0.5694400838568384,ENSG00000125037,Stim8hr,949.0,30,24,54,-17.367592063794387,True,82.08452588971996,False,>10 DE genes,on-target KD
447,EMC4,0.042256008970673636,-0.0254712205360739,0.8472677531245288,0.8214204012373554,ENSG00000128463,Stim8hr,283.0,22,17,39,-20.101088500454228,True,159.30125150369466,False,>10 DE genes,on-target KD
448,EMC6,0.10718144236770645,0.0392296743756816,0.5526116315986297,0.3534610415341669,ENSG00000127774,Stim8hr,328.0,38,9,47,-12.070750586947664,True,94.10219102037932,True,>10 DE genes,on-target KD
449,EMC9,0.028988752855405735,-0.0266873936951914,0.5122944034685574,0.3403032906556689,ENSG00000100908,Stim8hr,345.0,76,100,176,-5.940177336844436,True,24.20929689516602,False,>10 DE genes,on-target KD
450,EME2,0.08490205662475286,0.0560177433861593,0.7302922578495031,0.7094194697278252,ENSG00000197774,Stim8hr,208.0,33,24,57,-1.4751286663471528,False,2.8277514944655184,False,>10 DE genes,no on-target KD
451,EMG1,0.09658836920049267,0.0834000571347954,0.7988487620293538,0.7632706250837462,ENSG00000126749,Stim8hr,61.0,18,21,39,-4.745566312111255,True,230.07643614960315,False,>10 DE genes,on-target KD
452,EML2,0.0477100270009261,0.0173238924992066,0.42355078089153064,0.3989598113740271,ENSG00000125746,Stim8hr,357.0,278,65,343,-10.433225916372136,True,70.39883319645757,False,>10 DE genes,on-target KD
453,ENDOG,-0.021299736398801564,-0.0704527945390329,0.22710197333385654,0.0418710613371772,ENSG00000167136,Stim8hr,770.0,135,24,159,-14.808368674558512,True,34.42855363535298,False,>10 DE genes,on-target KD
454,ENO1,0.07036922412196096,0.0062657818577925,0.907638697143334,0.8685424584271173,ENSG00000074800,Stim8hr,90.0,15,17,32,-26.33374190207445,True,1180.1288670512724,False,>10 DE genes,on-target KD
455,ENY2,0.2179816042857771,0.1695440169433482,0.23807338729109162,-0.0119887452877269,ENSG00000120533,Stim8hr,58.0,82,9,91,-8.596755004698352,True,188.1516799352662,True,>10 DE genes,on-target KD
456,EP300,0.1534341352676312,0.1083557361865818,0.889131715828766,0.8723143790932915,ENSG00000100393,Stim8hr,1933.0,74,85,159,-16.07913910235417,True,90.75828995072972,False,>10 DE genes,on-target KD
457,EPB41L3,0.09542577420600351,0.0477672702821812,0.7064999511752722,0.601705880400904,ENSG00000082397,Stim8hr,428.0,521,280,801,-1.171554209664918,True,2.243715645612088,False,>10 DE genes,on-target KD
458,EPC1,0.14350831993664262,0.1250538643557313,0.7568908024579711,0.7236331852336565,ENSG00000120616,Stim8hr,607.0,259,185,444,-8.838547069482871,True,36.71388366979947,False,>10 DE genes,on-target KD
459,EPHB4,0.08198190169391824,0.0723229688596101,0.8270337863812683,0.7044869278875457,ENSG00000196411,Stim8hr,98.0,24,13,37,0.0,False,,False,>10 DE genes,no on-target KD
460,EPS15L1,0.17474419004525354,0.1663989562070122,0.9004959384511281,0.8617771101015744,ENSG00000127527,Stim8hr,176.0,23,16,39,-7.970664882334667,True,37.719071158974245,False,>10 DE genes,on-target KD
461,ERCC1,0.04560767320259243,0.0337204233156358,0.6587960443231754,0.5952181333166703,ENSG00000012061,Stim8hr,691.0,170,66,236,-20.59496796681693,True,79.13126152516536,False,>10 DE genes,on-target KD
462,ERCC4,0.15035682415727225,0.1366594414713795,0.643605881452932,0.5341151282925172,ENSG00000175595,Stim8hr,196.0,345,134,479,-5.5626213824133846,True,19.16184796909996,False,>10 DE genes,on-target KD
463,ERCC6L,-0.0301284357422055,-0.03827916054639,0.33821683978838196,0.1606767952430327,ENSG00000186871,Stim8hr,414.0,54,22,76,-6.4751189617709,True,13.846901434927574,False,>10 DE genes,on-target KD
464,ERCC6L2,0.10656854926008741,0.0951062817787494,0.713712923346177,0.6314994841593506,ENSG00000182150,Stim8hr,524.0,154,86,240,-12.378007645166209,True,35.89973216980032,False,>10 DE genes,on-target KD
465,ERGIC1,0.20876288469900792,0.1958081607258016,0.8410627415128816,0.7628030857452145,ENSG00000113719,Stim8hr,372.0,37,32,69,-4.186902117099514,True,5.041132018381536,False,>10 DE genes,on-target KD
466,ERGIC3,0.039524132833424,-0.107264385818475,0.22904783022641886,0.1369308540526626,ENSG00000125991,Stim8hr,2917.0,109,47,156,-35.003575456336385,True,90.59161555466198,False,>10 DE genes,on-target KD
467,ERN1,0.0712859671325594,0.0635796097148583,0.84131067962655,0.7958282514692282,ENSG00000178607,Stim8hr,927.0,10,107,117,-9.114396976424988,True,46.13559755974434,False,>10 DE genes,on-target KD
468,ETNK1,0.15473357584875025,0.1320614960703184,0.7770701437505361,0.7544144949056119,ENSG00000139163,Stim8hr,530.0,25,9,34,-15.99999144810593,True,64.31639060189146,False,>10 DE genes,on-target KD
469,EWSR1,0.22826588839822484,0.2235777359031547,0.7717505428649328,0.7455341150127758,ENSG00000182944,Stim8hr,767.0,1095,695,1790,-32.03755809612848,True,155.38519961402048,True,>10 DE genes,on-target KD
470,EXOC4,0.12399128235839774,0.0017713504165842,0.2266368940901385,0.1559593357306263,ENSG00000131558,Stim8hr,161.0,60,20,80,0.0,False,,False,>10 DE genes,no on-target KD
471,EXOC7,0.0669296167318509,-0.047138663865268,0.6798516260190489,0.6507366265075795,ENSG00000182473,Stim8hr,146.0,75,57,132,-8.565015938789529,True,54.06268588962629,False,>10 DE genes,on-target KD
472,EXOSC1,0.2548465892711298,0.2021036063051504,0.6752494961056484,0.6536803264849916,ENSG00000171311,Stim8hr,80.0,151,27,178,-4.124141252743642,True,29.91352335436272,True,>10 DE genes,on-target KD
473,EXTL2,0.011787564657511233,-0.007731134418921,-0.2157218251874041,-0.4528372606720526,ENSG00000162694,Stim8hr,700.0,42,8,50,-3.5852008086762024,True,5.079278059987097,False,>10 DE genes,on-target KD
474,EZH2,0.22809275318161745,0.1652363179528477,0.6541812565021895,0.6049624594292481,ENSG00000106462,Stim8hr,153.0,329,78,407,-9.766194187955938,True,209.82022200759243,False,>10 DE genes,on-target KD
475,FAAP24,0.050259657041554835,0.02619845497305,0.8717447489707126,0.8413645776080477,ENSG00000131944,Stim8hr,95.0,21,15,36,-3.0397305079434407,True,10.5647121898438,False,>10 DE genes,on-target KD
476,FABP6,0.0431694123584851,0.0240141375372082,0.6390268736449621,0.6090206520028719,ENSG00000170231,Stim8hr,998.0,12,33,45,0.0,False,,False,>10 DE genes,no on-target KD
477,FADS1,0.0548388836263102,-0.050952715108798,0.5526326554179565,0.3133432403571482,ENSG00000149485,Stim8hr,742.0,28,7,35,-12.109822279411334,True,29.150317153825803,True,>10 DE genes,on-target KD
478,FAF2,0.09644529858073818,-0.064981929380965,0.5737408299127257,0.498152503008814,ENSG00000113194,Stim8hr,86.0,256,46,302,-6.94481279287979,True,59.06136748706854,False,>10 DE genes,on-target KD
479,FAM118A,0.08361287654451906,0.0759643615149466,0.8189324166989227,0.7849578077184487,ENSG00000100376,Stim8hr,299.0,35,19,54,-2.233638670666381,True,3.0299751877203445,False,>10 DE genes,on-target KD
480,FAM122A,0.07561033494843311,0.0326378090375155,0.5918241368858671,0.3913183677428619,ENSG00000187866,Stim8hr,236.0,53,19,72,-5.127118899114154,True,32.379558143561816,False,>10 DE genes,on-target KD
481,FAM161A,0.0131826259321529,-0.048845384289538,0.37988819830975573,0.3417088878893605,ENSG00000170264,Stim8hr,575.0,298,139,437,-4.085411106510647,True,3.744809177396729,False,>10 DE genes,on-target KD
482,FAM161B,0.07240145800257247,0.0408783664956008,0.7924458999084621,0.7498878980032999,ENSG00000156050,Stim8hr,704.0,209,85,294,-2.2870179400351325,False,0.7953174317296495,True,>10 DE genes,putative off-target
483,FAM170A,0.052230220649244465,0.0301444785260775,-0.5630561631308373,-0.6496806934244123,ENSG00000164334,Stim8hr,312.0,29,3,32,0.0,False,,False,>10 DE genes,no on-target KD
484,FAM204A,0.07433959588214963,-0.0138274437543869,0.8314829504433813,0.8021003197298614,ENSG00000165669,Stim8hr,152.0,97,43,140,-9.096392661840817,True,56.82708415085306,False,>10 DE genes,on-target KD
485,FAM208A,0.1624867092384146,0.126086625753187,0.7635223595190087,0.7020536490746472,ENSG00000163946,Stim8hr,1435.0,310,64,374,-26.923527935656168,True,71.91473939817901,False,>10 DE genes,on-target KD
486,FAM20B,0.09030769231910796,0.0540646037243598,0.8531796804011996,0.8503031244637398,ENSG00000116199,Stim8hr,376.0,73,116,189,-10.800102996508018,True,34.26989352489287,False,>10 DE genes,on-target KD
487,FAM220A,0.05959078587959346,0.0465057945686466,0.7778934584233959,0.7444243494727758,ENSG00000178397,Stim8hr,424.0,139,23,162,0.0,False,,False,>10 DE genes,no on-target KD
488,FAM229A,-0.011387204473761398,-0.0377721791848432,-0.07886239912681066,-0.0958887463172156,ENSG00000225828,Stim8hr,1154.0,44,4,48,0.0545681735757218,False,0.1543106364111465,False,>10 DE genes,no on-target KD
489,FAM3C,0.06960930821274497,0.0136772232876514,0.8851168995850776,0.849847724398269,ENSG00000196937,Stim8hr,738.0,9,22,31,-6.217509282939462,True,337.59819809028033,False,>10 DE genes,on-target KD
490,FAM69A,-0.019921562452157433,-0.0253518428196503,0.2721489813722741,0.2050817814377258,ENSG00000154511,Stim8hr,639.0,131,11,142,-13.29726647972034,True,37.55740184000869,False,>10 DE genes,on-target KD
491,FAM92A,0.03254293737524133,0.0220728624784606,-0.3210787698179719,-0.6052900200773975,ENSG00000188343,Stim8hr,713.0,38,0,38,-2.7448439381648173,False,1.2145399472499694,False,>10 DE genes,no on-target KD
492,FAM98B,0.27621780362349174,0.2503410117668285,0.8007485466873666,0.7632442030555372,ENSG00000171262,Stim8hr,511.0,415,490,905,-20.944516910814123,True,108.65285898777594,False,>10 DE genes,on-target KD
493,FANCB,0.11432429095548842,0.0515283537861805,0.7065327532289642,0.6345032543680056,ENSG00000181544,Stim8hr,421.0,429,144,573,-7.627897806783483,True,19.29315583460808,True,>10 DE genes,on-target KD
494,FANCD2,0.05655194203437597,-0.0423537292344295,0.6707640356994101,0.6301716806003044,ENSG00000144554,Stim8hr,295.0,58,26,84,-8.130761968308185,True,26.84670571101917,False,>10 DE genes,on-target KD
495,FANCE,0.03734892223408826,-0.0237651273948646,0.7553480149405886,0.6730956693686978,ENSG00000112039,Stim8hr,247.0,33,4,37,-6.87393135111017,True,17.187008065355975,False,>10 DE genes,on-target KD
496,FANCI,0.1605708388269706,0.1288851907237711,0.7374899480795222,0.6905412079297184,ENSG00000140525,Stim8hr,100.0,47,23,70,-3.165154459364071,True,98.68881714614038,False,>10 DE genes,on-target KD
497,FANCL,0.05334695839146044,0.0263187754156156,0.6537463124263992,0.641661316303758,ENSG00000115392,Stim8hr,165.0,156,25,181,-3.360809861390192,True,7.923799529396657,False,>10 DE genes,on-target KD
498,FANCM,0.1392661123013792,0.127940800178342,0.6823981651620808,0.5936260944692086,ENSG00000187790,Stim8hr,487.0,79,12,91,-6.682965805234007,True,14.10729899983571,True,>10 DE genes,on-target KD
499,FBRS,0.13393169464331478,0.1290472435603131,0.6003555954053007,0.5671693994109461,ENSG00000156860,Stim8hr,417.0,119,69,188,-16.321573614530962,True,161.16710436231722,False,>10 DE genes,on-target KD
500,FBXL15,-0.040187872745833436,-0.0490638713838088,0.036904589896481536,-0.0627157896946452,ENSG00000107872,Stim8hr,1484.0,96,30,126,-18.249071272353675,True,26.803733136590274,False,>10 DE genes,on-target KD
501,FBXL3,0.06387777974301423,0.0228168857619128,0.46356631771314544,0.2872643661682936,ENSG00000005812,Stim8hr,533.0,301,123,424,-20.39921839834452,True,96.53297593515212,False,>10 DE genes,on-target KD
502,FBXO11,0.26428675036041965,0.2493197460394809,0.7249524732742157,0.7021063877184559,ENSG00000138081,Stim8hr,809.0,23,90,113,-15.138281626121248,True,38.33918742807728,False,>10 DE genes,on-target KD
503,FBXO28,0.11865316010977163,0.1093686926577898,0.8385746756190838,0.737957433401098,ENSG00000143756,Stim8hr,343.0,30,37,67,-11.767849916584382,True,46.78493394163408,False,>10 DE genes,on-target KD
504,FBXO3,0.0878348417006213,0.0333847063158635,0.7253019913792835,0.6817044690573307,ENSG00000110429,Stim8hr,172.0,22,42,64,-6.032651798697449,True,26.15661946137406,False,>10 DE genes,on-target KD
505,FBXO32,0.034246093606031196,0.0119618713193942,0.35975868876754014,0.2941822442091358,ENSG00000156804,Stim8hr,1478.0,466,282,748,-3.1388488544752486,True,7.091570394303601,False,>10 DE genes,on-target KD
506,FBXO42,0.12231645542421894,0.112588890066725,0.690353136866463,0.6721627480582373,ENSG00000037637,Stim8hr,290.0,80,19,99,-9.249514490556892,True,34.96309204215303,False,>10 DE genes,on-target KD
507,FBXW2,0.08464165544190187,0.0563818892863412,0.7810579497490138,0.7701423677445453,ENSG00000119402,Stim8hr,796.0,67,57,124,-29.89573058296554,True,133.54444311837676,False,>10 DE genes,on-target KD
508,FBXW7,0.1341012270322538,0.1249053835778347,0.7917303624417656,0.7495772402553444,ENSG00000109670,Stim8hr,803.0,110,82,192,-19.02836155389084,True,99.98877160894511,False,>10 DE genes,on-target KD
509,FDX1,0.2718700160575888,0.2385577794737744,0.5323669748338679,0.4684826644413093,ENSG00000137714,Stim8hr,157.0,74,5,79,-10.692379840995518,True,96.84579266367332,False,>10 DE genes,on-target KD
510,FDX2,0.3288043780296093,0.3042512547199169,0.9027462773765013,0.8925366791322162,ENSG00000267673,Stim8hr,90.0,53,19,72,0.0,False,,False,>10 DE genes,no on-target KD
511,FEM1A,0.01843334415328547,-0.0327612436419276,0.6830512383212213,0.6301408786331867,ENSG00000141965,Stim8hr,383.0,40,55,95,-9.726612284113934,True,81.19533002583269,False,>10 DE genes,on-target KD
512,FEN1,0.038071583296058434,0.0356607441098883,0.3174618128495987,0.0370687125700483,ENSG00000168496,Stim8hr,193.0,27,6,33,-11.692578257052968,True,176.89217043739308,True,>10 DE genes,on-target KD
513,FGFR1OP,0.1242275972012078,0.0469371611578901,0.8130451992334634,0.7967023934508424,ENSG00000213066,Stim8hr,250.0,153,76,229,-9.254500001303748,True,33.73322608320803,False,>10 DE genes,on-target KD
514,FGFR1OP2,0.11806156666054612,0.1136339093865188,0.6730394118105982,0.6587164444858759,ENSG00000111790,Stim8hr,356.0,389,124,513,-15.8683055567041,True,76.43570544118927,True,>10 DE genes,on-target KD
515,FHL1,-0.03481999221716323,-0.060849625303235,-0.10049731386965517,-0.1276557069934915,ENSG00000022267,Stim8hr,852.0,413,52,465,-1.4175846848142342,False,1.1571454713049734,False,>10 DE genes,no on-target KD
516,FIBP,0.08533486944833792,0.0136092764629932,0.8895604647920546,0.8711723800562468,ENSG00000172500,Stim8hr,991.0,35,31,66,-23.54937462122295,True,63.63899603070311,True,>10 DE genes,on-target KD
517,FITM2,0.3503834388713281,0.3138758020617105,0.7729868186773027,0.7645959929685127,ENSG00000197296,Stim8hr,457.0,2003,604,2607,-4.166284234536167,True,4.459412035444436,False,>10 DE genes,on-target KD
518,FKBP2,0.17056196082883612,0.1604362963990822,0.8200748356682297,0.8115152094730982,ENSG00000173486,Stim8hr,430.0,152,103,255,0.0,False,,False,>10 DE genes,no on-target KD
519,FLAD1,0.18847621558678865,0.1601644837457291,0.637304703847087,0.5528127182578654,ENSG00000160688,Stim8hr,183.0,142,126,268,-8.676686827299353,True,52.820155332052266,False,>10 DE genes,on-target KD
520,FLI1,0.20884060726747974,0.1972561867145364,0.8468800215443038,0.8205046566057813,ENSG00000151702,Stim8hr,319.0,140,143,283,-11.37761663117757,True,64.1496237714647,False,>10 DE genes,on-target KD
521,FLVCR2,0.0623067079965555,0.0303752962563207,0.32680311538761514,0.1930756917077326,ENSG00000119686,Stim8hr,461.0,138,12,150,-2.562460665822027,False,3.2448293868936333,False,>10 DE genes,no on-target KD
522,FNBP4,0.19143832956028736,0.1449393828067732,0.6200398487607655,0.5650651651973709,ENSG00000109920,Stim8hr,189.0,655,229,884,-9.799104671878728,True,73.82851500353839,False,>10 DE genes,on-target KD
523,FOSL2,0.0682019553905629,0.0376921108271908,0.878244543725104,0.8600197629594412,ENSG00000075426,Stim8hr,697.0,24,27,51,-10.709754817818824,True,122.3907853748756,False,>10 DE genes,on-target KD
524,FOXK1,0.2121797662261975,0.20035069302196,0.7792414058104482,0.7506199795477735,ENSG00000164916,Stim8hr,318.0,615,204,819,-12.773930438046657,True,63.12865048931347,False,>10 DE genes,on-target KD
525,FOXN2,0.1580451788897871,0.1415643287567509,0.7377259706096083,0.7090372261001682,ENSG00000170802,Stim8hr,1048.0,291,10,301,-27.47301586225253,True,78.84846573139953,False,>10 DE genes,on-target KD
526,FOXO1,0.2223771288775103,0.1409002275108961,0.7593907456841159,0.7132685579294362,ENSG00000150907,Stim8hr,723.0,544,303,847,-5.478544258892024,True,92.1692507823114,False,>10 DE genes,on-target KD
527,FPGS,0.050410705822999204,-0.0341816566457085,0.4749921238378995,0.1527317083911951,ENSG00000136877,Stim8hr,374.0,31,2,33,-16.90038548038606,True,87.97435785032665,False,>10 DE genes,on-target KD
528,FUBP1,0.11500028264305677,0.0498360941031209,0.7615144014338986,0.7412418827410537,ENSG00000162613,Stim8hr,360.0,644,549,1193,-29.161287949009264,True,282.0262709824773,False,>10 DE genes,on-target KD
529,FUNDC2,0.08749214446235627,0.0822106188307746,0.92113065156882,0.8948051570032816,ENSG00000165775,Stim8hr,685.0,22,14,36,-10.040629196641506,True,17.452439730589422,False,>10 DE genes,on-target KD
530,FZD6,0.3364192218511246,0.3103875553513632,0.617738688988814,0.6011248463271445,ENSG00000164930,Stim8hr,75.0,1121,274,1395,-2.906857106024274,True,21.851999724847285,False,>10 DE genes,on-target KD
531,G3BP1,0.1067500055872493,0.0949627524313565,0.9184897701277818,0.908391408315102,ENSG00000145907,Stim8hr,444.0,89,93,182,0.0,False,,False,>10 DE genes,no on-target KD
532,GABPA,0.1311879883946276,0.0915502549987739,0.7072591099166704,0.6424381421355729,ENSG00000154727,Stim8hr,174.0,54,155,209,-6.804963883694431,True,79.82928097686381,False,>10 DE genes,on-target KD
533,GABPB1,0.3185256026156737,0.3089435146683961,0.8012589018328855,0.7907869072193926,ENSG00000104064,Stim8hr,221.0,811,771,1582,-14.535528320161182,True,138.3594410772517,False,>10 DE genes,on-target KD
534,GADD45GIP1,0.12867820068905958,0.112931491394163,0.620943698557645,0.5426457633137589,ENSG00000179271,Stim8hr,379.0,58,12,70,-23.06541758352927,True,177.46199581779643,False,>10 DE genes,on-target KD
535,GALK2,0.040819271057933766,0.0006500891517876,0.2633048124284771,0.0168942408776314,ENSG00000156958,Stim8hr,1164.0,104,27,131,-12.395945571809486,True,30.41417906721432,True,>10 DE genes,on-target KD
536,GALNT6,0.1265594926587402,0.1000622984270959,0.9077628603950322,0.9027108336164168,ENSG00000139629,Stim8hr,711.0,16,23,39,-8.09956325423193,True,12.157018606284872,False,>10 DE genes,on-target KD
537,GANAB,0.12870224732920826,0.0701280965851169,0.5982184454284108,0.5674955368621362,ENSG00000089597,Stim8hr,355.0,361,310,671,-8.848280907727887,True,37.48167171739731,False,>10 DE genes,on-target KD
538,GARS,0.3219426444070656,0.1316243433830045,0.7412204218396301,0.7255237219652464,ENSG00000106105,Stim8hr,135.0,43,5,48,-4.219111727620791,True,33.73153271011999,False,>10 DE genes,on-target KD
539,GATA3,0.35793488101098864,0.3525114329205548,0.8381402540701411,0.8172636642223791,ENSG00000107485,Stim8hr,818.0,503,736,1239,-19.995103304780407,True,125.43932561724328,False,>10 DE genes,on-target KD
540,GATAD1,0.2501391393106304,0.238670099296988,0.8865775935124877,0.843649665375388,ENSG00000157259,Stim8hr,117.0,101,66,167,-4.156405915464625,True,20.13653192235079,False,>10 DE genes,on-target KD
541,GATAD2B,0.109790191626723,0.0800052814143629,0.7034618004443381,0.6368294567650634,ENSG00000143614,Stim8hr,260.0,31,14,45,-12.404486222150537,True,61.361213934140046,False,>10 DE genes,on-target KD
542,GBA2,0.0061042902053385665,-0.0452128643167043,0.6582647734187249,0.5745339883586048,ENSG00000070610,Stim8hr,210.0,26,23,49,-8.1240214644327,True,34.20442295247929,True,>10 DE genes,on-target KD
543,GCN1,0.08250883077872023,0.0306312590758724,0.7269857174541281,0.7115215372841481,ENSG00000089154,Stim8hr,311.0,49,20,69,-18.30684232494321,True,128.92682094821814,False,>10 DE genes,on-target KD
544,GCSH,0.188023756062599,0.1419925355182351,0.6614556303979167,0.6219060151279107,ENSG00000140905,Stim8hr,150.0,412,118,530,0.0,False,,False,>10 DE genes,no on-target KD
545,GDAP2,0.2595066347544533,0.2431039135010421,0.6539885552133983,0.6264941486020046,ENSG00000196505,Stim8hr,102.0,354,154,508,-5.164139016617124,True,38.3341229171292,False,>10 DE genes,on-target KD
546,GDF9,0.08816621036652461,-0.028301299643079,0.7785982676693205,0.7656193228017162,ENSG00000164404,Stim8hr,191.0,177,174,351,0.0900567859854441,False,0.1558757970788144,True,>10 DE genes,putative off-target
547,GEMIN7,0.28048693483493375,0.2263053400070581,0.6234279682202514,0.3546699823703647,ENSG00000142252,Stim8hr,68.0,69,48,117,-5.9370074464686144,True,80.62615458351965,False,>10 DE genes,on-target KD
548,GFER,0.15078698823615524,0.1271132167367972,0.5735643972228655,0.5398003941957604,ENSG00000127554,Stim8hr,54.0,107,7,114,-1.959700598905704,False,38.91608927121298,False,>10 DE genes,no on-target KD
549,GFM2,0.07214291741394176,0.0166692679195616,0.7976612419184278,0.7521018640908071,ENSG00000164347,Stim8hr,330.0,32,20,52,-7.33066104142182,False,43.60703144614172,True,>10 DE genes,putative off-target
550,GID8,0.12484269818166233,0.0898920082645955,0.5765553281198992,0.5019916104648281,ENSG00000101193,Stim8hr,565.0,686,286,972,-25.702419450834448,True,156.16636594456827,True,>10 DE genes,on-target KD
551,GIGYF2,0.18670904582373737,0.1757960725212299,0.7581717121916188,0.7403745741588912,ENSG00000204120,Stim8hr,369.0,156,78,234,-11.06786052582437,True,38.28435247552068,False,>10 DE genes,on-target KD
552,GINM1,0.13983443333430887,0.1347040363561399,0.8297464299655112,0.8203105290651712,ENSG00000055211,Stim8hr,194.0,97,58,155,-8.974190111032192,True,44.166347644520805,False,>10 DE genes,on-target KD
553,GIPC3,0.029743207417618434,0.0278397088980886,0.253845363037261,-0.0103000353837043,ENSG00000179855,Stim8hr,472.0,45,7,52,0.0,False,,False,>10 DE genes,no on-target KD
554,GJC1,0.14264647644494594,0.1130127875773229,0.6923525256322677,0.5539857543254084,ENSG00000182963,Stim8hr,170.0,78,55,133,-3.199483566071874,True,8.286959570243264,False,>10 DE genes,on-target KD
555,GLI1,0.046076353012877,-0.0099426749641965,0.7453294591749865,0.6893539664977497,ENSG00000111087,Stim8hr,253.0,154,25,179,-0.5671460606949864,True,0.2934543409319239,False,>10 DE genes,on-target KD
556,GLIPR2,0.0167166173748246,-0.0108353134787394,0.253335313606239,0.1214054298843272,ENSG00000122694,Stim8hr,1490.0,859,502,1361,-12.024018449858398,True,19.14397838599797,False,>10 DE genes,on-target KD
557,GLRX3,0.17290584156927877,0.1017181034978878,0.7232453404648872,0.6998148091736925,ENSG00000108010,Stim8hr,83.0,74,25,99,-15.33576616267047,True,339.6272817061812,False,>10 DE genes,on-target KD
558,GLS,0.20202921169713586,0.1797866646408817,0.7187838069666711,0.6104167597156318,ENSG00000115419,Stim8hr,381.0,166,154,320,-18.377002017747696,True,197.32963352429704,False,>10 DE genes,on-target KD
559,GLS2,0.029582022415959,-0.0735436694296542,0.5844611713875759,0.5186049061524272,ENSG00000135423,Stim8hr,157.0,28,6,34,-0.7934916804477239,False,0.9322021521260871,False,>10 DE genes,no on-target KD
560,GMEB1,0.17131385835370128,0.1335858230901858,0.8536259776032639,0.8378342122547381,ENSG00000162419,Stim8hr,1192.0,153,498,651,-20.39669033351788,True,45.4498949700044,False,>10 DE genes,on-target KD
561,GMEB2,0.0907266815225121,0.0734605798477238,0.30148344921191444,0.1730315584811423,ENSG00000101216,Stim8hr,310.0,182,27,209,-2.4992313145544154,False,28.532061796602232,False,>10 DE genes,no on-target KD
562,GNAS,0.1632379489091174,0.1497451079825422,0.7722030438147812,0.7441047373191433,ENSG00000087460,Stim8hr,794.0,79,161,240,0.0,False,,False,>10 DE genes,no on-target KD
563,GNB1,0.1196151949276638,0.1132137653466467,0.3442636322152158,0.1901140240854908,ENSG00000078369,Stim8hr,329.0,10,22,32,-17.516461407476687,True,126.18818314818924,False,>10 DE genes,on-target KD
564,GNG11,-0.0026468393912629997,-0.0149650454509835,0.029867320322995165,-0.0263698712202051,ENSG00000127920,Stim8hr,1437.0,62,15,77,0.0,False,,False,>10 DE genes,no on-target KD
565,GNG5,0.09985833931809203,0.0927042036335723,0.4680715035855127,0.4308935009903407,ENSG00000174021,Stim8hr,183.0,114,109,223,-3.737522249055362,True,19.755089244705108,False,>10 DE genes,on-target KD
566,GNLY,0.0036410458884870334,-0.0071821650677111,0.7903061305366313,0.7569263988960326,ENSG00000115523,Stim8hr,675.0,40,6,46,-5.161060824695936,True,55.375464910793326,False,>10 DE genes,on-target KD
567,GNMT,-0.003194561744089668,-0.042349714514259,0.2581584607599042,0.1371600476011537,ENSG00000124713,Stim8hr,790.0,40,14,54,-1.0156497163139953,False,0.8891358050091356,False,>10 DE genes,no on-target KD
568,GNPAT,0.2862286127578431,0.2017369378737448,0.6143495411303537,0.5804269585614084,ENSG00000116906,Stim8hr,200.0,181,24,205,-5.510349479339465,True,77.52540685021353,False,>10 DE genes,on-target KD
569,GNPNAT1,0.39906732320804394,0.3692328084001035,0.5753004352764103,0.543088863513808,ENSG00000100522,Stim8hr,52.0,154,24,178,-3.637588867189848,True,48.61486016916079,False,>10 DE genes,on-target KD
570,GOLGA8A,0.23335435818914507,0.2089440888790718,0.8379219442706637,0.8158902968764293,ENSG00000175265,Stim8hr,417.0,62,87,149,0.0,False,,False,>10 DE genes,no on-target KD
571,GOLT1B,0.052266760465865626,0.0276268274991941,0.7810177526028497,0.7526872479498824,ENSG00000111711,Stim8hr,58.0,50,35,85,-4.415419117346142,True,118.7275388495172,False,>10 DE genes,on-target KD
572,GORASP2,0.022057137169683935,-0.018541624654884,0.7747535671529113,0.6679552807780744,ENSG00000115806,Stim8hr,591.0,31,13,44,-27.798382823141868,True,161.69827229702497,False,>10 DE genes,on-target KD
573,GP1BB,0.0555515737758146,0.0279914741934159,0.8105732470922801,0.7667445360309674,ENSG00000203618,Stim8hr,372.0,22,33,55,0.0,False,,False,>10 DE genes,no on-target KD
574,GPAA1,0.034176767605503096,0.0119952815424558,0.5559517468397724,0.5044287780560861,ENSG00000197858,Stim8hr,606.0,152,25,177,-16.197862444007594,True,54.29806682343887,False,>10 DE genes,on-target KD
575,GPALPP1,0.16349088315532045,0.1542760386916449,0.7649689536704706,0.6677600807973776,ENSG00000133114,Stim8hr,80.0,33,7,40,-3.891103871613235,True,34.18150451147588,False,>10 DE genes,on-target KD
576,GPATCH8,0.1177267384689486,0.0829149381947305,0.4644379938994197,0.3860727715782412,ENSG00000186566,Stim8hr,610.0,95,83,178,-13.153204943976936,True,32.6852408205727,False,>10 DE genes,on-target KD
577,GPD1L,0.1004537475397876,0.0920390131120927,0.8604505156779645,0.8489090290311059,ENSG00000152642,Stim8hr,455.0,31,9,40,-10.303662200249809,True,26.824993180366963,False,>10 DE genes,on-target KD
578,GPI,0.09026801181652398,0.0448528035804037,0.7746050185839423,0.7489876568510986,ENSG00000105220,Stim8hr,475.0,501,454,955,-19.47275991294692,True,88.71723065390661,False,>10 DE genes,on-target KD
579,GPR137,0.0335395136708156,-0.0436412159792395,0.8112536788451866,0.7493970022785484,ENSG00000173264,Stim8hr,1378.0,60,34,94,-12.246413800534707,True,21.009767082908542,True,>10 DE genes,on-target KD
580,GPR146,0.06861286442966,0.0374513513360628,0.7447276885493714,0.5891299220914179,ENSG00000164849,Stim8hr,620.0,43,45,88,-0.4830772872396939,True,0.1497963444764855,False,>10 DE genes,on-target KD
581,GPR15,0.03187368720255256,0.0040791151289348,0.18549407599957715,0.1280362873403474,ENSG00000154165,Stim8hr,1341.0,287,34,321,-11.656005465011738,True,37.35846439029284,False,>10 DE genes,on-target KD
582,GPR27,0.03827096162507977,0.0119551686230174,0.004904596558520866,-0.1227583632645256,ENSG00000170837,Stim8hr,498.0,38,7,45,-2.6989462083046005,False,1.6456763155950676,False,>10 DE genes,no on-target KD
583,GPR63,0.08391465283376558,0.0606819317988813,0.16972776845671056,0.1009479649109721,ENSG00000112218,Stim8hr,225.0,51,22,73,-1.8416217126792624,False,3.3801901667927603,False,>10 DE genes,no on-target KD
584,GPR82,0.03973614873970263,0.0090647008171117,0.49575312546349654,0.4492155737331141,ENSG00000171657,Stim8hr,661.0,21,20,41,0.0,False,,False,>10 DE genes,no on-target KD
585,GPRASP1,0.09138816850714875,0.050874146823679,0.498107863009788,0.2477807003057633,ENSG00000198932,Stim8hr,289.0,747,118,865,-0.3261703006736114,False,0.3424801554752384,False,>10 DE genes,no on-target KD
586,GPRC5A,0.082212090801175,0.0664747086842354,0.6333863335966429,0.5981177165890214,ENSG00000013588,Stim8hr,582.0,5,32,37,0.0,False,,False,>10 DE genes,no on-target KD
587,GPS2,0.16244147323968364,0.1420422342007658,0.8330649928709865,0.8201837123908533,ENSG00000132522,Stim8hr,683.0,195,280,475,-13.421656051834468,True,63.25806533073248,False,>10 DE genes,on-target KD
588,GPT2,0.18198163452163252,0.1517506675203367,0.8736696238357093,0.85275097113386,ENSG00000166123,Stim8hr,218.0,47,52,99,-3.881499916110538,True,7.784464186288584,False,>10 DE genes,on-target KD
589,GRIN3A,0.0959225017311212,0.08580795604316,0.6361031754927521,0.4219968208553856,ENSG00000198785,Stim8hr,524.0,68,0,68,0.0,False,,False,>10 DE genes,no on-target KD
590,GSS,0.11504818902014334,0.1122831556055933,0.8750936903514092,0.8019873935030855,ENSG00000100983,Stim8hr,190.0,45,10,55,-8.319757169864822,True,47.31166439673866,False,>10 DE genes,on-target KD
591,GSTCD,0.0773749661956674,0.0302347443668921,0.818511381201103,0.7429604052923744,ENSG00000138780,Stim8hr,669.0,100,33,133,-13.381050870535873,True,39.17660132223874,True,>10 DE genes,on-target KD
592,GTF2H5,0.17933289151341544,0.1488723032507091,0.8646199838071097,0.8267095365681154,ENSG00000272047,Stim8hr,983.0,113,143,256,-23.1682924108104,True,83.60231929937311,False,>10 DE genes,on-target KD
593,GTF2IRD1,0.024044680432160168,0.001780180209547,0.08118641792493721,0.0325703028854742,ENSG00000006704,Stim8hr,159.0,54,5,59,-0.6641707228951232,False,1.424632717599095,False,>10 DE genes,no on-target KD
594,GTF3C4,0.0932905003235831,-0.0680374788940428,0.8224618046023772,0.7802239648660364,ENSG00000125484,Stim8hr,152.0,57,18,75,-5.804204760277557,True,44.987246400597165,True,>10 DE genes,on-target KD
595,GTF3C5,0.17580993781936627,0.1574016884351884,0.8557905663150054,0.82131748346482,ENSG00000148308,Stim8hr,97.0,160,79,239,-6.057717527233461,True,55.65625141274831,False,>10 DE genes,on-target KD
596,GTF3C6,0.14035800029825213,0.0982444692848239,0.7152629308329171,0.6579701944109321,ENSG00000155115,Stim8hr,66.0,392,262,654,-6.617485401025941,True,299.84528985417376,False,>10 DE genes,on-target KD
597,GYPC,0.0708293582755505,0.025273266762826,0.7601881666829385,0.6406402039428466,ENSG00000136732,Stim8hr,1053.0,8,31,39,-11.140572885592473,True,90.8558952917379,False,>10 DE genes,on-target KD
598,GZMB,0.053402520765689465,0.0448142326734554,0.28235877596547293,0.2266434408535187,ENSG00000100453,Stim8hr,421.0,370,126,496,-6.345650280901983,True,4325.293204215515,False,>10 DE genes,on-target KD
599,H2AFZ,0.12036389925302955,0.0667593684783975,0.7967455089090741,0.757777918777381,ENSG00000164032,Stim8hr,341.0,159,145,304,-8.914024142613647,True,100.65754004745445,False,>10 DE genes,on-target KD
600,H3F3C,0.0485275151286961,0.0330138784865683,0.0648460396289006,-0.0233029484395456,ENSG00000188375,Stim8hr,501.0,60,12,72,-0.5403482560985091,False,0.3085042654384394,False,>10 DE genes,no on-target KD
601,HACD4,0.18006915212681252,0.1704367544113177,0.567280060448578,0.5459351107128504,ENSG00000188921,Stim8hr,694.0,476,71,547,-9.423551163110911,True,18.115513977521484,False,>10 DE genes,on-target KD
602,HARS2,0.18623019400726193,0.1473943278138135,0.863333916467078,0.8453303513145651,ENSG00000112855,Stim8hr,68.0,30,1,31,0.0,False,,False,>10 DE genes,no on-target KD
603,HCCS,0.2262340937824813,0.2094304012390615,0.6423155059443095,0.6232350389661394,ENSG00000004961,Stim8hr,204.0,985,388,1373,-6.501547662893022,True,40.92057570201725,False,>10 DE genes,on-target KD
604,HDAC1,0.15636077031488807,0.1485668263538632,0.8130508247568254,0.7998438208065679,ENSG00000116478,Stim8hr,515.0,65,25,90,-24.16299170664232,True,127.9237108352066,False,>10 DE genes,on-target KD
605,HDAC3,0.06078805626351983,0.0063549450089542,0.5344512098187981,0.4276512568360477,ENSG00000171720,Stim8hr,192.0,421,487,908,-9.807565916927595,True,50.3018571165201,True,>10 DE genes,on-target KD
606,HDAC7,0.11420885005880156,0.0664118107211359,0.6002136338022176,0.5860641652971005,ENSG00000061273,Stim8hr,99.0,15,42,57,-9.492363258064936,True,247.37730717854123,False,>10 DE genes,on-target KD
607,HDHD3,-0.02962969260879897,-0.0518382491701318,-0.11924124738996379,-0.2132765754476727,ENSG00000119431,Stim8hr,867.0,103,15,118,-8.55002616968948,True,12.326594955183696,False,>10 DE genes,on-target KD
608,HEATR3,0.21142623985272327,0.1391620132257507,0.764751330074218,0.7328830284734441,ENSG00000155393,Stim8hr,82.0,231,186,417,-5.082326091031544,True,66.24216660531329,False,>10 DE genes,on-target KD
609,HELT,0.19055689041341037,0.1568855762004149,0.711233386016452,0.7067039877080029,ENSG00000187821,Stim8hr,943.0,1364,777,2141,0.0,False,,False,>10 DE genes,no on-target KD
610,HERC2,0.019081565129783,0.0001661077180725,0.2090525474515482,-0.0448375637456019,ENSG00000128731,Stim8hr,398.0,28,6,34,-3.3991379062418967,False,26.523179364216755,False,>10 DE genes,no on-target KD
611,HERC4,0.08288062846114413,0.040567643773161,0.6520737874268526,0.4849219758199447,ENSG00000148634,Stim8hr,126.0,19,14,33,-4.281486025261483,True,31.82766874932114,False,>10 DE genes,on-target KD
612,HEXDC,0.13162155602206613,0.0175513896692453,0.6679856814842369,0.5818192301255304,ENSG00000169660,Stim8hr,921.0,264,91,355,-12.904519360829736,True,21.15680958029446,True,>10 DE genes,on-target KD
613,HEXIM1,0.12917151443883682,0.1201268752216689,0.8717127755527807,0.8521054736003458,ENSG00000186834,Stim8hr,496.0,150,98,248,-13.379237014425106,True,84.27299890044938,False,>10 DE genes,on-target KD
614,HEY1,0.18311838599596186,0.1736790568565205,0.577507756587344,0.520848643608314,ENSG00000164683,Stim8hr,631.0,193,168,361,0.0,False,,False,>10 DE genes,no on-target KD
615,HIP1R,-0.021047327689064973,-0.0790126060380501,-0.02345964539994676,-0.1582634852590608,ENSG00000130787,Stim8hr,1058.0,71,10,81,-14.208942762510448,True,23.980029827614803,False,>10 DE genes,on-target KD
616,HIPK1,0.08859408409778609,0.0671442565381483,0.9000707897877328,0.8562950001914003,ENSG00000163349,Stim8hr,203.0,23,17,40,-4.0619668661723125,True,72.38950781976592,False,>10 DE genes,on-target KD
617,HIRIP3,0.10737453831427617,0.0843604307880277,0.8086053517491161,0.7639731326557408,ENSG00000149929,Stim8hr,640.0,51,96,147,-12.175495890610003,True,36.12785026353157,True,>10 DE genes,on-target KD
618,HIST1H2BI,-0.04304999135916537,-0.0546527654832997,-0.0050058723522995,-0.0406998779463184,ENSG00000278588,Stim8hr,598.0,253,71,324,0.0,False,,False,>10 DE genes,no on-target KD
619,HIST1H3I,0.11923838240996641,0.0789946365969127,0.8842992191074944,0.8750769409628756,ENSG00000275379,Stim8hr,596.0,4,27,31,0.0,False,,False,>10 DE genes,no on-target KD
620,HLA-DOA,0.023268196700391167,0.0105320322313944,0.00028032421727503903,-0.1445551513344659,ENSG00000204252,Stim8hr,807.0,198,42,240,0.0,False,,False,>10 DE genes,no on-target KD
621,HMBS,0.1222970782025695,0.111511436814248,0.20391697888059257,0.1797584612668452,ENSG00000256269,Stim8hr,464.0,666,381,1047,-12.7350869875171,True,46.01724622890275,False,>10 DE genes,on-target KD
622,HMGN5,0.08757504253600472,-0.0012960924359156,0.3535864519965046,0.0523540930491086,ENSG00000198157,Stim8hr,796.0,45,35,80,-3.5173421053560205,True,3.836423398672389,True,>10 DE genes,on-target KD
623,HMGXB3,0.08897639257595936,0.0652069847282164,0.7706982254493981,0.7261940728663383,ENSG00000113716,Stim8hr,128.0,31,57,88,-5.094047633921472,True,25.245445211575795,False,>10 DE genes,on-target KD
624,HMGXB4,0.08071515079208443,0.0524394580757158,0.4266845618871274,0.2430963971333356,ENSG00000100281,Stim8hr,542.0,13,22,35,-15.825638087630375,True,59.27406766740207,False,>10 DE genes,on-target KD
625,HNRNPA1,0.20414912936271987,0.170561297180276,0.8507143272007774,0.8200011865488218,ENSG00000135486,Stim8hr,1024.0,467,591,1058,0.0,False,,False,>10 DE genes,no on-target KD
626,HNRNPA2B1,0.08640173998854933,0.03964723506882,0.635382709892982,0.5511216360786486,ENSG00000122566,Stim8hr,731.0,196,184,380,-44.70808494279749,True,759.4195587281044,False,>10 DE genes,on-target KD
627,HNRNPD,0.21167767155084058,0.1996466000454253,0.8700864455108471,0.8550995275497423,ENSG00000138668,Stim8hr,446.0,72,93,165,-38.38208679780081,True,433.74102777475616,False,>10 DE genes,on-target KD
628,HNRNPM,0.06748021950451064,0.0080250175432005,0.5682980849038232,0.4783409522466317,ENSG00000099783,Stim8hr,82.0,95,45,140,-9.697004338130547,True,183.49633240312767,False,>10 DE genes,on-target KD
629,HOXB2,0.10463363349811454,0.0864632708285848,0.7178529661536328,0.6416314136492044,ENSG00000173917,Stim8hr,604.0,127,53,180,-10.73682169258094,True,36.00004464064382,False,>10 DE genes,on-target KD
630,HOXB4,0.21242845915727857,0.1831454548950166,0.7465750852456042,0.6949510488890873,ENSG00000182742,Stim8hr,186.0,137,59,196,-5.574416781285437,True,17.53567625323854,False,>10 DE genes,on-target KD
631,HOXC5,-0.053730508089684964,-0.0774083082322538,0.772769620327438,0.7507967029194029,ENSG00000172789,Stim8hr,486.0,34,17,51,0.0,False,,False,>10 DE genes,no on-target KD
632,HPF1,0.062144977417041135,0.0562163905558556,0.4747942395330556,0.2982527275585377,ENSG00000056050,Stim8hr,514.0,39,20,59,-8.406644357841513,True,13.74477322266593,False,>10 DE genes,on-target KD
633,HPS1,-0.10413948166873481,-0.1523416061102724,0.0899473770068903,-0.0621302742898432,ENSG00000107521,Stim8hr,2666.0,185,118,303,-20.08118147807398,True,27.99773937282141,False,>10 DE genes,on-target KD
634,HSD17B10,0.1419300543111277,0.122218156320613,0.7107300319608901,0.6777443613315244,ENSG00000072506,Stim8hr,614.0,413,267,680,-16.15156158135431,True,119.43138397251478,False,>10 DE genes,on-target KD
635,HSD17B12,0.08031314739176766,0.0374179403069382,0.17329384091546496,0.1312753757001449,ENSG00000149084,Stim8hr,205.0,112,27,139,-0.957033985771676,False,14.153275466737638,False,>10 DE genes,no on-target KD
636,HSD17B13,-0.010031752622059499,-0.0444666496860578,-0.16257209245362425,-0.1967723294101084,ENSG00000170509,Stim8hr,472.0,112,26,138,0.0,False,,False,>10 DE genes,no on-target KD
637,HSDL2,-0.05308573905171881,-0.143186671750505,-0.028698321409411597,-0.224019585243526,ENSG00000119471,Stim8hr,835.0,193,54,247,-11.468200622302588,True,23.71499420832523,False,>10 DE genes,on-target KD
638,HSPA14,0.17062486027578508,0.1486875942785575,0.8512424217832666,0.8377680596655787,ENSG00000187522,Stim8hr,140.0,69,40,109,-5.4959616100795134,True,67.29287913840922,False,>10 DE genes,on-target KD
639,HSPA8,0.1248968799616234,0.1023596335031335,0.8741440378558843,0.8475251915892498,ENSG00000109971,Stim8hr,210.0,47,13,60,-19.75476047963793,True,2034.834971027488,False,>10 DE genes,on-target KD
640,HSPB11,0.08993695351674873,0.0727277311036917,0.8217737775750241,0.7714015863028185,ENSG00000081870,Stim8hr,212.0,13,18,31,-8.739670522542266,True,53.00850187841175,True,>10 DE genes,on-target KD
641,HSPE1,0.39108725414142015,0.3701091752655149,0.7081551568272634,0.6209414123452024,ENSG00000115541,Stim8hr,53.0,38,10,48,-2.272803023126225,False,296.90535837797546,False,>10 DE genes,no on-target KD
642,HSPH1,0.2123144628018581,0.0757718775415708,0.24226520892442158,0.0759785341763656,ENSG00000120694,Stim8hr,1409.0,48,26,74,-33.65991336870314,True,312.3785322219113,False,>10 DE genes,on-target KD
643,HTRA2,0.10700024814917901,0.0810376972277681,0.7022658988893647,0.6245303936238352,ENSG00000115317,Stim8hr,566.0,31,6,37,-11.118008290503466,True,38.91974633653467,True,>10 DE genes,on-target KD
644,HYLS1,-0.010615900887640832,-0.0815720509172708,0.7043366968720894,0.6434311290940151,ENSG00000198331,Stim8hr,209.0,24,8,32,-4.973946175309223,True,15.050232632656874,False,>10 DE genes,on-target KD
645,IBA57,0.12841839994468954,0.1259047882536355,0.7590176818961707,0.7177700475667314,ENSG00000181873,Stim8hr,410.0,83,57,140,-7.439480182162379,True,14.758274380041374,False,>10 DE genes,on-target KD
646,ICK,0.0225187417457692,0.0085548406685582,0.46586483726053524,0.3864922349703327,ENSG00000112144,Stim8hr,681.0,34,8,42,-9.843272873904343,True,21.39059130002005,False,>10 DE genes,on-target KD
647,ICOS,0.043568598580598306,0.0331364237058004,-0.0295707478032091,-0.0786166076590317,ENSG00000163600,Stim8hr,658.0,175,36,211,-16.50948463561438,True,632.2104680264275,False,>10 DE genes,on-target KD
648,ID2,0.072256831461269,0.0181906533793304,0.8625828989665619,0.8309842334795737,ENSG00000115738,Stim8hr,189.0,42,32,74,-10.23866441591588,True,388.18167905549865,False,>10 DE genes,on-target KD
649,IDH3A,0.15854312200114062,0.1399569258851448,0.8516115691746821,0.7959172764597209,ENSG00000166411,Stim8hr,167.0,84,41,125,-12.26364042910482,True,105.32062323859928,False,>10 DE genes,on-target KD
650,IFFO2,-0.0719780329887982,-0.0959195347687435,0.09073516116286236,0.0184079003749438,ENSG00000169991,Stim8hr,1152.0,36,15,51,-13.695487721778372,True,67.69106682100353,False,>10 DE genes,on-target KD
651,IFI27L1,0.17522981234964954,0.160532286879755,0.8774502861789504,0.8170722828140737,ENSG00000165948,Stim8hr,344.0,80,70,150,-6.1008678172789095,False,13.51093389970978,True,>10 DE genes,putative off-target
652,IFI30,-0.03531542769414037,-0.0563277526235931,-0.1287104642850986,-0.2907319754218788,ENSG00000216490,Stim8hr,1003.0,52,8,60,-13.435190721088947,True,59.9171161483308,False,>10 DE genes,on-target KD
653,IFNAR1,0.04004180065236943,0.02683149847361,0.620212336440566,0.5800344110184127,ENSG00000142166,Stim8hr,1214.0,18,39,57,-27.45098408681044,True,73.56987679563872,False,>10 DE genes,on-target KD
654,IFNGR1,0.0714079528621623,0.0671164252702479,0.8388002548466938,0.8173018354634167,ENSG00000027697,Stim8hr,412.0,45,65,110,-9.17301022499052,True,28.79865514615879,False,>10 DE genes,on-target KD
655,IFNGR2,0.027123570845804,0.0086294109068405,0.6716664322956211,0.6075948293008288,ENSG00000159128,Stim8hr,510.0,7,63,70,-4.715141143679452,True,7.53559247900043,False,>10 DE genes,on-target KD
656,IFT140,-0.006180119734044631,-0.0538542350671311,0.16001256190064053,-0.114775387854381,ENSG00000187535,Stim8hr,947.0,23,12,35,-2.3279002176221217,False,1.577156692269246,True,>10 DE genes,putative off-target
657,IGHMBP2,0.0632473393836162,0.0295982355937047,0.44175607951912416,0.2724762068176786,ENSG00000132740,Stim8hr,1055.0,51,32,83,0.0,False,,False,>10 DE genes,no on-target KD
658,IKZF1,0.13691041667826961,0.121802644069608,0.7686293663483781,0.741598841793161,ENSG00000185811,Stim8hr,621.0,123,45,168,-3.832634394977416,True,647.6782397071668,False,>10 DE genes,on-target KD
659,IL12RB2,0.08361714278950898,0.0798921613761386,0.25051987771075407,0.2279278955999786,ENSG00000081985,Stim8hr,1040.0,467,284,751,-25.00159244731087,True,260.76781469903733,False,>10 DE genes,on-target KD
660,IL21,0.09644365777097459,0.0571250094330066,0.7108124220650498,0.6602507152970783,ENSG00000138684,Stim8hr,593.0,70,51,121,-3.7828360341273695,True,13.065751013793744,False,>10 DE genes,on-target KD
661,IL21R,0.07626139079911913,0.0296405981115537,0.8253682042560437,0.7598350105132948,ENSG00000103522,Stim8hr,407.0,31,44,75,-13.888360443971305,True,128.15578048808817,False,>10 DE genes,on-target KD
662,IL2RB,0.2543736409976742,0.2138890519462784,0.8110358510373219,0.7952888118753432,ENSG00000100385,Stim8hr,75.0,78,150,228,-15.663922195348826,True,416.1261157434127,False,>10 DE genes,on-target KD
663,IL3,0.13142438305192308,0.1112430386310525,0.9695388211456359,0.961642733530612,ENSG00000164399,Stim8hr,607.0,16,17,33,-4.586657253651625,True,1413.741143622106,False,>10 DE genes,on-target KD
664,IL4R,0.09650778316478727,0.005735064467621,0.8624741764832025,0.8340009724556545,ENSG00000077238,Stim8hr,903.0,115,125,240,-10.470913823684365,True,15.993580366888413,False,>10 DE genes,on-target KD
665,IL7R,0.07703287448271219,-0.0255745953091101,0.35832496379918327,0.1042384033669098,ENSG00000168685,Stim8hr,236.0,260,552,812,-3.604226056692848,True,36.62246365743327,False,>10 DE genes,on-target KD
666,IMMP1L,0.1083533456916717,0.0680249926971949,0.484412892249209,0.458963616586517,ENSG00000148950,Stim8hr,487.0,42,46,88,-8.734796077381665,True,16.222328646560726,True,>10 DE genes,on-target KD
667,IMMP2L,0.046733494247061996,-0.001930487264008,0.5715324497819543,0.3669255373650865,ENSG00000184903,Stim8hr,664.0,92,63,155,-14.150577449394278,True,52.12339905556294,False,>10 DE genes,on-target KD
668,IMMT,0.04658723017485713,-0.0241239053118766,0.35744770496632977,0.2949316633935265,ENSG00000132305,Stim8hr,138.0,20,16,36,-13.419971581241802,True,185.4437074839304,False,>10 DE genes,on-target KD
669,IMPAD1,0.05220249429145233,0.0032787543273897,0.6429496307481264,0.3921161409243569,ENSG00000104331,Stim8hr,74.0,32,5,37,-3.256027298232111,False,177.3690752049039,False,>10 DE genes,no on-target KD
670,IMPDH2,0.20065302614084998,0.1915802951242273,0.8214902589501288,0.8161562376613963,ENSG00000178035,Stim8hr,101.0,348,179,527,-11.328159163797574,True,173.9445797307403,False,>10 DE genes,on-target KD
671,ING3,-0.0183610146086382,-0.0541286953357511,0.1289394265352089,-0.0477780346082799,ENSG00000071243,Stim8hr,198.0,44,8,52,-5.505366929715535,True,25.79794384384414,False,>10 DE genes,on-target KD
672,ING5,0.07690464556983095,-0.0051611612710447,0.5557338841068724,0.5014197693418229,ENSG00000168395,Stim8hr,119.0,354,86,440,-5.9488894426911605,True,34.75666900791562,False,>10 DE genes,on-target KD
673,INIP,0.06572923166360854,0.0051357685777729,0.7721701381252283,0.6291018022560043,ENSG00000148153,Stim8hr,702.0,29,18,47,-13.94163549879952,True,50.353917489146575,False,>10 DE genes,on-target KD
674,INO80,0.08363106742187366,0.0764673576111896,0.3728520230472044,0.2869467312442988,ENSG00000128908,Stim8hr,183.0,204,128,332,-6.884686606086688,True,50.17169403734974,False,>10 DE genes,on-target KD
675,INO80B,0.14574075014247845,0.0943286933871629,0.8364546345433489,0.8224559018823838,ENSG00000115274,Stim8hr,225.0,256,172,428,-11.112572494115318,True,64.49620812446844,False,>10 DE genes,on-target KD
676,INO80C,0.20722136334655425,0.1727199123436801,0.7265275640136591,0.692985316678273,ENSG00000153391,Stim8hr,468.0,284,212,496,-14.051726839760976,True,49.83451574484536,False,>10 DE genes,on-target KD
677,INO80E,0.11645038479833099,0.0844450959569128,0.9006338948002081,0.8541939675453368,ENSG00000169592,Stim8hr,233.0,20,40,60,-13.239994274262486,True,77.55487632948987,True,>10 DE genes,on-target KD
678,INPP5F,-0.020463758722254467,-0.0587134661454432,0.6562886467565626,0.6411506841159754,ENSG00000198825,Stim8hr,853.0,100,26,126,-14.085470223635737,True,43.52361688184735,False,>10 DE genes,on-target KD
679,INSIG1,-0.007172895408592064,-0.1026983638268397,0.6528869857867566,0.5453556923682544,ENSG00000186480,Stim8hr,287.0,65,51,116,-9.409257803212018,True,54.58376159684971,False,>10 DE genes,on-target KD
680,INSR,0.0787851020900406,0.0388519879909563,0.748284128284637,0.6516605462826058,ENSG00000171105,Stim8hr,1776.0,32,59,91,-2.629827840881851,False,0.6004392030719732,False,>10 DE genes,no on-target KD
681,INTS10,0.2498980977285771,0.2366127601270267,0.7652184717890403,0.7417969775088876,ENSG00000104613,Stim8hr,365.0,970,484,1454,-18.34031780188052,True,105.55657815765449,False,>10 DE genes,on-target KD
682,INTS12,0.22586564916471366,0.2232867476426318,0.7289148114299112,0.6903828625782218,ENSG00000138785,Stim8hr,629.0,840,308,1148,-14.155855537398429,True,33.645262862285605,True,>10 DE genes,on-target KD
683,INTS13,0.16787956211120345,0.151208468635304,0.6305001594832256,0.5976059641485051,ENSG00000064102,Stim8hr,339.0,716,267,983,-14.806696146625,True,74.45820122585053,True,>10 DE genes,on-target KD
684,INTS14,0.17000246677390837,0.093299350390145,0.7318293852429044,0.6904139959457132,ENSG00000138614,Stim8hr,200.0,595,187,782,-8.838605150776573,True,50.44110025170262,False,>10 DE genes,on-target KD
685,INTS6,0.08886042889987404,0.0699310751392456,0.8216287631286617,0.8054806416794645,ENSG00000102786,Stim8hr,514.0,28,16,44,-15.770038480736936,True,84.53335823257714,False,>10 DE genes,on-target KD
686,IPMK,0.009609581925361233,-0.0163783790414923,0.15284515218233188,0.1024450653954726,ENSG00000151151,Stim8hr,198.0,96,26,122,-2.528336889193924,False,20.1109809321349,True,>10 DE genes,putative off-target
687,IPO7,0.0873522665225455,-0.1629026517240824,0.5624039808488739,0.4607417631713627,ENSG00000205339,Stim8hr,154.0,21,32,53,0.0,False,,False,>10 DE genes,no on-target KD
688,IPO9,0.14319644430593537,0.0958756444919618,0.7047096922737053,0.6388250879642173,ENSG00000198700,Stim8hr,147.0,315,103,418,-7.987671813652398,True,59.84103466669806,False,>10 DE genes,on-target KD
689,IQGAP3,0.07798331075242487,0.0422523688170454,0.6641331167480989,0.5868398513107731,ENSG00000183856,Stim8hr,213.0,33,4,37,-2.45891528843284,False,3.940654490429369,False,>10 DE genes,no on-target KD
690,IRF1,0.28470938158240644,0.2599756783276267,0.8604350518965944,0.8239447747397021,ENSG00000125347,Stim8hr,742.0,63,119,182,-11.564426953455644,True,100.18838208693248,False,>10 DE genes,on-target KD
691,IRF2,0.16376640197766137,0.1587433405203887,0.8119695779025072,0.7901006239978632,ENSG00000168310,Stim8hr,180.0,136,105,241,-9.747838275452247,True,91.38674302420128,False,>10 DE genes,on-target KD
692,IRF2BP1,0.16350647661695236,0.1435195614535815,0.8441921535462219,0.8181460338769136,ENSG00000170604,Stim8hr,213.0,95,109,204,-6.392958237639123,True,28.869107513225263,False,>10 DE genes,on-target KD
693,IRF8,0.07706891095141392,0.0204287095538538,0.6578276031228392,0.6056266162416831,ENSG00000140968,Stim8hr,402.0,71,17,88,-12.212445366013316,True,235.8706178619115,False,>10 DE genes,on-target KD
694,IRF9,0.12457234171793752,0.0955796012748891,0.8058979368761484,0.773162439494059,ENSG00000213928,Stim8hr,1866.0,2,55,57,-24.010182053319543,True,62.22877200446211,True,>10 DE genes,on-target KD
695,IRX2,-0.0292121033647888,-0.0399975189279446,0.08198331140188497,-0.1120069647464026,ENSG00000170561,Stim8hr,212.0,36,2,38,0.0,False,,False,>10 DE genes,no on-target KD
696,ISCA2,0.18047449726774525,0.1534639870661219,0.819601230772541,0.7842775162895013,ENSG00000165898,Stim8hr,204.0,120,34,154,-4.46096887590904,True,11.561400083892345,True,>10 DE genes,on-target KD
697,IST1,0.15837893344467796,0.1302892666983648,0.7642773764316195,0.7394876344731992,ENSG00000182149,Stim8hr,388.0,277,198,475,-17.60536244181105,True,71.85828722902485,False,>10 DE genes,on-target KD
698,ITGAL,0.06883176806822956,0.0536466482392362,0.5052355298378888,0.385846675289136,ENSG00000005844,Stim8hr,590.0,32,11,43,-24.363999095877084,True,202.6774579772485,False,>10 DE genes,on-target KD
699,ITGB2,0.18487572107077752,0.1611037732497952,0.9136795543850845,0.8992835252162545,ENSG00000160255,Stim8hr,468.0,63,60,123,-19.614553570192545,True,128.60928599287175,False,>10 DE genes,on-target KD
700,ITK,0.35492262927215806,0.3409772442712374,0.7232012655459906,0.6871768152648572,ENSG00000113263,Stim8hr,517.0,2217,1176,3393,-2.7816254529259905,True,416.5719028404099,False,>10 DE genes,on-target KD
701,ITM2A,0.06535150682905794,0.0470185296571726,0.04803654509556613,-0.0702643902920731,ENSG00000078596,Stim8hr,469.0,73,5,78,-16.813683530862345,True,114.71590588064451,False,>10 DE genes,on-target KD
702,ITPK1,0.11149273465572286,0.1008980118506797,0.6933109083681263,0.6814365622312943,ENSG00000100605,Stim8hr,183.0,65,25,90,-10.150630475524682,True,82.31659088839058,False,>10 DE genes,on-target KD
703,ITSN1,0.0835006505587606,0.0645432703425912,0.7530583967534432,0.7325231883229589,ENSG00000205726,Stim8hr,232.0,57,57,114,-1.6192110555647892,True,1.5027067719340228,False,>10 DE genes,on-target KD
704,IWS1,0.26478695226968213,0.1617723257852381,0.8006173366782522,0.7690438136804499,ENSG00000163166,Stim8hr,373.0,332,350,682,-15.438918472472023,True,91.9389756086781,False,>10 DE genes,on-target KD
705,JADE2,0.0956395156105468,0.0866733300597809,0.8573969177067716,0.8212958385333556,ENSG00000043143,Stim8hr,548.0,21,18,39,-4.6370864963930565,True,27.349904976694813,False,>10 DE genes,on-target KD
706,JAK2,-0.023459353462678367,-0.0598328971091232,0.35381091803660114,0.3270628574485482,ENSG00000096968,Stim8hr,815.0,5,29,34,-21.889336520345683,True,169.63943000435563,False,>10 DE genes,on-target KD
707,JAKMIP2,0.12407909018388974,0.0956158331195411,0.7459193020128073,0.6823471375111256,ENSG00000176049,Stim8hr,317.0,51,31,82,-0.194577981888806,False,0.2505622537680815,False,>10 DE genes,no on-target KD
708,JUNB,0.16394389727977124,0.1497969495435762,0.8716852459245614,0.8458307580659711,ENSG00000171223,Stim8hr,398.0,44,58,102,-14.616766011817084,True,348.89814846753194,False,>10 DE genes,on-target KD
709,JUND,0.07690454775971929,0.0668628790883613,0.16484881976372615,0.1583637834478066,ENSG00000130522,Stim8hr,532.0,35,10,45,-9.827052283380082,True,522.9937111710037,False,>10 DE genes,on-target KD
710,KAT14,0.14468167705971566,0.0800104636427572,0.8140831889786874,0.8050915770655,ENSG00000149474,Stim8hr,188.0,444,269,713,-4.887819618099202,True,17.60006449777675,True,>10 DE genes,on-target KD
711,KAT6A,0.14297325686750767,0.0126470024484187,0.6888458229827671,0.6577155650627964,ENSG00000083168,Stim8hr,1099.0,318,188,506,-24.66077662953407,True,93.95014786612312,False,>10 DE genes,on-target KD
712,KBTBD3,0.030082663687132666,0.0116013606257276,0.6713526470356367,0.6365831875762438,ENSG00000182359,Stim8hr,130.0,30,2,32,-1.4045110217493364,False,4.503037570036404,True,>10 DE genes,putative off-target
713,KCNA2,0.050928276903022936,0.0275383009081864,0.5129403974037766,0.3757330739474513,ENSG00000177301,Stim8hr,802.0,9,23,32,0.0653120218044088,False,0.1637524542356376,False,>10 DE genes,no on-target KD
714,KCTD21,0.19327283766202955,0.1535255622917647,0.6706780257397856,0.6347028968577935,ENSG00000188997,Stim8hr,554.0,351,76,427,-4.771262625053089,True,5.496305862671227,True,>10 DE genes,on-target KD
715,KCTD3,0.04119573993295923,-0.0392811330919917,0.5404868188330126,0.491664579421846,ENSG00000136636,Stim8hr,104.0,30,10,40,-2.945714932283597,False,7.861785264684302,False,>10 DE genes,no on-target KD
716,KDELC2,0.35915207083019834,0.310114013822885,0.7673835302331368,0.7632950870425457,ENSG00000178202,Stim8hr,238.0,1339,1138,2477,-4.611995880995179,True,14.913800589101385,False,>10 DE genes,on-target KD
717,KDELR2,0.14096782710162595,0.126878566115879,0.9477297578478359,0.9219685915492916,ENSG00000136240,Stim8hr,1924.0,38,3,41,-24.524568299847164,True,36.53716701731218,False,>10 DE genes,on-target KD
718,KDM1A,0.49971710664239205,0.4686246449338848,0.8412884775743641,0.8124685715017192,ENSG00000004487,Stim8hr,541.0,1576,725,2301,-21.050216811445004,True,106.64384856336176,False,>10 DE genes,on-target KD
719,KDM2A,0.24536363561546107,0.2180076067137052,0.7749996714265248,0.7629074217791199,ENSG00000173120,Stim8hr,664.0,88,227,315,-7.721877275383239,True,150.15648646919314,False,>10 DE genes,on-target KD
720,KDM3B,0.21772920627861647,0.2063313251913545,0.8582400663166077,0.8285556389795113,ENSG00000120733,Stim8hr,280.0,78,62,140,-12.66818726285399,True,68.04645659938716,False,>10 DE genes,on-target KD
721,KDM5C,0.10432626718183051,0.0535673200198712,0.8099733584825302,0.7800038629359913,ENSG00000126012,Stim8hr,597.0,88,27,115,-29.234618823579936,True,184.22487173086185,False,>10 DE genes,on-target KD
722,KDM6A,0.04320174513897887,0.0097185390491914,0.6945408727623485,0.6579568148102474,ENSG00000147050,Stim8hr,1219.0,21,41,62,-15.26779558962106,True,33.462179416560645,False,>10 DE genes,on-target KD
723,KDM8,0.039604106804807665,0.0008206472379396,0.34557526235661656,0.3116477322917261,ENSG00000155666,Stim8hr,248.0,108,64,172,-2.055207543703277,False,2.302143214930461,False,>10 DE genes,no on-target KD
724,KEAP1,0.13997694805219565,0.0723691017197022,0.8245976868945689,0.791637247064576,ENSG00000079999,Stim8hr,151.0,136,84,220,-12.005029639738176,True,115.68216807536028,False,>10 DE genes,on-target KD
725,KHDRBS1,0.06232720231981931,0.0107112537926992,0.4050395490412603,0.3524048024824729,ENSG00000121774,Stim8hr,231.0,530,406,936,-8.944803271264904,True,104.24990157522213,False,>10 DE genes,on-target KD
726,KIAA0556,0.23491612934460948,0.2282306858221466,0.810860834880868,0.7793888435460282,ENSG00000047578,Stim8hr,305.0,384,293,677,-4.436995162540622,True,9.25511204586617,True,>10 DE genes,on-target KD
727,KIAA2026,0.18549633282553257,0.1658949634319286,0.8351962615182336,0.8068329533971131,ENSG00000183354,Stim8hr,304.0,37,20,57,-3.2473327445217333,False,45.50884882841805,False,>10 DE genes,no on-target KD
728,KIDINS220,0.08265787439831936,-0.0006274409480279,0.5927926234098035,0.4633852797288204,ENSG00000134313,Stim8hr,94.0,113,47,160,-5.054046087281613,True,39.3512323080948,False,>10 DE genes,on-target KD
729,KIF16B,0.04705659801391804,0.0358302570525827,-0.06283230004751122,-0.1356375482225126,ENSG00000089177,Stim8hr,469.0,359,42,401,-6.094039929821023,True,13.449093859738472,False,>10 DE genes,on-target KD
730,KIF20A,0.3305547080845442,0.2564025751787042,0.7268706849912908,0.6860976038265058,ENSG00000112984,Stim8hr,127.0,1090,690,1780,-5.147305311334013,True,31.38050282909707,True,>10 DE genes,on-target KD
731,KIFAP3,0.23155934019371568,0.223854963384959,0.772798217387474,0.7592675229380553,ENSG00000075945,Stim8hr,777.0,794,553,1347,-6.9150392496303645,True,10.16179382863565,False,>10 DE genes,on-target KD
732,KLF10,-0.029542233498005197,-0.0741031961180775,-0.12245575664988684,-0.2234761695444115,ENSG00000155090,Stim8hr,451.0,71,9,80,-10.856042465415072,True,55.92020164858,False,>10 DE genes,on-target KD
733,KLF13,0.0888832513576706,0.0813938492813247,0.8665274720108402,0.8161091219796698,ENSG00000169926,Stim8hr,1119.0,30,11,41,-5.607284485607752,True,33.72918534073662,False,>10 DE genes,on-target KD
734,KLF16,0.1911400470522131,0.0304205259367224,0.7916787400409322,0.6951392680504656,ENSG00000129911,Stim8hr,267.0,28,10,38,-5.655336761053995,True,12.431475975940092,False,>10 DE genes,on-target KD
735,KLF2,0.20140316623638602,0.1851975878340088,0.6524005424063407,0.6034163430865819,ENSG00000127528,Stim8hr,547.0,513,401,914,1.1032055869667186,False,7.712633576094759,False,>10 DE genes,no on-target KD
736,KLF4,-0.0057875931219714336,-0.051770121204022,0.3584962116758206,0.2418433785845773,ENSG00000136826,Stim8hr,232.0,97,22,119,0.0,False,,False,>10 DE genes,no on-target KD
737,KLHDC10,-0.0513535054520175,-0.0885762076085779,-0.19888061607316213,-0.2326960633376741,ENSG00000128607,Stim8hr,1257.0,68,8,76,-17.154518348800938,True,29.83198350590344,False,>10 DE genes,on-target KD
738,KMT2B,0.14542425451419866,0.1294262985607198,0.7002075655327159,0.6015044081039146,ENSG00000272333,Stim8hr,557.0,43,81,124,-13.332097770773077,True,94.21284838308851,False,>10 DE genes,on-target KD
739,KMT2C,0.20886620990831753,0.1810092584326571,0.798103333764134,0.7791455489196684,ENSG00000055609,Stim8hr,1101.0,110,197,307,-28.2708340767049,True,84.62846698543575,False,>10 DE genes,on-target KD
740,KMT2E,0.13349339968603843,0.1281935829374549,0.7398472445419092,0.6877060783252853,ENSG00000005483,Stim8hr,266.0,136,168,304,-12.162193702432011,True,83.47760412283084,False,>10 DE genes,on-target KD
741,KMT5B,0.19154278889311424,0.1803937350883902,0.7981611091484653,0.7632084650365439,ENSG00000110066,Stim8hr,654.0,406,376,782,-18.0795754440062,True,57.450253323533424,False,>10 DE genes,on-target KD
742,KPNA1,0.059092641428923336,0.0350451394299122,0.16178202263484873,0.1023701496626998,ENSG00000114030,Stim8hr,1303.0,813,150,963,-28.86068439865191,True,101.20901302284088,False,>10 DE genes,on-target KD
743,KPNA4,0.15272369937159533,0.1472370600372087,0.7614597824334254,0.6931645050630766,ENSG00000186432,Stim8hr,669.0,56,15,71,-27.871124430034865,True,145.4869066981202,False,>10 DE genes,on-target KD
744,KRBA2,0.09614886948720953,-0.0237810566652907,0.5661535516985837,0.1855415917128634,ENSG00000184619,Stim8hr,871.0,116,60,176,-5.233488715404033,True,2.6495624728553766,False,>10 DE genes,on-target KD
745,KRCC1,0.0008921652561532661,-0.0196663973179419,-0.31301764807293364,-0.4004564986137147,ENSG00000172086,Stim8hr,681.0,80,4,84,-17.819846343436257,True,53.796137775250536,False,>10 DE genes,on-target KD
746,KRR1,0.17189704410518217,0.1445624016631961,0.3395094769948542,0.3183479871892016,ENSG00000111615,Stim8hr,66.0,134,12,146,-8.423581094043689,True,185.50904643758017,False,>10 DE genes,on-target KD
747,KRT72,0.06356850965226957,0.0151438239401829,0.675489975212677,0.5968239500132889,ENSG00000170486,Stim8hr,356.0,78,27,105,0.0,False,,False,>10 DE genes,no on-target KD
748,KTI12,0.22333085361132898,0.1860224164772481,0.8011409822883296,0.7917178111580828,ENSG00000198841,Stim8hr,564.0,365,461,826,-9.91023356262024,True,23.20618907882348,False,>10 DE genes,on-target KD
749,KTN1,0.08531453810868737,0.0421378293615741,0.8066323728982554,0.707955997596845,ENSG00000126777,Stim8hr,454.0,50,58,108,-15.990671608166569,True,116.04497109073044,False,>10 DE genes,on-target KD
750,L2HGDH,0.14816937594405336,0.1454963549831982,0.6863692837057808,0.5867003307727243,ENSG00000087299,Stim8hr,1057.0,75,38,113,-13.417897254485442,True,24.61614941334287,False,>10 DE genes,on-target KD
751,L3MBTL2,0.3117213758075877,0.2984148454869788,0.881064757325273,0.8688976096053929,ENSG00000100395,Stim8hr,1460.0,304,61,365,-25.58555447219236,True,54.41161143105771,False,>10 DE genes,on-target KD
752,L3MBTL3,0.12958188123606162,0.1039645636261677,0.9076553714702554,0.8743288190708612,ENSG00000198945,Stim8hr,686.0,33,2,35,-8.849204602671273,True,25.19691358141929,False,>10 DE genes,on-target KD
753,LAGE3,0.2124994738280048,0.122029521591697,0.8212735311817214,0.7915880269805109,ENSG00000196976,Stim8hr,191.0,147,41,188,-7.99444057595167,True,48.47184640828627,True,>10 DE genes,on-target KD
754,LAMTOR2,0.2560537195987059,0.1596693743362315,0.728097788307894,0.6920820026830916,ENSG00000116586,Stim8hr,233.0,450,143,593,-12.35746344409713,True,90.54505472850464,True,>10 DE genes,on-target KD
755,LAMTOR3,0.19633253628225886,0.086713090651635,0.6668643893723453,0.553093906005903,ENSG00000109270,Stim8hr,303.0,138,44,182,-11.773049828871605,True,76.36738994256932,False,>10 DE genes,on-target KD
756,LAMTOR4,0.14638598282223428,0.1332504937627964,0.7736546191961732,0.754346376743107,ENSG00000188186,Stim8hr,467.0,250,84,334,-22.13175037329848,True,125.88944145359297,False,>10 DE genes,on-target KD
757,LARS2,0.14200957987384333,0.122804459502362,0.7611836504974185,0.7108835258433615,ENSG00000011376,Stim8hr,414.0,538,275,813,-10.311869518652122,True,32.30581596307763,False,>10 DE genes,on-target KD
758,LAT,0.5544444557197409,0.4410719066786197,0.7968807493559554,0.7142171165934726,ENSG00000213658,Stim8hr,469.0,3734,1802,5536,-17.262825348106805,True,276.4419176203508,False,>10 DE genes,on-target KD
759,LAT2,-0.16625628892450287,-0.237669643632518,-0.15658507950739145,-0.2722151336645318,ENSG00000086730,Stim8hr,3893.0,191,63,254,-6.457486825015196,True,7.050351752348691,False,>10 DE genes,on-target KD
760,LBH,0.07674911997730717,0.0568698741954069,0.3339897584190006,0.2314688651550975,ENSG00000213626,Stim8hr,139.0,60,48,108,-3.796931019311603,True,130.01474260279534,False,>10 DE genes,on-target KD
761,LCK,0.37666704079465907,0.3177702855914452,0.7268440676038862,0.7063252335033394,ENSG00000182866,Stim8hr,116.0,1745,669,2414,-8.989514710597316,True,129.01373253695797,False,>10 DE genes,on-target KD
762,LCP2,0.6643664643266683,0.6225719338443573,0.8425286515873669,0.8149045461785116,ENSG00000043462,Stim8hr,153.0,3454,1528,4982,-7.147499177948063,True,205.2374623241206,False,>10 DE genes,on-target KD
763,LEO1,0.402681689623769,0.3802087402856087,0.7681512263425642,0.7590664786112301,ENSG00000166477,Stim8hr,226.0,1408,1256,2664,-13.311349892022893,True,100.00124347830524,False,>10 DE genes,on-target KD
764,LETM1,0.12447424216041857,0.0220574061942121,0.9142976173894457,0.8891329106776296,ENSG00000168924,Stim8hr,108.0,26,12,38,-5.075496225847491,True,27.559047588586505,False,>10 DE genes,on-target KD
765,LETM2,0.04805664833536657,0.0317568995297256,0.810261775135955,0.8035115026382094,ENSG00000165046,Stim8hr,487.0,29,18,47,-4.443091822646027,True,7.062508878272985,False,>10 DE genes,on-target KD
766,LIG1,0.16820774449625056,0.0928928017282934,0.7044998870601479,0.6545215379356187,ENSG00000105486,Stim8hr,92.0,440,272,712,-6.059690265673706,True,52.355005226644096,True,>10 DE genes,on-target KD
767,LIG4,0.0622368395801284,-0.0046371393352603,0.2998385062602174,0.2301688679989401,ENSG00000174405,Stim8hr,284.0,83,23,106,-7.599749539777823,True,21.75796398132662,False,>10 DE genes,on-target KD
768,LIN37,0.06038245345450607,0.0299633944166319,0.2500678703980595,0.1542304074577265,ENSG00000267796,Stim8hr,410.0,245,14,259,-4.864658315942389,True,6.937880505001623,False,>10 DE genes,on-target KD
769,LMTK2,0.1040346594384947,0.0965930680022114,0.4844924960576351,0.4445541441422014,ENSG00000164715,Stim8hr,614.0,291,309,600,-8.517262142169765,True,15.95221164157324,False,>10 DE genes,on-target KD
770,LOXL2,0.04701182458400157,0.022568044275391,0.3784723346200023,0.2573808235793909,ENSG00000134013,Stim8hr,283.0,15,16,31,-0.2668885615010314,False,1.5300762476698866,False,>10 DE genes,no on-target KD
771,LOXL4,0.033891325706192,0.0034832375744535,0.5632964749646946,0.494443360150515,ENSG00000138131,Stim8hr,808.0,19,88,107,0.0,False,,False,>10 DE genes,no on-target KD
772,LPCAT3,0.0018442562649975656,-0.046078337430959,0.9072731130721564,0.888102510510319,ENSG00000111684,Stim8hr,576.0,32,30,62,-7.740137789529743,True,26.627640048491457,False,>10 DE genes,on-target KD
773,LRBA,0.4490168456782797,0.4341665569153002,0.7735173302864103,0.7589688458274385,ENSG00000198589,Stim8hr,376.0,2204,789,2993,-17.732844265379157,True,125.59087610234955,False,>10 DE genes,on-target KD
774,LRIG1,0.16012991597817552,0.1267951165142006,0.7563417108426679,0.7319271661145729,ENSG00000144749,Stim8hr,403.0,124,15,139,-14.778718120697564,True,94.66449248883552,False,>10 DE genes,on-target KD
775,LRP2BP,0.06443198926235966,-0.0829878146504603,0.170069474992818,0.0773470856502704,ENSG00000109771,Stim8hr,2717.0,1362,369,1731,-2.283402654077277,False,0.5646351437417776,True,>10 DE genes,putative off-target
776,LRP6,0.18058752211501505,0.0920704306655984,0.8392123917889576,0.8135656653738574,ENSG00000070018,Stim8hr,1147.0,128,77,205,0.0,False,,False,>10 DE genes,no on-target KD
777,LRPPRC,0.1936287597428946,0.1614874652012785,0.6654564506971224,0.6545565241298353,ENSG00000138095,Stim8hr,475.0,466,305,771,-36.572856837648416,True,404.5121896491987,False,>10 DE genes,on-target KD
778,LRRC25,0.0607602734517945,0.0364758846453861,0.6763217702472749,0.5997457542114039,ENSG00000175489,Stim8hr,1028.0,70,34,104,0.0,False,,False,>10 DE genes,no on-target KD
779,LSM11,0.03911896032351683,-0.0164284987931073,0.5365683866247334,0.1711441336090174,ENSG00000155858,Stim8hr,126.0,31,11,42,-1.9283177034343948,False,25.615734040107537,False,>10 DE genes,no on-target KD
780,LSM12,0.13404913326962983,0.1026430530532409,0.8460671351617775,0.8078332624077785,ENSG00000161654,Stim8hr,510.0,193,152,345,-14.570263944842134,True,45.52162054292633,True,>10 DE genes,on-target KD
781,LTB4R,0.08321899067472148,0.0302214800492829,0.31179341924789533,-0.0605740092559261,ENSG00000213903,Stim8hr,1511.0,242,76,318,-3.798240309004471,True,10.20305244167437,True,>10 DE genes,on-target KD
782,LYRM2,0.014726880631115033,0.0037482520703035,0.3832133608570199,0.2623278937515118,ENSG00000083099,Stim8hr,539.0,33,22,55,-6.831894556299666,True,13.375040731689266,False,>10 DE genes,on-target KD
783,LZTS1,0.03821529966022183,-0.019320022922996,0.007539588444380932,-0.0215571513957765,ENSG00000061337,Stim8hr,1275.0,266,66,332,-3.92619948716412,True,1.946528467881944,False,>10 DE genes,on-target KD
784,MAEA,0.1455563115305277,0.1004941814430077,0.6674412620069194,0.6516327346107945,ENSG00000090316,Stim8hr,423.0,849,341,1190,-17.534725372837727,True,91.41765348718005,False,>10 DE genes,on-target KD
785,MAIP1,0.0424973132141529,-0.0113585808267169,0.7219457081608938,0.6186011013781573,ENSG00000162972,Stim8hr,285.0,24,7,31,-14.099673376867226,True,79.42917559990688,True,>10 DE genes,on-target KD
786,MALT1,0.2697653380002376,0.2438281828842771,0.7871141213605357,0.7762676334976808,ENSG00000172175,Stim8hr,391.0,1056,584,1640,-12.15938543215661,True,58.52188154452759,False,>10 DE genes,on-target KD
787,MAMLD1,0.0855661483925572,0.0664931723258734,0.1547371831117145,0.1438499818593419,ENSG00000013619,Stim8hr,1035.0,35,6,41,-13.219276644008662,True,26.984304112470493,False,>10 DE genes,on-target KD
788,MAN2A2,0.04682133939464303,0.0334979496893014,0.07081964925568072,0.0060317359739284,ENSG00000196547,Stim8hr,375.0,24,25,49,-16.41352910417845,True,82.13461961933469,False,>10 DE genes,on-target KD
789,MAP3K1,0.08002939696916826,0.0669465124394829,0.7414362265955815,0.6977538119273621,ENSG00000095015,Stim8hr,670.0,67,23,90,-6.8730786506149615,True,78.64245003903326,False,>10 DE genes,on-target KD
790,MAP3K13,0.0028857794277523338,-0.033208536690967,0.2481306047993231,-0.0638034120308276,ENSG00000073803,Stim8hr,668.0,42,10,52,-8.409813084648617,True,24.807955070206145,False,>10 DE genes,on-target KD
791,MAP3K5,0.060255505887313536,-0.0743718659450178,0.8049426394547653,0.7952185794653327,ENSG00000197442,Stim8hr,215.0,128,71,199,-7.728972787400442,True,34.86348283169944,False,>10 DE genes,on-target KD
792,MAP4K1,0.051814592774628056,0.0041110968663526,0.16922005520823866,0.1290191061431163,ENSG00000104814,Stim8hr,809.0,61,33,94,-18.18622205501268,True,61.88015001620879,False,>10 DE genes,on-target KD
793,MAP6D1,0.035988154151640396,0.0165304827982558,-0.10446572005656389,-0.1428157716439602,ENSG00000180834,Stim8hr,716.0,56,3,59,-2.78189914504439,False,1.2488875201985814,False,>10 DE genes,no on-target KD
794,MAPK1,0.0245657243704475,-0.0249996535114771,0.5357305663592143,0.3525570290770855,ENSG00000100030,Stim8hr,594.0,28,10,38,-22.31952643916761,True,160.71421142919087,False,>10 DE genes,on-target KD
795,MARK2,0.10892910679518963,0.0947210763723755,0.8495708912356258,0.8316242000621297,ENSG00000072518,Stim8hr,403.0,39,27,66,-11.46923275305397,True,70.90050279722618,False,>10 DE genes,on-target KD
796,MARS,0.3847317508364809,0.3478869596201749,0.7258284420135387,0.6460009274267121,ENSG00000166986,Stim8hr,54.0,161,39,200,-3.016363616472807,False,28.58139340140607,False,>10 DE genes,no on-target KD
797,MATR3,0.02426158599607353,-0.0357613135440919,0.7793437291173452,0.7769475481467415,ENSG00000015479,Stim8hr,346.0,16,29,45,0.0,False,,False,>10 DE genes,no on-target KD
798,MAU2,0.10381407880305853,0.0764827722550988,0.6951482275608054,0.6892904383063673,ENSG00000129933,Stim8hr,837.0,161,163,324,-3.2923560945009687,True,7.4024541969276125,True,>10 DE genes,on-target KD
799,MAX,0.13195075497036074,0.1043649064725514,0.7476455877825782,0.7359052361289832,ENSG00000125952,Stim8hr,1309.0,1367,856,2223,-18.59104351892798,True,168.63157987266294,False,>10 DE genes,on-target KD
800,MBD2,0.3508446506960201,0.2820222589232709,0.689810340987638,0.6411422725636664,ENSG00000134046,Stim8hr,89.0,727,200,927,-12.462433967324252,True,424.39143425522747,False,>10 DE genes,on-target KD
801,MBD3,0.13136174115634283,0.1209806355141509,0.8806490024561038,0.8687599166233919,ENSG00000071655,Stim8hr,1466.0,34,41,75,-30.313357339049112,True,74.99555860505035,True,>10 DE genes,on-target KD
802,MBD5,0.21202367544493753,0.1809781244265446,0.5752861301883074,0.5685453840231374,ENSG00000204406,Stim8hr,308.0,1763,491,2254,-2.2273498791259,False,3.798881678773169,True,>10 DE genes,putative off-target
803,MBIP,0.10138709266389513,0.092657795266538,0.8636104634209186,0.7967634116237188,ENSG00000151332,Stim8hr,293.0,32,54,86,-10.236368329561014,True,48.94925983110403,False,>10 DE genes,on-target KD
804,MBTPS1,0.16264726995045303,0.1020089822875555,0.8510949607831316,0.8360349245314872,ENSG00000140943,Stim8hr,234.0,99,181,280,-15.357483470648544,True,100.92041187079604,False,>10 DE genes,on-target KD
805,MBTPS2,0.16524483485827943,0.1053216409724051,0.7809638326609954,0.7243940536088789,ENSG00000012174,Stim8hr,51.0,45,15,60,0.0,False,,False,>10 DE genes,no on-target KD
806,MCEE,0.05486423509187357,-0.0732444352886894,0.6731520232410175,0.6034660883665343,ENSG00000124370,Stim8hr,101.0,52,14,66,-2.9479749486732376,False,18.1457248440528,False,>10 DE genes,no on-target KD
807,MCFD2,0.19848957067625742,0.1355609821356057,0.5146486364998254,0.3559824083646514,ENSG00000180398,Stim8hr,208.0,220,24,244,-1.0647185426980597,False,73.62302521144231,True,>10 DE genes,putative off-target
808,MCM8,0.09596797716497657,0.0646841382466624,0.7331020455980134,0.5188317283237022,ENSG00000125885,Stim8hr,329.0,167,50,217,-11.858176891697877,True,51.99523133450158,False,>10 DE genes,on-target KD
809,MCTS1,0.1185354233259834,0.0277329232418251,0.7158542292217444,0.6633023731203573,ENSG00000232119,Stim8hr,1231.0,819,542,1361,-31.324994633035715,True,96.20715720397952,True,>10 DE genes,on-target KD
810,MDM4,0.029780140309451433,-0.0043422801779425,0.9276310018517568,0.9185302764225696,ENSG00000198625,Stim8hr,145.0,17,22,39,-13.934910784358287,True,174.65083253863637,False,>10 DE genes,on-target KD
811,MEAF6,0.2701451362844807,0.2537670490583575,0.7491001600121893,0.7372128117057024,ENSG00000163875,Stim8hr,64.0,294,175,469,-8.32808852313446,True,156.98520207623105,False,>10 DE genes,on-target KD
812,MED1,0.21878559622457885,0.2021947412275036,0.7765271287690666,0.7581575180405938,ENSG00000125686,Stim8hr,204.0,410,409,819,-10.966430312828733,True,94.49205838947915,False,>10 DE genes,on-target KD
813,MED12,0.58333216447569,0.5634829756597723,0.8287922165059164,0.8121322780028447,ENSG00000184634,Stim8hr,219.0,2523,1619,4142,-8.788787110955338,True,48.63979043485457,False,>10 DE genes,on-target KD
814,MED13,0.18443337158950338,0.1429222780051683,0.8508824651277967,0.8305701550137903,ENSG00000108510,Stim8hr,1232.0,154,66,220,-32.15656256089598,True,97.31800849420144,False,>10 DE genes,on-target KD
815,MED14,0.04169582825813439,-0.0450935233262621,0.6652747183113019,0.6336681007187323,ENSG00000180182,Stim8hr,170.0,243,124,367,-4.983774634202165,True,43.39622272279081,False,>10 DE genes,on-target KD
816,MED15,0.21787074991313074,0.1840554532238032,0.7625070160023908,0.757213179277031,ENSG00000099917,Stim8hr,1184.0,845,1206,2051,-29.447528669704624,True,96.20581912095516,False,>10 DE genes,on-target KD
817,MED19,0.3640930167876264,0.3322570183094869,0.7283223013662887,0.6940800661656304,ENSG00000156603,Stim8hr,977.0,2355,1514,3869,-9.381742686028856,True,16.38521349097649,True,>10 DE genes,on-target KD
818,MED23,0.24221286166716674,0.2134192244073546,0.8323791756585054,0.8256939319005899,ENSG00000112282,Stim8hr,754.0,551,461,1012,-16.087550336749366,True,44.10805531324587,False,>10 DE genes,on-target KD
819,MED24,0.426256927568653,0.407389908258118,0.831166403687666,0.7960259379536796,ENSG00000008838,Stim8hr,700.0,1139,1656,2795,-22.11254349967264,True,87.43583254422911,True,>10 DE genes,on-target KD
820,MEF2D,0.0665420083970505,0.048167989234077,0.5886097922327193,0.5404212973461964,ENSG00000116604,Stim8hr,595.0,11,32,43,-12.136806775837783,True,28.82999762637872,False,>10 DE genes,on-target KD
821,MEMO1,0.15995652614701675,0.1280949400353646,0.5946700484521753,0.5851361371299272,ENSG00000162959,Stim8hr,64.0,592,198,790,0.0,False,,False,>10 DE genes,no on-target KD
822,MEN1,0.34840454083533795,0.3283277628437178,0.7580528108407298,0.738787518223761,ENSG00000133895,Stim8hr,189.0,886,430,1316,-4.519639994663155,True,15.203543659696225,True,>10 DE genes,on-target KD
823,MEST,0.16374047885717483,0.107109138987545,0.6071535348724336,0.4794271580113823,ENSG00000106484,Stim8hr,1799.0,452,230,682,-6.035064773397279,True,8.9002308849901,False,>10 DE genes,on-target KD
824,METAP2,0.17788877904773956,0.1627779192369345,0.7580143031259566,0.7477479579037464,ENSG00000111142,Stim8hr,186.0,190,186,376,-19.6254880459384,True,307.90584745229694,False,>10 DE genes,on-target KD
825,METRN,-0.07028589948080986,-0.2197616133489723,0.7313555394434686,0.5342117503995896,ENSG00000103260,Stim8hr,102.0,28,9,37,-3.8512184923121286,True,14.021034544881717,False,>10 DE genes,on-target KD
826,METTL1,0.2728737997318618,0.2564905900985432,0.798052383305015,0.779105476166598,ENSG00000037897,Stim8hr,259.0,665,382,1047,-11.6338180420304,True,72.77519082139767,False,>10 DE genes,on-target KD
827,METTL14,0.1931599737029168,0.1222811863639,0.39687696161924974,0.3631934229025728,ENSG00000145388,Stim8hr,65.0,37,3,40,-3.1221178722128915,False,24.257511003355425,False,>10 DE genes,no on-target KD
828,METTL23,0.05708013375236837,0.0253713842727663,0.7221027191094939,0.6129154989613045,ENSG00000181038,Stim8hr,750.0,17,32,49,-25.370446933453184,True,112.9483716708168,True,>10 DE genes,on-target KD
829,METTL3,0.1496332293879449,0.1397578824759661,0.6038123089950194,0.5539581434865208,ENSG00000165819,Stim8hr,123.0,115,17,132,-5.96774944532472,True,57.206293989016594,False,>10 DE genes,on-target KD
830,MFHAS1,-0.003412227532837528,-0.0840750409897106,0.17254024022159306,-0.1209141986018638,ENSG00000147324,Stim8hr,651.0,273,61,334,-14.765515906711492,True,101.6837872716862,False,>10 DE genes,on-target KD
831,MFN2,0.1434140115823577,0.1016801030802409,0.31413063051879225,0.2497306428464166,ENSG00000116688,Stim8hr,157.0,146,23,169,-3.124743208317288,False,63.03111167175001,False,>10 DE genes,no on-target KD
832,MGA,0.16525408434302635,0.1581154940124313,0.6789478204602033,0.6479332602711918,ENSG00000174197,Stim8hr,1308.0,128,3,131,-14.397544384770688,True,45.38827361245415,False,>10 DE genes,on-target KD
833,MIB2,0.06696358970086484,0.0283329524994587,0.7291335737682735,0.7173782254330451,ENSG00000197530,Stim8hr,253.0,15,23,38,-2.036932686691214,True,2.849137778404101,False,>10 DE genes,on-target KD
834,MIDN,0.04310736198743603,-0.029164298956269,0.8420981656838032,0.7861140640408533,ENSG00000167470,Stim8hr,499.0,35,24,59,-13.826643754398292,True,66.53771356851401,False,>10 DE genes,on-target KD
835,MIGA2,0.05099075728675656,0.0147438208494055,0.8171442793344283,0.7199766469081098,ENSG00000148343,Stim8hr,1465.0,29,2,31,-15.757877236221882,False,19.84014691643362,True,>10 DE genes,putative off-target
836,MIOS,0.19383099198972475,0.1573958407267321,0.4810204886214701,0.4681899884301256,ENSG00000164654,Stim8hr,103.0,362,63,425,-6.531385430953042,True,49.143571492947295,False,>10 DE genes,on-target KD
837,MIPEP,0.08676085652383186,0.0770302123050835,0.7732476204669748,0.7556147737844523,ENSG00000027001,Stim8hr,793.0,298,116,414,-8.40054606158639,True,12.130357824427769,False,>10 DE genes,on-target KD
838,MLKL,-0.061259972870116634,-0.0719155617845407,-0.08720868452588916,-0.2797317632264415,ENSG00000168404,Stim8hr,2261.0,34,3,37,-24.407658384994512,True,41.88748547626578,False,>10 DE genes,on-target KD
839,MLLT3,0.14659434476936753,0.1257738145823707,0.5947783900803049,0.4958993737651581,ENSG00000171843,Stim8hr,51.0,42,11,53,-3.476552047975696,True,68.51130640879481,False,>10 DE genes,on-target KD
840,MLST8,0.11754821875691467,0.0902625494749174,0.8856259642773754,0.8815264556966861,ENSG00000167965,Stim8hr,307.0,53,78,131,-17.151660967679785,True,105.3533857341555,False,>10 DE genes,on-target KD
841,MLX,0.04007716231742603,0.0212601640441088,0.8052157129034784,0.6986154439033255,ENSG00000108788,Stim8hr,240.0,20,20,40,-16.493340569161784,True,157.53943074152892,True,>10 DE genes,on-target KD
842,MMAB,0.08050358016187473,0.0441732587346255,0.5676673315661068,0.5594420580512234,ENSG00000139428,Stim8hr,597.0,375,131,506,-7.199745899639233,True,16.356726540117545,False,>10 DE genes,on-target KD
843,MMGT1,0.07167619649588033,0.0326157986093162,0.7899927319304023,0.7737250090531046,ENSG00000169446,Stim8hr,508.0,37,28,65,-16.84693705119878,True,53.461047048373786,False,>10 DE genes,on-target KD
844,MMP9,-0.07975427401624287,-0.1225089137115757,0.017317215798689254,-0.3671574682066475,ENSG00000100985,Stim8hr,919.0,160,18,178,0.0,False,,False,>10 DE genes,no on-target KD
845,MNT,0.047610086722732335,0.0186743548219284,0.4697641886748228,0.3075365253302697,ENSG00000070444,Stim8hr,246.0,48,5,53,0.0,False,,False,>10 DE genes,no on-target KD
846,MOCS3,0.1671350262416795,0.1422106968435609,0.8283722736150129,0.8139679094063167,ENSG00000124217,Stim8hr,115.0,88,57,145,-5.741721727046848,True,30.574846632023217,True,>10 DE genes,on-target KD
847,MOGS,0.22203865435270984,0.1951315636314535,0.8707713663241775,0.7863262118504839,ENSG00000115275,Stim8hr,531.0,34,19,53,-21.20356124860214,True,95.86539844379844,False,>10 DE genes,on-target KD
848,MORC2,0.10955584758537917,0.0968576631558731,0.61480976762381,0.584036451294768,ENSG00000133422,Stim8hr,1123.0,329,472,801,-18.93612104023222,True,78.54201578973432,False,>10 DE genes,on-target KD
849,MORF4L1,0.028943395258500603,0.0191991309419289,0.8361880463188739,0.795539290453797,ENSG00000185787,Stim8hr,930.0,125,96,221,-20.33896706856048,True,46.854190155664135,False,>10 DE genes,on-target KD
850,MOSPD2,0.1242392915628142,0.0870521722897216,0.3957051352540615,0.3237058851622185,ENSG00000130150,Stim8hr,1635.0,1340,416,1756,-18.840983937367834,True,29.091113172932346,True,>10 DE genes,on-target KD
851,MOV10,0.04777078991783246,-0.0142591395869808,0.4204538291471372,0.337857562218165,ENSG00000155363,Stim8hr,509.0,505,236,741,-10.469473577333993,True,31.279675305613623,False,>10 DE genes,on-target KD
852,MPG,0.07416782455834686,0.0523901640906018,0.7979758049710823,0.7066980025748939,ENSG00000103152,Stim8hr,258.0,23,33,56,-11.098904331300217,True,50.10246245465677,False,>10 DE genes,on-target KD
853,MPI,0.4290957976610857,0.3582553354057498,0.8431535713454948,0.822308362137867,ENSG00000178802,Stim8hr,211.0,1374,921,2295,-8.64872831254815,True,50.98662120519693,False,>10 DE genes,on-target KD
854,MPP2,0.07789968020987037,0.0628526989134055,0.6551415467596419,0.6317323833334136,ENSG00000108852,Stim8hr,202.0,52,12,64,0.0,False,,False,>10 DE genes,no on-target KD
855,MRC2,0.1518244035471308,0.1214619204525415,0.8113150143212211,0.796132813517929,ENSG00000011028,Stim8hr,866.0,325,260,585,-8.376980738205257,True,12.904243676347454,False,>10 DE genes,on-target KD
856,MRPL10,0.08041140260706274,0.064037447069973,0.701870826294953,0.6591795216788013,ENSG00000159111,Stim8hr,183.0,26,9,35,0.0,False,,False,>10 DE genes,no on-target KD
857,MRPL11,0.1398702091291694,0.1183035760474513,0.8464272919883221,0.8094608103677745,ENSG00000174547,Stim8hr,466.0,167,99,266,0.0,False,,False,>10 DE genes,no on-target KD
858,MRPL13,0.018805564108567565,0.0098962183793611,0.48621810630551066,0.3626497139029323,ENSG00000172172,Stim8hr,53.0,35,3,38,0.0,False,,False,>10 DE genes,no on-target KD
859,MRPL14,0.052503957284698234,-0.0384574025473425,0.5941173366309518,0.5211561926528803,ENSG00000180992,Stim8hr,102.0,24,10,34,0.0,False,,False,>10 DE genes,no on-target KD
860,MRPL16,0.1045708881697846,0.0917552650220961,0.7839110956061721,0.7408146553432121,ENSG00000166902,Stim8hr,202.0,94,41,135,0.0,False,,False,>10 DE genes,no on-target KD
861,MRPL17,0.10367376951135092,0.0960796920419798,0.6400615835267583,0.4110913692110586,ENSG00000158042,Stim8hr,179.0,25,7,32,0.0,False,,False,>10 DE genes,no on-target KD
862,MRPL18,0.23328270636932555,0.1789034901605871,0.8222376163195557,0.7804565653558428,ENSG00000112110,Stim8hr,358.0,77,44,121,0.0,False,,False,>10 DE genes,no on-target KD
863,MRPL2,0.1891147986772729,0.1684713218419744,0.7527812181923266,0.7418544820818311,ENSG00000112651,Stim8hr,460.0,220,167,387,0.0,False,,False,>10 DE genes,no on-target KD
864,MRPL21,0.17155258892450523,0.1389957406329013,0.6436167728585284,0.5361324326197715,ENSG00000197345,Stim8hr,338.0,172,99,271,0.0,False,,False,>10 DE genes,no on-target KD
865,MRPL22,0.05806228420846973,0.0008767910212661,-0.02873438654290684,-0.1524876124337778,ENSG00000082515,Stim8hr,488.0,30,9,39,0.0,False,,False,>10 DE genes,no on-target KD
866,MRPL3,0.15456859388171615,0.1361650758613873,0.8724758071752569,0.8446385801106112,ENSG00000114686,Stim8hr,386.0,60,42,102,0.0,False,,False,>10 DE genes,no on-target KD
867,MRPL35,0.10993868860603456,0.0486721185808714,0.8361578114276158,0.7478631905566805,ENSG00000132313,Stim8hr,141.0,53,24,77,0.0,False,,False,>10 DE genes,no on-target KD
868,MRPL37,0.1416617931633798,0.1148001520382752,0.8037539015166066,0.7800135715302231,ENSG00000116221,Stim8hr,256.0,131,91,222,0.0,False,,False,>10 DE genes,no on-target KD
869,MRPL42,0.22959424968795164,0.2060050152270323,0.7390555609061759,0.7108560826782503,ENSG00000198015,Stim8hr,392.0,533,415,948,0.0,False,,False,>10 DE genes,no on-target KD
870,MRPL43,0.08902081981461403,0.0198795717132822,0.8003528154047131,0.7795036985809,ENSG00000055950,Stim8hr,242.0,102,47,149,0.0,False,,False,>10 DE genes,no on-target KD
871,MRPL45,0.07585506762586668,0.0712878325380209,0.5957750993059386,0.5437413018930949,ENSG00000278845,Stim8hr,304.0,206,53,259,0.0,False,,False,>10 DE genes,no on-target KD
872,MRPL46,0.15780998133871027,0.1561878695697652,0.7998409570047965,0.7792391999250755,ENSG00000259494,Stim8hr,230.0,371,243,614,0.0,False,,False,>10 DE genes,no on-target KD
873,MRPL49,0.11474289607532223,0.1106268135365853,0.8005898434514211,0.7631122059803958,ENSG00000149792,Stim8hr,265.0,95,112,207,0.0,False,,False,>10 DE genes,no on-target KD
874,MRPS11,0.1437080198509495,0.1180581440157443,0.7241469419736953,0.6782278720385208,ENSG00000181991,Stim8hr,393.0,400,231,631,0.0,False,,False,>10 DE genes,no on-target KD
875,MRPS12,0.13818274796229849,0.1182632526252212,0.8220126349196369,0.787746422301413,ENSG00000128626,Stim8hr,187.0,46,19,65,0.0,False,,False,>10 DE genes,no on-target KD
876,MRPS15,0.20748625735276735,0.1916277415885884,0.8219460762567894,0.8021557389072029,ENSG00000116898,Stim8hr,722.0,501,302,803,0.0,False,,False,>10 DE genes,no on-target KD
877,MRPS16,0.11756090141322023,0.0775374918399663,0.565186318786095,0.3171455322352828,ENSG00000182180,Stim8hr,570.0,240,124,364,0.0,False,,False,>10 DE genes,no on-target KD
878,MRPS17,0.19091980455233148,0.1817705921895592,0.8011507140075927,0.7886894903586121,ENSG00000239789,Stim8hr,348.0,399,226,625,0.0,False,,False,>10 DE genes,no on-target KD
879,MRPS18B,0.2897121701732143,0.2641980719644384,0.8035452017753384,0.7585826886684507,ENSG00000204568,Stim8hr,406.0,574,230,804,0.0,False,,False,>10 DE genes,no on-target KD
880,MRPS18C,0.1573444056978263,0.1486415957620102,0.8450370243235622,0.8031636652304877,ENSG00000163319,Stim8hr,271.0,40,23,63,0.0,False,,False,>10 DE genes,no on-target KD
881,MRPS2,0.15751116146315516,0.1182128037799466,0.7689841348942191,0.7462611887728329,ENSG00000122140,Stim8hr,337.0,888,486,1374,0.0,False,,False,>10 DE genes,no on-target KD
882,MRPS21,0.16315321779859507,0.1470929221791196,0.6976975570836096,0.6603610648152076,ENSG00000266472,Stim8hr,359.0,205,143,348,0.0,False,,False,>10 DE genes,no on-target KD
883,MRPS23,0.09358672760957797,0.069480576709349,0.8027134448829049,0.752497676757021,ENSG00000181610,Stim8hr,455.0,211,136,347,0.0,False,,False,>10 DE genes,no on-target KD
884,MRPS24,0.1321350533082152,0.0984832872257218,0.8378318647667918,0.801233266003681,ENSG00000062582,Stim8hr,245.0,90,73,163,0.0,False,,False,>10 DE genes,no on-target KD
885,MRPS25,0.10833011543020997,0.0955003212286267,0.8141204071947435,0.7999406936133675,ENSG00000131368,Stim8hr,515.0,76,20,96,0.0,False,,False,>10 DE genes,no on-target KD
886,MRPS26,0.0854959768694883,0.0686748046103721,0.6914215349900156,0.6463502756322551,ENSG00000125901,Stim8hr,564.0,80,48,128,0.0,False,,False,>10 DE genes,no on-target KD
887,MRPS27,0.0568647663101352,0.0420706688013157,0.5744563771112005,0.482587708210251,ENSG00000113048,Stim8hr,298.0,53,34,87,0.0,False,,False,>10 DE genes,no on-target KD
888,MRPS35,0.07728482009355207,0.0645058744296533,0.6898426241015332,0.6519482734733508,ENSG00000061794,Stim8hr,352.0,209,145,354,0.0,False,,False,>10 DE genes,no on-target KD
889,MRPS5,0.06992119226925417,0.0469078944486789,0.8724604415385849,0.8379374310038002,ENSG00000144029,Stim8hr,314.0,44,31,75,0.0,False,,False,>10 DE genes,no on-target KD
890,MRPS9,0.18723273625114575,0.1757539373855788,0.7681558352106616,0.7472549394923937,ENSG00000135972,Stim8hr,221.0,241,169,410,0.0,False,,False,>10 DE genes,no on-target KD
891,MRRF,0.06827728736738346,0.0382402476746205,0.9179778555573375,0.8915038980680762,ENSG00000148187,Stim8hr,397.0,15,24,39,-12.566712936506455,True,43.25502132526183,True,>10 DE genes,on-target KD
892,MSL2,0.1425176782554425,0.1365087440397387,0.8675160161599761,0.8603086887967146,ENSG00000174579,Stim8hr,543.0,20,66,86,-22.638456827098093,True,111.87741606167587,False,>10 DE genes,on-target KD
893,MTA2,0.37993797560634573,0.363999230565717,0.7149126996660321,0.6982266555127601,ENSG00000149480,Stim8hr,205.0,1224,505,1729,-14.935270973768338,True,212.52903388219625,False,>10 DE genes,on-target KD
894,MTA3,0.19932576681487138,0.1556670643352982,0.6292430290068306,0.4903816203965695,ENSG00000057935,Stim8hr,358.0,854,199,1053,-8.968521551341093,True,28.01677900901348,False,>10 DE genes,on-target KD
895,MTERF3,0.07484204212875979,-0.0220159745182227,0.812952114510496,0.7806342593158764,ENSG00000156469,Stim8hr,277.0,86,31,117,-11.093996287877951,True,56.2392047013921,True,>10 DE genes,on-target KD
896,MTHFD1,0.12787276432122677,0.1129457740900577,0.7942059124719433,0.6990243949701439,ENSG00000100714,Stim8hr,92.0,62,30,92,-11.503057495862766,True,172.22576893358678,False,>10 DE genes,on-target KD
897,MTHFD1L,0.07797849201613773,0.0607944570650104,0.41384867121173013,0.3813601863710394,ENSG00000120254,Stim8hr,305.0,26,5,31,-16.504817898377937,True,94.40255865072716,False,>10 DE genes,on-target KD
898,MTMR10,0.09289838979523087,0.0325886641069503,0.6276601220888743,0.3801345852161903,ENSG00000166912,Stim8hr,417.0,32,7,39,-7.629498885342163,True,17.59496905324918,False,>10 DE genes,on-target KD
899,MTMR3,0.003247137255975835,-0.022913086875083,0.05634274935899167,-0.0413900902692217,ENSG00000100330,Stim8hr,453.0,918,182,1100,-9.82290059490862,True,27.359444681948336,False,>10 DE genes,on-target KD
900,MTPAP,0.13328049119798838,0.1221617032207838,0.4593595734191312,0.0652159862303454,ENSG00000107951,Stim8hr,198.0,27,11,38,-13.789959999731856,True,115.68787305282795,False,>10 DE genes,on-target KD
901,MUM1,0.16055644683916193,0.1053101827592444,0.2596770949582332,0.1875225948085122,ENSG00000137265,Stim8hr,764.0,322,245,567,-11.380474220031711,True,1270.8352181123112,False,>10 DE genes,on-target KD
902,MUS81,0.030848869090941894,-0.0138538490969787,0.8060891842957153,0.7075253878165745,ENSG00000172732,Stim8hr,89.0,22,10,32,-4.871310039330851,True,39.91616850250657,False,>10 DE genes,on-target KD
903,MVB12B,0.06617657850836133,0.0173570580457059,0.4977459780223911,0.3595110260909199,ENSG00000196814,Stim8hr,414.0,240,69,309,-2.333921099383407,False,2.2382523591789583,False,>10 DE genes,no on-target KD
904,MYB,0.2248133920385829,0.1451721960508161,0.7291879733646423,0.7027958550512785,ENSG00000118513,Stim8hr,1088.0,661,364,1025,-12.612876117461528,True,61.37729108886619,False,>10 DE genes,on-target KD
905,MYC,0.13557750015309697,0.034800300639519,0.777529857385359,0.7571580074357424,ENSG00000136997,Stim8hr,267.0,413,263,676,-5.663612564916637,True,422.5602791498197,False,>10 DE genes,on-target KD
906,MYCN,0.08017631845903044,0.0263913822300835,0.6915470232659001,0.633865896968798,ENSG00000134323,Stim8hr,967.0,265,178,443,0.0,False,,False,>10 DE genes,no on-target KD
907,MYH9,-0.007326063528519933,-0.0508765805481144,-0.22200630703593868,-0.3407771779270502,ENSG00000100345,Stim8hr,534.0,49,8,57,-13.49562714610768,True,172.59230826560335,False,>10 DE genes,on-target KD
908,MYO9A,0.1838385557121834,0.1730291089001444,0.8609524255790544,0.834752717607636,ENSG00000066933,Stim8hr,891.0,233,132,365,-13.600624270295931,True,23.555779609937552,False,>10 DE genes,on-target KD
909,MYPOP,0.10518924583276164,0.0982587304217666,0.6990131434850038,0.5471548676606438,ENSG00000176182,Stim8hr,86.0,10,23,33,-1.934527784196194,False,5.267822296444174,False,>10 DE genes,no on-target KD
910,MYSM1,0.1472272340934719,0.0997888102077071,0.9032035412822085,0.8782204087271201,ENSG00000162601,Stim8hr,594.0,17,21,38,-14.161374292289944,True,43.30488075911657,False,>10 DE genes,on-target KD
911,N6AMT1,0.06911670149289299,0.0295417600267418,0.5612702835153424,0.3506287638997404,ENSG00000156239,Stim8hr,243.0,164,106,270,-3.827522421009619,True,9.57097533423184,False,>10 DE genes,on-target KD
912,NAA20,0.14532802391431135,0.1246716168995353,0.6496505367234473,0.6111003810560249,ENSG00000173418,Stim8hr,87.0,374,189,563,-9.035450431259394,True,153.07388167988103,False,>10 DE genes,on-target KD
913,NAA25,0.35506618673055285,0.3281168389266742,0.643064296602997,0.6028563294016618,ENSG00000111300,Stim8hr,55.0,326,84,410,-3.3770663763298385,True,36.79599726772111,False,>10 DE genes,on-target KD
914,NAA30,0.32609005170447447,0.2925647887287659,0.6304530363550023,0.5964834571224756,ENSG00000139977,Stim8hr,126.0,1630,455,2085,-9.591190831527488,True,67.41608487006049,False,>10 DE genes,on-target KD
915,NAA40,0.07038350382460594,0.0424363866927211,0.46552288834637917,0.4554198830138515,ENSG00000110583,Stim8hr,748.0,102,33,135,-10.536523763495056,True,17.147954173549454,False,>10 DE genes,on-target KD
916,NAB2,0.21369110183234108,0.1983642403524476,0.8848241496679661,0.8815493002572539,ENSG00000166886,Stim8hr,763.0,216,86,302,-16.88158589006466,True,61.72479476477733,False,>10 DE genes,on-target KD
917,NABP1,-0.012043515857717665,-0.036368556916438,0.0748938223641043,0.0208868385377706,ENSG00000173559,Stim8hr,784.0,374,49,423,-18.4125374205529,True,60.978729804162505,False,>10 DE genes,on-target KD
918,NADSYN1,0.1398364670215632,0.0930969273396783,0.7184803188244313,0.6930811960644078,ENSG00000172890,Stim8hr,513.0,15,18,33,0.0,False,,False,>10 DE genes,no on-target KD
919,NAF1,0.3116264084136402,0.2695038659301054,0.42156736995476973,0.4035048856925441,ENSG00000145414,Stim8hr,116.0,254,125,379,-4.847575569367808,True,32.74384957400425,False,>10 DE genes,on-target KD
920,NARS2,0.0752445114201382,0.0430551146365827,0.8038443738216771,0.7408788547738581,ENSG00000137513,Stim8hr,457.0,21,11,32,-13.585966991614804,True,53.39340772645604,False,>10 DE genes,on-target KD
921,NASP,0.06481739577468104,0.0380774968679488,0.8498768622274832,0.7831238809807,ENSG00000132780,Stim8hr,432.0,43,81,124,-0.5284332782822108,True,0.4313895300167532,False,>10 DE genes,on-target KD
922,NATD1,-0.026893188823301467,-0.0424891508389566,0.021841306545991267,-0.0679228570167509,ENSG00000274180,Stim8hr,895.0,655,175,830,-2.89624625274149,True,1.1980482002313446,False,>10 DE genes,on-target KD
923,NCAPD3,0.006863751875253367,-0.0600310752145366,0.6841804824624589,0.5822418293370067,ENSG00000151503,Stim8hr,132.0,29,14,43,-7.747637387873393,True,79.51788722804368,False,>10 DE genes,on-target KD
924,NCAPG2,0.14355295779893437,0.082530768881008,0.4914671182241867,0.3318302272069613,ENSG00000146918,Stim8hr,421.0,1235,462,1697,-3.043528858655025,True,78.58190912462561,False,>10 DE genes,on-target KD
925,NCBP3,0.07533482759117406,0.0495049749098684,0.32275776790706945,0.2548919800186518,ENSG00000074356,Stim8hr,998.0,456,176,632,-21.25227206125448,True,51.83444336125,False,>10 DE genes,on-target KD
926,NCKAP1L,0.2298198722423559,0.1919370193645569,0.7683344203214131,0.7302231673621293,ENSG00000123338,Stim8hr,840.0,912,447,1359,-18.47827177452186,True,56.50511414685084,False,>10 DE genes,on-target KD
927,NCOR1,0.39512205596873123,0.3235050997857439,0.8358378716185507,0.8240312814963546,ENSG00000141027,Stim8hr,671.0,888,1036,1924,-29.076744624973585,True,111.91754358403443,True,>10 DE genes,on-target KD
928,NCR3,0.0531706943973822,0.0266885113072921,0.7005323088712806,0.6361132347878334,ENSG00000204475,Stim8hr,379.0,11,71,82,-4.015229243248331,True,5.592771422267695,False,>10 DE genes,on-target KD
929,NDEL1,0.1731532590622392,0.1322339781764419,0.22754883082256236,0.1611035454166093,ENSG00000166579,Stim8hr,84.0,27,7,34,-6.368269534734687,True,80.57157455766368,False,>10 DE genes,on-target KD
930,NDFIP2,0.2513715763876547,0.2381135687729867,0.7976209172832239,0.775745001004775,ENSG00000102471,Stim8hr,473.0,617,218,835,-16.507232922287095,True,367.82251301949583,False,>10 DE genes,on-target KD
931,NDOR1,0.007102129641440432,-0.0301541491146746,0.18980215200221326,-0.0994800908810985,ENSG00000188566,Stim8hr,111.0,94,8,102,-1.81339133602382,False,10.235527886132052,False,>10 DE genes,no on-target KD
932,NDRG1,0.04516109110085944,0.0265758533881404,0.1364756615906359,0.0604067237220254,ENSG00000104419,Stim8hr,282.0,135,31,166,-3.470247609364161,True,4.626000537486032,False,>10 DE genes,on-target KD
933,NDUFAF5,0.31518560930333556,0.2902491778626951,0.6093084297360637,0.5082260172626579,ENSG00000101247,Stim8hr,278.0,58,14,72,-2.525514678875967,True,22.149620330146472,False,>10 DE genes,on-target KD
934,NDUFB11,0.10461282020500069,0.0983627629833385,0.8759575512582009,0.8579912186169484,ENSG00000147123,Stim8hr,664.0,66,43,109,-19.024312036672733,True,62.144484430364,True,>10 DE genes,on-target KD
935,NDUFS8,0.07663955537254204,0.0472825595111907,-0.14889183694499977,-0.1884408312544477,ENSG00000110717,Stim8hr,241.0,60,12,72,-8.5759661498939,True,36.35696912842376,False,>10 DE genes,on-target KD
936,NEFL,0.07948440377247469,0.0265695095513545,0.2818398207537502,0.1046841232472782,ENSG00000277586,Stim8hr,223.0,20,14,34,0.0,False,,False,>10 DE genes,no on-target KD
937,NEIL1,0.032309060997505364,0.0053202175870565,0.3022444937198669,0.2028074219702225,ENSG00000140398,Stim8hr,699.0,59,18,77,-0.3916125061390061,True,0.120149307107209,False,>10 DE genes,on-target KD
938,NELFCD,0.23808725007151876,0.0949342503494719,0.7090533612260708,0.4930199327033085,ENSG00000101158,Stim8hr,154.0,589,436,1025,-11.348924272282614,True,148.77632179990755,False,>10 DE genes,on-target KD
939,NEMF,0.13657639071841862,0.1147431365104927,0.7728286394140693,0.7311126141854749,ENSG00000165525,Stim8hr,399.0,34,13,47,-14.134465577111964,True,107.23577605731457,False,>10 DE genes,on-target KD
940,NEMP2,-0.009741927831330334,-0.0283083162648926,-0.1359790055747728,-0.3235189865787183,ENSG00000189362,Stim8hr,717.0,33,9,42,-10.962422098413905,True,41.063894960521054,False,>10 DE genes,on-target KD
941,NEUROD2,0.12917777165540353,0.0622098007485721,-0.11049647475388065,-0.2889059127556013,ENSG00000171532,Stim8hr,2592.0,31,4,35,0.0,False,,False,>10 DE genes,no on-target KD
942,NFATC2,0.019861373448215803,-0.0572328491896188,0.7832158501275864,0.7439333517982245,ENSG00000101096,Stim8hr,524.0,110,62,172,-8.210005638444573,True,185.3976766684017,False,>10 DE genes,on-target KD
943,NFE2L1,0.32585801426807315,0.2224392413767307,0.7882318557696832,0.6337465159002539,ENSG00000082641,Stim8hr,118.0,30,31,61,-8.662011726716099,True,100.7306482875142,False,>10 DE genes,on-target KD
944,NFIX,0.09805802439306714,0.0843867198361102,0.7040274718117487,0.5802498538341136,ENSG00000008441,Stim8hr,402.0,32,7,39,-3.336315903855818,True,3.3900278562056294,False,>10 DE genes,on-target KD
945,NFKB1,0.06512604895120716,0.0146855447233063,0.6741635137845736,0.6121788798642364,ENSG00000109320,Stim8hr,290.0,146,59,205,-12.009684152109385,True,256.887548166125,False,>10 DE genes,on-target KD
946,NFKB2,0.14578064246416886,0.0808095996768264,0.6505124786837853,0.6242333966426669,ENSG00000077150,Stim8hr,2152.0,761,589,1350,-32.57992844326427,True,242.4361928816952,True,>10 DE genes,on-target KD
947,NFKBID,0.14262669676499662,0.0198375431611254,0.8654794512267575,0.8432582990073929,ENSG00000167604,Stim8hr,197.0,92,67,159,-8.69686020457679,True,66.12761699241342,True,>10 DE genes,on-target KD
948,NFKBIL1,0.01971201707580793,-0.0204160167787977,0.43028212055690124,0.3863437412775899,ENSG00000204498,Stim8hr,1818.0,697,257,954,-8.140951074776408,True,18.53188068257736,False,>10 DE genes,on-target KD
949,NFRKB,0.361918554719165,0.3445169046724043,0.8339643495761849,0.8297903667139115,ENSG00000170322,Stim8hr,1387.0,1492,1400,2892,-20.5438187996058,True,32.40532963951105,False,>10 DE genes,on-target KD
950,NIPAL4,0.04496908565278113,0.036889672893468,-0.28952345781959116,-0.4562303385700791,ENSG00000172548,Stim8hr,652.0,33,16,49,-3.7869816098200775,True,3.350652370026309,False,>10 DE genes,on-target KD
951,NIPBL,0.06611011213543623,0.0419367091960802,0.4115452434111136,0.3224689938450037,ENSG00000164190,Stim8hr,744.0,220,97,317,-6.27223326674368,True,69.0731095071879,False,>10 DE genes,on-target KD
952,NIPSNAP3A,0.12385587311440156,0.1123598925608925,0.8454266779257131,0.809194233616027,ENSG00000136783,Stim8hr,352.0,13,44,57,-4.192325560271217,True,9.401249947014636,False,>10 DE genes,on-target KD
953,NKAPD1,0.18103246730284814,0.1542121036409951,0.5978167825480699,0.5870644188822987,ENSG00000150776,Stim8hr,461.0,481,124,605,-14.204083312726006,True,61.45750475325956,False,>10 DE genes,on-target KD
954,NKTR,0.1428235633772321,0.1257826619232309,0.9008917053810173,0.8889222902207811,ENSG00000114857,Stim8hr,436.0,19,18,37,-15.553048924711156,True,60.73740420170615,False,>10 DE genes,on-target KD
955,NKX2-2,0.1046508653796099,0.0932771501164383,0.8441600179986732,0.7995131691278727,ENSG00000125820,Stim8hr,401.0,23,20,43,0.0,False,,False,>10 DE genes,no on-target KD
956,NMT2,0.13280353026420086,0.0853647472074359,0.8338153015522917,0.8003833034022326,ENSG00000152465,Stim8hr,1555.0,43,87,130,-10.138233661072675,True,11.872177778804891,False,>10 DE genes,on-target KD
957,NOC2L,0.2907195749727543,0.1907375427717817,0.4565785989536302,0.2991878772543027,ENSG00000188976,Stim8hr,63.0,140,54,194,0.0,False,,False,>10 DE genes,no on-target KD
958,NOL7,0.26102186278541467,0.1896525243018529,0.47300430691599904,0.3438723317099418,ENSG00000225921,Stim8hr,60.0,69,41,110,-3.262060130536525,True,153.96193068764182,False,>10 DE genes,on-target KD
959,NONO,0.15885495367947502,0.1465780698551843,0.6554526327070933,0.6192067636908085,ENSG00000147140,Stim8hr,636.0,24,32,56,-21.37595150206081,True,83.94077724823374,False,>10 DE genes,on-target KD
960,NOP53,0.2109766839628723,0.1435205618922223,0.47526304658055646,0.4518989035932572,ENSG00000105373,Stim8hr,142.0,138,39,177,-6.879102430719773,True,109.523495982357,False,>10 DE genes,on-target KD
961,NPC2,0.142665650758954,0.1267998248292915,0.6846979696568204,0.6126495374094907,ENSG00000119655,Stim8hr,355.0,328,112,440,-8.243766620555702,True,31.241763459499023,True,>10 DE genes,on-target KD
962,NPHP4,0.0080253072393706,-0.0385319509028627,-0.21977517117771786,-0.4056680880511886,ENSG00000131697,Stim8hr,783.0,161,16,177,-5.946549284922424,True,4.813257508176635,False,>10 DE genes,on-target KD
963,NPIPB3,0.059282967659652235,0.0292395904011815,0.6174714898479094,0.4625497503884759,ENSG00000169246,Stim8hr,475.0,30,8,38,0.0,False,,False,>10 DE genes,no on-target KD
964,NR2C2,0.10547419777053707,0.1025187567746024,0.6864320914605773,0.661924203920364,ENSG00000177463,Stim8hr,402.0,86,177,263,-10.582462028869331,True,38.84240668484374,False,>10 DE genes,on-target KD
965,NR2C2AP,0.16182382289919425,0.1495372816250925,0.8335234488602596,0.8111614659561357,ENSG00000184162,Stim8hr,757.0,49,56,105,-17.40660979252627,True,46.95662596365754,True,>10 DE genes,on-target KD
966,NR4A3,0.10661318442666344,0.0895421131033884,0.8477228257008508,0.8112383390664686,ENSG00000119508,Stim8hr,250.0,19,13,32,-6.24013840601749,True,54.919919889170814,False,>10 DE genes,on-target KD
967,NRAS,-0.0484891810114533,-0.0636831912753783,0.011513838163392298,-0.0174212240441469,ENSG00000213281,Stim8hr,1539.0,301,74,375,-34.87753940582483,True,144.87975364332766,False,>10 DE genes,on-target KD
968,NRBP1,0.08245163871746776,-0.0445502924196806,0.6636938290689872,0.6312336469289972,ENSG00000115216,Stim8hr,329.0,377,251,628,-15.31039141141271,True,195.65134044538087,False,>10 DE genes,on-target KD
969,NRG2,0.1306342500385719,0.1039557669576109,0.7310014064686835,0.6899900940358705,ENSG00000158458,Stim8hr,772.0,66,66,132,0.0,False,,False,>10 DE genes,no on-target KD
970,NSD1,0.15652843747113987,0.1028121009033787,0.6526390433937448,0.6061260886034623,ENSG00000165671,Stim8hr,765.0,900,1094,1994,-32.69340148924657,True,153.9798873454676,False,>10 DE genes,on-target KD
971,NSD2,0.14509809269111276,0.1235751287485197,0.718873393577716,0.6936556477713943,ENSG00000109685,Stim8hr,125.0,116,66,182,-3.2794442564175603,True,42.754198481626126,False,>10 DE genes,on-target KD
972,NSG1,-0.009398937640904567,-0.0320490527434903,-0.0917647244157427,-0.1442901023266078,ENSG00000168824,Stim8hr,251.0,22,17,39,-0.5662167553754262,False,1.0506134313965991,False,>10 DE genes,no on-target KD
973,NSUN2,0.18768364593238607,0.1684416281462078,0.8400384301825917,0.8236468970128814,ENSG00000037474,Stim8hr,590.0,28,48,76,-21.44105010496246,True,160.13539196027932,True,>10 DE genes,on-target KD
974,NSUN4,0.1005842055359034,0.0814441534799703,0.30182535295360996,0.2072296420774328,ENSG00000117481,Stim8hr,419.0,69,40,109,-11.115732144698947,True,38.045524264699495,False,>10 DE genes,on-target KD
975,NUDCD1,0.16252957802932444,0.1504424554434671,0.700259611743498,0.6895313312647151,ENSG00000120526,Stim8hr,650.0,874,345,1219,-22.00396557607362,True,99.5316277075601,True,>10 DE genes,on-target KD
976,NUDCD3,0.2561874209953175,0.1312413786524819,0.6320760062862637,0.527090936349344,ENSG00000015676,Stim8hr,70.0,440,122,562,-2.6800653149578846,False,54.45543705789894,False,>10 DE genes,no on-target KD
977,NUDT19,0.04904353189155774,0.0449236277239815,0.6864900694040855,0.5001155065060854,ENSG00000213965,Stim8hr,1061.0,21,11,32,-18.112163857717515,True,36.44472618683457,False,>10 DE genes,on-target KD
978,NUDT5,0.027807459035572652,-0.1748105990191141,0.5698298537824608,0.5562754404630289,ENSG00000165609,Stim8hr,97.0,103,15,118,-13.909838474139358,True,185.739815371086,True,>10 DE genes,on-target KD
979,NUP188,0.15222992903929136,0.1472844391652949,0.7865835379951805,0.7335920101825153,ENSG00000095319,Stim8hr,231.0,74,26,100,-21.83903100196837,True,238.0277374343705,True,>10 DE genes,on-target KD
980,ODC1,0.10756085232535573,0.0967075367554565,0.8669090578221023,0.8129891876327862,ENSG00000115758,Stim8hr,687.0,18,16,34,-36.78324346208286,True,392.14081815145806,False,>10 DE genes,on-target KD
981,OGT,0.12728564936407968,0.1070836234852774,0.5695038414340202,0.3947577366273698,ENSG00000147162,Stim8hr,192.0,50,44,94,-3.7030179140993655,True,107.51911480773312,False,>10 DE genes,on-target KD
982,OPRM1,0.16307675776363365,0.1457475159093856,0.9249239970677879,0.9089547695186988,ENSG00000112038,Stim8hr,381.0,22,26,48,0.0,False,,False,>10 DE genes,no on-target KD
983,ORAI1,0.20174717291539998,0.1971633150353934,0.6336035437354689,0.6057302521950971,ENSG00000276045,Stim8hr,333.0,883,367,1250,-13.724840734787824,True,133.68639835127038,False,>10 DE genes,on-target KD
984,ORAI2,0.0305978036650601,0.0214649691147797,-0.22138483307927437,-0.3215109143964308,ENSG00000160991,Stim8hr,695.0,42,1,43,-13.545416620366767,True,35.88640740559932,False,>10 DE genes,on-target KD
985,OSGEP,0.0494450298189523,0.0310013562433168,0.5555825737794681,0.3868413652209271,ENSG00000092094,Stim8hr,261.0,33,6,39,-6.085938233895551,True,42.08789771526192,True,>10 DE genes,on-target KD
986,OST4,0.008004177988748834,-0.0164573500454994,0.35021376699172824,0.2495028369887067,ENSG00000228474,Stim8hr,1495.0,88,10,98,-18.67041192843442,True,91.44324025323996,False,>10 DE genes,on-target KD
987,OSTF1,0.10141294993846027,0.0831353482252019,0.7886720428390624,0.7098534703705355,ENSG00000134996,Stim8hr,734.0,19,13,32,-11.06929418462495,True,60.396645747202015,True,>10 DE genes,on-target KD
988,OTUB1,0.13713813802624406,0.1224837364753721,0.8394319223180192,0.8187884132168363,ENSG00000167770,Stim8hr,354.0,191,102,293,-14.102701291531876,True,97.84643004561508,False,>10 DE genes,on-target KD
989,OTUD1,-0.010883072063185934,-0.0608152650292985,0.5869467237890795,0.5655717111208676,ENSG00000165312,Stim8hr,1135.0,257,64,321,-6.595395562210232,True,9.131330842819397,False,>10 DE genes,on-target KD
990,OTUD4,0.07775188624662097,0.0448227169642869,0.8612102493857274,0.8401212795501107,ENSG00000164164,Stim8hr,305.0,17,19,36,-7.56308915084798,True,103.7429990123092,False,>10 DE genes,on-target KD
991,OXA1L,0.1487233374305638,0.1299408106647707,0.7664648367751803,0.7209994745992853,ENSG00000155463,Stim8hr,517.0,84,30,114,-25.201864518249845,True,149.16290111031634,False,>10 DE genes,on-target KD
992,P4HB,0.14955209781293985,0.1241860801695035,0.49844689599566,0.4371247102271863,ENSG00000185624,Stim8hr,430.0,79,10,89,-5.638267302270023,True,8.37978640887236,False,>10 DE genes,on-target KD
993,PAGR1,0.20656945869779234,0.186729826091712,0.7336757520446987,0.6606167692263647,ENSG00000280789,Stim8hr,475.0,301,260,561,-20.59434799127456,True,102.85807607279442,False,>10 DE genes,on-target KD
994,PAIP1,0.05003954580578357,0.007653384284808,0.712947741364419,0.6769852583906119,ENSG00000172239,Stim8hr,153.0,20,42,62,-2.898874913038956,True,18.74154510116656,False,>10 DE genes,on-target KD
995,PAK1,-0.07550660937220251,-0.1170811558754264,-0.2694589809307392,-0.3763401073478929,ENSG00000149269,Stim8hr,569.0,222,43,265,-1.2238592945083764,False,25.956713298896062,False,>10 DE genes,no on-target KD
996,PAK2,0.15205043274048413,0.1242927786559118,0.8923107621629166,0.8768253565597645,ENSG00000180370,Stim8hr,464.0,46,52,98,-27.344928050473083,True,172.50878507369544,False,>10 DE genes,on-target KD
997,PAN2,0.06839436642574011,0.0482301692958557,0.9007746262831938,0.873861516298209,ENSG00000135473,Stim8hr,620.0,20,11,31,-6.308170423995207,True,7.15223449784827,True,>10 DE genes,on-target KD
998,PAN3,0.12260559749948863,0.0759666447575682,0.861296754927627,0.8353915835160232,ENSG00000152520,Stim8hr,707.0,111,74,185,-16.30959716813212,True,42.999374504767374,False,>10 DE genes,on-target KD
999,PAPOLA,0.031622952101456034,0.0111648284427329,0.6131921791030114,0.5142771770134777,ENSG00000090060,Stim8hr,463.0,31,25,56,-18.54726750229408,True,98.94821759859629,False,>10 DE genes,on-target KD
1000,PAQR7,0.049812739551574635,0.039679648890708,0.22048588942240874,-0.0427377694161268,ENSG00000182749,Stim8hr,885.0,17,25,42,-3.4592399453330978,False,2.66688677189116,False,>10 DE genes,no on-target KD
1001,PARP14,-0.010115936779057167,-0.059735158105334,0.19355531411087146,0.101547855200082,ENSG00000173193,Stim8hr,1815.0,984,345,1329,-21.751064028056284,True,98.26615403328331,False,>10 DE genes,on-target KD
1002,PARP2,0.12775654303829423,0.0609813977434537,0.47601528605126936,0.3301424800932465,ENSG00000129484,Stim8hr,177.0,120,57,177,-3.7470395402772585,True,12.6076157548384,False,>10 DE genes,on-target KD
1003,PARP3,0.12752760110528497,0.1121174428528033,0.8485368353156902,0.814521222771839,ENSG00000041880,Stim8hr,213.0,67,38,105,-2.516796121565896,False,3.926565241330364,True,>10 DE genes,putative off-target
1004,PARS2,0.16666569756740257,0.0790997913846063,0.8227639333990054,0.784413398397117,ENSG00000162396,Stim8hr,319.0,339,312,651,-4.479210211037713,True,7.389464017771572,False,>10 DE genes,on-target KD
1005,PAXIP1,0.29807412750558954,0.2795169792575374,0.8269520443050227,0.8114601309981677,ENSG00000157212,Stim8hr,463.0,494,498,992,-16.51955553995924,True,62.368978051274986,False,>10 DE genes,on-target KD
1006,PBX2,0.03844057782059173,0.0238789617534066,0.600048005867074,0.4861218048770198,ENSG00000204304,Stim8hr,428.0,53,15,68,-16.143805488509386,True,89.03922552134216,True,>10 DE genes,on-target KD
1007,PCBP1,0.147363650755339,-0.0659429590094143,0.7656242316987042,0.7078523723759205,ENSG00000169564,Stim8hr,133.0,280,336,616,-11.85859531668441,True,123.6843207228281,False,>10 DE genes,on-target KD
1008,PCBP2,0.04721269626127176,-0.0207426521768012,0.38846956325578375,0.3233480315185735,ENSG00000197111,Stim8hr,229.0,439,188,627,-3.70028182017133,True,15.043642369434282,False,>10 DE genes,on-target KD
1009,PCGF1,0.434033504446184,0.321404683072901,0.8406943917406413,0.7832406172442584,ENSG00000115289,Stim8hr,1526.0,736,212,948,-21.95315300590408,True,52.61090716679692,False,>10 DE genes,on-target KD
1010,PCGF6,0.14374589599344478,0.0999118551895753,0.8442206366981916,0.8102641516700778,ENSG00000156374,Stim8hr,268.0,49,5,54,-9.30932339010364,True,33.97834464588422,False,>10 DE genes,on-target KD
1011,PCNX3,0.19247848190504327,0.1746530556210123,0.7631949048899096,0.7573296575026528,ENSG00000197136,Stim8hr,480.0,56,10,66,-8.539538297812266,True,16.06096413377297,False,>10 DE genes,on-target KD
1012,PCSK5,0.038313288150771965,0.0254087385244474,0.20273216041492934,0.0611468930979506,ENSG00000099139,Stim8hr,609.0,111,4,115,-3.0813235556409144,False,2.094335800814365,False,>10 DE genes,no on-target KD
1013,PCYT2,0.23795563761656988,0.2122808938128574,0.7594088646250982,0.7128966333705355,ENSG00000185813,Stim8hr,410.0,479,245,724,-8.504652874076832,True,19.400993900100595,False,>10 DE genes,on-target KD
1014,PDAP1,0.1107113373381831,0.1042795475914631,0.6119459276058442,0.514808804742747,ENSG00000106244,Stim8hr,337.0,35,15,50,0.0,False,,False,>10 DE genes,no on-target KD
1015,PDCD10,-0.09245451169560466,-0.0997300349553402,0.8145742490677744,0.7801614143395442,ENSG00000114209,Stim8hr,287.0,107,33,140,-17.827516184767312,True,113.71777036138036,False,>10 DE genes,on-target KD
1016,PDCD2,0.29399594892397657,0.1663002486953571,0.4861128609241949,0.4368774330106604,ENSG00000071994,Stim8hr,58.0,40,19,59,-1.3464847796467143,True,15.392718106238036,False,>10 DE genes,on-target KD
1017,PDCD2L,0.0562656171689521,0.0402665402090579,0.4839082937655505,0.4702585518738781,ENSG00000126249,Stim8hr,731.0,238,147,385,-18.90236697057731,True,66.38412724648354,False,>10 DE genes,on-target KD
1018,PDCD5,0.23481153057748883,0.0804912424359885,0.9365778803395255,0.9291937302605072,ENSG00000105185,Stim8hr,464.0,20,18,38,-15.636083544621624,True,76.06302406044682,False,>10 DE genes,on-target KD
1019,PDCL,0.31031317415192883,0.3016524839028732,0.792876093863967,0.7730320085015386,ENSG00000136940,Stim8hr,470.0,453,819,1272,-14.145823660862174,True,48.91778988339858,False,>10 DE genes,on-target KD
1020,PDIA3,-0.0145964580593882,-0.0253411457764097,-0.1146310095574233,-0.1756851335605934,ENSG00000167004,Stim8hr,498.0,265,45,310,-27.41759866849544,True,222.3029979907267,False,>10 DE genes,on-target KD
1021,PDIA6,0.0862352447712882,0.0736305075657931,0.8156672213311507,0.7212106386226383,ENSG00000143870,Stim8hr,768.0,131,20,151,-22.544628272646705,True,134.07110844541495,False,>10 DE genes,on-target KD
1022,PDLIM2,0.0675559296127018,0.059298800966327,0.06083661983535913,-0.0463658357261234,ENSG00000120913,Stim8hr,352.0,198,46,244,-5.468484950481554,True,10.659460346527746,False,>10 DE genes,on-target KD
1023,PDPK1,0.32544442172821925,0.3159407885914131,0.7649586271745217,0.7397215954507375,ENSG00000140992,Stim8hr,130.0,46,22,68,-5.5298262377725,True,26.873569564011145,False,>10 DE genes,on-target KD
1024,PDS5B,0.1476081037997327,0.1317068559850265,0.8358047621638381,0.8051181085518243,ENSG00000083642,Stim8hr,366.0,40,19,59,-13.73659956028276,True,55.25424265235704,False,>10 DE genes,on-target KD
1025,PDSS1,0.12953464005462256,0.1131374355534468,0.792082874240703,0.7256851433806826,ENSG00000148459,Stim8hr,379.0,241,144,385,-11.966177628758564,True,44.58908756961793,False,>10 DE genes,on-target KD
1026,PDSS2,0.2568571487293415,0.2302969795485213,0.739773502570715,0.7377746923847006,ENSG00000164494,Stim8hr,339.0,1235,992,2227,-7.467092318704326,True,24.972265888056164,False,>10 DE genes,on-target KD
1027,PELO,0.05826847390949403,0.0288729178151068,0.4414832078862047,0.3940369841372191,ENSG00000152684,Stim8hr,477.0,35,8,43,-7.558505977360658,True,78.19916614781378,False,>10 DE genes,on-target KD
1028,PET117,0.137582295419487,0.104211487312367,0.5649379673368632,0.3833249813432912,ENSG00000232838,Stim8hr,138.0,17,23,40,-4.536224652381203,True,27.994747961547297,False,>10 DE genes,on-target KD
1029,PEX1,0.0669868985027063,-0.0455291782938099,0.7918707240265999,0.6529315982109544,ENSG00000127980,Stim8hr,99.0,32,14,46,0.0,False,,False,>10 DE genes,no on-target KD
1030,PEX5,0.09439494083517959,0.0724064394774543,0.8056547674032473,0.7850791390549721,ENSG00000139197,Stim8hr,880.0,99,66,165,-10.982138026005812,True,19.02826354829228,False,>10 DE genes,on-target KD
1031,PEX6,0.012859533362996533,-0.0099926538758255,0.31367123913954437,0.2181830010565027,ENSG00000124587,Stim8hr,572.0,477,165,642,-6.310053363497484,True,9.901799052298838,True,>10 DE genes,on-target KD
1032,PFAS,0.08031621675202384,-0.0483946094201198,0.6288408852821042,0.5409762263924499,ENSG00000178921,Stim8hr,127.0,165,59,224,-9.113807022514155,True,81.94796180139355,False,>10 DE genes,on-target KD
1033,PFDN5,-0.006725157699022335,-0.0337738593274288,0.6413903459400961,0.5609503889709249,ENSG00000123349,Stim8hr,513.0,47,19,66,-17.9168944986053,True,78.93869143888531,True,>10 DE genes,on-target KD
1034,PFDN6,0.08378728450271948,-0.0674864418311202,0.6270255676701372,0.4953756170512176,ENSG00000204220,Stim8hr,100.0,33,37,70,-6.684936640754786,True,135.3873418784996,False,>10 DE genes,on-target KD
1035,PGAM1,0.16869541091836013,0.1474397458234586,0.8015899664635372,0.6970309080264809,ENSG00000171314,Stim8hr,173.0,93,79,172,-10.335319711546338,True,71.69405779368725,False,>10 DE genes,on-target KD
1036,PGBD2,0.07348791811691843,0.0686091861014968,0.07955504094742549,-0.100743322931823,ENSG00000185220,Stim8hr,709.0,32,3,35,-5.9220610336035255,True,6.470338517365982,False,>10 DE genes,on-target KD
1037,PGGT1B,0.4318933538387033,0.3235446359099199,0.7184690121149688,0.6044990129871067,ENSG00000164219,Stim8hr,102.0,2172,842,3014,-4.217846941075719,True,35.00385594146293,False,>10 DE genes,on-target KD
1038,PGK1,0.2512386739411121,0.2355584274172562,0.7665412487189993,0.7391347555235084,ENSG00000102144,Stim8hr,114.0,349,143,492,-7.859822882307679,True,94.19699006043744,False,>10 DE genes,on-target KD
1039,PGS1,0.13108633926112975,0.0608297584621051,0.8386859751951846,0.8221752824360631,ENSG00000087157,Stim8hr,166.0,99,53,152,-7.317731636731924,True,41.45559600972787,False,>10 DE genes,on-target KD
1040,PHF12,0.16876141490213956,0.1294266339417445,0.8189553672983038,0.792594310015987,ENSG00000109118,Stim8hr,281.0,180,146,326,-11.67452037688894,True,63.24502756680483,False,>10 DE genes,on-target KD
1041,PHF19,0.045202529578295465,0.0067645145663184,0.15984813241991483,-0.0336658162019371,ENSG00000119403,Stim8hr,139.0,263,36,299,-9.851543675688708,True,102.60171751844132,False,>10 DE genes,on-target KD
1042,PHF20L1,0.19120377420415172,0.1646298802960609,0.7445405168516189,0.6322820471387026,ENSG00000129292,Stim8hr,391.0,27,43,70,-15.087427774413914,True,72.02572155000321,False,>10 DE genes,on-target KD
1043,PHF23,0.203262925674346,0.1913991176443285,0.7850066456343375,0.7383287432664234,ENSG00000040633,Stim8hr,229.0,220,183,403,-7.628181617919984,True,33.75401696725328,True,>10 DE genes,on-target KD
1044,PHF3,0.004215310965431333,-0.010103311064892,0.4041635302992819,0.2539755474056157,ENSG00000118482,Stim8hr,2262.0,38,43,81,-22.537333456192247,True,32.91305983589794,False,>10 DE genes,on-target KD
1045,PHF8,0.08773756887828593,0.0716218566316262,0.8926033370670701,0.868728863289834,ENSG00000172943,Stim8hr,374.0,23,33,56,-12.286766669655243,True,45.7885052279135,False,>10 DE genes,on-target KD
1046,PHLPP2,0.08762189732060886,0.0601439634275289,0.07020651542023171,-0.0951448556573422,ENSG00000040199,Stim8hr,434.0,18,16,34,-10.189946876316531,True,26.879576295591352,False,>10 DE genes,on-target KD
1047,PHOSPHO2,0.14983413229506773,0.1271032151827704,0.7805060511925541,0.7649854762799659,ENSG00000144362,Stim8hr,803.0,283,142,425,-7.914795919784808,True,9.534373258892678,True,>10 DE genes,on-target KD
1048,PI16,0.028454800417951034,-0.053564687065788,0.6892246192436091,0.6821244577761083,ENSG00000164530,Stim8hr,63.0,38,9,47,0.0794924979559777,False,1.2796793077668065,False,>10 DE genes,no on-target KD
1049,PIBF1,0.102816504051477,0.0903428794103044,0.697387733963189,0.6489226994098358,ENSG00000083535,Stim8hr,259.0,57,15,72,-6.947628320076907,True,23.237089671305675,True,>10 DE genes,on-target KD
1050,PIGB,-0.0095424808340439,-0.0429046187062291,0.13411237278308064,0.0148448044429731,ENSG00000069943,Stim8hr,1962.0,118,59,177,-14.439779699130378,True,13.205304310564369,True,>10 DE genes,on-target KD
1051,PIGN,-0.03610363127531957,-0.0521029767504612,-0.0735597051427664,-0.1392441593981306,ENSG00000197563,Stim8hr,426.0,44,10,54,-13.227640255987104,True,52.38036677846458,True,>10 DE genes,on-target KD
1052,PIGW,0.07441160859482089,0.054648782398383,0.6227937521053977,0.4751824694526524,ENSG00000277161,Stim8hr,427.0,21,44,65,-15.706835337910825,True,75.6775287256349,True,>10 DE genes,on-target KD
1053,PIK3R4,0.029757172913690035,0.0106406014133556,0.7410505989501712,0.6093672063173607,ENSG00000196455,Stim8hr,468.0,44,38,82,-13.4641602879223,True,40.27845802491475,False,>10 DE genes,on-target KD
1054,PIM1,0.12020239585353776,0.0661309005386556,0.6673282965390058,0.622793247893429,ENSG00000137193,Stim8hr,129.0,455,477,932,-9.958486406239423,True,126.75362744864142,False,>10 DE genes,on-target KD
1055,PJA2,0.054782390032315074,0.0411738630914667,0.14042897997335205,-0.0373599825376748,ENSG00000198961,Stim8hr,532.0,21,12,33,-16.189091583644824,True,66.37177887799999,False,>10 DE genes,on-target KD
1056,PKM,0.2984520918281212,0.2648890371857323,0.7849348720273216,0.7609675315155469,ENSG00000067225,Stim8hr,504.0,1149,692,1841,-32.15868327300232,True,361.0135489759016,False,>10 DE genes,on-target KD
1057,PKNOX1,0.1852405947099376,0.1590265927407383,0.8384068941443578,0.8146615428189431,ENSG00000160199,Stim8hr,475.0,103,162,265,-11.2445193862034,True,34.34355906701601,False,>10 DE genes,on-target KD
1058,PLA2G4A,0.004035484829777167,-0.0064959176719591,-0.2508794616536026,-0.3717290104440975,ENSG00000116711,Stim8hr,724.0,90,9,99,-3.530188484148113,True,7.5586707008658225,False,>10 DE genes,on-target KD
1059,PLAT,0.1531113938295824,0.1490519102072565,0.4615910332912323,0.4289022202488614,ENSG00000104368,Stim8hr,411.0,1051,260,1311,-1.683048434140694,False,3.810755262235027,False,>10 DE genes,no on-target KD
1060,PLCG1,0.6209546567078746,0.584290019647695,0.8257517206780517,0.7915987432551054,ENSG00000124181,Stim8hr,421.0,3339,1694,5033,-14.101124295570235,True,97.9299000267981,False,>10 DE genes,on-target KD
1061,PLEK2,0.24504546031373353,0.1992598134253237,0.7353152097609635,0.7020073132902729,ENSG00000100558,Stim8hr,580.0,772,133,905,0.0,False,,False,>10 DE genes,no on-target KD
1062,PLEKHH2,0.0965468383617696,0.0535272956683514,0.8529463528178711,0.8114612291285763,ENSG00000152527,Stim8hr,179.0,26,10,36,-0.0031926982865312,True,0.1098591150266619,False,>10 DE genes,on-target KD
1063,PLIN4,0.048472180942833794,0.0420548685620792,0.40147661980080634,0.3261059501917948,ENSG00000167676,Stim8hr,398.0,165,6,171,0.0,False,,False,>10 DE genes,no on-target KD
1064,PMM2,0.14795599836027803,0.1121415312755045,0.7250937073023781,0.7100271410493297,ENSG00000140650,Stim8hr,79.0,240,38,278,-8.06490720010228,True,99.0700706456029,True,>10 DE genes,on-target KD
1065,PMPCB,0.13159034374767,0.0530649765507387,0.5320321880178951,0.4870895664576382,ENSG00000105819,Stim8hr,139.0,36,29,65,-4.187352113942262,True,118.09260904330166,False,>10 DE genes,on-target KD
1066,PMVK,0.18619424351744682,0.1629910771302734,0.9335450280207699,0.9129443617107694,ENSG00000163344,Stim8hr,350.0,32,56,88,-13.171287621519172,True,70.47389252011376,False,>10 DE genes,on-target KD
1067,PNKP,0.049333040750921674,-0.040518532675341,0.0811339316336066,0.0023625646204351,ENSG00000039650,Stim8hr,79.0,53,3,56,0.0,False,,False,>10 DE genes,no on-target KD
1068,PNPT1,0.216634685546186,0.1963484125184483,0.701704508253008,0.690160952586584,ENSG00000138035,Stim8hr,245.0,689,549,1238,-10.653693255878618,True,59.15268596373598,False,>10 DE genes,on-target KD
1069,POLDIP3,0.042713902817903666,0.0303442766445722,0.6902054111182254,0.6678274564331591,ENSG00000100227,Stim8hr,171.0,19,20,39,-7.790225345298639,True,86.00438791961446,False,>10 DE genes,on-target KD
1070,POLG,0.17561271150231958,0.1493901720695122,0.8467182952707658,0.8163212185126004,ENSG00000140521,Stim8hr,474.0,154,112,266,-12.440968685817618,True,39.02784125856476,False,>10 DE genes,on-target KD
1071,POLG2,0.20582760701305722,0.1915618292001651,0.7466517498165,0.689335760098199,ENSG00000256525,Stim8hr,135.0,38,12,50,-4.759457702031944,True,29.40092900391092,False,>10 DE genes,on-target KD
1072,POLR2K,-0.002196190561140267,-0.0376597633357086,0.4435088132343714,0.3782116406599931,ENSG00000147669,Stim8hr,103.0,133,62,195,-3.3224838221119666,True,253.9083660554133,False,>10 DE genes,on-target KD
1073,POLR3H,0.20729005110801632,0.103646202785533,0.7118915998165728,0.6482209536608353,ENSG00000100413,Stim8hr,52.0,138,59,197,-6.122438589723886,True,144.62992642017753,False,>10 DE genes,on-target KD
1074,POLRMT,0.061299215805934705,0.0336848694090133,0.44531768560275536,0.2318969461329031,ENSG00000099821,Stim8hr,297.0,110,59,169,-2.422059581953868,False,3.636893117377633,False,>10 DE genes,no on-target KD
1075,PPA2,0.1694050212694563,0.1025316957743746,0.7643364094069769,0.6194370787964628,ENSG00000138777,Stim8hr,164.0,150,110,260,0.0,False,,False,>10 DE genes,no on-target KD
1076,PPAT,0.0746378875774475,-0.0058911127707843,0.8248496172686539,0.8019306370086073,ENSG00000128059,Stim8hr,107.0,63,62,125,-7.516715563751179,True,69.77289333759809,False,>10 DE genes,on-target KD
1077,PPCDC,0.08993497685329699,0.0531171499757454,0.44266025933279246,0.2890098076027141,ENSG00000138621,Stim8hr,599.0,492,259,751,-7.508552726543048,True,25.93567393110857,False,>10 DE genes,on-target KD
1078,PPCS,0.20032898628499543,0.1433144352836821,0.7762694420425378,0.7578713886666957,ENSG00000127125,Stim8hr,138.0,492,300,792,-5.133297688711335,True,26.464995509947222,False,>10 DE genes,on-target KD
1079,PPDPF,-0.05580866613432257,-0.1231315849087736,-0.1648133210570937,-0.3442817306110673,ENSG00000125534,Stim8hr,1143.0,964,178,1142,-12.983979219784928,True,72.16987547869353,False,>10 DE genes,on-target KD
1080,PPHLN1,0.2406656042783172,0.2019425255950144,0.8265951247814818,0.7990290516204936,ENSG00000134283,Stim8hr,646.0,242,176,418,-23.16215466950368,True,126.01101071471057,True,>10 DE genes,on-target KD
1081,PPIH,0.22031612824331273,0.2052668959112114,0.7472678985896074,0.728563364360659,ENSG00000171960,Stim8hr,345.0,387,490,877,-4.972866104326907,True,9.406671622873075,False,>10 DE genes,on-target KD
1082,PPIL1,0.14057564174231155,0.1186203529409241,0.5675804765702935,0.5276931593286821,ENSG00000137168,Stim8hr,248.0,357,150,507,-14.845166253286472,True,118.46843240590869,False,>10 DE genes,on-target KD
1083,PPM1D,0.10437745469695921,0.0778844225333152,0.8424058446769817,0.7718787956234132,ENSG00000170836,Stim8hr,639.0,88,52,140,-7.828337733296871,True,13.900060009841336,False,>10 DE genes,on-target KD
1084,PPP1R10,0.08643431232198596,-0.0968939245236529,0.5612112546104101,0.520533474308653,ENSG00000204569,Stim8hr,123.0,120,21,141,-2.721183981591832,False,104.26494619543948,False,>10 DE genes,no on-target KD
1085,PPP1R11,0.2632768650866217,0.2577077176683492,0.7471681528535887,0.7362753560189037,ENSG00000204619,Stim8hr,131.0,578,325,903,-9.734710765715322,True,80.18378865860709,True,>10 DE genes,on-target KD
1086,PPP1R12A,0.1327143463263032,0.1018083418767644,0.7302291741010155,0.662480546864749,ENSG00000058272,Stim8hr,577.0,30,27,57,-22.7920844825398,True,108.39946871570052,False,>10 DE genes,on-target KD
1087,PPP1R13L,0.19699665621043116,0.1831071928649905,0.8373766914162063,0.8113288881760481,ENSG00000104881,Stim8hr,455.0,140,237,377,-2.394344626792144,True,1.8002380872369932,False,>10 DE genes,on-target KD
1088,PPP1R15B,0.058172244025249474,-0.0058848222929412,0.7540079974986558,0.6766172313979841,ENSG00000158615,Stim8hr,173.0,43,8,51,-15.339592795359463,True,153.05780013230776,False,>10 DE genes,on-target KD
1089,PPP1R18,0.10921614987954324,0.0978954288779311,0.802539168598431,0.7580491899878189,ENSG00000146112,Stim8hr,379.0,19,35,54,-15.409262039902156,True,146.61925464758087,True,>10 DE genes,on-target KD
1090,PPP1R2,0.09125131970357218,0.0682818309119737,0.29946568828012304,0.2469137377190354,ENSG00000184203,Stim8hr,970.0,229,167,396,0.0,False,,False,>10 DE genes,no on-target KD
1091,PPP1R7,0.21427962418437488,0.1933741906796691,0.8575744027308612,0.8267088234194808,ENSG00000115685,Stim8hr,470.0,15,29,44,-23.32903486444341,True,142.97734966034875,True,>10 DE genes,on-target KD
1092,PPP2R5C,0.08620363874729497,0.0132433587901175,0.7960456469559093,0.7506489719588896,ENSG00000078304,Stim8hr,180.0,10,29,39,-3.753232595744632,True,72.78965709208471,False,>10 DE genes,on-target KD
1093,PPP3R1,0.12685281457146694,0.0941830620445335,0.760538272667493,0.7257903084873212,ENSG00000221823,Stim8hr,888.0,419,194,613,-23.64690016628666,True,241.55555160720564,False,>10 DE genes,on-target KD
1094,PPP4C,0.0244787713732402,-0.059536299996163,0.7064399497656607,0.6239288383291213,ENSG00000149923,Stim8hr,151.0,90,82,172,-8.719113492522673,True,187.64349808411995,False,>10 DE genes,on-target KD
1095,PPP6C,0.16896134772279814,0.1294724803816667,0.6830072107444343,0.6321525518510606,ENSG00000119414,Stim8hr,286.0,224,74,298,-15.711411505788856,True,119.57363814201818,False,>10 DE genes,on-target KD
1096,PPRC1,0.0935641486243276,0.056520459443385,0.8141613195646046,0.7766308936323998,ENSG00000148840,Stim8hr,311.0,23,17,40,-9.904372191482535,True,130.74867187050768,False,>10 DE genes,on-target KD
1097,PQBP1,0.0126939629560051,-0.0039817066284355,0.8527790117859801,0.8476078313564112,ENSG00000102103,Stim8hr,245.0,51,34,85,-13.41287192425884,True,90.74214444335747,False,>10 DE genes,on-target KD
1098,PRAM1,-0.022912497440203034,-0.0418329959709885,-0.09795495200201787,-0.1181318823500376,ENSG00000133246,Stim8hr,525.0,196,16,212,-0.1351257496852463,False,0.134407555932907,False,>10 DE genes,no on-target KD
1099,PRCC,0.08162529556397054,0.0714389189752758,0.8420673095097859,0.7823240819074687,ENSG00000143294,Stim8hr,118.0,35,18,53,-9.113892594190627,True,92.87240113351255,False,>10 DE genes,on-target KD
1100,PRDM15,0.08701512979567773,0.0667869056102659,0.9118694683778555,0.8807562821191992,ENSG00000141956,Stim8hr,567.0,26,35,61,-6.921026467841058,True,9.461373102325668,False,>10 DE genes,on-target KD
1101,PRF1,0.009194636058156399,-0.0244741727368782,-0.3678022093998021,-0.561493095808636,ENSG00000180644,Stim8hr,782.0,36,8,44,-17.294735365199784,True,316.3242709443484,False,>10 DE genes,on-target KD
1102,PRKAR1A,0.3543514761435366,0.345345204570415,0.6886482134307998,0.6725968102640215,ENSG00000108946,Stim8hr,94.0,1038,353,1391,-7.7091349920737775,True,120.13989260918652,False,>10 DE genes,on-target KD
1103,PRKAR1B,0.2232921789260679,0.179499001910322,0.5382261471960933,0.3849061120071509,ENSG00000188191,Stim8hr,55.0,53,13,66,-2.350587018846332,False,68.21775591506787,False,>10 DE genes,no on-target KD
1104,PRKCSH,0.1039582150279224,0.0994025880133175,0.02663641381418183,-0.0175262156874861,ENSG00000130175,Stim8hr,323.0,31,7,38,-12.491501293681154,True,55.93570546296755,False,>10 DE genes,on-target KD
1105,PRKD2,0.057448973403236674,0.0281141618255595,0.9185234680770397,0.878931713313802,ENSG00000105287,Stim8hr,951.0,24,29,53,-16.97826361111728,True,56.62218169181706,False,>10 DE genes,on-target KD
1106,PRKDC,0.07004978742054853,0.0482582754297911,0.853819307329942,0.8023305467766775,ENSG00000253729,Stim8hr,89.0,15,25,40,-12.359743070393794,True,189.4900517408496,True,>10 DE genes,on-target KD
1107,PRKRA,0.12268349098350567,0.1188854705826123,0.8485174915298467,0.8162493427366605,ENSG00000180228,Stim8hr,633.0,34,16,50,-20.2408445863544,True,90.4488643520909,False,>10 DE genes,on-target KD
1108,PROX2,0.0363981619224105,0.0121568146279059,0.42491936764653676,0.2125214300112444,ENSG00000119608,Stim8hr,825.0,116,51,167,0.0,False,,False,>10 DE genes,no on-target KD
1109,PROZ,0.0317019321505283,0.0227381080416747,-0.32337972963448774,-0.350902534918624,ENSG00000126231,Stim8hr,663.0,60,2,62,0.0,False,,False,>10 DE genes,no on-target KD
1110,PRPF38B,0.28929244939065546,0.2043384414960848,0.7580225603034384,0.6632334462742694,ENSG00000134186,Stim8hr,71.0,60,74,134,-8.863075890593622,True,162.36197106919911,False,>10 DE genes,on-target KD
1111,PRPF39,0.10193756247123449,0.0869588782166289,0.7964642743078517,0.7240838013033932,ENSG00000185246,Stim8hr,770.0,174,152,326,-11.741209784625983,True,65.23100499833849,False,>10 DE genes,on-target KD
1112,PRRC2A,0.1395550500557244,0.127122719557012,0.8213039717104763,0.7999424266601082,ENSG00000204469,Stim8hr,399.0,34,88,122,-16.793087526516224,True,80.15006805092811,False,>10 DE genes,on-target KD
1113,PRRC2C,0.08016744644867424,0.0156697780606246,0.619956234312145,0.5572181919066663,ENSG00000117523,Stim8hr,584.0,27,12,39,-18.212127351599275,True,192.19356596535903,False,>10 DE genes,on-target KD
1114,PRUNE1,0.0342216474116754,-0.0330562360842836,0.7904006023171961,0.7372369166974841,ENSG00000143363,Stim8hr,1731.0,131,45,176,-18.81047188838557,True,24.95904232559755,True,>10 DE genes,on-target KD
1115,PSIP1,0.19466197914433714,0.1835562461822177,0.7199513592592647,0.6533337892294382,ENSG00000164985,Stim8hr,436.0,208,55,263,-10.070219640599223,True,26.34472005835051,False,>10 DE genes,on-target KD
1116,PSMB6,0.022379057837779034,-0.0510494714038072,0.132221261082977,0.0986398567822656,ENSG00000142507,Stim8hr,64.0,33,4,37,-6.776553200842578,True,97.65609780382184,False,>10 DE genes,on-target KD
1117,PSMB8,0.10304104552633701,0.0678211982036062,0.6375716361843681,0.5864719208298198,ENSG00000204264,Stim8hr,325.0,34,7,41,-29.71751300037074,True,585.4871843870654,False,>10 DE genes,on-target KD
1118,PSMB9,-0.045363945309789495,-0.079861468306543,0.11186313358476835,-0.0175694359614189,ENSG00000240065,Stim8hr,615.0,105,20,125,-26.47501211385329,True,279.0964963739293,True,>10 DE genes,on-target KD
1119,PSMC5,-0.008124861816687168,-0.0314876036256264,-0.04949242034554383,-0.2830376413877346,ENSG00000087191,Stim8hr,57.0,49,8,57,-5.1797422880014805,True,175.10108865081895,False,>10 DE genes,on-target KD
1120,PSMF1,0.1191985250373031,0.0353769164854216,0.8304503994371285,0.8262205141858621,ENSG00000125818,Stim8hr,1477.0,189,238,427,-40.09176443858118,True,168.00796832660373,False,>10 DE genes,on-target KD
1121,PTBP1,0.11309979300541455,0.1124669992122144,0.7045346511025433,0.6726354716604296,ENSG00000011304,Stim8hr,132.0,152,63,215,-10.615555842072888,True,154.99404120175507,False,>10 DE genes,on-target KD
1122,PTCD2,0.11279268116326574,0.0928021284778097,0.5775100006786565,0.3582372617026341,ENSG00000049883,Stim8hr,265.0,36,7,43,-5.687992904008152,True,16.254113175195595,False,>10 DE genes,on-target KD
1123,PTDSS2,-0.0157263185504239,-0.0654067347649439,0.7753387052566213,0.7454110912462418,ENSG00000174915,Stim8hr,263.0,27,74,101,-6.1574635837938,True,21.82961014417901,False,>10 DE genes,on-target KD
1124,PTEN,0.3058066115369085,0.2746683578611551,0.8204694536968908,0.7906838161387143,ENSG00000171862,Stim8hr,1529.0,829,810,1639,-21.664840700100868,True,80.54573283777228,False,>10 DE genes,on-target KD
1125,PTK6,0.12120059147986056,0.1006846150435104,0.9505912061032826,0.9308309442776448,ENSG00000101213,Stim8hr,342.0,26,19,45,0.0,False,,False,>10 DE genes,no on-target KD
1126,PTMA,0.2051752254256071,0.1919628207071435,0.7881281560664254,0.7562938612635959,ENSG00000187514,Stim8hr,446.0,708,395,1103,0.0,False,,False,>10 DE genes,no on-target KD
1127,PTP4A2,0.0169464539115412,-0.101430594846501,0.6672459235517962,0.62155021540265,ENSG00000184007,Stim8hr,123.0,30,6,36,0.0,False,,False,>10 DE genes,no on-target KD
1128,PTPA,0.06109182595946774,0.0233904423401194,0.7820866139956135,0.7303784621822796,ENSG00000119383,Stim8hr,524.0,169,123,292,-16.506806788144605,True,76.03225943099694,False,>10 DE genes,on-target KD
1129,PTPN1,-0.07124683756013904,-0.1231165328810957,-0.153255678498181,-0.3332722116535704,ENSG00000196396,Stim8hr,131.0,92,7,99,-5.111423755746331,True,123.92765296767276,False,>10 DE genes,on-target KD
1130,PTPN2,0.1806109270170224,0.1683722974736812,0.7330925549030196,0.4555676109903265,ENSG00000175354,Stim8hr,278.0,70,32,102,-8.958758225653643,True,34.11665115748017,False,>10 DE genes,on-target KD
1131,PTPRC,0.3584407003788174,0.2809170034984939,0.7927039411963764,0.7597795068891949,ENSG00000081237,Stim8hr,355.0,1534,721,2255,-17.588072240250213,True,140.67422962322718,False,>10 DE genes,on-target KD
1132,PTRH2,0.0370702034178119,-0.0118275157895335,0.8307320882824781,0.73698634523246,ENSG00000141378,Stim8hr,214.0,73,8,81,-7.329289921757436,True,23.833518738425983,True,>10 DE genes,on-target KD
1133,PUDP,0.022051140132439865,0.0182494161684795,0.7328437481026425,0.5549491875726835,ENSG00000130021,Stim8hr,382.0,15,54,69,-3.500484965433974,True,3.2750431693231725,True,>10 DE genes,on-target KD
1134,PUM1,0.1781288726029907,0.1613267514292871,0.8514236458283571,0.8477407713779496,ENSG00000134644,Stim8hr,566.0,117,110,227,-21.78675330031585,True,94.10054385333164,False,>10 DE genes,on-target KD
1135,PUS3,0.11534191346057072,0.1025275325511762,-0.20492251339378162,-0.2766193137958497,ENSG00000110060,Stim8hr,553.0,52,13,65,-16.850037028244564,True,57.58922403667663,False,>10 DE genes,on-target KD
1136,PXMP4,0.05080288009506909,0.0437266882946315,0.12372324002289779,0.0450327355006745,ENSG00000101417,Stim8hr,571.0,118,47,165,-5.127337381358948,True,5.304733527300367,False,>10 DE genes,on-target KD
1137,QRICH1,0.065450905752707,0.0422062878301528,0.6061384751796502,0.5189322461996786,ENSG00000198218,Stim8hr,277.0,35,44,79,-8.86490988864584,True,95.16506764428588,False,>10 DE genes,on-target KD
1138,QRSL1,0.16672168101407137,0.1378044546245957,0.8755911155810301,0.8631771002723805,ENSG00000130348,Stim8hr,552.0,52,44,96,-14.06516562220001,True,40.96384312706203,True,>10 DE genes,on-target KD
1139,R3HCC1L,0.10626409631214907,0.0773113781610741,0.8095295736910672,0.7834152993530243,ENSG00000166024,Stim8hr,453.0,108,12,120,-10.543604900626466,True,26.917819882660204,False,>10 DE genes,on-target KD
1140,RAB11FIP1,-0.01865657734642143,-0.0474150268360281,0.07045599636654004,-0.1043037359564432,ENSG00000156675,Stim8hr,1642.0,415,173,588,-20.51354574926861,True,152.17856536992198,False,>10 DE genes,on-target KD
1141,RAB19,-0.012861838960341035,-0.0575378878011964,-0.35135477898390066,-0.3733775426523649,ENSG00000146955,Stim8hr,381.0,278,8,286,-1.1020891600562557,False,0.6179942141442183,False,>10 DE genes,no on-target KD
1142,RAB27B,-0.0382518440243853,-0.1128800884911242,0.24219781917653593,-0.2175482935147831,ENSG00000041353,Stim8hr,1048.0,39,25,64,-0.887082048000494,False,0.3728468814338278,False,>10 DE genes,no on-target KD
1143,RAB33A,-0.019205165631428867,-0.0395097417392826,-0.30472691430631454,-0.545818271703626,ENSG00000134594,Stim8hr,312.0,42,2,44,-8.490093519083874,True,27.55671638618225,False,>10 DE genes,on-target KD
1144,RAC2,0.09289888549124425,0.084733260836588,0.6335785560990156,0.5801238880815455,ENSG00000128340,Stim8hr,576.0,101,20,121,-24.80488903128223,True,389.5795095234989,False,>10 DE genes,on-target KD
1145,RAD23A,-0.002148729479242266,-0.0462187293691329,0.5171974084398309,0.4544479545699624,ENSG00000179262,Stim8hr,1050.0,61,12,73,-37.65339364616911,True,176.6933967312912,True,>10 DE genes,on-target KD
1146,RAD51B,0.06262047051221144,0.0406410026331323,0.5681422428303752,0.4111448544988757,ENSG00000182185,Stim8hr,267.0,32,5,37,-7.314222930365453,True,20.025910346091745,False,>10 DE genes,on-target KD
1147,RAD54L2,-0.03187951649049403,-0.0411053062798492,-0.25591448186638543,-0.3915483765202485,ENSG00000164080,Stim8hr,728.0,100,6,106,-3.223795804785471,False,58.85405798443825,False,>10 DE genes,no on-target KD
1148,RANBP3,0.10609083509265767,0.0307776229908662,0.7474122452256493,0.7362182722896276,ENSG00000031823,Stim8hr,153.0,135,33,168,-10.927765813303573,True,96.31700345386017,False,>10 DE genes,on-target KD
1149,RAP2A,0.10656374595521244,0.1026537864219493,0.8443307495667551,0.7744519952666737,ENSG00000125249,Stim8hr,140.0,29,44,73,-6.95969561470157,True,42.45324474753492,False,>10 DE genes,on-target KD
1150,RASA2,0.18761051112559302,0.186991899656617,0.7581050674771775,0.7250415431897109,ENSG00000155903,Stim8hr,471.0,188,62,250,-14.351169259437086,True,63.46473598559979,False,>10 DE genes,on-target KD
1151,RASGRP1,-0.019115332837899002,-0.0354280257340763,0.0501486259070485,-0.0469482575840235,ENSG00000172575,Stim8hr,449.0,723,270,993,-7.34728357245088,True,172.47152363956752,False,>10 DE genes,on-target KD
1152,RASSF6,0.04921175050697086,0.0367754125885999,0.8197484317649352,0.7888818423985539,ENSG00000169435,Stim8hr,385.0,3,30,33,0.0,False,,False,>10 DE genes,no on-target KD
1153,RAVER1,0.13878892119432815,0.0905552271502681,0.6408983307663191,0.4702406225349693,ENSG00000161847,Stim8hr,847.0,200,56,256,-34.98704425094314,True,174.20019575347632,True,>10 DE genes,on-target KD
1154,RB1CC1,0.08407490016882309,0.0488720410521639,0.3439972399827258,0.2642085294307283,ENSG00000023287,Stim8hr,301.0,691,211,902,-9.686413870295867,True,33.591340345324205,False,>10 DE genes,on-target KD
1155,RBFA,0.011610375736379769,-0.0242426532873663,-0.1936023092259033,-0.2794669799780818,ENSG00000101546,Stim8hr,375.0,111,35,146,-10.544852934448777,True,40.63430410511465,False,>10 DE genes,on-target KD
1156,RBM10,0.1550764653675891,0.1519632599072967,0.859947233652029,0.8203253744559795,ENSG00000182872,Stim8hr,554.0,316,194,510,-19.26695741660417,True,74.56249075577554,True,>10 DE genes,on-target KD
1157,RBM12,0.26004393644175355,0.2169070417472753,0.7792496466908858,0.6910169562000813,ENSG00000244462,Stim8hr,531.0,293,157,450,-9.243776682477256,True,32.30859580397675,True,>10 DE genes,on-target KD
1158,RBM18,0.0401241227257688,0.0296142786832407,0.7770183550826982,0.7249140178883274,ENSG00000119446,Stim8hr,288.0,24,8,32,-10.285389678102142,True,46.31261743056963,True,>10 DE genes,on-target KD
1159,RBM27,0.1981920939744488,0.182815894536017,0.6564607019861205,0.6344134296507646,ENSG00000091009,Stim8hr,204.0,379,347,726,-13.45739674919279,True,128.0832955538085,False,>10 DE genes,on-target KD
1160,RBM33,0.12280183361228851,0.1072418930310554,0.5371828911373338,0.5177085132500423,ENSG00000184863,Stim8hr,296.0,638,177,815,-13.46385483444283,True,134.43485510024365,False,>10 DE genes,on-target KD
1161,RBM5,0.11687906053529157,0.1074780985179105,0.8277809759531193,0.8069351408228745,ENSG00000003756,Stim8hr,520.0,76,92,168,-15.710054500655426,True,48.43751406944536,False,>10 DE genes,on-target KD
1162,RBM7,0.029860294344159034,-0.0228629189780914,0.800869206858645,0.7386457289474267,ENSG00000076053,Stim8hr,167.0,19,18,37,-9.772203437237,True,76.42308854055848,False,>10 DE genes,on-target KD
1163,RBP5,0.060890010071198236,0.044575109042752,0.3022645868988282,0.2007277278395522,ENSG00000139194,Stim8hr,692.0,123,47,170,0.0,False,,False,>10 DE genes,no on-target KD
1164,RBPJ,0.16146029326520905,0.153722412303049,0.8279212312956643,0.8044602840961013,ENSG00000168214,Stim8hr,641.0,41,16,57,-19.634711197655005,True,128.414395356422,False,>10 DE genes,on-target KD
1165,RBSN,0.0596960119562196,-0.0455413315298661,0.5965296160491953,0.4489702674886861,ENSG00000131381,Stim8hr,70.0,59,22,81,0.217521351858949,False,0.4026278926439898,False,>10 DE genes,no on-target KD
1166,RC3H1,0.12861389043225172,0.1184460822812276,0.8043946492829059,0.7847026043694206,ENSG00000135870,Stim8hr,696.0,128,41,169,-24.598406032939444,True,105.28662115515893,False,>10 DE genes,on-target KD
1167,RCBTB1,-0.0339777739545552,-0.076666565569411,-0.07519116955348175,-0.3952819181344371,ENSG00000136144,Stim8hr,1576.0,40,1,41,-17.413455712119575,True,23.62497946482265,False,>10 DE genes,on-target KD
1168,RCN1,0.09657794485269695,0.0295158126883159,0.8798413048882591,0.7458232091232138,ENSG00000049449,Stim8hr,141.0,28,22,50,-14.353505691196116,True,130.71395972854825,False,>10 DE genes,on-target KD
1169,RCOR1,0.25503941421411297,0.2319601877193801,0.8805761521819978,0.860985981510713,ENSG00000089902,Stim8hr,985.0,162,61,223,-18.263867394796705,True,38.74116695793729,False,>10 DE genes,on-target KD
1170,RDH13,0.13614500301199062,0.1095763042073357,0.7533183668093456,0.7215500516971499,ENSG00000160439,Stim8hr,423.0,85,40,125,-10.297111415199211,True,28.973055123443267,False,>10 DE genes,on-target KD
1171,REL,-0.004062527929099602,-0.0738563522387097,0.7352502181443143,0.6935273824102834,ENSG00000162924,Stim8hr,322.0,38,42,80,-11.327524425504944,True,87.83149397035035,False,>10 DE genes,on-target KD
1172,RELA,0.106503564140152,0.0232420724172851,0.723158745777743,0.683785874885856,ENSG00000173039,Stim8hr,221.0,37,69,106,-6.963442513076426,True,47.104470143422034,False,>10 DE genes,on-target KD
1173,RELL2,0.23082662235820287,0.1698606251656448,0.789361410198457,0.7704871135835694,ENSG00000164620,Stim8hr,162.0,325,414,739,-4.424988925363419,True,12.639673259990207,True,>10 DE genes,on-target KD
1174,RELT,0.049926070819870695,0.0158795904272251,0.6817696566880174,0.5699699183423164,ENSG00000054967,Stim8hr,1404.0,16,20,36,-15.285252945774104,True,20.914466700915742,False,>10 DE genes,on-target KD
1175,REST,0.1874655447268969,0.1524475333195761,0.7136146354263726,0.7047151763477322,ENSG00000084093,Stim8hr,91.0,136,51,187,-6.872195258631782,True,75.81786954716912,False,>10 DE genes,on-target KD
1176,RFT1,0.3298949492202646,0.2892377997613581,0.7996999665303409,0.7726981788635786,ENSG00000163933,Stim8hr,96.0,323,105,428,-4.693737963884054,True,57.27934545272463,False,>10 DE genes,on-target KD
1177,RFWD3,0.15094697671985366,0.1001094994523796,0.5296064556567789,0.4251781185584918,ENSG00000168411,Stim8hr,134.0,29,4,33,-7.658515482396639,True,49.86733373631363,False,>10 DE genes,on-target KD
1178,RFX1,0.16621372844099994,0.1547484250271569,0.7966811673003836,0.7282497974167798,ENSG00000132005,Stim8hr,555.0,268,26,294,-10.08863939360389,True,19.59303889322788,False,>10 DE genes,on-target KD
1179,RFXANK,0.0776641411643575,0.072829768255268,0.813898330270113,0.7808413579517184,ENSG00000064490,Stim8hr,526.0,36,6,42,-17.812880142922772,True,63.17978284369505,False,>10 DE genes,on-target KD
1180,RGPD6,0.03715428320217663,-0.0061818102514503,0.3682697966026778,0.2791185724002501,ENSG00000183054,Stim8hr,118.0,35,13,48,0.0,False,,False,>10 DE genes,no on-target KD
1181,RGS5,0.0028669876320037996,-0.0234978965998558,-0.27878164832115726,-0.5398428285224278,ENSG00000143248,Stim8hr,589.0,30,1,31,-0.4979836727889729,False,0.6738305690894517,False,>10 DE genes,no on-target KD
1182,RHBDD3,0.12348200974043196,0.1211818058499321,0.7838917349779684,0.7574372795509048,ENSG00000100263,Stim8hr,449.0,231,79,310,-4.912066302565434,True,6.787187948595353,True,>10 DE genes,on-target KD
1183,RHBDF2,-0.021094310475598066,-0.0290139229296247,0.6706614183149279,0.6446546165967635,ENSG00000129667,Stim8hr,860.0,20,13,33,-15.92939406804547,True,32.36107435506717,False,>10 DE genes,on-target KD
1184,RHEB,0.004090622792579134,-0.0213105705255056,0.054615517577521866,-0.0126167074650919,ENSG00000106615,Stim8hr,451.0,675,185,860,-11.539128040253292,True,75.7082210471378,False,>10 DE genes,on-target KD
1185,RHOF,0.08018080893709363,0.0537038328283481,0.5174246861356916,0.4968232137759241,ENSG00000139725,Stim8hr,591.0,284,110,394,-15.472974695038776,True,112.21208585828808,False,>10 DE genes,on-target KD
1186,RICTOR,0.0659251054027577,0.0497398471074265,0.8534040144027931,0.8062764751995535,ENSG00000164327,Stim8hr,574.0,18,21,39,-11.11232557421354,True,27.282023194172822,False,>10 DE genes,on-target KD
1187,RIDA,0.12668369376110145,0.1165494326890652,0.3850400127003664,0.3661389569083147,ENSG00000132541,Stim8hr,147.0,205,168,373,-4.180430320842552,True,16.047724248423545,False,>10 DE genes,on-target KD
1188,RIPK1,0.2147527194625178,0.1761279017012206,0.8268587424566768,0.7981708883307457,ENSG00000137275,Stim8hr,302.0,124,117,241,-9.866757272430393,True,31.957485932009444,False,>10 DE genes,on-target KD
1189,RIPOR1,0.29533708835770517,0.1056028381858768,0.7083353879289839,0.6706299835696732,ENSG00000039523,Stim8hr,177.0,59,30,89,-2.69755593453314,False,6.147188656655781,False,>10 DE genes,no on-target KD
1190,RITA1,0.25064017318983484,0.2444213152893281,0.44777002389128584,0.2800859704259926,ENSG00000139405,Stim8hr,67.0,227,73,300,-2.5182046262263,False,49.31229810716298,True,>10 DE genes,putative off-target
1191,RMND5A,0.0359293533086517,0.0079412377118241,0.6823424892995221,0.6368168799050096,ENSG00000153561,Stim8hr,591.0,284,94,378,-29.26157300171027,True,188.2035214207326,False,>10 DE genes,on-target KD
1192,RNASEH2A,0.11389293554534037,0.0794906883509146,0.5711728405905702,0.530292335927624,ENSG00000104889,Stim8hr,111.0,30,4,34,-2.4306261079325875,False,7.102459575157528,False,>10 DE genes,no on-target KD
1193,RNASEH2B,0.20258771530394395,0.1668553796176988,0.43984695772321974,0.3800312208801749,ENSG00000136104,Stim8hr,65.0,98,12,110,-2.658199309180201,False,29.767694183602817,False,>10 DE genes,no on-target KD
1194,RNASEH2C,0.07956632840064087,0.0619574928097327,0.17838162960407852,0.1270948785880141,ENSG00000172922,Stim8hr,59.0,636,97,733,-3.8423899346921617,True,39.90140369802571,False,>10 DE genes,on-target KD
1195,RNF145,0.14350600143228018,0.0991861008392787,0.8270907924432679,0.8012730238863375,ENSG00000145860,Stim8hr,350.0,13,56,69,-15.57931626461087,True,111.23213294402808,False,>10 DE genes,on-target KD
1196,RNF181,0.10420655002432577,0.0738944044576462,0.78647695443392,0.7430173561531482,ENSG00000168894,Stim8hr,765.0,27,24,51,-8.922700277805946,True,10.36183007269977,False,>10 DE genes,on-target KD
1197,RNF19B,0.08865282559492031,0.0610198035946415,0.6307763075386444,0.5626822000799454,ENSG00000116514,Stim8hr,757.0,356,96,452,-10.208058998482048,True,52.264487618394895,False,>10 DE genes,on-target KD
1198,RNF20,0.18632497537474854,0.1652860136416093,0.767724889637868,0.7511358840974932,ENSG00000155827,Stim8hr,88.0,284,344,628,-5.281752703880913,True,37.30585502083265,False,>10 DE genes,on-target KD
1199,RNF215,0.10301079247836802,0.0641452126545227,0.4904919981625106,0.4286306065389517,ENSG00000099999,Stim8hr,287.0,28,6,34,-0.2016277033618841,False,5.527140500448966,False,>10 DE genes,no on-target KD
1200,RNF31,0.14196516075683455,0.1313093843592784,0.29213696682831897,0.2308121073039332,ENSG00000092098,Stim8hr,60.0,109,20,129,-2.85319969546256,False,48.83518562724772,False,>10 DE genes,no on-target KD
1201,RNF41,0.07656203668608687,0.0319123241797405,0.7763043882742422,0.7218440354711437,ENSG00000181852,Stim8hr,771.0,41,31,72,-14.600813908075402,True,47.87135847859383,True,>10 DE genes,on-target KD
1202,RNF7,0.12523874678523828,0.1028826021197255,0.9057252552449974,0.8797129029162533,ENSG00000114125,Stim8hr,113.0,32,22,54,-13.143475649402603,True,189.76469723607707,False,>10 DE genes,on-target KD
1203,RNFT1,0.025474000369757364,-0.0308537060645148,0.12511595100586836,-0.0363928513748209,ENSG00000189050,Stim8hr,1762.0,308,106,414,-15.58949094812333,True,18.265746529224987,False,>10 DE genes,on-target KD
1204,RNFT2,0.10617997687348242,0.0811105470375402,0.9497352721472639,0.9401666552450528,ENSG00000135119,Stim8hr,954.0,5,30,35,-5.595931058591939,True,3.672311545244043,True,>10 DE genes,on-target KD
1205,RPE,0.2474056031211247,0.2045067536980237,0.6057308321068858,0.5141039217558363,ENSG00000197713,Stim8hr,336.0,87,30,117,-8.965289290504304,True,30.01547090542864,False,>10 DE genes,on-target KD
1206,RPL29,0.2106651966405687,0.1624471111173225,0.629912650282984,0.5688219939562867,ENSG00000162244,Stim8hr,146.0,50,29,79,0.0,False,,False,>10 DE genes,no on-target KD
1207,RPN1,0.00603376390441607,-0.0586412900767909,0.8092626906428563,0.7641420742984959,ENSG00000163902,Stim8hr,65.0,29,23,52,-3.2376613091173034,True,55.173643508719216,False,>10 DE genes,on-target KD
1208,RPP25L,0.1044716478228747,0.0960329606711724,0.7751373426879574,0.668463980088065,ENSG00000164967,Stim8hr,432.0,21,11,32,-12.308430990058268,True,39.62163911555848,False,>10 DE genes,on-target KD
1209,RPRD1B,0.18408886975755037,0.1191445636779128,0.6841635332592451,0.6674256735194812,ENSG00000101413,Stim8hr,178.0,391,187,578,-5.454794637117246,True,34.42871566032967,True,>10 DE genes,on-target KD
1210,RPRD2,0.31366002072382354,0.2870664528368913,0.7986530219692716,0.7718776123869526,ENSG00000163125,Stim8hr,700.0,1032,791,1823,-16.728204589535565,True,48.04605306813793,False,>10 DE genes,on-target KD
1211,RPS19,0.1597345607128562,0.1079819790818775,0.7681735853922852,0.7498749729497606,ENSG00000105372,Stim8hr,63.0,35,67,102,0.0,False,,False,>10 DE genes,no on-target KD
1212,RPS25,0.12367702161509651,0.0827077896871258,0.5926478464932131,0.4946695020863471,ENSG00000118181,Stim8hr,117.0,69,21,90,0.0,False,,False,>10 DE genes,no on-target KD
1213,RPTOR,0.1777705983566876,0.1533734337237128,0.6211128622628105,0.5624271939775073,ENSG00000141564,Stim8hr,276.0,785,244,1029,-8.996295275585782,True,83.69933914954073,False,>10 DE genes,on-target KD
1214,RPUSD1,0.07405895817332853,0.0541644382926918,0.5771640548308743,0.425830313527312,ENSG00000007376,Stim8hr,245.0,134,51,185,-7.264621813014545,True,27.156237179252138,True,>10 DE genes,on-target KD
1215,RRAGA,0.18880174081135914,0.1648898351033732,0.8360774144616535,0.8279600597709432,ENSG00000155876,Stim8hr,294.0,230,128,358,-9.1759034644529,True,37.32187811520912,False,>10 DE genes,on-target KD
1216,RRAGC,0.10310926810528633,0.0883320519633813,0.7954899056512543,0.7858651208107001,ENSG00000116954,Stim8hr,335.0,62,26,88,-10.024878713671002,True,45.24676385770512,False,>10 DE genes,on-target KD
1217,RREB1,0.10580080104381188,0.092980199833187,0.8635857466912681,0.8072735880754317,ENSG00000124782,Stim8hr,791.0,55,22,77,-8.26100476184279,True,17.501833973281578,False,>10 DE genes,on-target KD
1218,RRM2B,0.2900710786322638,0.1784408620829091,0.6801943134883488,0.5890082484471232,ENSG00000048392,Stim8hr,242.0,54,69,123,-5.282008425904134,True,15.144637326745167,False,>10 DE genes,on-target KD
1219,RSBN1L,0.05936136443540126,0.0333245321604728,0.7939392029562652,0.7573786886039905,ENSG00000187257,Stim8hr,1552.0,37,142,179,-29.180599558878978,True,63.0527709559692,False,>10 DE genes,on-target KD
1220,RTN4IP1,0.0023571826314956004,-0.0156468009249097,0.6427877774900866,0.4601457730069034,ENSG00000130347,Stim8hr,1781.0,39,13,52,-10.628693038537255,True,10.641772678474894,True,>10 DE genes,on-target KD
1221,RTRAF,0.5363230811783394,0.5297117763844851,0.7927708301303262,0.7807310544459337,ENSG00000087302,Stim8hr,163.0,1369,918,2287,-12.83220507213412,True,175.21910618793297,False,>10 DE genes,on-target KD
1222,RTTN,0.1525933876071903,0.1450746657115764,0.7132889608756404,0.5786632143240291,ENSG00000176225,Stim8hr,78.0,22,37,59,-2.062963574432334,True,10.418983777814894,False,>10 DE genes,on-target KD
1223,RWDD2A,0.3500084542931757,0.2868651729457068,0.6972259478589278,0.6129257571638272,ENSG00000013392,Stim8hr,51.0,326,72,398,-0.320177043027441,False,1.7121607490067594,False,>10 DE genes,no on-target KD
1224,RWDD2B,-0.0026813145017543006,-0.0367700642730222,0.33664665077654643,0.2946298011353472,ENSG00000156253,Stim8hr,569.0,544,176,720,-12.558442332931032,True,27.76477736012457,True,>10 DE genes,on-target KD
1225,RWDD4,0.15843467490080496,0.1348000171479374,0.25506203247279696,0.1980823387188104,ENSG00000182552,Stim8hr,65.0,48,3,51,-5.501249609072706,True,78.68509310623024,False,>10 DE genes,on-target KD
1226,RXRB,0.12734431851474814,0.0130406224478082,0.6844858510236383,0.6425203817115668,ENSG00000204231,Stim8hr,291.0,54,62,116,-1.102363803914818,False,38.84176613018748,False,>10 DE genes,no on-target KD
1227,S100PBP,0.08724134407446436,-0.0382253754694138,0.6806885447611166,0.4700438479860851,ENSG00000116497,Stim8hr,149.0,39,7,46,-6.878915731598785,True,39.52116343320876,True,>10 DE genes,on-target KD
1228,SAC3D1,0.0411005839234406,0.0108702428380298,0.09661935331397527,-0.1494985103298694,ENSG00000168061,Stim8hr,815.0,33,4,37,-9.35248553530243,True,16.056103732402097,False,>10 DE genes,on-target KD
1229,SACM1L,0.0784255160070295,-0.024287937022331,0.8228774631243055,0.7582642910260315,ENSG00000211456,Stim8hr,412.0,68,61,129,-4.896754870070173,True,120.00404767869716,False,>10 DE genes,on-target KD
1230,SAMD1,0.24559711974235646,0.2152550755673321,0.8330445764060667,0.8109402347153915,ENSG00000141858,Stim8hr,591.0,399,86,485,-17.82413038248046,True,93.40108776448658,False,>10 DE genes,on-target KD
1231,SAP130,0.03885251631155707,0.0098089119502567,0.6324850844786615,0.5981599003799276,ENSG00000136715,Stim8hr,490.0,401,194,595,-3.2750829990328327,True,22.89787823312508,False,>10 DE genes,on-target KD
1232,SARNP,0.0293025554183171,0.0009791191093228,0.8822714496078768,0.8597027281763403,ENSG00000205323,Stim8hr,1374.0,44,18,62,-14.848292786074596,True,52.10960818903608,True,>10 DE genes,on-target KD
1233,SARS2,0.19893409391684444,0.1735387352576435,0.7707415264179399,0.727873436567667,ENSG00000104835,Stim8hr,442.0,148,269,417,-6.464650643569845,True,11.160700498947724,False,>10 DE genes,on-target KD
1234,SBNO1,0.301742107635186,0.2799626137267078,0.6777465118036309,0.6210743628429899,ENSG00000139697,Stim8hr,113.0,84,38,122,-6.4662769988157045,True,98.01523721098758,False,>10 DE genes,on-target KD
1235,SCAF11,0.10313780915203007,0.0706816818807033,0.7962426278399727,0.714407898027766,ENSG00000139218,Stim8hr,195.0,22,10,32,-11.152283124379958,True,83.34798244352893,False,>10 DE genes,on-target KD
1236,SCAF4,0.17276978773639554,0.1001620482709272,0.8252989999047505,0.7339602628038491,ENSG00000156304,Stim8hr,332.0,121,114,235,-19.36044037954596,True,123.21985990087272,False,>10 DE genes,on-target KD
1237,SCAF8,0.13991394076804398,0.1065966668915738,0.7460420898836501,0.6854228706119666,ENSG00000213079,Stim8hr,297.0,28,31,59,-12.322515544095832,True,58.51867566756673,False,>10 DE genes,on-target KD
1238,SCAP,0.13764663906520663,0.0939958987265642,0.7935213613481693,0.7550789474016336,ENSG00000114650,Stim8hr,208.0,11,24,35,-9.54295353246084,True,57.48790385182431,False,>10 DE genes,on-target KD
1239,SCGB2B2,0.05962521567616821,0.0536500938152972,0.5099985757137956,0.4871596416053142,ENSG00000205209,Stim8hr,619.0,36,20,56,0.0,False,,False,>10 DE genes,no on-target KD
1240,SCO1,0.07037293402120544,0.0446484596501602,0.6931558472804716,0.6443460452404005,ENSG00000133028,Stim8hr,397.0,268,133,401,-6.583892416859491,True,12.619366941159935,True,>10 DE genes,on-target KD
1241,SCO2,0.11576883140148653,0.0779535006354377,0.8292246771593833,0.7671985080564405,ENSG00000284194,Stim8hr,732.0,225,144,369,-16.214175858488886,True,41.82020414986863,True,>10 DE genes,on-target KD
1242,SCRN3,0.03680269698375783,0.0185406732480236,0.3359418225148809,0.2955244067658694,ENSG00000144306,Stim8hr,694.0,62,17,79,-10.76995377646815,True,21.938400412896524,True,>10 DE genes,on-target KD
1243,SCRT2,0.03443564147062523,-0.0032706737548514,0.6288830025231021,0.5498137150344549,ENSG00000215397,Stim8hr,985.0,29,19,48,0.0,False,,False,>10 DE genes,no on-target KD
1244,SCYL3,0.1558484167310244,0.1469380685331724,0.7380292481552958,0.6917658445766289,ENSG00000000457,Stim8hr,304.0,408,133,541,-5.650497772292724,True,23.13102929695413,False,>10 DE genes,on-target KD
1245,SDHAF4,0.13022235452356473,0.1024010274865629,0.8716108591519518,0.8236873734125304,ENSG00000154079,Stim8hr,483.0,41,20,61,-8.250842725922176,True,14.94162393628547,False,>10 DE genes,on-target KD
1246,SEC14L1,0.18865793576669318,0.1592165214908779,0.8171396576275368,0.8073814101745429,ENSG00000129657,Stim8hr,169.0,344,302,646,-2.810861061256782,True,50.36082649233367,False,>10 DE genes,on-target KD
1247,SEC14L2,0.048572922682887036,0.0227243257262771,0.6128984158078641,0.5539715808136528,ENSG00000100003,Stim8hr,715.0,20,51,71,-7.582883508220385,True,12.004940333581668,False,>10 DE genes,on-target KD
1248,SEC14L5,-0.012215548503334098,-0.0396040069844062,0.3468067889316615,0.2782097472402079,ENSG00000103184,Stim8hr,1249.0,36,11,47,0.0,False,,False,>10 DE genes,no on-target KD
1249,SEC22A,-0.006458914298368634,-0.0337805936116613,0.7517041823185311,0.6766539699557806,ENSG00000121542,Stim8hr,1479.0,29,2,31,-18.944909165702928,True,29.325978161243995,False,>10 DE genes,on-target KD
1250,SEC24C,0.03861976884228377,-0.0314812568678581,0.849578045347338,0.8217602371550273,ENSG00000176986,Stim8hr,147.0,42,37,79,-10.957467294717322,True,83.76944352346281,False,>10 DE genes,on-target KD
1251,SEC61B,0.4299231335399745,0.4037413768339007,0.7754973892486556,0.7510130991827596,ENSG00000106803,Stim8hr,58.0,525,286,811,-7.879070696577233,True,201.1721107572089,True,>10 DE genes,on-target KD
1252,SEC63,0.14839291203915975,0.1157723505131411,0.8645413751927932,0.8539830352060566,ENSG00000025796,Stim8hr,582.0,208,98,306,-16.375307384692654,True,67.393959817719,False,>10 DE genes,on-target KD
1253,SEL1L,0.24156805134964313,0.2137668427907219,0.7976928559324716,0.7870006890845763,ENSG00000071537,Stim8hr,114.0,672,265,937,-8.738205537919114,True,81.89319252772593,False,>10 DE genes,on-target KD
1254,SENP1,0.15061097979013685,0.1417656397217274,0.9150394737553609,0.9020959336693564,ENSG00000079387,Stim8hr,829.0,64,42,106,-23.71498360667164,True,84.33597246978569,True,>10 DE genes,on-target KD
1255,SENP5,0.47942605947480504,0.4474762077164988,0.7657609693192629,0.738648453950823,ENSG00000119231,Stim8hr,2188.0,3363,1809,5172,-38.700746284832434,True,67.01293433471305,False,>10 DE genes,on-target KD
1256,SEPT7,-0.011749361422610531,-0.0750451798594054,0.862772793273205,0.8227951898323683,ENSG00000122545,Stim8hr,87.0,37,19,56,-7.920695300881244,True,69.39976962756663,False,>10 DE genes,on-target KD
1257,SERBP1,0.0494515399328187,0.0361666360346818,0.8588079663304664,0.8473880716787409,ENSG00000142864,Stim8hr,132.0,19,13,32,-7.923188841517399,True,420.3333432545584,False,>10 DE genes,on-target KD
1258,SETD1B,0.14619410757879436,0.1108050777005958,0.8576321915768422,0.8378722945544896,ENSG00000139718,Stim8hr,182.0,91,128,219,-11.974495426135658,True,82.80457664752372,False,>10 DE genes,on-target KD
1259,SETD2,0.27930115712841724,0.2546393305319129,0.7504487570471104,0.7420925730724094,ENSG00000181555,Stim8hr,345.0,811,408,1219,0.0,False,,False,>10 DE genes,no on-target KD
1260,SETDB1,0.5822573174694959,0.5586772292715645,0.8889949758373978,0.8833101603287942,ENSG00000143379,Stim8hr,4146.0,819,490,1309,-33.902746771292264,True,41.72343417669457,False,>10 DE genes,on-target KD
1261,SFTPC,0.13669051243655594,0.1291765250739277,0.858529905228762,0.8235394436546188,ENSG00000168484,Stim8hr,415.0,7,31,38,0.0,False,,False,>10 DE genes,no on-target KD
1262,SFXN1,0.06913378875513956,0.0588370466001511,0.1430263055058838,-0.0409141337320481,ENSG00000164466,Stim8hr,788.0,121,58,179,-51.19797576894306,True,531.9607942171905,False,>10 DE genes,on-target KD
1263,SGF29,0.4460662375710114,0.438180082038189,0.7936361882359546,0.785557563105653,ENSG00000176476,Stim8hr,1062.0,2863,1185,4048,-15.133699051276723,True,24.076009232785083,False,>10 DE genes,on-target KD
1264,SHLD1,0.2881915052297379,0.2756676167811204,0.8329348190900498,0.750711467672034,ENSG00000171984,Stim8hr,1878.0,239,248,487,-21.75722567556054,True,28.185451253731323,False,>10 DE genes,on-target KD
1265,SHOC2,0.18534662442735184,0.1564277153042982,0.790426976147684,0.704602780829209,ENSG00000108061,Stim8hr,587.0,484,324,808,-19.822593982084747,True,78.02238090560847,True,>10 DE genes,on-target KD
1266,SHQ1,0.19470518421651986,0.1244175546506934,0.7950012990868491,0.7566442708398332,ENSG00000144736,Stim8hr,118.0,138,93,231,-4.463766191498371,True,32.802392446976384,False,>10 DE genes,on-target KD
1267,SIAH2,0.06328565922815703,0.0470522755256239,0.5701394781947827,0.445818010337756,ENSG00000181788,Stim8hr,577.0,44,15,59,-18.36480896422989,True,192.4495935004436,False,>10 DE genes,on-target KD
1268,SIK2,-0.04241523814562833,-0.0768677704830706,0.07634268815013563,-0.3990910546339434,ENSG00000170145,Stim8hr,323.0,36,2,38,-7.453784589988223,True,19.39104084330252,False,>10 DE genes,on-target KD
1269,SIK3,0.19895709648342066,0.189378027025816,0.8074918292166462,0.7970560997516047,ENSG00000160584,Stim8hr,330.0,345,134,479,-10.786330822408631,True,51.99514109608147,False,>10 DE genes,on-target KD
1270,SIN3A,0.22945214368271857,0.211853874825398,0.8990166261303786,0.879805484941304,ENSG00000169375,Stim8hr,533.0,11,21,32,-9.062575831890054,True,116.90328954560762,False,>10 DE genes,on-target KD
1271,SIN3B,0.28671926474697784,0.2787376046274403,0.8014318988520266,0.7893296912333533,ENSG00000127511,Stim8hr,785.0,741,837,1578,-19.18032360599108,True,49.43260042316221,False,>10 DE genes,on-target KD
1272,SINHCAF,0.13441160785678188,0.011182306055989,0.5702254499470386,0.535998639940373,ENSG00000139146,Stim8hr,615.0,879,332,1211,-11.266196880565142,True,35.23142761571836,False,>10 DE genes,on-target KD
1273,SIRT6,0.0907832117036433,0.068939012478008,0.4357477090413368,0.3373897051603743,ENSG00000077463,Stim8hr,842.0,25,19,44,-14.420198594018194,True,29.9616514233774,False,>10 DE genes,on-target KD
1274,SIRT7,-0.0048051742058042345,-0.0634038262537855,-0.16294457033667722,-0.2242926447479698,ENSG00000187531,Stim8hr,675.0,82,29,111,-6.461024203032989,True,39.41274255839727,False,>10 DE genes,on-target KD
1275,SKA2,0.09487836299452379,0.066357902360596,0.8424042951230319,0.828227225075768,ENSG00000182628,Stim8hr,614.0,107,167,274,-5.714669620822193,False,6.923362112356752,True,>10 DE genes,putative off-target
1276,SKIV2L,0.21272099550260037,0.1277057516014525,0.5861654971968794,0.5183614419150105,ENSG00000204351,Stim8hr,76.0,766,220,986,-2.3208046712992902,False,14.026556803717677,True,>10 DE genes,putative off-target
1277,SLA2,0.11868883998244872,0.1029386733803075,0.24587627720253635,0.0747374293036476,ENSG00000101082,Stim8hr,573.0,37,3,40,-21.36219091505836,True,107.3990874956579,False,>10 DE genes,on-target KD
1278,SLAMF7,0.0322604008020845,-0.0003620468054335,-0.18574671032378653,-0.311015011477425,ENSG00000026751,Stim8hr,830.0,92,16,108,-11.91808413905966,True,87.7771316717106,False,>10 DE genes,on-target KD
1279,SLC17A5,0.029800579722050635,0.0233138032246939,0.21949093196272704,0.1760258617305213,ENSG00000119899,Stim8hr,428.0,227,40,267,-7.112778561099504,True,13.783663795994192,False,>10 DE genes,on-target KD
1280,SLC22A15,0.054571366380470165,0.0433529776677441,0.10498607884599076,-0.1814212177386533,ENSG00000163393,Stim8hr,653.0,37,2,39,-0.3902097215788626,False,0.1532339380906535,False,>10 DE genes,no on-target KD
1281,SLC24A1,0.25179456466074646,0.2454616051154605,0.7999310651718435,0.7914648796475171,ENSG00000074621,Stim8hr,650.0,1243,684,1927,0.0,False,,False,>10 DE genes,no on-target KD
1282,SLC25A1,0.12068559116164453,0.0887591793614987,0.7771496764321891,0.762409594701532,ENSG00000100075,Stim8hr,647.0,57,30,87,-10.128860007983365,True,22.359215727925843,False,>10 DE genes,on-target KD
1283,SLC25A10,0.209858767057073,0.2013191242287706,0.8404743893210913,0.8215226624841746,ENSG00000183048,Stim8hr,283.0,97,82,179,-2.103052674308782,False,23.26932309398494,False,>10 DE genes,no on-target KD
1284,SLC25A22,0.2049920817022399,0.1605782482587935,0.6707649314821503,0.6098911946859753,ENSG00000177542,Stim8hr,113.0,92,102,194,-4.668144929866257,True,52.75234922962744,False,>10 DE genes,on-target KD
1285,SLC25A26,0.13706805673605477,0.1172546719103461,0.7351728889793575,0.6120823737184732,ENSG00000144741,Stim8hr,571.0,69,14,83,-9.456634497901996,True,37.34990089114341,False,>10 DE genes,on-target KD
1286,SLC25A27,0.033329533476569966,0.001211599048679,0.2864275767586819,0.1166473735551556,ENSG00000153291,Stim8hr,921.0,47,10,57,0.0,False,,False,>10 DE genes,no on-target KD
1287,SLC25A51,0.07124555309000143,0.0462655393639743,0.9210672101959503,0.8754704753611285,ENSG00000122696,Stim8hr,677.0,56,12,68,-13.70939417689341,True,30.15361766936548,False,>10 DE genes,on-target KD
1288,SLC31A1,0.17124104524646222,0.151682995961418,0.6680236965490214,0.6397691917649646,ENSG00000136868,Stim8hr,308.0,544,302,846,-7.415678418855731,True,26.757200957717497,True,>10 DE genes,on-target KD
1289,SLC35B1,0.35485727637422837,0.2879789962889553,0.7997262089048002,0.7856219779493394,ENSG00000121073,Stim8hr,156.0,998,544,1542,-11.697489415495204,True,119.95149738598188,False,>10 DE genes,on-target KD
1290,SLC35E3,0.18264658636040468,0.1575980576536006,0.7890002913530575,0.6721751543696675,ENSG00000175782,Stim8hr,572.0,15,16,31,-8.040012465266168,True,12.460330356732694,False,>10 DE genes,on-target KD
1291,SLC38A6,0.3268259100714838,0.2770005817325756,0.7844526211212611,0.7681045836784783,ENSG00000139974,Stim8hr,60.0,206,44,250,-1.1477504697887828,False,4.422549903136719,False,>10 DE genes,no on-target KD
1292,SLC39A13,0.06457312756556767,0.0519892299816537,0.6561562843922842,0.5682926590746012,ENSG00000165915,Stim8hr,179.0,34,17,51,-3.874531018912713,True,9.397287320097169,False,>10 DE genes,on-target KD
1293,SLC39A6,0.09819568304750313,0.059365591350362,0.7176917960648388,0.6302336384595483,ENSG00000141424,Stim8hr,1340.0,128,161,289,-32.06113198589387,True,143.3534272505499,True,>10 DE genes,on-target KD
1294,SLC3A2,0.3287047347119661,0.256334696177233,0.7875251673096363,0.6901897072024159,ENSG00000168003,Stim8hr,1296.0,1799,693,2492,-13.36924455990757,True,352.1960481494458,False,>10 DE genes,on-target KD
1295,SLC4A1AP,0.1617069473011963,0.1393336814800148,0.7595673290447387,0.6768985901163458,ENSG00000163798,Stim8hr,852.0,158,50,208,-7.579749103958871,True,31.42057233634149,True,>10 DE genes,on-target KD
1296,SLC4A7,0.0043369808576241,-0.025771671999795,0.04629395284699903,-0.098177599889879,ENSG00000033867,Stim8hr,1477.0,22,24,46,-26.054886440537725,True,93.5765960821732,False,>10 DE genes,on-target KD
1297,SLC5A6,-0.020736186587239667,-0.0563499856540595,-0.07857184201141747,-0.1978565634246574,ENSG00000138074,Stim8hr,532.0,1026,246,1272,-11.215298612319575,True,107.98989968540408,True,>10 DE genes,on-target KD
1298,SLC7A11,0.0794304072245699,0.0698913467226283,0.6513034402722898,0.5028580891418369,ENSG00000151012,Stim8hr,124.0,145,26,171,-1.917675122511404,False,4.927917279476612,False,>10 DE genes,no on-target KD
1299,SLC7A6,0.13192650063139133,0.0983561522211546,0.7833354896213581,0.7455167561430417,ENSG00000103064,Stim8hr,246.0,208,54,262,-8.457862474209948,True,127.26931666844312,False,>10 DE genes,on-target KD
1300,SLC9A5,0.16964211035843943,0.1524053070939494,0.8328073036834066,0.7961201175363569,ENSG00000135740,Stim8hr,481.0,201,214,415,-1.6411827099936798,False,0.7963284372511066,True,>10 DE genes,putative off-target
1301,SLF1,0.11328406796905294,0.1052832510000699,0.8561618806781425,0.8459837319910618,ENSG00000133302,Stim8hr,273.0,61,52,113,-6.287724540564649,True,17.39390281924843,False,>10 DE genes,on-target KD
1302,SLK,0.17782215756530997,0.1734497945989623,0.7882622905596445,0.6878858719830161,ENSG00000065613,Stim8hr,170.0,23,13,36,-9.3046566469079,True,69.68260691928101,False,>10 DE genes,on-target KD
1303,SLTM,0.105578122475757,0.059941219478657,0.6691854680466692,0.4937538894569082,ENSG00000137776,Stim8hr,463.0,18,14,32,-16.060665993333174,True,205.0488542670676,False,>10 DE genes,on-target KD
1304,SMAD3,-0.019012047509367965,-0.023858377418958,0.024470604158625436,-0.0013370827266194,ENSG00000166949,Stim8hr,1758.0,329,142,471,-3.305442032566178,True,87.25948375403952,False,>10 DE genes,on-target KD
1305,SMAP2,0.05074541227497247,0.0300150558519745,0.786073010311639,0.7384830959004551,ENSG00000084070,Stim8hr,842.0,37,10,47,-28.61227586041252,True,190.7683802955808,False,>10 DE genes,on-target KD
1306,SMARCA4,0.15239802167430702,0.1188356135025737,0.8006652884763135,0.757053199647476,ENSG00000127616,Stim8hr,203.0,86,79,165,-17.150574755451615,True,178.75994255955257,False,>10 DE genes,on-target KD
1307,SMARCA5,0.34579744964477865,0.3215322859997284,0.7410649750690091,0.7208461048990514,ENSG00000153147,Stim8hr,190.0,1071,925,1996,-17.33923894126353,True,192.62212118174847,False,>10 DE genes,on-target KD
1308,SMARCB1,0.35531515989825774,0.323223228539119,0.7309377115475749,0.6985334515324985,ENSG00000099956,Stim8hr,258.0,1004,917,1921,-10.37765530337537,True,141.04440190515143,False,>10 DE genes,on-target KD
1309,SMARCC1,0.23193090224352672,0.2036464213144738,0.8242793370852777,0.8025220238806121,ENSG00000173473,Stim8hr,271.0,49,82,131,-18.179111641698004,True,141.85783611029856,False,>10 DE genes,on-target KD
1310,SMARCD1,0.12541189222979104,0.0957619691799791,0.9201752810560578,0.8795285549727088,ENSG00000066117,Stim8hr,227.0,41,13,54,-11.359309892023305,True,104.77562955102606,False,>10 DE genes,on-target KD
1311,SMARCE1,0.4612493983640282,0.4435020495521387,0.7826997353792698,0.7706357343827016,ENSG00000073584,Stim8hr,142.0,2037,1230,3267,-12.563390533960316,True,116.97410358874528,False,>10 DE genes,on-target KD
1312,SMG1,0.1682928084813874,0.1263690873776435,0.45296923946337014,0.3705626284632232,ENSG00000157106,Stim8hr,454.0,2042,642,2684,-3.471467132562452,True,71.35641431818178,False,>10 DE genes,on-target KD
1313,SMG7,0.2740757343318289,0.2600731010174788,0.7616587083732108,0.7262076041422404,ENSG00000116698,Stim8hr,198.0,1326,439,1765,-6.238777427335317,True,20.106084443908955,False,>10 DE genes,on-target KD
1314,SMG8,0.1496824173186256,0.10758332421532,0.8324624747893093,0.7725372972399313,ENSG00000167447,Stim8hr,838.0,561,195,756,-13.741947944759028,True,22.016320203120628,False,>10 DE genes,on-target KD
1315,SMG9,0.16952670785079751,0.1358244370137008,0.8228310165797416,0.8048169105502271,ENSG00000105771,Stim8hr,478.0,636,305,941,-9.756020232095496,True,20.9584562391206,False,>10 DE genes,on-target KD
1316,SMIM7,0.06702263367344931,0.0366147725560686,0.1884430301602348,0.0470715674072793,ENSG00000214046,Stim8hr,275.0,25,21,46,-8.137619950556784,True,48.44499572986194,False,>10 DE genes,on-target KD
1317,SMS,0.19030664574514913,0.1806099635892935,0.8250652866739842,0.80281230429902,ENSG00000102172,Stim8hr,301.0,18,35,53,-27.262478864701727,True,363.5519473897869,False,>10 DE genes,on-target KD
1318,SNAP23,0.07590594531383867,0.0445858554189692,0.7608155662258547,0.7383498732845651,ENSG00000092531,Stim8hr,330.0,18,18,36,-11.109492340510783,True,46.11633178089997,False,>10 DE genes,on-target KD
1319,SNAP29,0.06425829498460124,0.050136729316709,0.7098722572797583,0.6917724499803706,ENSG00000099940,Stim8hr,166.0,370,37,407,-7.036316921077572,True,46.68014327799038,True,>10 DE genes,on-target KD
1320,SNAPC1,0.20791842936051222,0.1904161945185341,0.5316536004544354,0.4463821648618422,ENSG00000023608,Stim8hr,72.0,28,9,37,0.0,False,,False,>10 DE genes,no on-target KD
1321,SND1,0.08727759067559639,0.0378065996426035,0.9215675099391957,0.9027579287052347,ENSG00000197157,Stim8hr,363.0,34,71,105,-21.66368269172751,True,151.4451460122094,False,>10 DE genes,on-target KD
1322,SNRPB2,0.09072347738355964,0.0603629806419301,0.6093219089970504,0.4677817086138224,ENSG00000125870,Stim8hr,386.0,67,87,154,-28.90615611507806,True,255.2857931924836,False,>10 DE genes,on-target KD
1323,SNUPN,0.07387303047779187,-0.0586728736912483,0.3005807504448387,0.2053728269514232,ENSG00000169371,Stim8hr,94.0,53,12,65,-8.092290416845213,True,85.31244618738558,False,>10 DE genes,on-target KD
1324,SOCS3,0.14275181887042862,0.0996112039013483,0.7449539432807469,0.6952301262113632,ENSG00000184557,Stim8hr,92.0,111,51,162,-6.440760175297418,True,61.36607951913562,False,>10 DE genes,on-target KD
1325,SOCS4,0.15371387152858995,0.1241004325275161,0.7287713378132067,0.6712453662648646,ENSG00000180008,Stim8hr,269.0,80,27,107,-9.486328894902885,True,46.33855456783799,True,>10 DE genes,on-target KD
1326,SOD2,0.11115570771325149,0.0911733756232273,0.9161734395175803,0.8844469980094638,ENSG00000291237,Stim8hr,424.0,56,17,73,-14.395687713896962,True,66.84860783369614,False,>10 DE genes,on-target KD
1327,SOS2,0.05541692370495754,0.0404902945443346,0.3691928949494177,0.3118310232870552,ENSG00000100485,Stim8hr,627.0,247,80,327,-7.049821631350668,True,20.831761702081547,False,>10 DE genes,on-target KD
1328,SP1,0.08570416155580786,0.0710403242394792,0.7480182398920198,0.5646849529243092,ENSG00000185591,Stim8hr,423.0,155,67,222,-14.4896800947641,True,54.05875621880326,False,>10 DE genes,on-target KD
1329,SP100,0.1260591050130658,0.1015193578124593,0.7686003337611771,0.7230018288874422,ENSG00000067066,Stim8hr,756.0,189,118,307,-19.34117669119939,True,86.96035627082817,False,>10 DE genes,on-target KD
1330,SP2,0.2891596598319048,0.2777095762152679,0.825186421000699,0.8204370375656321,ENSG00000167182,Stim8hr,713.0,918,753,1671,-16.90072084948037,True,53.80295369863601,False,>10 DE genes,on-target KD
1331,SP5,0.01891158569403643,-0.0313418217653368,0.5901912465007667,0.4855861811894881,ENSG00000204335,Stim8hr,131.0,72,25,97,0.0,False,,False,>10 DE genes,no on-target KD
1332,SPAG7,0.14372751196229197,0.0266033872907154,0.31037959817760347,0.2203600088597433,ENSG00000091640,Stim8hr,1051.0,47,14,61,-26.22024667172074,True,87.19647698497386,False,>10 DE genes,on-target KD
1333,SPATA33,0.024457400828801903,0.0107483089908983,0.08536268509763222,0.0363526596776075,ENSG00000167523,Stim8hr,325.0,152,12,164,-6.194381891555332,True,14.251672730380102,True,>10 DE genes,on-target KD
1334,SPON1,0.0955661682379908,0.0911302053264339,0.5176695078434131,0.3101821048824861,ENSG00000262655,Stim8hr,390.0,35,3,38,0.0,False,,False,>10 DE genes,no on-target KD
1335,SPOP,0.108498898208017,0.0813140682144472,0.6430661704542869,0.5401499264342001,ENSG00000121067,Stim8hr,296.0,45,9,54,-10.31859066323362,True,36.10021382072887,False,>10 DE genes,on-target KD
1336,SPSB2,-0.0292900019969613,-0.0456955781101948,-0.3127288935261558,-0.3466335109567093,ENSG00000111671,Stim8hr,926.0,32,3,35,-9.352203613642258,True,9.838830150288777,False,>10 DE genes,on-target KD
1337,SPTBN1,0.06829809552075264,0.0510896858654915,0.15268647244914232,0.0232293669659936,ENSG00000115306,Stim8hr,593.0,614,266,880,1.0648873709603417,False,19.95828015774226,False,>10 DE genes,no on-target KD
1338,SPTLC2,0.05255327240622143,0.0179334076584187,0.06695655027123004,-0.1173835229393866,ENSG00000100596,Stim8hr,132.0,191,30,221,-4.985800473478808,True,36.37957051779887,False,>10 DE genes,on-target KD
1339,SPTSSA,0.1184474532528708,0.0966036966277392,0.649341207707111,0.5819002792892669,ENSG00000165389,Stim8hr,162.0,65,38,103,-10.6133274380675,True,75.47678779305258,False,>10 DE genes,on-target KD
1340,SRD5A1,0.16727243672267192,0.1307025495132531,0.71508374483601,0.6452119262959349,ENSG00000145545,Stim8hr,111.0,26,48,74,-5.173738692222156,False,34.53273259452753,True,>10 DE genes,putative off-target
1341,SREK1,0.10572204813731347,0.0879607143035152,0.8090007520502079,0.7177764159880167,ENSG00000153914,Stim8hr,537.0,30,32,62,0.0,False,,False,>10 DE genes,no on-target KD
1342,SREK1IP1,0.016127099949902933,0.0021880174716763,0.7218194093423044,0.6336408381550168,ENSG00000153006,Stim8hr,915.0,27,33,60,-13.417211187018005,True,43.55455590472597,True,>10 DE genes,on-target KD
1343,SRM,0.10147862122241957,0.0698605265384515,0.7112656003738943,0.618035471621204,ENSG00000116649,Stim8hr,342.0,76,39,115,-40.23273480646634,True,806.148280003991,False,>10 DE genes,on-target KD
1344,SRP14,0.20907047986029703,0.2005155373779325,0.8194236896357204,0.8021857353317731,ENSG00000140319,Stim8hr,247.0,420,125,545,0.0,False,,False,>10 DE genes,no on-target KD
1345,SRP9,0.25279688018644636,0.1688194188137051,0.6436921564890673,0.5918613721062213,ENSG00000143742,Stim8hr,306.0,170,65,235,-6.417895297548121,True,55.31351457901448,False,>10 DE genes,on-target KD
1346,SRR,0.1643789389852727,0.1139083833228886,0.6358673198390362,0.5714068572457907,ENSG00000167720,Stim8hr,303.0,702,111,813,-4.329182698007736,True,6.691083941880059,False,>10 DE genes,on-target KD
1347,SRRD,0.09894618537167227,0.0833002941583804,0.9182554574938923,0.9013100449755768,ENSG00000100104,Stim8hr,586.0,68,65,133,-16.510806512956837,True,59.21855431236344,False,>10 DE genes,on-target KD
1348,SRRM1,0.07035514063506507,0.0333092382581118,-0.3993363719087039,-0.4479921911670895,ENSG00000133226,Stim8hr,116.0,29,3,32,-2.913456497429081,False,204.5461588241748,False,>10 DE genes,no on-target KD
1349,SRSF10,0.18305886961604836,0.1799404431251223,0.6597847212806892,0.639098495548849,ENSG00000188529,Stim8hr,334.0,775,372,1147,-11.34532244279904,True,46.48594376266339,False,>10 DE genes,on-target KD
1350,SRSF11,0.0026847162102089325,-0.0092151175565426,-0.032216293940203936,-0.1740888046798076,ENSG00000116754,Stim8hr,494.0,55,24,79,-4.369969676423178,True,23.19060300515948,False,>10 DE genes,on-target KD
1351,SRSF6,0.0467277846369327,0.04112722384256,0.8225974443794623,0.8212057885494902,ENSG00000124193,Stim8hr,698.0,25,28,53,-6.518138278938774,True,6.362955227879101,False,>10 DE genes,on-target KD
1352,SS18L1,0.1439515544167106,0.1332491922445273,0.7898333882306555,0.7618865999280113,ENSG00000184402,Stim8hr,72.0,30,8,38,-2.824247132808787,False,15.931433987925685,True,>10 DE genes,putative off-target
1353,SSB,0.3978713407386902,0.3657425614383923,0.8340980300009359,0.8193694339459853,ENSG00000138385,Stim8hr,143.0,767,484,1251,0.0,False,,False,>10 DE genes,no on-target KD
1354,SSBP1,0.1799033773214406,0.1653488067008655,0.7647589021785292,0.7511539734461531,ENSG00000106028,Stim8hr,468.0,537,415,952,-4.992399591072123,True,6.953505348737654,False,>10 DE genes,on-target KD
1355,SSR2,0.10160615311925843,0.0907075934535901,0.8666282956560725,0.8512309051843324,ENSG00000163479,Stim8hr,555.0,38,12,50,-28.74186466318261,True,213.4144118393754,False,>10 DE genes,on-target KD
1356,SSR3,0.07039901778007139,0.0600314050604047,0.9866438650239703,0.9828127942551884,ENSG00000114850,Stim8hr,1121.0,27,4,31,-34.776009949252526,True,209.3709001753537,False,>10 DE genes,on-target KD
1357,ST14,0.13414336006428332,0.1199338368607825,0.8590826310866241,0.8168671711991026,ENSG00000149418,Stim8hr,464.0,37,17,54,0.0,False,,False,>10 DE genes,no on-target KD
1358,STAG1,0.032813941628570535,0.0235656759641354,0.4983139435153631,0.3939326829508179,ENSG00000118007,Stim8hr,604.0,25,14,39,-17.893993228977212,True,100.18170574507504,False,>10 DE genes,on-target KD
1359,STAG2,0.1160206053170667,0.0837129034320386,0.8023685173252243,0.7825228653057577,ENSG00000101972,Stim8hr,453.0,98,67,165,-16.957688247884835,True,162.26750678426797,False,>10 DE genes,on-target KD
1360,STAT1,0.11527174847284277,0.0989384611508394,0.8079388195169587,0.7581700987859259,ENSG00000115415,Stim8hr,435.0,10,36,46,-15.807317345983964,True,276.83681066784266,False,>10 DE genes,on-target KD
1361,STAT2,0.10196259044192717,0.0961685412176814,0.7395232945564034,0.6664371511796987,ENSG00000170581,Stim8hr,509.0,3,30,33,-11.896099672818222,True,33.51486007057382,False,>10 DE genes,on-target KD
1362,STAT3,0.3558223058158985,0.3103130155083428,0.8013103106939027,0.7857546816504309,ENSG00000168610,Stim8hr,255.0,786,584,1370,-17.634071718623293,True,140.2189859709865,False,>10 DE genes,on-target KD
1363,STAT5B,0.3346620793681043,0.2573704138743801,0.62400355192105,0.4051228070562303,ENSG00000173757,Stim8hr,84.0,267,328,595,-7.501398451160958,True,157.15898139550552,False,>10 DE genes,on-target KD
1364,STAT6,0.15454865720341004,0.1322372949621505,0.8716026782743759,0.8344232283098647,ENSG00000166888,Stim8hr,612.0,102,131,233,-18.74440345713411,True,71.06916287224124,False,>10 DE genes,on-target KD
1365,STIM1,0.027507032404438567,-0.013625384326335,0.6567702573785789,0.5423668245797798,ENSG00000167323,Stim8hr,889.0,67,14,81,-20.13381928148679,True,122.9729118251295,False,>10 DE genes,on-target KD
1366,STIP1,0.2303856057282091,0.215027739479272,0.7824136539142215,0.7658969364575862,ENSG00000168439,Stim8hr,558.0,660,348,1008,-17.397163913477165,True,63.44449925579755,False,>10 DE genes,on-target KD
1367,STK11,0.3402106561142703,0.3033999860670383,0.7005370022505497,0.6367098539986958,ENSG00000118046,Stim8hr,218.0,866,305,1171,-9.537633408520572,True,69.26290061411733,False,>10 DE genes,on-target KD
1368,STK25,-0.05378864377850296,-0.0729601756772684,-0.3380635124359572,-0.4249487852766204,ENSG00000115694,Stim8hr,809.0,32,1,33,-19.52699604267349,True,59.28972601752003,False,>10 DE genes,on-target KD
1369,STK35,0.14326566784878889,0.136165571956762,0.8719455626445104,0.8364693751951421,ENSG00000125834,Stim8hr,739.0,12,22,34,-11.277928049118476,True,18.342597559520257,False,>10 DE genes,on-target KD
1370,STK40,0.03749340387336204,0.0068502200765648,0.7380622239864718,0.7013203271700512,ENSG00000196182,Stim8hr,180.0,38,18,56,-5.93212340467776,True,49.85547129657819,False,>10 DE genes,on-target KD
1371,STOM,0.048242779597075264,-0.0347854109408469,0.5283948382284338,0.3412748752752255,ENSG00000148175,Stim8hr,1125.0,69,25,94,-12.751971046391688,True,22.91480653098177,False,>10 DE genes,on-target KD
1372,STRAP,0.22083095438934444,0.1947654279405026,0.7525369125747631,0.7038493565149556,ENSG00000023734,Stim8hr,194.0,789,427,1216,-18.62099475836208,True,183.44836961284747,False,>10 DE genes,on-target KD
1373,STT3A,0.0374246888186266,0.0078305650689138,0.7226681614354867,0.6848585602016405,ENSG00000134910,Stim8hr,452.0,27,19,46,-20.53725580866382,True,213.3763474684092,False,>10 DE genes,on-target KD
1374,STUB1,0.11154143672896373,0.0718302909922299,0.8138709674787812,0.7748060917979658,ENSG00000103266,Stim8hr,114.0,41,26,67,-10.25432932243873,True,125.9669586449269,True,>10 DE genes,on-target KD
1375,STX16,0.0036592969715650674,-0.0300252603193519,0.3378866417095263,0.2632697022935274,ENSG00000124222,Stim8hr,805.0,809,336,1145,-26.567044034059084,True,103.22398492355414,False,>10 DE genes,on-target KD
1376,STXBP4,0.17742142524495905,0.1160876493924165,0.8278001688467674,0.7807603699339809,ENSG00000166263,Stim8hr,239.0,250,183,433,-4.403050315537209,True,11.344416249516543,True,>10 DE genes,on-target KD
1377,STYX,0.021361805288313968,-0.0546399007253483,0.7423325441642808,0.6854222662784956,ENSG00000198252,Stim8hr,358.0,21,13,34,-15.309332381972158,True,75.93503845802476,False,>10 DE genes,on-target KD
1378,STYXL1,0.14613936255878357,0.1238985114156502,0.7819529351538396,0.7625046571287087,ENSG00000127952,Stim8hr,957.0,372,206,578,-10.823588403816526,True,15.181932160223612,True,>10 DE genes,on-target KD
1379,SUCLG1,0.09432327247104204,0.0883370665433849,0.8660164205053277,0.8539523254456401,ENSG00000163541,Stim8hr,785.0,61,49,110,-21.84624168176316,True,72.7925387767707,False,>10 DE genes,on-target KD
1380,SUGP1,0.19851811582176318,0.1232668111172194,0.833563952538024,0.7914059997715391,ENSG00000105705,Stim8hr,276.0,51,56,107,-6.501480911779658,True,22.2555028627307,False,>10 DE genes,on-target KD
1381,SUMO3,0.006370040729787865,-0.1190891062466029,-0.0677957452661148,-0.3620360508196857,ENSG00000184900,Stim8hr,277.0,27,11,38,-4.674605677140924,True,178.68286485164336,False,>10 DE genes,on-target KD
1382,SUPT20H,0.4117227561103463,0.3720470142748416,0.8109203478342618,0.7785413910576663,ENSG00000102710,Stim8hr,934.0,2723,1225,3948,-18.60351722439309,True,45.01440370533524,False,>10 DE genes,on-target KD
1383,SUPT4H1,0.10002821007272616,0.0630129579182005,0.4827327172911757,0.4195662547210859,ENSG00000213246,Stim8hr,115.0,16,22,38,-2.442361188996959,True,89.6542186937525,False,>10 DE genes,on-target KD
1384,SUPT7L,0.3515583197897425,0.336485323430553,0.6834597423315899,0.6682647111342173,ENSG00000119760,Stim8hr,2511.0,2993,1338,4331,-24.242992754692143,True,26.68734392092601,True,>10 DE genes,on-target KD
1385,SUPV3L1,0.13354685901930566,0.1257840467893372,0.895756208373466,0.8533301853461945,ENSG00000156502,Stim8hr,252.0,23,21,44,-8.907050539507898,True,75.97645035009434,False,>10 DE genes,on-target KD
1386,SYK,0.28858112191291424,0.2791785858970341,0.5481538117956549,0.5121123520290397,ENSG00000165025,Stim8hr,1055.0,662,165,827,-0.4490598541104554,False,0.2312001707147782,False,>10 DE genes,no on-target KD
1387,SYVN1,0.08847061855753972,0.0647479125448634,0.6868012649781682,0.6544774258029237,ENSG00000162298,Stim8hr,277.0,119,82,201,-4.526682179154463,True,26.070917746198926,False,>10 DE genes,on-target KD
1388,SZRD1,0.018127761947846734,-0.0241860505377808,0.9348063535206372,0.8989719277225388,ENSG00000055070,Stim8hr,463.0,31,57,88,-22.524098025834576,True,165.91840274395682,False,>10 DE genes,on-target KD
1389,TADA1,0.4016378981154587,0.3851399988328645,0.7816227256711904,0.7725222723126571,ENSG00000152382,Stim8hr,510.0,2656,993,3649,-8.596299314782403,True,16.881763526885862,False,>10 DE genes,on-target KD
1390,TADA2A,0.08336469561240373,0.0600598102580938,0.7513502778228757,0.6978709325014533,ENSG00000276234,Stim8hr,353.0,24,29,53,-12.576927686338946,True,50.67644957401459,False,>10 DE genes,on-target KD
1391,TADA2B,0.5740695567249081,0.5017429520802076,0.8451168354079335,0.8266845700082824,ENSG00000173011,Stim8hr,1489.0,4151,1769,5920,-23.50878062599965,True,43.78225981952628,True,>10 DE genes,on-target KD
1392,TADA3,0.09961915628038333,0.0634754604829635,0.8428735317752837,0.7618549163653175,ENSG00000171148,Stim8hr,331.0,100,39,139,-7.008112743185032,True,50.107288291068826,True,>10 DE genes,on-target KD
1393,TAF11,0.31928202247166165,0.3022366147322349,0.7994830706296626,0.7918819364693265,ENSG00000064995,Stim8hr,1067.0,1629,1301,2930,-19.870664230238702,True,58.09942480931608,True,>10 DE genes,on-target KD
1394,TAF13,0.4191635351540169,0.4003569162679044,0.8111665817417123,0.7997627303876554,ENSG00000197780,Stim8hr,533.0,2015,1327,3342,-18.79031052926205,True,109.61586757171536,False,>10 DE genes,on-target KD
1395,TAF5L,0.31397638068109945,0.2396116598235617,0.7980474987711771,0.7445778227241336,ENSG00000135801,Stim8hr,174.0,215,73,288,-4.736545955223976,True,34.39690354793571,True,>10 DE genes,on-target KD
1396,TAF6L,0.5078514896429356,0.4966357965226249,0.8509574254017558,0.8348930824286863,ENSG00000162227,Stim8hr,806.0,3299,1340,4639,-9.505512887153154,True,12.242048546315436,True,>10 DE genes,on-target KD
1397,TARBP2,0.09053760386953447,0.0540570627366663,0.41914988079591714,0.3735715223779902,ENSG00000139546,Stim8hr,379.0,54,14,68,-11.471914279200185,True,32.43535437405543,True,>10 DE genes,on-target KD
1398,TARDBP,0.16360878501978524,0.1379779845493319,0.5264990678966216,0.4845705435956057,ENSG00000120948,Stim8hr,68.0,257,94,351,0.0,False,,False,>10 DE genes,no on-target KD
1399,TARS2,0.23697464935016174,0.2288752592872343,0.7096093774673138,0.7018609384202787,ENSG00000143374,Stim8hr,436.0,1078,746,1824,-11.925387213815345,True,44.39008489844342,False,>10 DE genes,on-target KD
1400,TASP1,0.07459301638145306,0.0639153205407415,0.9100802944744378,0.8926440571923835,ENSG00000089123,Stim8hr,761.0,12,23,35,-9.969375751181856,True,14.773382946429576,False,>10 DE genes,on-target KD
1401,TATDN2,0.12093804629981732,0.1133151780122318,0.8710836722136587,0.8483333019897715,ENSG00000157014,Stim8hr,402.0,26,27,53,-17.067893841724235,True,90.84496924664695,False,>10 DE genes,on-target KD
1402,TBC1D31,0.05326907990499103,-0.0200373787209098,0.07391343354787566,0.0190675890230141,ENSG00000156787,Stim8hr,487.0,53,15,68,-9.22555324098047,True,19.492267698276702,False,>10 DE genes,on-target KD
1403,TBCA,0.06317488994221389,0.0526486881123841,0.880414201428862,0.8546426897673254,ENSG00000171530,Stim8hr,181.0,50,28,78,0.0,False,,False,>10 DE genes,no on-target KD
1404,TBL1X,0.06396364039273293,0.0402150667338788,0.3053374430789481,-0.0570048955180873,ENSG00000101849,Stim8hr,265.0,106,27,133,-3.846453995547782,True,49.25121142866682,False,>10 DE genes,on-target KD
1405,TBL1XR1,0.2650861197081306,0.2573843461994642,0.9002554937222184,0.8622225763137428,ENSG00000177565,Stim8hr,589.0,66,59,125,-23.164779509766195,True,165.59503527701378,False,>10 DE genes,on-target KD
1406,TBP,0.09714946722334616,0.0590522429390719,0.6690018055013288,0.4777804936690334,ENSG00000112592,Stim8hr,95.0,28,5,33,-3.686802800322984,True,45.32867219731248,False,>10 DE genes,on-target KD
1407,TBX21,0.20382577358280848,0.1508817195158553,0.8519068990293094,0.840594242883687,ENSG00000073861,Stim8hr,415.0,139,169,308,-15.850480772722758,True,180.3528526954327,False,>10 DE genes,on-target KD
1408,TBX22,0.0990697890557013,0.0832830927691926,0.8017496579412127,0.7371249130550923,ENSG00000122145,Stim8hr,530.0,70,33,103,0.0,False,,False,>10 DE genes,no on-target KD
1409,TCEA1,0.050592458429708,0.003703023735023,0.8195283591579893,0.7920541848920991,ENSG00000187735,Stim8hr,938.0,106,145,251,0.0,False,,False,>10 DE genes,no on-target KD
1410,TCEAL1,0.06648616413840626,-0.0319317412935379,0.6403718321953623,0.5108136821806983,ENSG00000172465,Stim8hr,785.0,630,397,1027,-2.582524692877778,True,2.051470475042871,False,>10 DE genes,on-target KD
1411,TEDC2,0.1450706867765697,0.1312817366154338,0.8172717464017459,0.7317304411556889,ENSG00000162062,Stim8hr,122.0,15,17,32,-3.5670783137030178,True,14.545121730278414,False,>10 DE genes,on-target KD
1412,TEFM,0.10066302349756066,0.0561796636581756,0.7591822204806228,0.6426448830129854,ENSG00000172171,Stim8hr,303.0,45,24,69,-8.52875767641486,True,31.49415636834747,False,>10 DE genes,on-target KD
1413,TENT2,-0.009430497939724301,-0.0496711752384193,0.09692037502953367,-0.0555399535123758,ENSG00000164329,Stim8hr,984.0,1034,324,1358,-19.19494801909782,True,71.75866318394576,False,>10 DE genes,on-target KD
1414,TENT5C,0.19308349820082973,0.1835977139746913,0.8876664827324966,0.8668244829309874,ENSG00000183508,Stim8hr,524.0,85,22,107,-7.656887396545902,True,18.18235323821833,False,>10 DE genes,on-target KD
1415,TEP1,0.169349990544133,0.1430751294108651,0.8470992441517279,0.8122661787056729,ENSG00000129566,Stim8hr,287.0,125,67,192,-5.945920509909386,True,10.85572716035818,False,>10 DE genes,on-target KD
1416,TESPA1,0.1172263564136658,-0.0237269363905638,0.35192025390399256,-0.0002079623525468,ENSG00000135426,Stim8hr,1139.0,1445,530,1975,-22.38967924680117,True,113.13250953602513,False,>10 DE genes,on-target KD
1417,TET2,0.16845460649891963,0.1632465023608784,0.8007879761295881,0.752159825062018,ENSG00000168769,Stim8hr,1033.0,4,54,58,-17.607142058516015,True,37.884074861040354,False,>10 DE genes,on-target KD
1418,TFAM,0.1294786338133009,0.1057492277793418,0.719677636171305,0.6904278154588386,ENSG00000108064,Stim8hr,832.0,475,343,818,-28.321201288121472,True,117.94777739937408,False,>10 DE genes,on-target KD
1419,TFAP4,0.1858903239814275,0.182155499043954,0.8710530821042798,0.8405025005435166,ENSG00000090447,Stim8hr,336.0,138,61,199,-7.742769982960174,True,23.481672815685048,False,>10 DE genes,on-target KD
1420,TFDP1,0.1161161398810337,0.0766277341095014,0.6775812795261732,0.6363965371455695,ENSG00000198176,Stim8hr,203.0,307,133,440,-9.58644358697644,True,129.4957045732806,False,>10 DE genes,on-target KD
1421,TFG,0.17032996229135663,0.1578253983142886,0.8561178021597454,0.8375025646000754,ENSG00000114354,Stim8hr,505.0,257,177,434,-15.743929457616094,True,57.38149367210116,False,>10 DE genes,on-target KD
1422,TGDS,0.027620097058398695,-0.0514268584817193,0.8294554362288219,0.7889185717214743,ENSG00000088451,Stim8hr,165.0,83,44,127,-8.357449295741977,False,45.463441350807386,True,>10 DE genes,putative off-target
1423,TGIF1,0.0559368825321378,-0.0623474925888739,0.9136972534231079,0.9013414018225598,ENSG00000177426,Stim8hr,426.0,21,16,37,-10.761533801045712,True,41.12547636718966,False,>10 DE genes,on-target KD
1424,THAP11,0.22373941894690186,0.2011315424673878,0.7248909409108125,0.699511070698066,ENSG00000168286,Stim8hr,680.0,963,335,1298,-18.85555853997336,True,93.0733807401498,False,>10 DE genes,on-target KD
1425,THAP12,0.11526227746283572,0.0299029270938458,0.5306691619788402,0.3998132084867354,ENSG00000137492,Stim8hr,1156.0,1002,325,1327,-23.573368367311083,True,173.31074371913078,True,>10 DE genes,on-target KD
1426,THAP2,0.0816826202917289,0.0659093306996206,0.34834184375904803,0.1769732573217387,ENSG00000173451,Stim8hr,505.0,160,10,170,-5.753546756370178,True,14.291639242203786,True,>10 DE genes,on-target KD
1427,THG1L,0.10791127850433753,0.075445651714144,0.6567394542839526,0.5922410471934659,ENSG00000113272,Stim8hr,71.0,167,19,186,-4.531887131195548,True,33.85279181049044,False,>10 DE genes,on-target KD
1428,THOC6,0.07818904102294753,0.0395849837333217,0.8881227812610808,0.860978946479069,ENSG00000131652,Stim8hr,477.0,95,103,198,-16.983898055356942,True,75.3510241111357,True,>10 DE genes,on-target KD
1429,THRAP3,0.1974607131080711,0.1835744142140241,0.8178369232842676,0.7845960629928683,ENSG00000054118,Stim8hr,546.0,504,332,836,-18.70452356846613,True,73.10314665177948,False,>10 DE genes,on-target KD
1430,TIA1,-0.02604536618168027,-0.0509984496140401,0.41042966261989133,0.2762553664824704,ENSG00000116001,Stim8hr,1148.0,151,77,228,-17.300588155715946,True,82.7039195872261,False,>10 DE genes,on-target KD
1431,TIAF1,0.011815718304596467,-0.0003618823175832,0.09523039933048133,0.0729856866378746,ENSG00000196535,Stim8hr,1093.0,63,9,72,-5.229241864328999,True,22.36334641162773,False,>10 DE genes,on-target KD
1432,TIAL1,0.15388235391718955,0.1486943628507729,0.8933313147805954,0.8873324285979552,ENSG00000151923,Stim8hr,602.0,134,82,216,-25.12644658786791,True,186.947358171738,False,>10 DE genes,on-target KD
1433,TIGD6,0.058217641404878166,0.0324522211154063,0.8821875868922175,0.8373836604112892,ENSG00000164296,Stim8hr,240.0,10,22,32,-1.8685629692640024,False,2.0347447889014894,True,>10 DE genes,putative off-target
1434,TIMM10,-0.0146957301655289,-0.0320447299831578,0.30165403320891354,0.2134683785219404,ENSG00000134809,Stim8hr,245.0,867,189,1056,-7.73646371386508,True,233.41726635631807,False,>10 DE genes,on-target KD
1435,TIMM17B,0.019549593491266466,-0.0896020001875785,0.5123367201645888,-0.1450882193336433,ENSG00000126768,Stim8hr,218.0,21,22,43,-4.943645600040605,False,14.884884114920048,True,>10 DE genes,putative off-target
1436,TIMM50,0.14048238331096974,0.048617933249178,0.7810535938990091,0.7051408020431212,ENSG00000105197,Stim8hr,66.0,28,6,34,-7.461842791753201,True,102.35184059363546,False,>10 DE genes,on-target KD
1437,TIMM8B,0.18740331461489143,0.1636278928486991,0.74245248773211,0.7147125187532427,ENSG00000150779,Stim8hr,112.0,228,143,371,-12.626436190543018,True,203.87762877210804,False,>10 DE genes,on-target KD
1438,TIMM9,0.0302482089828921,-0.0281168640191552,0.6514872348119106,0.5121591936332415,ENSG00000100575,Stim8hr,95.0,17,14,31,-5.790599826942554,True,87.43244413425663,False,>10 DE genes,on-target KD
1439,TIMP1,0.10682087375038911,0.0922278326985195,0.9017951083585488,0.8941784717205582,ENSG00000102265,Stim8hr,160.0,12,24,36,-8.059393245155452,True,49.22290804216177,False,>10 DE genes,on-target KD
1440,TIPRL,0.20562415616449983,0.1747114814928119,0.7844661995999509,0.7704294056000268,ENSG00000143155,Stim8hr,572.0,557,733,1290,-23.19457402413144,True,109.16204615896706,False,>10 DE genes,on-target KD
1441,TLN1,0.17246773400122095,0.148560671619694,0.8127748219888876,0.8021300489359846,ENSG00000137076,Stim8hr,297.0,232,144,376,-12.58231441862795,True,70.28481865521395,True,>10 DE genes,on-target KD
1442,TM2D1,0.03581362303869479,-0.0039920326360045,0.23983263570400148,0.2092460729726404,ENSG00000162604,Stim8hr,650.0,204,130,334,-15.28835355206518,True,35.387930811168715,False,>10 DE genes,on-target KD
1443,TM9SF3,0.1927052041579547,0.1818300222330197,0.8670030972038208,0.8426391080182791,ENSG00000077147,Stim8hr,333.0,12,39,51,-23.24126408403649,True,187.34244668327003,False,>10 DE genes,on-target KD
1444,TMBIM4,0.22947968198300983,0.2066189986626707,0.8041550822774166,0.7564970719152652,ENSG00000155957,Stim8hr,87.0,25,10,35,-6.429227318225051,True,60.69377252284456,False,>10 DE genes,on-target KD
1445,TMED10,0.2900059340712808,0.2808189780678802,0.8404290954421113,0.8266815954258885,ENSG00000170348,Stim8hr,364.0,386,230,616,-12.971073014303864,True,71.60051185149098,False,>10 DE genes,on-target KD
1446,TMED2,0.1971758347446787,0.1848186517137383,0.8636131698138759,0.8298240165149788,ENSG00000086598,Stim8hr,416.0,111,48,159,-10.04072622150292,True,49.4730745066724,False,>10 DE genes,on-target KD
1447,TMED3,0.03677649794738976,0.0265008767242365,-0.3865604870823762,-0.4793017699530517,ENSG00000166557,Stim8hr,523.0,29,3,32,-20.54735403246486,True,86.49874383888653,False,>10 DE genes,on-target KD
1448,TMED4,0.04503287994322817,0.0264868167651742,0.823638066207948,0.7895560694155952,ENSG00000158604,Stim8hr,702.0,50,45,95,-25.647916047379045,True,87.63374175774388,False,>10 DE genes,on-target KD
1449,TMED9,0.4432532310144793,0.3171712552413114,0.7670123425448242,0.7160382035148085,ENSG00000184840,Stim8hr,229.0,1867,710,2577,-9.232095585726972,True,83.73141929735812,True,>10 DE genes,on-target KD
1450,TMEM123,0.15221778471603306,0.0770106260374505,0.7721330065727816,0.6606570321357784,ENSG00000152558,Stim8hr,2275.0,106,36,142,-31.5271202802814,True,171.36158224276917,False,>10 DE genes,on-target KD
1451,TMEM126B,-0.0022515816950555317,-0.0277502528122963,0.7311165893247412,0.6723135258090365,ENSG00000171204,Stim8hr,530.0,20,30,50,-23.53188227003874,True,133.34097878860038,False,>10 DE genes,on-target KD
1452,TMEM131L,0.015894049658591664,0.0026614983332398,0.5519304320175986,0.5115955108481722,ENSG00000121210,Stim8hr,1300.0,198,6,204,-8.2115756401594,True,68.74953456601021,False,>10 DE genes,on-target KD
1453,TMEM167A,0.11821782365296962,0.1113816491939229,0.8564660378918222,0.8539903722151388,ENSG00000174695,Stim8hr,674.0,99,106,205,-31.03634608747436,True,173.06839555827503,False,>10 DE genes,on-target KD
1454,TMEM185A,0.15737968891508894,0.1153435991722922,0.8883895784948618,0.8303949324668094,ENSG00000269556,Stim8hr,1387.0,14,20,34,-20.81611234938507,True,44.44539880647108,False,>10 DE genes,on-target KD
1455,TMEM186,0.1420581384504803,0.1253825368141397,0.8849790760032739,0.8495738947839326,ENSG00000184857,Stim8hr,687.0,73,15,88,-11.502830157511896,True,22.592326720207208,True,>10 DE genes,on-target KD
1456,TMEM205,0.05721643061960604,0.0426464817251202,0.48692387795120085,0.3108463384368259,ENSG00000105518,Stim8hr,868.0,100,10,110,-10.509688762016616,True,16.263875789239997,False,>10 DE genes,on-target KD
1457,TMEM214,0.10064707851101311,0.044159241563724,0.7086128774692467,0.6745239941422192,ENSG00000119777,Stim8hr,442.0,474,175,649,-14.138778571457282,True,57.33082294369476,False,>10 DE genes,on-target KD
1458,TMEM229B,-0.02145578470812973,-0.0341760628371074,0.26252218075778716,0.0660361526872211,ENSG00000198133,Stim8hr,838.0,25,10,35,0.5322092259198866,False,2.9074356561081216,False,>10 DE genes,no on-target KD
1459,TMEM234,0.11787255286722916,0.1094541515737287,0.846653743883725,0.8164186364671403,ENSG00000160055,Stim8hr,113.0,75,55,130,-2.589999111147949,True,7.589082684865392,False,>10 DE genes,on-target KD
1460,TMEM254,0.08988809365257283,0.0713732067443723,0.46225449734281643,0.3697345051227587,ENSG00000133678,Stim8hr,425.0,27,13,40,-4.429529310670999,True,5.844508583525926,False,>10 DE genes,on-target KD
1461,TMEM259,0.12010806214561771,0.0501915113151718,0.5868781076800752,0.449209377286743,ENSG00000182087,Stim8hr,64.0,42,24,66,-6.7524363331564645,True,96.67105831325247,True,>10 DE genes,on-target KD
1462,TMEM30A,0.0994521977966659,0.0934633316141781,0.7627636242316891,0.7564313396832005,ENSG00000112697,Stim8hr,754.0,522,269,791,-16.849529926321814,True,39.22913542650197,False,>10 DE genes,on-target KD
1463,TMEM39A,0.037468017922390066,-0.0846086024052051,0.6192099671531958,0.5994513585031737,ENSG00000176142,Stim8hr,114.0,30,19,49,-6.544714354441371,True,65.48962416545405,False,>10 DE genes,on-target KD
1464,TMEM79,0.08441984855006703,0.0806174322221411,0.3326121552229425,0.2460411453344389,ENSG00000163472,Stim8hr,349.0,531,99,630,-5.741249090823089,True,9.701772917228286,False,>10 DE genes,on-target KD
1465,TMEM86A,0.02750035463084133,0.0076001226850443,0.29289635326603064,0.1808941163710323,ENSG00000151117,Stim8hr,470.0,48,22,70,-0.5010512720933583,True,0.1759113276643374,False,>10 DE genes,on-target KD
1466,TMEM87B,0.061327976565754234,-0.0096795009916054,0.9250209033738757,0.9074300401547248,ENSG00000153214,Stim8hr,238.0,20,14,34,-5.282574226289789,True,12.064213030447943,False,>10 DE genes,on-target KD
1467,TMX1,0.3022742987386224,0.2853802534558795,0.8068572365131571,0.7961192842085714,ENSG00000139921,Stim8hr,544.0,1553,794,2347,-23.881790020529383,True,135.9590742700375,False,>10 DE genes,on-target KD
1468,TMX2,0.053233972101160036,-0.0363966973179209,0.7653324624388914,0.6419441512815309,ENSG00000213593,Stim8hr,253.0,89,30,119,-8.537312363402744,True,129.70418172343338,False,>10 DE genes,on-target KD
1469,TNFAIP3,0.042235093774790435,0.0244372712810457,0.8494423659921528,0.8314462711810723,ENSG00000118503,Stim8hr,123.0,15,19,34,-5.251680035733116,True,343.0939730473335,False,>10 DE genes,on-target KD
1470,TNK1,0.15117603920680134,0.1220978658528821,0.7121745863207702,0.6104452495964525,ENSG00000174292,Stim8hr,62.0,21,12,33,-0.312733956043712,False,1.7169267343804535,False,>10 DE genes,no on-target KD
1471,TNNC1,0.0017206905847411667,-0.0454130504353965,0.0955220487773323,0.0021283981263747,ENSG00000114854,Stim8hr,1660.0,91,45,136,-0.2580071523857328,False,0.6262770031448253,True,>10 DE genes,putative off-target
1472,TNPO1,0.20464625492192923,0.1815122081130356,0.8290738893512958,0.8137017730326066,ENSG00000083312,Stim8hr,582.0,358,411,769,-9.680566006383824,True,16.996767004713995,False,>10 DE genes,on-target KD
1473,TNRC6A,0.14305081700512717,0.1198921978152948,0.7805688380625248,0.7085620770142387,ENSG00000090905,Stim8hr,363.0,27,18,45,-9.85445847844434,True,28.031954553524788,False,>10 DE genes,on-target KD
1474,TOPBP1,0.03844521342052753,0.0105056265603852,0.649936334437627,0.5793775844356737,ENSG00000163781,Stim8hr,54.0,31,4,35,-3.928243560179167,True,86.06336166040552,False,>10 DE genes,on-target KD
1475,TP53,0.1532333782276739,0.0770100449574554,0.6646858302231454,0.5716183795625912,ENSG00000141510,Stim8hr,2406.0,69,122,191,-45.83253435947808,True,157.41863948574473,True,>10 DE genes,on-target KD
1476,TP53INP2,0.2098980025893988,0.1848567378261431,0.7190145101245927,0.6964915735571665,ENSG00000078804,Stim8hr,902.0,561,366,927,-0.4720231900399638,False,1.9841305076363112,False,>10 DE genes,no on-target KD
1477,TP53RK,0.03422097999827497,0.0029260996927205,0.3600410585299012,0.2616062269575331,ENSG00000172315,Stim8hr,424.0,72,6,78,-6.631054567883426,True,35.91423035802657,False,>10 DE genes,on-target KD
1478,TP73,0.07677783406269471,0.0544924580952969,0.5934527431894675,0.4816589669107262,ENSG00000078900,Stim8hr,216.0,47,63,110,-0.7357798061190931,True,1.2077154834465182,False,>10 DE genes,on-target KD
1479,TPD52,0.11023962476669309,0.0767010953973422,0.6391835988862332,0.4861940317245004,ENSG00000076554,Stim8hr,245.0,81,40,121,-7.347855220641023,True,25.360659964270454,False,>10 DE genes,on-target KD
1480,TPI1,0.1251068585103412,0.0327879200141974,0.7606074434124217,0.7326926125168626,ENSG00000111669,Stim8hr,91.0,118,80,198,0.0,False,,False,>10 DE genes,no on-target KD
1481,TPK1,0.09440602872264947,0.0699749600307269,0.8680920962745716,0.8589222040065657,ENSG00000196511,Stim8hr,241.0,27,9,36,-3.7990332592435903,True,6.521123754644722,False,>10 DE genes,on-target KD
1482,TPRKB,0.11495392592940697,0.0821364326356423,0.2821004623138473,0.2255640575416331,ENSG00000144034,Stim8hr,151.0,38,6,44,-5.63018050708947,True,113.38226182356394,False,>10 DE genes,on-target KD
1483,TPT1,0.2295329814773005,0.2084768688537874,0.7513163525448822,0.7059916248784337,ENSG00000133112,Stim8hr,191.0,402,529,931,0.0,False,,False,>10 DE genes,no on-target KD
1484,TRADD,0.05915050776595256,0.0331443302765335,0.6904587681465815,0.651868309691058,ENSG00000102871,Stim8hr,189.0,27,33,60,-4.417619632094425,True,10.736963176531786,False,>10 DE genes,on-target KD
1485,TRAF3,0.5133183796725522,0.4648485176577344,0.785359150072145,0.7584475433610622,ENSG00000131323,Stim8hr,5560.0,1167,459,1626,-23.20830108949733,True,124.7789719288505,False,>10 DE genes,on-target KD
1486,TRAF6,0.08142038846377483,0.0632599337271523,0.8454038510870542,0.814972319972973,ENSG00000175104,Stim8hr,189.0,44,39,83,-3.780735838081303,True,8.266034987640253,False,>10 DE genes,on-target KD
1487,TRAK1,-0.004653040628087901,-0.0565478946671722,0.2448918615799598,0.2188928573960315,ENSG00000182606,Stim8hr,649.0,490,374,864,-0.4262131055242391,False,52.01863134292453,False,>10 DE genes,no on-target KD
1488,TRAPPC13,0.14813031971760335,0.1286165497670406,0.6898093685405612,0.5005076065609942,ENSG00000113597,Stim8hr,568.0,84,42,126,-14.540549287890242,True,44.6673645154584,False,>10 DE genes,on-target KD
1489,TRIB2,0.09540685731933814,0.0899561816817117,0.7166754137226766,0.6759559523196592,ENSG00000071575,Stim8hr,376.0,96,5,101,-9.02062101181448,True,43.4852124670214,False,>10 DE genes,on-target KD
1490,TRIM21,0.04401289139733653,0.0300384285983861,0.07411771764414847,-0.2585428197982508,ENSG00000132109,Stim8hr,231.0,42,6,48,-9.192817611444484,True,40.94516949262584,False,>10 DE genes,on-target KD
1491,TRIM25,0.05771673240782373,0.0543199394952798,0.5934411878838654,0.4456546858882081,ENSG00000121060,Stim8hr,759.0,15,35,50,-21.323580337072983,True,75.41967690137022,False,>10 DE genes,on-target KD
1492,TRIM28,0.18227802398392554,0.1711854816521979,0.6339012739662369,0.5911277114023196,ENSG00000130726,Stim8hr,376.0,27,6,33,-9.685486241537822,True,55.45488408302004,False,>10 DE genes,on-target KD
1493,TRIM33,0.11095656251349396,0.1001125469227807,0.8237474636104475,0.8096262434569044,ENSG00000197323,Stim8hr,560.0,37,9,46,-15.36739270108507,True,57.19380364097652,False,>10 DE genes,on-target KD
1494,TRIM39,0.0813269630564077,0.0652117528377494,0.4848206466818854,0.4702106575394819,ENSG00000204599,Stim8hr,898.0,4,35,39,-5.386992251433232,True,3.362237858339284,False,>10 DE genes,on-target KD
1495,TRIP12,0.3669097474957095,0.3585384458129424,0.8246105675831247,0.814655915943934,ENSG00000153827,Stim8hr,1477.0,961,869,1830,-41.751281166806415,True,190.73723492677547,False,>10 DE genes,on-target KD
1496,TRIR,0.07839830782515307,0.0692552181363597,0.8926108907581923,0.8733029624723014,ENSG00000123144,Stim8hr,218.0,24,13,37,-17.360684709809224,True,203.98323480518016,True,>10 DE genes,on-target KD
1497,TRIT1,0.033104902188742034,-0.0875099276376921,0.7212863538102371,0.7021306046103927,ENSG00000043514,Stim8hr,1194.0,13,30,43,-12.936679334095269,True,36.07949380020424,False,>10 DE genes,on-target KD
1498,TRMT6,0.09820786560177501,0.0067320485621449,0.512110825942192,0.2856886089998932,ENSG00000089195,Stim8hr,226.0,66,41,107,-6.297077566251501,True,62.09335628506742,True,>10 DE genes,on-target KD
1499,TRMT61A,0.17067918493906634,0.1448199650432514,0.895575356554008,0.8845525496646642,ENSG00000166166,Stim8hr,242.0,201,40,241,-7.615067932508333,True,44.44942002673752,False,>10 DE genes,on-target KD
1500,TROVE2,0.16190943003841143,0.1577530705503226,0.8884431994347756,0.8721716384904412,ENSG00000116747,Stim8hr,959.0,231,253,484,-27.45178512556969,True,81.27307274272299,True,>10 DE genes,on-target KD
1501,TRRAP,0.22240550896787684,0.1809486488226412,0.698884590991876,0.6254873060918165,ENSG00000196367,Stim8hr,302.0,923,334,1257,-10.53860740763177,True,107.0088564615776,False,>10 DE genes,on-target KD
1502,TSC1,0.19103621970070614,0.1794154091268286,0.8325122723726199,0.8286687031381794,ENSG00000165699,Stim8hr,371.0,237,110,347,-8.364643948878227,True,18.68432649379353,False,>10 DE genes,on-target KD
1503,TSC2,0.1608792718283303,0.1358826193903585,0.5822376095423168,0.5254720801193218,ENSG00000103197,Stim8hr,469.0,329,99,428,-8.628404509623266,True,16.138177739395367,True,>10 DE genes,on-target KD
1504,TSEN2,0.2829139093569967,0.1606878101092664,0.6716277301483227,0.6376827748804357,ENSG00000154743,Stim8hr,56.0,448,114,562,0.0,False,,False,>10 DE genes,no on-target KD
1505,TSPYL5,0.2827784946376768,0.2112580007867394,0.7362960918909248,0.6543838333476387,ENSG00000180543,Stim8hr,278.0,1624,609,2233,-2.499216483236629,True,2.8219024885364488,False,>10 DE genes,on-target KD
1506,TSTD2,0.18553314105811405,0.1636227767798855,0.7543362816855339,0.7353217216725926,ENSG00000136925,Stim8hr,106.0,268,194,462,-4.6455299189046375,True,23.90991660891399,False,>10 DE genes,on-target KD
1507,TTC14,0.020317796553827268,-0.0007265063648453,0.8387029641747215,0.8020439118542203,ENSG00000163728,Stim8hr,321.0,17,16,33,-9.460722918868612,True,50.75467371645835,False,>10 DE genes,on-target KD
1508,TTC37,0.0685374548041393,0.0560376312488366,0.46145090812755707,0.2674867709448903,ENSG00000198677,Stim8hr,752.0,98,25,123,-16.200461726544923,True,85.76696262019418,True,>10 DE genes,on-target KD
1509,TTC4,0.08961319452442851,0.0536770469371863,0.7658060537086119,0.7423907950784469,ENSG00000243725,Stim8hr,102.0,103,58,161,-5.39869038614193,True,53.08705188002892,False,>10 DE genes,on-target KD
1510,TTC5,0.13295689511300793,0.1271433419247484,0.7724502247298589,0.7566848501521349,ENSG00000136319,Stim8hr,492.0,146,85,231,-14.441100992013316,True,44.2363803477826,False,>10 DE genes,on-target KD
1511,TTC7A,0.10053017936012683,0.0847305824515526,0.6560390593965858,0.5652331321456392,ENSG00000068724,Stim8hr,206.0,85,25,110,-8.384073952004748,True,47.73304188437107,False,>10 DE genes,on-target KD
1512,TTF1,-0.06314006034188425,-0.1189415301664457,-0.11395923218479596,-0.3012111568904148,ENSG00000125482,Stim8hr,93.0,190,2,192,-2.6578605801942192,False,47.07403800134574,False,>10 DE genes,no on-target KD
1513,TTI2,0.5025384752320822,0.4349919643394986,0.5559736876987077,0.4669094674060081,ENSG00000129696,Stim8hr,57.0,814,224,1038,0.0,False,,False,>10 DE genes,no on-target KD
1514,TTYH3,0.07909194771767224,0.0440972630851836,0.6470003843880393,0.5872232581288992,ENSG00000136295,Stim8hr,141.0,56,11,67,-4.55087899786529,True,18.824567179382456,False,>10 DE genes,on-target KD
1515,TUFM,0.1471071742359534,0.1403362256469338,0.6274699975141268,0.5835429657099509,ENSG00000178952,Stim8hr,159.0,478,174,652,-22.36682130904241,True,434.5447344549624,False,>10 DE genes,on-target KD
1516,TWF1,0.148896920147529,0.127202939211311,0.8568318651670266,0.841919252521958,ENSG00000151239,Stim8hr,699.0,70,47,117,-9.532686614461298,True,21.58450306873348,False,>10 DE genes,on-target KD
1517,TWNK,0.14439335801479422,0.1349344984034127,0.8294665475199784,0.8267819371314789,ENSG00000107815,Stim8hr,1179.0,131,88,219,-13.822635986898309,True,99.32794171516755,False,>10 DE genes,on-target KD
1518,TXNDC12,0.08936723125344648,0.0738071747060974,0.03658210926073603,-0.0712902795244548,ENSG00000117862,Stim8hr,420.0,39,7,46,-14.682082904815877,True,54.95238071425141,True,>10 DE genes,on-target KD
1519,TXNDC9,0.15555436727112787,0.127881945207967,0.8623994048144935,0.8426300992445003,ENSG00000115514,Stim8hr,472.0,73,44,117,-15.910290329916142,True,65.29984594084394,True,>10 DE genes,on-target KD
1520,TXNIP,0.05304793407718997,0.0382034223781836,0.7299204292405959,0.6474336267893904,ENSG00000265972,Stim8hr,755.0,36,12,48,-9.123735542773908,True,33.63407193584621,False,>10 DE genes,on-target KD
1521,TXNL1,0.048663450252235896,-0.0192899744117605,0.002843887028002932,-0.2411216516825198,ENSG00000091164,Stim8hr,829.0,158,43,201,-29.29548576484829,True,128.94845932173527,False,>10 DE genes,on-target KD
1522,TXNL4B,0.09703676757786371,0.0047167698308067,0.14228159453222378,-0.0603019755998055,ENSG00000140830,Stim8hr,120.0,440,527,967,-5.763951524623958,True,54.4281598802852,False,>10 DE genes,on-target KD
1523,UBA2,0.11920219593907415,0.0986516080149714,0.25815165003627466,0.2212798842502503,ENSG00000126261,Stim8hr,77.0,230,38,268,-6.1327435178239496,True,132.74741756390588,False,>10 DE genes,on-target KD
1524,UBA5,-0.00032534579844373246,-0.0388988589916354,0.7470476371573316,0.7109620699917445,ENSG00000081307,Stim8hr,1980.0,349,224,573,-22.168923499045995,True,98.99168548223732,True,>10 DE genes,on-target KD
1525,UBAC1,0.0571706480551104,0.0393846296868131,-0.1029204882538662,-0.2581979166380515,ENSG00000130560,Stim8hr,629.0,52,6,58,-18.76170461254268,True,61.10128852960183,False,>10 DE genes,on-target KD
1526,UBAP2L,0.2587751582431744,0.2443820936815061,0.7377887442996017,0.7261186842929271,ENSG00000143569,Stim8hr,765.0,382,735,1117,-38.15523432465066,True,252.56021018678385,True,>10 DE genes,on-target KD
1527,UBC,0.16372984473575727,0.1607753584569016,0.6689394683271505,0.6456308758423351,ENSG00000150991,Stim8hr,232.0,229,144,373,-5.8163685029527326,True,37.0350500494408,False,>10 DE genes,on-target KD
1528,UBE2E2,0.1920016655891316,0.1564055240111777,0.5615608968424498,0.5564899999007694,ENSG00000182247,Stim8hr,353.0,1207,317,1524,-6.418008827445125,True,16.646321907191815,False,>10 DE genes,on-target KD
1529,UBE2F,0.1456905000268179,0.0933973295549702,0.4730267600040325,0.4313319126123949,ENSG00000184182,Stim8hr,228.0,57,45,102,-10.374550462793412,True,116.57384830342906,False,>10 DE genes,on-target KD
1530,UBE2G2,0.06557173019360994,0.0454750109561602,0.23974848197352064,0.1681206875906341,ENSG00000184787,Stim8hr,359.0,219,26,245,-18.582837384862373,True,107.0492906772989,False,>10 DE genes,on-target KD
1531,UBE2H,-0.0388368099349024,-0.0924498465614173,0.6067098269632553,0.5605116830963763,ENSG00000186591,Stim8hr,268.0,147,44,191,-4.504227776752223,True,8.870483166143021,False,>10 DE genes,on-target KD
1532,UBE2I,0.27496875064437165,0.1914034700753142,0.7678436117242097,0.7169945399125567,ENSG00000103275,Stim8hr,197.0,477,253,730,-21.673068049374777,True,324.8122832244528,False,>10 DE genes,on-target KD
1533,UBE2L3,0.12263921205595829,0.0684968248173311,0.4251293016786488,0.328714632287845,ENSG00000185651,Stim8hr,1930.0,2081,793,2874,-38.45562975055992,True,96.04145319630202,False,>10 DE genes,on-target KD
1534,UBE2N,0.19923877325215567,0.0942480416873523,0.6679566334939828,0.6461598869499368,ENSG00000177889,Stim8hr,107.0,249,77,326,-8.941496150563303,True,92.82245882713286,False,>10 DE genes,on-target KD
1535,UBE2T,0.11925598380912139,0.0955489178300791,0.2740965078350001,0.2010626423505986,ENSG00000077152,Stim8hr,85.0,309,68,377,-8.534781400111706,True,134.66830426556413,False,>10 DE genes,on-target KD
1536,UBE2V2,-0.057128718830814405,-0.1047153512238961,0.4735462558957246,0.3440815271092953,ENSG00000169139,Stim8hr,2747.0,14,18,32,-11.110598758145173,True,33.11668625573678,False,>10 DE genes,on-target KD
1537,UBE3D,0.20540552186699093,0.1628029857003644,0.7464381548051785,0.7011455103251678,ENSG00000118420,Stim8hr,196.0,257,93,350,-3.363992236334484,True,7.146807963177632,False,>10 DE genes,on-target KD
1538,UBIAD1,0.11692039776377167,0.0916699498328611,0.651876205046494,0.5308491372669417,ENSG00000120942,Stim8hr,440.0,72,18,90,-10.637675531450938,True,29.188860915854544,False,>10 DE genes,on-target KD
1539,UBL7,-0.015686404053807168,-0.073947533588974,0.018239883446892174,-0.1392048951117482,ENSG00000138629,Stim8hr,853.0,281,15,296,-14.215363930366983,True,69.57266919371594,False,>10 DE genes,on-target KD
1540,UBR1,0.12728828361403363,0.0526578501301073,0.7372088840504271,0.7193939113952413,ENSG00000159459,Stim8hr,224.0,131,42,173,0.0,False,,False,>10 DE genes,no on-target KD
1541,UBR4,0.26035619975011093,0.2106332224836278,0.8416648973848945,0.831065851617569,ENSG00000127481,Stim8hr,257.0,293,292,585,-15.357674095374453,True,116.1113888453989,False,>10 DE genes,on-target KD
1542,UBR5,0.20365724961263354,0.1896049732942538,0.7736349671548904,0.745979707804859,ENSG00000104517,Stim8hr,1075.0,1027,679,1706,-25.88281167179318,True,100.63210502559284,False,>10 DE genes,on-target KD
1543,UBXN1,0.02647991832975607,-0.0057964327826625,0.2539195278118353,0.1845643888129712,ENSG00000162191,Stim8hr,1027.0,1923,1521,3444,-6.792549085997379,True,43.24580413592966,True,>10 DE genes,on-target KD
1544,UCHL5,0.17668360078559198,0.1007717019686083,0.7136212563131736,0.6989294764657727,ENSG00000116750,Stim8hr,179.0,143,208,351,-13.56535180428554,True,111.25960155027931,True,>10 DE genes,on-target KD
1545,UFC1,0.08579860035357738,0.0649049214662307,0.67922480771094,0.5680943067195012,ENSG00000143222,Stim8hr,453.0,20,11,31,-15.85519549352423,True,94.0243526381648,False,>10 DE genes,on-target KD
1546,UFL1,0.15947294626100442,0.1207263915816641,0.7768923351377325,0.6890777994246842,ENSG00000014123,Stim8hr,284.0,722,599,1321,-6.4556585013794034,True,16.486683774182175,False,>10 DE genes,on-target KD
1547,UFM1,0.2859014264317639,0.265811289355279,0.8105759708793204,0.7938256470437135,ENSG00000120686,Stim8hr,712.0,1032,1247,2279,-32.61166047102845,True,247.1373231899076,False,>10 DE genes,on-target KD
1548,UGDH,0.2031087530832685,0.1338247610202094,0.7019144457765681,0.6301662931262315,ENSG00000109814,Stim8hr,278.0,84,110,194,-9.350648242309404,True,45.5116804598263,False,>10 DE genes,on-target KD
1549,UHRF1,0.24251142359281405,0.2312880016147028,0.6205763167945229,0.5298929741030527,ENSG00000276043,Stim8hr,223.0,372,39,411,-1.8982465693233497,False,184.53301675029667,False,>10 DE genes,no on-target KD
1550,ULK4,0.033541530518255966,0.0197292286604072,0.3706536810221017,0.1468513035003566,ENSG00000168038,Stim8hr,721.0,81,17,98,-8.332477143112593,True,14.138449393075472,False,>10 DE genes,on-target KD
1551,UMPS,0.25157176137743226,0.1431762719423743,0.7664372776094152,0.7170597485542125,ENSG00000114491,Stim8hr,116.0,473,194,667,0.0,False,,False,>10 DE genes,no on-target KD
1552,UNC45A,0.11168449452445857,0.0929448648544052,0.8022336129117332,0.7796653368614039,ENSG00000140553,Stim8hr,53.0,61,54,115,-4.216284871162007,True,34.73837682891661,False,>10 DE genes,on-target KD
1553,UNCX,0.11570391380391824,-0.0314585332811008,0.7725841052194166,0.7510576878877515,ENSG00000164853,Stim8hr,85.0,90,108,198,0.0,False,,False,>10 DE genes,no on-target KD
1554,UPF2,0.25216983266819976,0.193920884812793,0.7996892338800228,0.7909054716504484,ENSG00000151461,Stim8hr,101.0,486,189,675,-6.611102921892108,True,104.67632013986098,False,>10 DE genes,on-target KD
1555,UQCC1,0.09804649297655922,0.0486235414159684,0.5866953637273246,0.5279007303030443,ENSG00000101019,Stim8hr,282.0,103,50,153,-13.70820652042567,True,82.04623639039221,False,>10 DE genes,on-target KD
1556,UQCRB,0.15503421895486147,0.103956850942064,0.8416616471984367,0.7994648798607565,ENSG00000156467,Stim8hr,224.0,281,159,440,-10.83508944467314,True,72.08098934379804,False,>10 DE genes,on-target KD
1557,UQCRC1,0.452492387864522,0.3069941754996309,0.7472913589786169,0.7087646071132602,ENSG00000010256,Stim8hr,74.0,192,71,263,-9.066976782654502,True,194.58295518978107,False,>10 DE genes,on-target KD
1558,UQCRC2,0.1333945273997277,0.0950180628140507,0.8434561933023126,0.7204148689292504,ENSG00000140740,Stim8hr,172.0,117,60,177,-12.011138473258692,True,110.78137119525805,False,>10 DE genes,on-target KD
1559,UQCRQ,0.22448452287984919,0.1935728161709451,0.6540450112604065,0.6115263482894531,ENSG00000164405,Stim8hr,247.0,133,75,208,-10.4673350537429,True,103.03425625776272,False,>10 DE genes,on-target KD
1560,URB2,0.17397540456747704,0.0330557152284781,0.18160225668945826,0.1495010475211353,ENSG00000135763,Stim8hr,119.0,53,8,61,-5.575301174582743,True,54.193520041599776,True,>10 DE genes,on-target KD
1561,URM1,0.2635427664458336,0.2295901704327481,0.8468362546894168,0.8209534910984645,ENSG00000167118,Stim8hr,297.0,213,225,438,-12.230295854077614,True,50.60625678455312,False,>10 DE genes,on-target KD
1562,UROS,0.06441972815000507,0.0325820288913147,0.633725093814939,0.5040673135226491,ENSG00000188690,Stim8hr,247.0,86,47,133,-11.832904876037258,True,83.64291257513202,True,>10 DE genes,on-target KD
1563,USF2,0.04141973785590333,0.0278541797063863,0.7949724537886246,0.7505936371930306,ENSG00000105698,Stim8hr,1253.0,53,46,99,-20.06852994219219,True,153.61477906911577,False,>10 DE genes,on-target KD
1564,USO1,0.24297450489822314,0.1568796288432597,0.7505495009576754,0.7330423561803069,ENSG00000138768,Stim8hr,144.0,954,428,1382,-9.672322908212452,True,81.48249910380163,False,>10 DE genes,on-target KD
1565,USP10,0.10164112447057506,0.0290455207341595,0.8495056710039011,0.827928198792138,ENSG00000103194,Stim8hr,293.0,68,51,119,-19.218349544622573,True,152.2262994226381,False,>10 DE genes,on-target KD
1566,USP22,0.33884813555290405,0.3129400908993201,0.7993855045225224,0.7801252888033148,ENSG00000124422,Stim8hr,1371.0,1667,714,2381,-25.18999757044618,True,60.33919057713685,False,>10 DE genes,on-target KD
1567,USP36,0.21565020529040155,0.0935415665629336,0.6498472875094019,0.6249569784038282,ENSG00000055483,Stim8hr,75.0,65,33,98,-3.401902296604592,True,72.71272073490296,False,>10 DE genes,on-target KD
1568,USP7,0.250791042158895,0.1589431804057142,0.6856720416090455,0.6384019773159203,ENSG00000187555,Stim8hr,178.0,1173,364,1537,-8.9863651322168,True,55.32420742367594,False,>10 DE genes,on-target KD
1569,UVRAG,0.1288316815798828,0.1061629117991798,0.6186037198042681,0.5502240510512336,ENSG00000198382,Stim8hr,109.0,420,109,529,-3.717538165514561,True,14.909672236434744,False,>10 DE genes,on-target KD
1570,VARS2,0.21994000717372755,0.2095119739787074,0.685241571625247,0.6541864581316724,ENSG00000137411,Stim8hr,328.0,465,319,784,-9.7362527455745,True,43.50525146229668,False,>10 DE genes,on-target KD
1571,VAV1,0.49796973290586277,0.3937149181619126,0.7763124671986135,0.7114374374949585,ENSG00000141968,Stim8hr,504.0,3303,1595,4898,-15.097187610756944,True,72.46662038046257,False,>10 DE genes,on-target KD
1572,VEZF1,0.14398092006681887,0.0682197879434776,0.858009559789121,0.8048656728199863,ENSG00000136451,Stim8hr,413.0,19,23,42,-14.498702965907311,True,56.89239561204749,False,>10 DE genes,on-target KD
1573,VEZT,0.30262245301211815,0.2805139790525748,0.7912258519780925,0.776883429750969,ENSG00000028203,Stim8hr,127.0,129,167,296,-6.026973410840513,True,45.75413948418468,False,>10 DE genes,on-target KD
1574,VHL,0.28777194016698393,0.2792238156548365,0.9056781975810563,0.8993495385693108,ENSG00000134086,Stim8hr,818.0,190,27,217,-21.801265699700664,True,93.67293139703644,False,>10 DE genes,on-target KD
1575,VIM,-0.06593409224110147,-0.1323872500347253,-0.0989435262842937,-0.2248273778941046,ENSG00000026025,Stim8hr,4299.0,28,10,38,-9.14880098416416,True,961.376313698895,False,>10 DE genes,on-target KD
1576,VPS26B,0.0697796282364805,0.0082703411226273,0.4342541091801309,0.2926546523065804,ENSG00000151502,Stim8hr,259.0,136,41,177,-12.405815632686815,True,64.57732902367927,True,>10 DE genes,on-target KD
1577,VPS29,0.1263666929945102,0.0629869171651041,0.8475370023490255,0.8249847409004604,ENSG00000111237,Stim8hr,171.0,297,163,460,-2.7155292853747484,True,4.986363609736704,False,>10 DE genes,on-target KD
1578,VPS35,0.07711736535036473,0.0216235765050454,0.7895477893563324,0.7561053879214812,ENSG00000069329,Stim8hr,204.0,196,70,266,-10.695483472404897,True,63.36217199517029,True,>10 DE genes,on-target KD
1579,VPS41,0.03469269631401107,-0.0626533295092088,0.772413226848618,0.7292859288067071,ENSG00000006715,Stim8hr,104.0,62,11,73,-6.144185248592176,True,40.47753319686374,False,>10 DE genes,on-target KD
1580,VPS45,0.39955114867643476,0.2932443895611463,0.7229229171038297,0.6452613038176287,ENSG00000136631,Stim8hr,127.0,47,32,79,-7.919370801514887,True,55.66347406666312,False,>10 DE genes,on-target KD
1581,WAC,0.35167635897476685,0.3283019411245602,0.8078018710438757,0.7972894931281025,ENSG00000095787,Stim8hr,412.0,975,1501,2476,-7.912762706010021,True,19.352730017348136,False,>10 DE genes,on-target KD
1582,WAPL,0.2549329947985407,0.1111219477573996,0.6741277761755211,0.6325267700634132,ENSG00000062650,Stim8hr,68.0,668,208,876,-5.274157744120465,True,98.74741752566857,False,>10 DE genes,on-target KD
1583,WARS,0.144500040663652,0.1046007152233105,0.8228966424503996,0.7340294441989417,ENSG00000140105,Stim8hr,456.0,140,20,160,-22.084561916633085,True,435.62660358716585,True,>10 DE genes,on-target KD
1584,WARS2,0.08558985226863706,0.0533432437292178,0.7737960060697703,0.7384704955516188,ENSG00000116874,Stim8hr,582.0,46,22,68,-12.685558606627392,True,28.563684674480445,False,>10 DE genes,on-target KD
1585,WAS,0.10511874799097287,0.0703140322539699,0.6661347574943269,0.6145789143636964,ENSG00000015285,Stim8hr,522.0,353,142,495,-19.75045266723372,True,85.42023950586757,False,>10 DE genes,on-target KD
1586,WASF2,0.11469898229322602,0.0701842325970239,0.8286176737031751,0.7594175429824194,ENSG00000158195,Stim8hr,915.0,24,18,42,-20.61619701403308,True,75.19212148604109,False,>10 DE genes,on-target KD
1587,WASL,0.03132949300503587,0.0232783775110323,0.531684364991003,0.5086495254507545,ENSG00000106299,Stim8hr,1176.0,46,4,50,-11.205432820397416,True,11.779301389409234,False,>10 DE genes,on-target KD
1588,WBP4,0.047496825705515104,0.0205570188415605,0.6561007774342541,0.6082226727947466,ENSG00000120688,Stim8hr,188.0,132,71,203,-9.594524744448645,True,55.76580454741786,False,>10 DE genes,on-target KD
1589,WDR24,0.0579444333930464,-6.795968221859584e-05,0.49973308638196307,0.2960708736425866,ENSG00000127580,Stim8hr,138.0,100,29,129,-5.989888764069207,True,33.92415790344518,False,>10 DE genes,on-target KD
1590,WDR44,0.17621173015961258,0.1727376650732783,0.8638843292422013,0.8254658633332396,ENSG00000131725,Stim8hr,164.0,29,56,85,-4.819992980632826,True,16.361508144112737,False,>10 DE genes,on-target KD
1591,WDR48,0.16662229020172778,0.1560427443438593,0.8316942366572988,0.8203670799602216,ENSG00000114742,Stim8hr,162.0,37,30,67,-7.3300729107288465,True,35.508084455154936,False,>10 DE genes,on-target KD
1592,WDR54,-0.0316428003039054,-0.0810433120911708,0.20822875117842934,0.1065952529725057,ENSG00000005448,Stim8hr,1322.0,88,15,103,-11.332800335164752,True,13.256623935692089,False,>10 DE genes,on-target KD
1593,WDR59,0.20948332998745042,0.1948905014688586,0.755038581686898,0.7365336625617837,ENSG00000103091,Stim8hr,290.0,685,273,958,-9.754863276755612,True,47.674700598839024,False,>10 DE genes,on-target KD
1594,WDR61,0.2651311819791602,0.0495255798601739,0.7611199373820057,0.6926240394817785,ENSG00000140395,Stim8hr,77.0,773,762,1535,-5.57708321770964,True,55.5441572413049,False,>10 DE genes,on-target KD
1595,WDR7,0.07778527395791907,-0.0051621477502184,0.8223936273767648,0.7564519832939489,ENSG00000091157,Stim8hr,85.0,37,16,53,-2.054302170659248,True,6.212598138955499,False,>10 DE genes,on-target KD
1596,WDR82,0.46518088651018,0.4232584193452159,0.8330098064829762,0.8153695917441458,ENSG00000164091,Stim8hr,394.0,1125,667,1792,-20.873010958667248,True,233.42040421917648,False,>10 DE genes,on-target KD
1597,WDR92,-0.0084500875557608,-0.0781559067147109,-0.2072284874977058,-0.4321788485229261,ENSG00000243667,Stim8hr,70.0,43,2,45,-2.5327347315613107,False,11.740997125392452,False,>10 DE genes,no on-target KD
1598,WIZ,0.23365148973921065,0.1994607477385563,0.8515731995192778,0.839251354008324,ENSG00000011451,Stim8hr,1022.0,334,319,653,-20.716349288489024,True,98.02489162999989,False,>10 DE genes,on-target KD
1599,WNK1,0.09755165309367424,0.076474327836504,0.5532543498042806,0.4918067131893479,ENSG00000060237,Stim8hr,566.0,244,133,377,-19.935042867733213,True,138.8462445504131,False,>10 DE genes,on-target KD
1600,WRAP53,0.12727224529178963,0.0919454417549177,0.7581375990400011,0.7057091911508525,ENSG00000141499,Stim8hr,497.0,67,92,159,-10.972806778532924,True,28.82542382967704,True,>10 DE genes,on-target KD
1601,WRB,0.12156855560808948,-0.0511677170352609,0.707285999449747,0.6548637040380909,ENSG00000182093,Stim8hr,65.0,93,72,165,-4.405935111107311,True,36.411964888279805,False,>10 DE genes,on-target KD
1602,WRN,-0.008516187095523398,-0.108999511872304,-0.134530884763777,-0.397567518588655,ENSG00000165392,Stim8hr,1762.0,25,6,31,-23.810426731411763,True,69.43699529292095,False,>10 DE genes,on-target KD
1603,XBP1,0.09164604298887787,0.0504600052247942,0.7709000072195308,0.6621427213553209,ENSG00000100219,Stim8hr,884.0,36,202,238,-21.359689012211213,True,93.22264029514112,False,>10 DE genes,on-target KD
1604,XIAP,0.1929106729643999,0.1116330960625691,0.7892964001737303,0.7559805738782015,ENSG00000101966,Stim8hr,170.0,57,8,65,-6.657302194537452,True,46.32758059945837,False,>10 DE genes,on-target KD
1605,XPR1,0.1506837541475918,0.1196954841919279,0.6667336585110292,0.6158937477142501,ENSG00000143324,Stim8hr,503.0,458,356,814,-13.26430348082514,True,40.0608430736939,False,>10 DE genes,on-target KD
1606,XRCC2,0.06809676713009767,0.0373139199550842,0.5059893884408754,0.427409690888029,ENSG00000196584,Stim8hr,159.0,420,73,493,-4.195356813137808,True,19.76117463722481,False,>10 DE genes,on-target KD
1607,XRN1,0.05666077782013199,0.0510213681288534,0.5819237261054712,0.5549653223036821,ENSG00000114127,Stim8hr,237.0,379,69,448,-10.555965922319585,True,113.15846187032118,False,>10 DE genes,on-target KD
1608,XRRA1,0.2741435581703453,0.1871506478935051,0.714021130180371,0.552213398122459,ENSG00000166435,Stim8hr,466.0,1565,559,2124,-8.250793230696582,True,16.69839179713243,True,>10 DE genes,on-target KD
1609,YBX1,0.08316491453036767,0.0723878444656947,0.7839597122497605,0.7348436393779553,ENSG00000065978,Stim8hr,71.0,22,10,32,-9.404906035510471,True,336.94805603692686,False,>10 DE genes,on-target KD
1610,YEATS2,0.1625884954733915,0.1343953802486488,0.7209512851088681,0.6888152280274921,ENSG00000163872,Stim8hr,150.0,236,269,505,-6.608798576433839,True,42.83989662542996,False,>10 DE genes,on-target KD
1611,YES1,0.1221678892715853,0.1097975610220985,0.706822666528172,0.668707360583714,ENSG00000176105,Stim8hr,253.0,33,11,44,-8.292494515435774,True,30.32563727282777,False,>10 DE genes,on-target KD
1612,YIPF1,0.014745966095864203,-0.0676154240732403,0.6129929060210088,0.5133656421893296,ENSG00000058799,Stim8hr,2035.0,64,28,92,-14.298995908803644,True,14.824556849815576,False,>10 DE genes,on-target KD
1613,YPEL2,0.14299579171076682,0.0647700807328982,0.8599352257868397,0.8011491046960051,ENSG00000175155,Stim8hr,729.0,83,43,126,-6.778839977751313,True,12.86518824262429,False,>10 DE genes,on-target KD
1614,YPEL5,-0.0484288387370323,-0.0745594553258533,0.344593696686664,0.2870092627383119,ENSG00000119801,Stim8hr,338.0,29,9,38,-7.83654041521626,True,25.5332796761141,False,>10 DE genes,on-target KD
1615,YTHDF2,0.21840933477893643,0.1574771521951767,0.7836393616691066,0.7545447751251773,ENSG00000198492,Stim8hr,498.0,894,590,1484,-27.67402235360341,True,186.33370007383,False,>10 DE genes,on-target KD
1616,YY1,0.17190249141244754,0.1669129022397593,0.743201011197497,0.7099130264706542,ENSG00000100811,Stim8hr,611.0,414,547,961,-14.912388623082444,True,86.44132852288209,False,>10 DE genes,on-target KD
1617,ZAP70,0.6577043518700229,0.5480753238837299,0.8491573129118457,0.8054267606763026,ENSG00000115085,Stim8hr,144.0,3321,1701,5022,-12.174402170204049,True,290.76530274686684,False,>10 DE genes,on-target KD
1618,ZBED1,0.02749772367596683,-0.0243028060612453,0.7526154053785072,0.6878190101604188,ENSG00000214717,Stim8hr,148.0,36,44,80,-7.2158959307101265,True,42.71487662725978,False,>10 DE genes,on-target KD
1619,ZBED3,0.485440292164737,0.4155158402103672,0.7311747884604402,0.6831181401755955,ENSG00000132846,Stim8hr,417.0,2959,1191,4150,-0.1806191173455316,False,0.2404342305518877,False,>10 DE genes,no on-target KD
1620,ZBTB1,0.17871279528676745,0.1674621964210432,0.8867748033315933,0.8735703318867718,ENSG00000126804,Stim8hr,416.0,73,46,119,-14.651081780216764,True,104.8089697229775,True,>10 DE genes,on-target KD
1621,ZBTB14,0.18356825913554942,0.1535786596160792,0.9090487351497002,0.885963147069492,ENSG00000198081,Stim8hr,141.0,57,29,86,-5.70006170167103,True,27.90346568304925,False,>10 DE genes,on-target KD
1622,ZBTB17,0.02946935522412687,-0.067276506537987,0.56789330243756,0.4899661592953976,ENSG00000116809,Stim8hr,108.0,72,31,103,-3.890945993786365,True,38.35150401040836,False,>10 DE genes,on-target KD
1623,ZBTB2,0.0284913705689271,-0.0239217117362191,0.7314362936730433,0.6912549773837333,ENSG00000181472,Stim8hr,660.0,12,26,38,-17.292254657295832,True,67.31652008168966,False,>10 DE genes,on-target KD
1624,ZBTB21,0.07246921772673316,0.0607644612411959,0.8486490314802208,0.7143201637130318,ENSG00000173276,Stim8hr,796.0,29,12,41,-12.938185306068648,True,49.660122471606,False,>10 DE genes,on-target KD
1625,ZBTB39,0.11733323021326365,0.0765389797046989,0.4967612923731808,0.4638379621282433,ENSG00000166860,Stim8hr,323.0,194,65,259,-7.977099686313591,True,24.53365679176195,False,>10 DE genes,on-target KD
1626,ZBTB44,0.11107898884498753,0.0172996554276811,0.546007953957114,0.4716734964367464,ENSG00000196323,Stim8hr,89.0,153,58,211,-6.946520667849085,True,67.71304959111339,False,>10 DE genes,on-target KD
1627,ZBTB7A,0.12315184004083761,0.0955478315695802,0.41962144984008676,0.316285874732347,ENSG00000178951,Stim8hr,731.0,163,58,221,-6.419756333688941,True,93.92714215556528,False,>10 DE genes,on-target KD
1628,ZC3H10,0.10161290150632818,0.0738808190349183,0.8081404108416653,0.7371719835302231,ENSG00000135482,Stim8hr,856.0,240,83,323,-11.371514768222836,True,18.64655537802217,True,>10 DE genes,on-target KD
1629,ZC3H12A,0.1400250657227127,0.1333532586444733,0.8664401939054446,0.8032855993961405,ENSG00000163874,Stim8hr,753.0,120,141,261,-7.238053867525023,True,47.89524111687778,False,>10 DE genes,on-target KD
1630,ZC3H3,0.07926377122499077,-0.0043533133186334,0.471323515024789,0.2859990711558265,ENSG00000014164,Stim8hr,182.0,197,34,231,-6.518501073406332,True,29.242607175549686,False,>10 DE genes,on-target KD
1631,ZC3H4,0.16073177806859026,0.1458311249024845,0.834183446765954,0.8271811393370241,ENSG00000130749,Stim8hr,489.0,226,51,277,-9.057831561040478,True,134.68509150183797,False,>10 DE genes,on-target KD
1632,ZCCHC17,0.12913667891645647,0.1169518643387787,0.8943505773913207,0.8806097513219259,ENSG00000121766,Stim8hr,461.0,35,40,75,-10.902404070138797,True,23.63205245917334,True,>10 DE genes,on-target KD
1633,ZCCHC24,0.05767920074089697,0.0319842703345185,0.8456391284968999,0.8339623798478062,ENSG00000165424,Stim8hr,876.0,18,14,32,-3.3464553607480827,True,1.823847796778963,False,>10 DE genes,on-target KD
1634,ZCCHC8,0.10695642136631996,0.0504101088856204,0.7353387210247808,0.7238652380326287,ENSG00000033030,Stim8hr,238.0,104,15,119,-7.119795307819605,True,27.38300273004877,False,>10 DE genes,on-target KD
1635,ZCRB1,0.36194550632255335,0.3090594852790048,0.7545152169037808,0.7178408984021359,ENSG00000139168,Stim8hr,99.0,104,22,126,-4.944611850180193,True,94.87671893080916,True,>10 DE genes,on-target KD
1636,ZCWPW1,-0.03387333074120764,-0.0711836370787411,0.24400272368691564,-0.0914664973870317,ENSG00000078487,Stim8hr,1112.0,26,7,33,-3.87814706674972,True,1.4936513419281248,True,>10 DE genes,on-target KD
1637,ZDHHC3,0.10944336126585426,0.0887319140123552,0.6980441475369497,0.6551817182813618,ENSG00000163812,Stim8hr,225.0,114,16,130,-7.36649494218252,True,62.847185462536586,True,>10 DE genes,on-target KD
1638,ZEB1,0.2636996629103432,0.218341549523637,0.8856817318730585,0.8490477346415749,ENSG00000148516,Stim8hr,989.0,163,53,216,-15.778813725195413,True,86.51604237044357,False,>10 DE genes,on-target KD
1639,ZFAT,0.1252450808485969,0.1102797640869161,0.45557237614224705,0.3512946010737964,ENSG00000066827,Stim8hr,635.0,23,71,94,-6.518661115276294,True,8.900183790697946,False,>10 DE genes,on-target KD
1640,ZFC3H1,0.24318448592792505,0.2345989514964268,0.7902850730434913,0.7707356442395088,ENSG00000133858,Stim8hr,181.0,476,115,591,-9.93535944785156,True,61.48600078642029,True,>10 DE genes,on-target KD
1641,ZFP36L2,0.0206315981182732,-0.0076235423572226,0.8377349362622235,0.8096085542834776,ENSG00000152518,Stim8hr,164.0,61,32,93,-9.066895845523485,True,111.04658866708496,False,>10 DE genes,on-target KD
1642,ZFP82,0.05829513923144839,0.012884525382878,0.22511729757556784,0.1459753767630769,ENSG00000181007,Stim8hr,790.0,34,21,55,-7.327491843709193,True,8.095148889089444,False,>10 DE genes,on-target KD
1643,ZFPM1,0.4417161987839046,0.4411275576629461,0.7359309998515563,0.7167479279156037,ENSG00000179588,Stim8hr,239.0,2749,763,3512,0.0,False,,False,>10 DE genes,no on-target KD
1644,ZFR,0.010499657340969965,-0.0168322320401581,0.705839205399711,0.5421429260996908,ENSG00000056097,Stim8hr,170.0,34,14,48,-11.060401020382724,True,159.7515532465618,False,>10 DE genes,on-target KD
1645,ZFX,0.2307405888318043,0.2011473165964196,0.7618511248797498,0.7409500076319581,ENSG00000005889,Stim8hr,130.0,104,157,261,-3.6843260386509793,True,28.659938224983783,False,>10 DE genes,on-target KD
1646,ZFYVE21,0.050499533038505205,0.0179720138236851,0.6219285987707258,0.5058736239409252,ENSG00000100711,Stim8hr,169.0,43,10,53,-7.102061752746391,True,30.487205357949783,False,>10 DE genes,on-target KD
1647,ZFYVE26,0.03801813693753033,0.0294717647404688,0.34195011713460755,0.2530956695932643,ENSG00000072121,Stim8hr,625.0,25,11,36,-3.752902655792775,True,6.689673350436762,False,>10 DE genes,on-target KD
1648,ZMAT1,-0.07527165880452283,-0.1003605191213442,0.16683816838547924,-0.044522104708176,ENSG00000166432,Stim8hr,1128.0,148,22,170,-1.7952307509774312,False,0.769178159731534,False,>10 DE genes,no on-target KD
1649,ZMYM2,-0.017463259278611535,-0.0442780846422835,0.41182517820036074,0.2541020607857203,ENSG00000121741,Stim8hr,900.0,156,149,305,-18.29199677801317,True,60.71331376842828,False,>10 DE genes,on-target KD
1650,ZMYND19,0.12131019297343347,0.0887397553937758,0.5542978675934974,0.4930471709858125,ENSG00000165724,Stim8hr,538.0,36,108,144,-9.183602336631644,True,108.39471687822078,False,>10 DE genes,on-target KD
1651,ZMYND8,0.14923102828797796,0.1377353987771242,0.9369106572703307,0.9192811331580786,ENSG00000101040,Stim8hr,882.0,26,29,55,-14.43937348243782,True,34.87260316246545,False,>10 DE genes,on-target KD
1652,ZNF12,0.0745833569783408,0.0328308583595012,0.7836101014281311,0.7492944255668992,ENSG00000164631,Stim8hr,473.0,16,26,42,-11.413298191234835,True,31.760679642523048,False,>10 DE genes,on-target KD
1653,ZNF131,0.05199897192409363,0.0285571229786143,0.7337170871008384,0.5699356624259923,ENSG00000172262,Stim8hr,82.0,51,28,79,-4.109063870921257,True,54.234793194777176,False,>10 DE genes,on-target KD
1654,ZNF142,0.13941398227304277,0.1241688695582734,0.6846108265067955,0.6747042786782123,ENSG00000115568,Stim8hr,394.0,347,132,479,-13.19504000511179,True,55.71260094445616,True,>10 DE genes,on-target KD
1655,ZNF148,0.0071041652206497675,-0.061015192474222,0.36530332152161354,0.3486660728048572,ENSG00000163848,Stim8hr,1096.0,303,292,595,-18.32829741335108,True,68.51865627243797,False,>10 DE genes,on-target KD
1656,ZNF154,0.05044620968332394,0.0448192334592317,0.4134146779270145,0.388138195332417,ENSG00000179909,Stim8hr,658.0,86,14,100,-0.6655588495221977,False,0.2451974912061627,False,>10 DE genes,no on-target KD
1657,ZNF177,-0.030145641340862034,-0.0411481738688767,0.4599052784610957,0.3938166692257067,ENSG00000188629,Stim8hr,889.0,34,5,39,-1.8538443924071863,False,0.5058068983226014,True,>10 DE genes,putative off-target
1658,ZNF200,0.07662518210660396,0.0608025165319186,0.8348092497416305,0.8276087190621876,ENSG00000010539,Stim8hr,930.0,51,3,54,-11.487172442369763,True,16.437301496844913,False,>10 DE genes,on-target KD
1659,ZNF236,0.13687573304050563,-0.0269064657164881,0.5097149027279609,0.3835393807850224,ENSG00000130856,Stim8hr,212.0,91,13,104,-1.2247647045035468,False,30.48518112328522,False,>10 DE genes,no on-target KD
1660,ZNF274,0.21706876727213997,0.1987699644535854,0.8934273752434164,0.8671556377213312,ENSG00000171606,Stim8hr,570.0,144,8,152,-7.668669453002058,True,11.638058151151853,False,>10 DE genes,on-target KD
1661,ZNF280D,-0.0376989158587889,-0.0760495537182273,0.34060147377239924,0.1065486518101741,ENSG00000137871,Stim8hr,1042.0,123,23,146,-16.84676101378061,True,28.98496825710928,False,>10 DE genes,on-target KD
1662,ZNF384,0.09695096877626157,0.0494355705702681,0.8837490353357603,0.8112284052513884,ENSG00000126746,Stim8hr,803.0,17,19,36,-20.522631701062995,True,69.27558144847873,False,>10 DE genes,on-target KD
1663,ZNF43,0.0395080895718362,0.0080650050725462,0.15529786177735883,-0.0764356169696137,ENSG00000198521,Stim8hr,476.0,36,6,42,-4.672489972140781,True,4.98311101839907,False,>10 DE genes,on-target KD
1664,ZNF507,0.04876738253221613,0.0175611113354231,0.8288553780346882,0.7375363049681128,ENSG00000168813,Stim8hr,501.0,31,6,37,-16.034008699301584,True,57.92433666233799,False,>10 DE genes,on-target KD
1665,ZNF518A,-0.034817937609522065,-0.063083505218881,0.3419929685718494,0.2670842568758657,ENSG00000177853,Stim8hr,494.0,25,16,41,-2.659754228699688,False,11.141769548272984,False,>10 DE genes,no on-target KD
1666,ZNF554,0.09536601316690786,0.0712184335137214,0.7882870728876711,0.6719044808120846,ENSG00000172006,Stim8hr,493.0,184,35,219,-3.2749419050943183,True,2.7601928266248805,False,>10 DE genes,on-target KD
1667,ZNF559,0.14244552138220393,0.1316303124564833,0.771749218582777,0.7442910900509455,ENSG00000188321,Stim8hr,157.0,43,7,50,-2.998422113708638,False,7.729230802794654,False,>10 DE genes,no on-target KD
1668,ZNF574,0.1847136947750625,0.139705694017626,0.5428149754392,0.5179708099678679,ENSG00000105732,Stim8hr,92.0,59,28,87,-2.844943801329056,False,18.16044571397306,False,>10 DE genes,no on-target KD
1669,ZNF587B,0.041959600899299974,0.0142036242123052,-0.3945176860810517,-0.5554573987315656,ENSG00000269343,Stim8hr,420.0,46,1,47,-0.7670402741038821,False,37.51106948455323,False,>10 DE genes,no on-target KD
1670,ZNF607,0.036475995705650334,0.0224903956936784,-0.45095136733530844,-0.500836925345921,ENSG00000198182,Stim8hr,705.0,49,2,51,-2.9791453037657294,False,1.3002601067572432,False,>10 DE genes,no on-target KD
1671,ZNF608,0.0069473617980074,-0.0013860216076485,0.1892012320129203,0.0349872132667762,ENSG00000168916,Stim8hr,809.0,113,22,135,0.0,False,,False,>10 DE genes,no on-target KD
1672,ZNF613,-0.04330837030017126,-0.0845456492881343,0.11011169446002118,-0.0068294121067043,ENSG00000176024,Stim8hr,845.0,1170,451,1621,-7.779799912952401,True,7.50013080581305,False,>10 DE genes,on-target KD
1673,ZNF628,0.06416511923951577,-0.1154987212220715,0.7206153527742254,0.6775534072320063,ENSG00000197483,Stim8hr,155.0,17,14,31,-3.041158246065483,False,6.955212787691571,False,>10 DE genes,no on-target KD
1674,ZNF641,0.07121006340388956,0.0062966304938968,0.7565387421171761,0.5624720235453137,ENSG00000167528,Stim8hr,742.0,54,42,96,-7.825804345469685,True,8.952281094211594,False,>10 DE genes,on-target KD
1675,ZNF644,0.16299956957326783,0.1242657092748657,0.8280385368966999,0.789961575447215,ENSG00000122482,Stim8hr,636.0,135,140,275,-29.70711410298927,True,171.15951036530404,False,>10 DE genes,on-target KD
1676,ZNF649,-0.00047851978386839744,-0.0366439184296025,0.39979664497149736,0.2574782431491461,ENSG00000198093,Stim8hr,691.0,119,162,281,-6.934651419355448,True,10.972609889662657,False,>10 DE genes,on-target KD
1677,ZNF655,0.09532965668503353,0.02635315170477,0.8851456897834256,0.8436452374257182,ENSG00000197343,Stim8hr,383.0,22,14,36,-15.700012743412586,True,67.3434723958416,False,>10 DE genes,on-target KD
1678,ZNF703,0.2751938934504738,0.2221931394602061,0.7296921537613491,0.7150481566890489,ENSG00000183779,Stim8hr,109.0,371,102,473,0.0,False,,False,>10 DE genes,no on-target KD
1679,ZNF710,0.24446825722988078,0.1721310204246874,0.7937188261276678,0.7594873252835384,ENSG00000140548,Stim8hr,99.0,73,177,250,-1.692174375731091,True,5.685445626991863,False,>10 DE genes,on-target KD
1680,ZNF776,0.08963096745558963,0.0675366781777783,0.30315168282464183,0.1458404805191325,ENSG00000152443,Stim8hr,90.0,59,6,65,-2.273684634015067,False,8.431956460113645,False,>10 DE genes,no on-target KD
1681,ZNF781,0.10389189478525286,0.0761081333309989,0.7830522038785723,0.6957124621264205,ENSG00000196381,Stim8hr,706.0,18,97,115,0.0,False,,False,>10 DE genes,no on-target KD
1682,ZNF787,0.11722147867228366,0.0624546646756693,0.9249168704517814,0.8882900767540949,ENSG00000142409,Stim8hr,249.0,32,7,39,-3.526787953704713,False,6.04514899719875,False,>10 DE genes,no on-target KD
1683,ZNF790,0.09788490492540458,0.0142853935349016,0.44639649609745424,-0.0148311556774198,ENSG00000197863,Stim8hr,580.0,262,15,277,-4.258542415856351,True,4.485647876735775,False,>10 DE genes,on-target KD
1684,ZNF829,-0.0183420053355027,-0.034435219377016,0.30075775327387594,0.2825152725089766,ENSG00000185869,Stim8hr,1362.0,100,16,116,-5.524440447881632,True,2.580545572464345,True,>10 DE genes,on-target KD
1685,ZNF92,0.018116964674826333,-0.0012833633825234,0.19178942791933418,0.0262781129187247,ENSG00000146757,Stim8hr,870.0,211,131,342,-13.126262724627514,True,22.227433520049104,False,>10 DE genes,on-target KD
1686,ZNF93,-0.0053240690728118675,-0.028611475736475,-0.4071239853988721,-0.5111764788779353,ENSG00000184635,Stim8hr,235.0,63,2,65,0.0,False,,False,>10 DE genes,no on-target KD
1687,ZNF99,-0.027054442598655932,-0.0404939524614131,-0.16750205879088573,-0.3927051667857114,ENSG00000213973,Stim8hr,371.0,42,9,51,0.0,False,,False,>10 DE genes,no on-target KD
1688,ZNHIT3,0.31190760877245344,0.2813505015878685,0.7576744800444803,0.7305174452078277,ENSG00000273611,Stim8hr,74.0,275,215,490,0.0,False,,False,>10 DE genes,no on-target KD
1689,ZPR1,0.025252171259725134,-0.018688225290129,0.3402001507777457,0.0705498009504349,ENSG00000109917,Stim8hr,72.0,19,22,41,-2.455215767039264,False,82.70644717809503,False,>10 DE genes,no on-target KD
1690,ZRANB2,0.0233567765386816,-0.063777652437735,0.8400980619488898,0.8126286259822053,ENSG00000132485,Stim8hr,261.0,52,78,130,-16.846597974775676,True,140.28176746371824,False,>10 DE genes,on-target KD
1691,ZRSR2,0.1360491165727369,0.1154775374190163,0.760144339039754,0.7016590027642163,ENSG00000169249,Stim8hr,196.0,218,206,424,-6.015884054538225,True,21.55795284121117,False,>10 DE genes,on-target KD
1692,ZSCAN23,0.05042639519040113,-0.0173195128540753,0.04362579282054524,-0.1796519928055363,ENSG00000187987,Stim8hr,863.0,72,5,77,-0.696751173274427,False,0.2065567839054715,False,>10 DE genes,no on-target KD
1693,ZWINT,0.28601460015142216,0.1549218200615237,0.7304337274010719,0.661018125344575,ENSG00000122952,Stim8hr,70.0,66,68,134,-5.880574268827999,True,78.57232091255307,False,>10 DE genes,on-target KD
0,A2M,0.0289270373276455,0.0127266357938967,0.907425548253955,0.852365332597591,ENSG00000175899,Stim48hr,236.0,32,13,45,0.0,False,,False,>10 DE genes,no on-target KD
1,AASDH,0.0987444099191785,0.0673492936562775,0.746629907480686,0.7070177081040877,ENSG00000157426,Stim48hr,515.0,52,49,101,-9.8218918958629,True,24.799402180935843,False,>10 DE genes,on-target KD
2,ABCA3,0.0753510893417063,0.0278743518589912,0.4520689728756225,0.3195883903816507,ENSG00000167972,Stim48hr,120.0,138,47,185,-3.590194404121922,True,12.916676524573385,False,>10 DE genes,on-target KD
3,ABCA5,0.04897713819010271,0.0452725625809004,0.2184919906598621,0.0480589272789212,ENSG00000154265,Stim48hr,843.0,33,2,35,-11.156132033794076,True,19.828870629174965,False,>10 DE genes,on-target KD
4,ABCC1,0.08838909238206133,0.0628093619951432,0.8839728075318706,0.8238892830807352,ENSG00000103222,Stim48hr,540.0,14,23,37,-19.15717134086624,True,150.7945581219339,False,>10 DE genes,on-target KD
5,ABCC4,0.130632420212711,0.0589809776173129,0.684393452079655,0.5985425716186797,ENSG00000125257,Stim48hr,165.0,29,6,35,-4.146111810447271,True,18.41239920236114,False,>10 DE genes,on-target KD
6,ABHD13,0.062058410390494666,0.0279850625038043,0.20018037683779658,-0.1905284414370603,ENSG00000139826,Stim48hr,706.0,36,34,70,-8.610639786678513,True,14.237629007955691,False,>10 DE genes,on-target KD
7,ABHD17A,0.12065020439985057,0.1183840753644159,0.9127317219584427,0.892111871398515,ENSG00000129968,Stim48hr,439.0,40,27,67,0.0,False,,False,>10 DE genes,no on-target KD
8,ACACA,0.0850449657066722,0.0619164600775313,0.8312625624717599,0.8135589394007617,ENSG00000278540,Stim48hr,904.0,400,513,913,-20.43050566625164,True,64.12811339756887,False,>10 DE genes,on-target KD
9,ACAD11,0.08360124218397828,0.0653289911576816,0.7707770064737253,0.7485097018292354,ENSG00000240303,Stim48hr,366.0,125,45,170,-8.946814157951534,True,23.689149197160333,True,>10 DE genes,on-target KD
10,ACAD9,0.15144931260700942,0.1439911525575112,0.85008794709747,0.837087929987481,ENSG00000177646,Stim48hr,688.0,296,311,607,-13.76778940119318,True,35.73193435248605,False,>10 DE genes,on-target KD
11,ACLY,0.34774125568334946,0.3456251912444207,0.7842797689239841,0.7746815188486184,ENSG00000131473,Stim48hr,282.0,1436,996,2432,-17.329000580256267,True,130.27306104933706,False,>10 DE genes,on-target KD
12,ACOT7,0.17792076807504234,0.1032874823231282,0.8066728461833469,0.7860800630146926,ENSG00000097021,Stim48hr,448.0,583,262,845,-8.368006158280217,True,55.7782704626759,False,>10 DE genes,on-target KD
13,ACSL1,0.0402925468915785,0.0275614556764914,0.8272261075005668,0.8226377701417866,ENSG00000151726,Stim48hr,191.0,74,36,110,-5.863651083620514,True,62.18522995134784,False,>10 DE genes,on-target KD
14,ACSL3,0.041363834116152166,0.0128647770255902,0.7317666619813846,0.6837812669567912,ENSG00000123983,Stim48hr,585.0,20,34,54,-16.87301689443855,True,65.7690979843036,False,>10 DE genes,on-target KD
15,ACTB,0.16143727411556605,0.1479400241980859,0.8412067741965207,0.7919433278296246,ENSG00000075624,Stim48hr,705.0,73,21,94,0.0,False,,False,>10 DE genes,no on-target KD
16,ACTR2,0.16987176784987593,0.1222668668576985,0.6460058213844712,0.6137126512057038,ENSG00000138071,Stim48hr,164.0,662,387,1049,-17.546190766612302,True,281.4617282546469,False,>10 DE genes,on-target KD
17,ACTR3,0.0360172477989145,-0.0022154739805127,0.796269151089389,0.7685953512789219,ENSG00000115091,Stim48hr,207.0,88,29,117,-6.552494204687509,True,96.91165836139857,False,>10 DE genes,on-target KD
18,ACTR5,0.08980388499335407,0.080302101705342,0.5606094762441766,0.535616435685337,ENSG00000101442,Stim48hr,1105.0,211,163,374,-10.505817096565808,True,13.336898632700548,False,>10 DE genes,on-target KD
19,ACTR8,0.3427003500603614,0.2527154797140701,0.7750602893605913,0.7537096204997411,ENSG00000113812,Stim48hr,90.0,387,251,638,-4.690862919820368,True,54.81339206192892,True,>10 DE genes,on-target KD
20,ACYP2,0.022204071777160935,0.0152711780347529,0.7137084291091442,0.6900145894848573,ENSG00000170634,Stim48hr,639.0,260,142,402,-7.496609350266064,True,31.233555638063496,False,>10 DE genes,on-target KD
21,ADAM19,0.0129698449637035,-0.0626955529439827,0.33069186837273395,0.1287776133900023,ENSG00000135074,Stim48hr,161.0,303,146,449,-6.240291494839422,True,776.1863007737439,False,>10 DE genes,on-target KD
22,ADAT2,0.17071740783805409,0.1541183865849993,0.6507433524047112,0.5887161722427667,ENSG00000189007,Stim48hr,333.0,120,73,193,-8.209722591239778,True,43.9929724508044,True,>10 DE genes,on-target KD
23,ADAT3,0.17656203472849474,0.1555611011342407,0.7592757581678337,0.7094525882239708,ENSG00000213638,Stim48hr,292.0,337,176,513,0.0,False,,False,>10 DE genes,no on-target KD
24,ADCY4,0.1312445119823196,0.1229940075637943,0.19859697895421605,0.0822503131690492,ENSG00000129467,Stim48hr,405.0,146,75,221,-1.0074706364046295,True,0.7965452091921384,False,>10 DE genes,on-target KD
25,ADGRG5,0.15966992281191386,0.1052913948880718,0.5201565542999395,0.019000689151416,ENSG00000159618,Stim48hr,440.0,23,13,36,-7.991113411618481,True,53.11501728688424,False,>10 DE genes,on-target KD
26,ADHFE1,0.15099254728658865,0.1206386871350018,0.8775105307769037,0.8760252255839703,ENSG00000147576,Stim48hr,99.0,94,90,184,-1.228004589226757,True,2.5347727386002568,False,>10 DE genes,on-target KD
27,ADNP,0.09389613762218857,0.0631886835950275,0.6977187188728801,0.6427911237130188,ENSG00000101126,Stim48hr,1151.0,30,12,42,-19.242256682901903,True,55.40593641770352,False,>10 DE genes,on-target KD
28,ADNP2,0.1756429769312118,0.1252338665914611,0.8609174572361346,0.8108241417534477,ENSG00000101544,Stim48hr,1307.0,55,42,97,-28.927028333210835,True,75.39107125817101,False,>10 DE genes,on-target KD
29,ADPRM,0.1109073869831592,0.083062539381004,0.8039192798642146,0.7912991405457027,ENSG00000170222,Stim48hr,736.0,209,251,460,-9.30627515519959,True,15.785907347551408,True,>10 DE genes,on-target KD
30,AEBP2,0.13851286204642443,0.0214194031655858,0.7467882091498758,0.7001438887014126,ENSG00000139154,Stim48hr,575.0,227,283,510,-23.311349888781063,True,147.56524295819463,False,>10 DE genes,on-target KD
31,AHR,0.4579701524037947,0.4418257688279497,0.8501117876841393,0.8239185764230356,ENSG00000106546,Stim48hr,1260.0,1141,681,1822,-15.61920191067684,True,95.90368745536774,False,>10 DE genes,on-target KD
32,AIFM1,0.24599569449231184,0.2258527709467312,0.7051049948057058,0.6532768907531148,ENSG00000156709,Stim48hr,102.0,545,453,998,-7.33423051794611,True,93.3409917226674,True,>10 DE genes,on-target KD
33,AIP,0.18133540365453013,0.1716851104267479,0.8454582068787575,0.8021122450744903,ENSG00000110711,Stim48hr,504.0,127,122,249,-23.850459093098088,True,280.94014636418234,False,>10 DE genes,on-target KD
34,AK3,0.01899096276955777,-0.0096842379814267,0.16934231374270903,0.0891747760639591,ENSG00000147853,Stim48hr,752.0,45,13,58,-15.020528450442978,True,33.50533635702556,False,>10 DE genes,on-target KD
35,AKAP17A,0.09076792553189321,0.055170541016679,0.12619981369564912,0.0734580066414943,ENSG00000197976,Stim48hr,881.0,25,61,86,-18.72200856480859,True,76.98549580641081,False,>10 DE genes,on-target KD
36,AKR1C1,0.08928914348554906,-0.0070263980525265,0.8292521496320919,0.8013380451200888,ENSG00000187134,Stim48hr,143.0,127,115,242,0.0,False,,False,>10 DE genes,no on-target KD
37,ALAD,0.10629602979866715,0.0359258220999189,0.5186133675052137,0.4084654758718424,ENSG00000148218,Stim48hr,104.0,26,15,41,-4.265477153191684,True,21.068593908641503,False,>10 DE genes,on-target KD
38,ALG12,0.07054384471442103,0.0305699974185245,0.8358165313220544,0.7013834066737694,ENSG00000182858,Stim48hr,604.0,48,8,56,-10.327551081311915,True,26.13577540566181,True,>10 DE genes,on-target KD
39,ALG5,0.07777479811299974,0.0267589198849197,0.8087942267355328,0.7222916371858799,ENSG00000120697,Stim48hr,304.0,21,14,35,-9.737920149359493,True,33.21414121145993,False,>10 DE genes,on-target KD
40,ALG6,0.10540461191127891,0.1003785698729366,0.8300999731789055,0.8199222085729014,ENSG00000088035,Stim48hr,653.0,176,157,333,-11.005779641292673,True,26.71827383847658,False,>10 DE genes,on-target KD
41,ALG8,0.1311672319928251,0.1096572109768638,0.8301447081003204,0.8245448636240014,ENSG00000159063,Stim48hr,558.0,372,435,807,-12.79653072599984,True,38.67899056536121,False,>10 DE genes,on-target KD
42,ALKBH2,0.13253766940568937,0.0304703595953058,0.2741739244064607,0.2657202386684966,ENSG00000189046,Stim48hr,344.0,75,22,97,-4.1860333891918415,True,8.032830753944529,False,>10 DE genes,on-target KD
43,AMBRA1,0.17010119741991755,0.0612635291554635,0.8317535290257879,0.7813866020465015,ENSG00000110497,Stim48hr,619.0,267,341,608,-14.572786545752669,True,39.2887690319581,False,>10 DE genes,on-target KD
44,AMD1,0.12897809620780276,0.1100319920633895,0.7839051296990114,0.7450171788277082,ENSG00000123505,Stim48hr,329.0,274,154,428,-13.161899720573857,True,70.35618101410863,False,>10 DE genes,on-target KD
45,ANAPC10,-0.03194175925317693,-0.0932926851379325,0.3161815693086712,0.1744776942187798,ENSG00000164162,Stim48hr,180.0,51,18,69,-3.034349937196162,False,16.144228044408024,False,>10 DE genes,no on-target KD
46,ANAPC11,0.08666435805139687,0.0269435276966693,-0.08911181433235855,-0.2854525422669173,ENSG00000141552,Stim48hr,68.0,31,3,34,-5.786815902769909,True,322.4055294127249,False,>10 DE genes,on-target KD
47,ANKRD49,0.11442871379826226,0.0888640067693584,0.7806849993827418,0.7636555147234861,ENSG00000168876,Stim48hr,133.0,204,150,354,-4.780707911760359,True,27.25896229180369,True,>10 DE genes,on-target KD
48,ANKRD61,0.028862939844094066,0.0093567381814343,0.5711227551362597,0.550342009778779,ENSG00000157999,Stim48hr,1001.0,568,609,1177,-0.1174970186142307,True,0.2130624251423347,False,>10 DE genes,on-target KD
49,ANP32B,0.08465200379488035,0.0626812629102291,0.8048935627491246,0.7575711823314387,ENSG00000136938,Stim48hr,312.0,23,8,31,-16.26184081985995,True,102.66045574385798,False,>10 DE genes,on-target KD
50,ANXA6,0.054384893843279436,-0.0176129050404536,0.7953908074312785,0.77240719968316,ENSG00000197043,Stim48hr,110.0,73,47,120,-21.12056975027068,True,668.442570268767,False,>10 DE genes,on-target KD
51,AP2A1,0.0990840588145931,0.0650170697788039,0.7203792617794195,0.6509825796372215,ENSG00000196961,Stim48hr,116.0,26,29,55,-10.215593169376136,True,146.66371791435245,False,>10 DE genes,on-target KD
52,AP2S1,-0.04060299877284473,-0.3113198338523623,0.6075188451477632,0.4709793401120529,ENSG00000042753,Stim48hr,60.0,19,14,33,-2.9544190662676,True,102.39974999600162,False,>10 DE genes,on-target KD
53,APEX1,0.10202262760831293,0.0889446376934657,0.6905001299591144,0.6140901005844351,ENSG00000100823,Stim48hr,537.0,72,38,110,-19.345435410232763,True,114.2683757474154,True,>10 DE genes,on-target KD
54,APMAP,-0.011042248311847067,-0.0199518108777221,-0.22361737857233763,-0.2612112324886975,ENSG00000101474,Stim48hr,597.0,32,4,36,-16.6556925813546,True,68.88831831383689,False,>10 DE genes,on-target KD
55,APOBEC3B,0.0065757836394692995,-0.0264367368643553,0.45159665413799344,0.1687404046950609,ENSG00000179750,Stim48hr,837.0,36,11,47,-8.652358261464906,True,15.452203193009163,False,>10 DE genes,on-target KD
56,ARHGAP27,0.10792960764966571,0.0419337749501936,0.5974272977518567,0.5321230690134768,ENSG00000159314,Stim48hr,201.0,68,8,76,-6.550188547029189,True,29.924287382752823,False,>10 DE genes,on-target KD
57,ARHGAP30,0.13867676906051327,0.0720130272554962,0.8073049369698699,0.7787929166766222,ENSG00000186517,Stim48hr,1248.0,854,630,1484,-53.60639477490099,True,305.6626357747226,False,>10 DE genes,on-target KD
58,ARID1A,0.20343013570476076,0.1975409671310988,0.8346378690490828,0.8157119964737632,ENSG00000117713,Stim48hr,141.0,22,42,64,-4.90310720779147,True,68.39042858329093,False,>10 DE genes,on-target KD
59,ARID2,0.11834264419245984,0.1069123213735717,0.7101467457614645,0.6694608155851522,ENSG00000189079,Stim48hr,862.0,169,101,270,-14.78533074816423,True,69.36612723722861,False,>10 DE genes,on-target KD
60,ARID5B,0.06644191680294524,0.0347234834367827,-0.049202807669649795,-0.1219376317711244,ENSG00000150347,Stim48hr,289.0,40,10,50,-1.5739955261663754,False,188.5424740536901,False,>10 DE genes,no on-target KD
61,ARIH1,0.1488559744094534,0.1014559085085675,0.6225506520506495,0.6123000957726731,ENSG00000166233,Stim48hr,320.0,625,246,871,-14.085724317053543,True,75.92639289924186,False,>10 DE genes,on-target KD
62,ARIH2,0.07073834455578426,0.0581003658160628,0.875472110133591,0.8311242035340479,ENSG00000177479,Stim48hr,1344.0,44,17,61,-33.65698235726929,True,121.05129891723313,True,>10 DE genes,on-target KD
63,ARL1,0.07281134994372603,-0.1131144071240799,0.8061328621343513,0.7676150064072792,ENSG00000120805,Stim48hr,375.0,95,42,137,-17.445296968110426,True,94.39982388982077,False,>10 DE genes,on-target KD
64,ARL14EP,0.0393211439684465,0.007337887225064,0.8927478482981787,0.8410987359655969,ENSG00000152219,Stim48hr,351.0,29,2,31,-10.377218198537305,True,41.23514400338979,False,>10 DE genes,on-target KD
65,ARL5B,-0.014516066519602166,-0.0348722218652378,0.7313172688963667,0.6723557640970652,ENSG00000165997,Stim48hr,1379.0,60,12,72,-13.240409495827816,True,65.38168251704501,True,>10 DE genes,on-target KD
66,ARL6IP1,0.1558356953782516,0.1283727384325424,0.8552720675200783,0.833093516375008,ENSG00000170540,Stim48hr,434.0,32,86,118,-17.94198267130957,True,135.6195063210696,False,>10 DE genes,on-target KD
67,ARMC8,-0.006766363592136767,-0.0180376891445726,-0.09720729642540171,-0.1590282097849737,ENSG00000114098,Stim48hr,1250.0,51,12,63,-25.28223374183271,True,79.26896308544421,False,>10 DE genes,on-target KD
68,ARNT,0.49938523222341136,0.4514858418061551,0.8681507876085462,0.8372040290288618,ENSG00000143437,Stim48hr,795.0,1344,1603,2947,-19.14767371704712,True,59.72395340148847,False,>10 DE genes,on-target KD
69,ARPC1B,0.06106520672058813,-0.0396906154305679,0.9232449964856532,0.8888626425888797,ENSG00000130429,Stim48hr,372.0,35,30,65,-27.14788361533128,True,571.778271564035,False,>10 DE genes,on-target KD
70,ARPC2,0.17497667151068266,0.1529598588227067,0.6898751440383921,0.6486261346100053,ENSG00000163466,Stim48hr,142.0,582,274,856,-15.341082513738767,True,285.7112262449894,False,>10 DE genes,on-target KD
71,ARPC3,0.18780987016283815,0.1410701590690779,0.6008862300395549,0.5999524185094033,ENSG00000111229,Stim48hr,176.0,536,184,720,-10.49251965818478,True,103.41150674423248,False,>10 DE genes,on-target KD
72,ARPC4-TTLL3,0.07415214849221084,0.0279559820021225,0.836808010681592,0.7976684092362465,ENSG00000250151,Stim48hr,1290.0,44,21,65,0.0,False,,False,>10 DE genes,no on-target KD
73,ARRDC4,0.2635354006624367,0.2168032502572914,0.7422293939075569,0.7315946527571627,ENSG00000140450,Stim48hr,120.0,885,393,1278,-0.8809071158294652,False,1.207558597206604,False,>10 DE genes,no on-target KD
74,ASNA1,0.11963421205339901,0.1141690488433722,0.4178222102937093,0.2331761647234446,ENSG00000198356,Stim48hr,54.0,39,6,45,-3.766142648354882,True,68.91233983290786,False,>10 DE genes,on-target KD
75,ATAD3A,0.20668146121035322,0.1941734739878531,0.8216893828146056,0.7964280603438364,ENSG00000197785,Stim48hr,390.0,320,400,720,-6.05311898885792,True,36.56091692911555,False,>10 DE genes,on-target KD
76,ATAD5,0.45879385196749417,0.420936693855543,0.7922902710619176,0.7767173794428008,ENSG00000176208,Stim48hr,1182.0,2231,1244,3475,-30.07225805637422,True,115.52792120866629,True,>10 DE genes,on-target KD
77,ATF4,0.12929123955236443,0.1090205908290513,0.7181139670141299,0.7005370652692188,ENSG00000128272,Stim48hr,155.0,175,218,393,-12.4229267819471,True,132.0704191848828,False,>10 DE genes,on-target KD
78,ATF7IP,0.25651654079449776,0.2053642707346453,0.7290362511297183,0.6594428536886277,ENSG00000171681,Stim48hr,3791.0,52,22,74,-8.012345524354819,True,96.71003909090956,False,>10 DE genes,on-target KD
79,ATF7IP2,0.22575628005642198,0.1361089324780515,0.4224969912671701,0.3666724070791711,ENSG00000166669,Stim48hr,2205.0,1113,267,1380,-16.182922866531978,True,18.317272761302128,False,>10 DE genes,on-target KD
80,ATG101,0.16908511923937272,0.1646027145195592,0.3401680427776507,0.0552163801621542,ENSG00000123395,Stim48hr,304.0,21,11,32,-10.920875376935212,True,58.499813032668335,False,>10 DE genes,on-target KD
81,ATG14,0.10081107076028846,0.0116004498043467,0.8054915004853201,0.7762047140105898,ENSG00000126775,Stim48hr,234.0,142,125,267,-3.601052720856205,True,6.7439897634470425,False,>10 DE genes,on-target KD
82,ATG3,0.14458594757618878,0.1388113836409147,0.8486574520527966,0.7829696673455503,ENSG00000144848,Stim48hr,370.0,15,21,36,-18.929870281154795,True,109.38114717197772,False,>10 DE genes,on-target KD
83,ATG9A,0.0359569831147594,-0.0137942693837391,0.550201955563966,0.4191528853118054,ENSG00000198925,Stim48hr,480.0,52,28,80,-11.662132946810209,True,34.99553222663252,True,>10 DE genes,on-target KD
84,ATM,0.12482320520575446,0.097881247512084,0.7717475361081975,0.715974306959365,ENSG00000149311,Stim48hr,866.0,92,51,143,-15.85428307718476,True,53.17406504738061,False,>10 DE genes,on-target KD
85,ATP13A3,0.15875330896389292,0.1532413993958832,0.7754352562265354,0.6362191266008377,ENSG00000133657,Stim48hr,609.0,11,26,37,-22.47248876139248,True,101.7078295545164,False,>10 DE genes,on-target KD
86,ATP1B3,0.1337482658085481,0.0628037960624743,0.4082712822824601,0.3441279378347112,ENSG00000069849,Stim48hr,205.0,123,39,162,-6.332418052402413,True,79.65107537202485,False,>10 DE genes,on-target KD
87,ATP23,0.036527307738038965,0.0117044236280216,0.7548250746412087,0.6183538104637346,ENSG00000166896,Stim48hr,1061.0,62,35,97,-15.383683477951289,True,29.7838357371409,False,>10 DE genes,on-target KD
88,ATP2A2,0.3883326678781824,0.2632334565044082,0.6984331958363225,0.6820923837223761,ENSG00000174437,Stim48hr,107.0,1007,559,1566,-10.141806976806311,True,128.15362727205775,False,>10 DE genes,on-target KD
89,ATP2B1,0.0624106170639944,0.054669640012064,0.834982894439627,0.78679577020975,ENSG00000070961,Stim48hr,238.0,14,28,42,-5.758435600810953,True,31.587596957049744,False,>10 DE genes,on-target KD
90,ATP5F1A,0.12366854330193854,0.0924178711337531,0.7960767185027077,0.7577145447677024,ENSG00000152234,Stim48hr,371.0,398,623,1021,-14.664214044969173,True,115.40714787016068,True,>10 DE genes,on-target KD
91,ATP5F1E,0.08764696342657609,0.0325853858797934,0.6796047148568022,0.6633477449211603,ENSG00000124172,Stim48hr,249.0,201,225,426,-11.135866498250536,True,73.31973592872242,False,>10 DE genes,on-target KD
92,ATP5ME,0.2101271253762895,0.1992971633204279,0.7696983692147369,0.7515784526805026,ENSG00000169020,Stim48hr,214.0,347,386,733,-13.209834139078133,True,116.39877825105876,False,>10 DE genes,on-target KD
93,ATP5MF,0.2707642085943845,0.2276323164334268,0.8355417218230735,0.8140919361668649,ENSG00000241468,Stim48hr,160.0,329,360,689,-8.254787247898571,True,67.40789134413768,False,>10 DE genes,on-target KD
94,ATP5MF-PTCD1,0.17041866192685837,0.1559088934135731,0.897306233679296,0.8820994162669422,ENSG00000248919,Stim48hr,211.0,58,56,114,0.0,False,,False,>10 DE genes,no on-target KD
95,ATP5PF,0.182978446665261,0.1290629345642167,0.7121857112794693,0.6326844294005537,ENSG00000154723,Stim48hr,69.0,266,265,531,-1.75856455815024,False,6.640400428750401,True,>10 DE genes,putative off-target
96,ATP5PO,0.2791092718948766,0.2727129591293017,0.7999338392020934,0.7750374834082163,ENSG00000241837,Stim48hr,302.0,552,605,1157,-3.896555610715156,True,6.817317111233552,False,>10 DE genes,on-target KD
97,ATPAF2,0.19664822522525496,0.1878041692311364,0.8058639500927156,0.7602829707532084,ENSG00000171953,Stim48hr,595.0,357,476,833,-3.036201769186593,False,1.98302528877386,True,>10 DE genes,putative off-target
98,ATRX,0.20225295945739172,0.1808898217917888,0.7910732320486163,0.7109397472464609,ENSG00000085224,Stim48hr,431.0,223,124,347,-14.905890673495197,True,65.78648239684398,False,>10 DE genes,on-target KD
99,ATXN2L,0.12632627280133898,0.1184785771371476,0.9135513940206904,0.8834278900360324,ENSG00000168488,Stim48hr,382.0,38,48,86,-18.25280872272949,True,169.76886910004066,False,>10 DE genes,on-target KD
100,ATXN7L3,0.19846482175889746,0.1361470367914542,0.8139482191057245,0.7455366658549685,ENSG00000087152,Stim48hr,918.0,323,180,503,-8.33397654024147,True,18.870428643698013,False,>10 DE genes,on-target KD
101,AUP1,0.046381733704332,0.0311243828597523,0.7338002846191686,0.6999408008737674,ENSG00000115307,Stim48hr,665.0,101,140,241,-8.843505434333304,True,40.1451356689922,False,>10 DE genes,on-target KD
102,B4GALNT3,-0.07461973489915887,-0.2234686248483783,0.7090145713182556,0.5562895354699602,ENSG00000139044,Stim48hr,137.0,38,35,73,-0.988905703447211,True,0.8575751212446197,False,>10 DE genes,on-target KD
103,BAHD1,0.2629661592475138,0.2216165905352325,0.6774540497814919,0.6291465006854999,ENSG00000140320,Stim48hr,420.0,345,48,393,-10.217793995188376,True,29.9378974091236,False,>10 DE genes,on-target KD
104,BAP1,0.09517940410717847,0.0805575581177944,0.6508243664982175,0.5536616000667947,ENSG00000163930,Stim48hr,65.0,152,106,258,-3.1704592636665208,True,45.50861143508796,False,>10 DE genes,on-target KD
105,BATF,0.16874960290399707,0.0968627549264141,0.7576543229497631,0.6636859804535605,ENSG00000156127,Stim48hr,129.0,353,234,587,-11.062747177024624,True,150.0950484277875,False,>10 DE genes,on-target KD
106,BBX,0.09137190058454366,0.0736139445678043,0.849474492818438,0.8073405003389046,ENSG00000114439,Stim48hr,737.0,26,8,34,-13.159951808905928,True,27.619967132661024,False,>10 DE genes,on-target KD
107,BCAT2,0.2495455776888601,0.2289346917762896,0.6625532981722232,0.6469800084350574,ENSG00000105552,Stim48hr,125.0,257,48,305,-6.344499967727549,True,52.03006364893647,False,>10 DE genes,on-target KD
108,BCL10,0.3115861756736859,0.2741537213008307,0.7669975391291931,0.7029789875557408,ENSG00000142867,Stim48hr,427.0,1495,1485,2980,-10.545179020665367,True,54.32294421612116,False,>10 DE genes,on-target KD
109,BCL11B,0.2661535173402847,0.1345338752301462,0.7051982421930182,0.4591940200244629,ENSG00000127152,Stim48hr,203.0,953,551,1504,0.0,False,,False,>10 DE genes,no on-target KD
110,BCL3,0.11834709946793646,0.0932873082102008,0.8270862493508568,0.7720788306335059,ENSG00000069399,Stim48hr,143.0,40,23,63,-13.161020925093826,True,202.7157652695593,False,>10 DE genes,on-target KD
111,BCL6,0.061712623225567004,0.0389180948396075,0.5999889292607725,0.4776171114695638,ENSG00000113916,Stim48hr,495.0,60,8,68,-3.898610196277424,True,24.717740215784872,False,>10 DE genes,on-target KD
112,BCLAF1,0.14831796724047633,0.1388812999550106,0.8584945975655072,0.8463678726558806,ENSG00000029363,Stim48hr,518.0,63,52,115,-11.969095409390269,True,34.7206888639629,False,>10 DE genes,on-target KD
113,BCOR,0.019307391775215066,-0.0649080131842107,0.45324029832139945,0.3538297840301734,ENSG00000183337,Stim48hr,1429.0,26,16,42,-6.673169589177888,True,101.33212293737748,False,>10 DE genes,on-target KD
114,BCORL1,0.1345494710857728,0.1212133658597527,0.8683010353814377,0.82439473558738,ENSG00000085185,Stim48hr,840.0,32,4,36,-4.412819889451339,True,3.2552712255304863,False,>10 DE genes,on-target KD
115,BCS1L,0.23451105424875218,0.1901627945303844,0.7217539794348548,0.6616911377369361,ENSG00000074582,Stim48hr,105.0,827,511,1338,-5.5749533145581305,True,45.04292325657999,True,>10 DE genes,on-target KD
116,BEND3,0.05585368762436336,0.0107379014305652,0.5690661197085181,-0.0030536038572394,ENSG00000178409,Stim48hr,872.0,37,3,40,-5.927314274088684,True,5.182974356051279,False,>10 DE genes,on-target KD
117,BHLHE40,0.3592681832666684,0.3015788672562288,0.818466367389583,0.8115026688206581,ENSG00000134107,Stim48hr,864.0,851,836,1687,-13.068173693111076,True,957.1126555988532,False,>10 DE genes,on-target KD
118,BICDL1,0.09241723224922181,0.0642133064949586,0.7869464966296604,0.7448368498516508,ENSG00000135127,Stim48hr,680.0,33,46,79,-5.167123199145831,True,61.630814498605815,False,>10 DE genes,on-target KD
119,BLOC1S2,0.07302504890308399,0.0631693433203817,0.09538047881363698,-0.0422140925625176,ENSG00000196072,Stim48hr,299.0,48,5,53,-16.318987413605083,True,120.67392214935742,False,>10 DE genes,on-target KD
120,BLZF1,0.16039426522621977,0.1444889126400589,0.8246512839082213,0.8151001362971316,ENSG00000117475,Stim48hr,497.0,66,42,108,-10.728292932688566,True,28.20788049001684,False,>10 DE genes,on-target KD
121,BMP8A,-0.1103949604525928,-0.2234219654338442,0.6761931277332333,0.5191330051669947,ENSG00000183682,Stim48hr,614.0,71,17,88,0.0,False,,False,>10 DE genes,no on-target KD
122,BPTF,0.1380360177671138,0.1149672867038202,0.726117979446241,0.6416074111772426,ENSG00000171634,Stim48hr,103.0,252,134,386,-5.966062884738382,True,83.86939625824614,False,>10 DE genes,on-target KD
123,BRAT1,0.06442614996583543,0.0354683735215198,0.8919148090137564,0.8886571210313762,ENSG00000106009,Stim48hr,280.0,73,71,144,-8.494623390672315,True,35.5384198609992,False,>10 DE genes,on-target KD
124,BRD1,0.2685988755840222,0.2168145808921438,0.8000938959305621,0.7746258935117014,ENSG00000100425,Stim48hr,245.0,60,76,136,-9.992878806381844,True,74.40767719057355,False,>10 DE genes,on-target KD
125,BRD8,0.21359162706998538,0.090431337477962,0.6575079443279357,0.622550093248546,ENSG00000112983,Stim48hr,223.0,591,236,827,-6.682114431602675,True,49.45380360223711,True,>10 DE genes,on-target KD
126,BRD9,0.19322046566573628,0.184321686613929,0.9221770595965338,0.8800014456050138,ENSG00000028310,Stim48hr,185.0,61,41,102,-7.425471977124271,True,38.35845803261645,True,>10 DE genes,on-target KD
127,BRIP1,0.06418458423668794,0.0514057945376849,0.7162443825169958,0.6304266503349466,ENSG00000136492,Stim48hr,58.0,14,19,33,-4.392642359413332,True,31.33465851405393,False,>10 DE genes,on-target KD
128,BRK1,0.09136537404042296,0.0553853243881375,0.7600447692657325,0.7385316925313188,ENSG00000254999,Stim48hr,277.0,227,199,426,-12.51305933746948,True,71.39546081516079,False,>10 DE genes,on-target KD
129,BRMS1,0.1975445807754149,0.1702637276501515,0.7810786448366166,0.7587650498551318,ENSG00000174744,Stim48hr,934.0,865,798,1663,-19.96428409824636,True,60.58938031227967,True,>10 DE genes,on-target KD
130,BRPF1,0.19338094641197545,0.1438010054856391,0.8260197449535519,0.8209742191615452,ENSG00000156983,Stim48hr,664.0,438,364,802,-11.725350794540914,True,26.843968723737422,False,>10 DE genes,on-target KD
131,BSG,0.1697970252061398,0.1363566617355377,0.801015926317223,0.7418049057660634,ENSG00000172270,Stim48hr,223.0,71,43,114,-10.394858242083684,True,97.04038254431984,False,>10 DE genes,on-target KD
132,BTAF1,0.2836923291777879,0.2732322723145973,0.8145394830232421,0.8099440840611589,ENSG00000095564,Stim48hr,541.0,708,588,1296,-18.3151079945977,True,84.73569769818785,False,>10 DE genes,on-target KD
133,BZW2,0.13959433175826783,0.0741103991438058,0.8515090371944787,0.8189772576272746,ENSG00000136261,Stim48hr,605.0,54,34,88,-29.396064618164388,True,243.44800325087616,False,>10 DE genes,on-target KD
134,C11orf54,0.10244014158165383,0.0883100251944456,0.6837624992023369,0.6727792001890862,ENSG00000182919,Stim48hr,612.0,419,237,656,-5.099135162114765,True,44.91232497039231,False,>10 DE genes,on-target KD
135,C11orf68,0.0398438126986281,0.0368619597588886,0.5311161897643927,0.5007547778281207,ENSG00000175573,Stim48hr,468.0,83,70,153,-10.85810768834228,True,29.934689066161432,True,>10 DE genes,on-target KD
136,C12orf49,0.07427709873626023,0.0554238816514797,0.7090006002375216,0.6438163584961769,ENSG00000111412,Stim48hr,282.0,56,46,102,-3.2579732189178774,False,4.568348676335815,True,>10 DE genes,putative off-target
137,C16orf72,0.1819855452370981,0.1710904738596436,0.7929506866122334,0.7732313835998469,ENSG00000182831,Stim48hr,894.0,522,631,1153,-29.021330469154293,True,181.307929335889,False,>10 DE genes,on-target KD
138,C16orf87,0.006263117536866092,-0.1315545672881978,0.16499471959758752,-0.0934458512769944,ENSG00000155330,Stim48hr,602.0,35,20,55,-19.324209234269627,True,109.27906782408677,False,>10 DE genes,on-target KD
139,C18orf32,0.11572255572566786,0.0991361195141743,0.4420436811105312,0.3446432003878843,ENSG00000177576,Stim48hr,172.0,25,15,40,-9.762583015004797,True,78.91127453324334,False,>10 DE genes,on-target KD
140,C19orf54,0.17679439577026423,-0.1344523195655411,0.7063177344117032,0.6283393443839013,ENSG00000188493,Stim48hr,430.0,23,28,51,-9.797592912671371,False,22.78238892480392,True,>10 DE genes,putative off-target
141,C19orf70,0.002890223320358968,-0.0658494176927921,0.7487883191967706,0.6058836611547465,ENSG00000174917,Stim48hr,231.0,53,81,134,-5.689678080456388,True,17.736450177456224,False,>10 DE genes,on-target KD
142,C1D,0.2292801450377043,0.2237817814164441,0.7344633098688123,0.6846072945328184,ENSG00000197223,Stim48hr,160.0,589,305,894,-8.626219110942989,True,70.66029735368964,False,>10 DE genes,on-target KD
143,C1S,0.09056406033686647,0.081090650264396,0.38430207485295326,0.1847748100362485,ENSG00000182326,Stim48hr,384.0,63,8,71,0.0,False,,False,>10 DE genes,no on-target KD
144,C2orf15,0.11947433751253304,0.1020396688239639,0.8379489723007177,0.8168262521667358,ENSG00000273045,Stim48hr,260.0,127,140,267,-0.117898527250628,True,0.4625765516104206,False,>10 DE genes,on-target KD
145,C6orf120,0.036743827139053366,-0.000854808485114,0.7917018743371554,0.7425000707719775,ENSG00000185127,Stim48hr,989.0,32,24,56,-18.50969781477896,True,42.45841335688207,False,>10 DE genes,on-target KD
146,C7orf26,0.07927555383115491,0.0393976881820467,0.8025858008379841,0.73283919804075,ENSG00000146576,Stim48hr,225.0,165,105,270,-9.245341982650574,True,54.57266313024156,False,>10 DE genes,on-target KD
147,C7orf55-LUC7L2,0.1162731070369457,0.0577433835305104,0.879493601245172,0.8681990138572578,ENSG00000269955,Stim48hr,725.0,185,106,291,0.0,False,,False,>10 DE genes,no on-target KD
148,C8orf82,-0.012648605516125302,-0.0373294609959237,0.7648234867663869,0.7098696544278343,ENSG00000213563,Stim48hr,126.0,25,18,43,0.0198877050029786,False,0.177616923651058,False,>10 DE genes,no on-target KD
149,C9orf64,0.010625599414685834,-0.0204928908830402,-0.0326906402991239,-0.157166851816261,ENSG00000165118,Stim48hr,80.0,41,11,52,-5.8593798458241055,True,62.7945924904156,False,>10 DE genes,on-target KD
150,CAAP1,0.025965932334934032,0.0084430438729004,0.7694958531612265,0.7293794887879419,ENSG00000120159,Stim48hr,246.0,20,45,65,-8.975337065844453,True,34.59429896741995,False,>10 DE genes,on-target KD
151,CABIN1,0.12269072842115426,0.1085621047323633,0.8176975510243766,0.7775843076069596,ENSG00000099991,Stim48hr,309.0,112,70,182,-12.205210196362742,True,76.64052224568337,False,>10 DE genes,on-target KD
152,CACHD1,0.024402734610348333,-0.0128852726513623,0.3453936611247242,0.2730665621202957,ENSG00000158966,Stim48hr,219.0,47,19,66,0.0,False,,False,>10 DE genes,no on-target KD
153,CALCOCO2,0.3634742112948906,0.3127222613584716,0.6936437533852624,0.5401178335503262,ENSG00000136436,Stim48hr,424.0,364,120,484,-16.94831862645223,True,103.52745895507772,False,>10 DE genes,on-target KD
154,CALR,0.04831510889643273,0.0284735603753818,0.47542171662206023,0.3817297501698027,ENSG00000179218,Stim48hr,485.0,31,4,35,-14.180284100899131,True,130.9512484171342,False,>10 DE genes,on-target KD
155,CAMK1,0.11070080344915423,0.1030500871064288,0.40142168343650964,0.3293517655486905,ENSG00000134072,Stim48hr,256.0,37,24,61,-10.879698110229633,True,72.72803090377411,False,>10 DE genes,on-target KD
156,CAMK2N1,0.12375418628811363,0.1125919464269372,0.35050968535179855,0.2071448230353599,ENSG00000162545,Stim48hr,337.0,25,10,35,-1.4100726968860116,False,0.9169932552664296,False,>10 DE genes,no on-target KD
157,CAMSAP1,0.18824648992638213,0.0990507986139531,0.8038050062392718,0.7729075008716791,ENSG00000130559,Stim48hr,145.0,301,217,518,-3.601623217292971,True,16.916877878027726,False,>10 DE genes,on-target KD
158,CAMTA2,-0.05841771860579986,-0.1927327617724407,0.577198109941475,0.499062840902067,ENSG00000108509,Stim48hr,93.0,21,14,35,-3.658683045226181,True,42.71786159790959,False,>10 DE genes,on-target KD
159,CAND1,0.19334859978110897,0.1617949326119382,0.7951994086657042,0.7553903272989769,ENSG00000111530,Stim48hr,876.0,529,400,929,-41.21398806461617,True,227.362277682562,False,>10 DE genes,on-target KD
160,CANX,0.09261103991444354,0.0344713805589582,0.8951221698495105,0.8662440629789468,ENSG00000127022,Stim48hr,312.0,22,18,40,-20.2810146150274,True,176.18158733841398,False,>10 DE genes,on-target KD
161,CAP1,0.05764943376565923,-0.0005559430839029,0.6234397108868728,0.5779433567174508,ENSG00000131236,Stim48hr,298.0,65,15,80,-5.641633550617785,True,12.992255092137606,False,>10 DE genes,on-target KD
162,CAPZA1,0.05688055111908937,-0.0425067241687388,0.8092354863331558,0.7096178860374824,ENSG00000116489,Stim48hr,298.0,43,10,53,-20.40975254159529,True,226.75892951044983,False,>10 DE genes,on-target KD
163,CARD6,0.0531624442379983,0.0347160472842813,0.6654388358932685,0.633615348816997,ENSG00000132357,Stim48hr,568.0,63,15,78,-4.811948638380502,True,5.177506093762255,False,>10 DE genes,on-target KD
164,CARM1,-0.027679104279799135,-0.0572289188377212,0.8589263427978993,0.8391467703324944,ENSG00000142453,Stim48hr,442.0,252,127,379,-23.69686386673281,True,178.34286258806833,False,>10 DE genes,on-target KD
165,CARMIL2,0.19079900018304638,0.1778666530287839,0.5630214236792755,0.5158985344770101,ENSG00000159753,Stim48hr,459.0,980,938,1918,-12.82814262664952,True,92.0272653926288,False,>10 DE genes,on-target KD
166,CARNMT1,0.09305933261725996,0.091171112565726,0.7881893857732876,0.6592637673712259,ENSG00000156017,Stim48hr,1155.0,30,28,58,-23.63959221146031,True,101.92820572670244,False,>10 DE genes,on-target KD
167,CARS2,0.19940724525959216,0.1217477827119847,0.7600240099646721,0.6385665960284069,ENSG00000134905,Stim48hr,156.0,578,481,1059,-8.689248628194793,True,72.61816497023027,False,>10 DE genes,on-target KD
168,CASC3,0.22053458070907084,0.1866261757524814,0.8093890180568707,0.7868871003110792,ENSG00000108349,Stim48hr,290.0,724,304,1028,-18.0067792371179,True,145.11274579696436,False,>10 DE genes,on-target KD
169,CASK,0.11770798077712404,0.0897194557743015,0.7638033970902088,0.62400324985262,ENSG00000147044,Stim48hr,418.0,87,83,170,-7.659112874038777,True,25.46525701615516,False,>10 DE genes,on-target KD
170,CATSPERG,0.03373571221705453,-0.0117131560120762,0.7576822240098128,0.7134255773430318,ENSG00000099338,Stim48hr,344.0,144,79,223,-1.9939062824305287,True,2.099067536068916,False,>10 DE genes,on-target KD
171,CBFB,0.25217968319326384,0.2190834536594046,0.6291783282013989,0.5346797347061019,ENSG00000067955,Stim48hr,115.0,584,549,1133,-9.898467446317564,True,244.40889367013023,False,>10 DE genes,on-target KD
172,CBLB,0.15434918869444897,0.0949588914826068,0.7968766628518553,0.7335930729650817,ENSG00000114423,Stim48hr,1198.0,131,49,180,-9.007928311080953,True,102.02518631209196,False,>10 DE genes,on-target KD
173,CBLL1,0.21175481742167915,0.1861634160728113,0.30442441514260016,0.1048946452099882,ENSG00000105879,Stim48hr,209.0,121,111,232,-8.099260083367888,True,47.77859280627496,False,>10 DE genes,on-target KD
174,CBX3,0.009117230901614199,-0.0438035687839386,0.5038138442311343,0.3964127067765004,ENSG00000122565,Stim48hr,904.0,95,37,132,-39.11242647536243,True,351.34374040484875,True,>10 DE genes,on-target KD
175,CBX5,0.10237043244929867,0.0674339766522706,0.8084179568511404,0.7850287332466126,ENSG00000094916,Stim48hr,1243.0,247,315,562,-27.487232894414788,True,96.51350379148688,False,>10 DE genes,on-target KD
176,CCAR1,0.31378099033476353,0.2388998633021096,0.8182493349873218,0.80938744054472,ENSG00000060339,Stim48hr,64.0,117,59,176,-2.545276266837313,False,15.82665414135304,False,>10 DE genes,no on-target KD
177,CCDC12,0.024003242154873067,-0.0428118313803766,0.5591699004149328,0.4618365598010552,ENSG00000160799,Stim48hr,150.0,87,61,148,-2.545579471246024,False,63.03057369418684,False,>10 DE genes,no on-target KD
178,CCDC134,0.07211065890348776,0.0340190058275972,0.4283267923868812,0.3057297042233134,ENSG00000100147,Stim48hr,632.0,64,48,112,-11.949429364211191,True,29.22414307624866,False,>10 DE genes,on-target KD
179,CCDC136,0.06761158626467106,0.060126780048711,0.6535583488599567,0.601583279501105,ENSG00000128596,Stim48hr,506.0,114,149,263,-3.228046886573756,True,2.9920539589605686,False,>10 DE genes,on-target KD
180,CCDC22,0.15353371167281027,0.1347758721292389,0.6618135191562765,0.6594133745651645,ENSG00000101997,Stim48hr,454.0,424,195,619,-8.443440260152347,True,19.01972268326124,False,>10 DE genes,on-target KD
181,CCDC6,0.06799897215804536,0.0553257051233743,0.8037556763113658,0.771494143436986,ENSG00000108091,Stim48hr,123.0,110,35,145,-9.368846685304602,True,110.97530151233084,False,>10 DE genes,on-target KD
182,CCDC9,0.04854871884958913,0.0144428303652643,0.10587598915137537,-0.1184920806497095,ENSG00000105321,Stim48hr,245.0,33,7,40,-10.268239708253796,True,47.884990826655965,False,>10 DE genes,on-target KD
183,CCDC90B,0.029033604687280935,0.0083593057116204,0.8605464750013523,0.8069240610368605,ENSG00000137500,Stim48hr,738.0,39,67,106,-17.789517305761287,True,50.3667595310635,False,>10 DE genes,on-target KD
184,CCDC93,0.11359460701201744,0.0955376873486671,0.7713913351237845,0.7335280994663711,ENSG00000125633,Stim48hr,245.0,246,157,403,-6.586818760223952,True,29.79139250587183,False,>10 DE genes,on-target KD
185,CCNA2,0.20175927944924657,0.0684763304709016,0.683453301164009,0.6676265371607033,ENSG00000145386,Stim48hr,1452.0,323,61,384,-11.993883535876504,True,211.9094141066357,False,>10 DE genes,on-target KD
186,CCNC,0.310098660000816,0.2356603886336405,0.6555516208690544,0.6073298754355817,ENSG00000112237,Stim48hr,3051.0,2454,1637,4091,-43.159386311488575,True,160.42707347149587,False,>10 DE genes,on-target KD
187,CCND3,0.056053755811486666,0.0330533062288031,0.7388709305764989,0.6637217631137153,ENSG00000112576,Stim48hr,1404.0,77,123,200,-18.42962581714094,True,307.2627284555832,False,>10 DE genes,on-target KD
188,CCNF,0.14885918335174653,0.1315515758342773,0.8277123155267437,0.8157347726898546,ENSG00000162063,Stim48hr,505.0,139,58,197,-16.599356694948007,True,90.75085179298958,False,>10 DE genes,on-target KD
189,CCNK,0.09904166953181963,0.0607115192092322,0.6866148034985633,0.593973585868653,ENSG00000090061,Stim48hr,188.0,219,149,368,-8.161654844599155,True,102.1719319053044,False,>10 DE genes,on-target KD
190,CCNQ,0.11557066617240784,0.1099469944273339,0.8230017514474297,0.8003979215407412,ENSG00000262919,Stim48hr,213.0,246,166,412,-5.609985370723356,True,23.41842507767953,False,>10 DE genes,on-target KD
191,CCNT1,0.11844910779309063,0.1053031697585202,0.8283681283568606,0.789633664644668,ENSG00000129315,Stim48hr,136.0,129,93,222,-9.05721014377082,True,76.43091121560263,False,>10 DE genes,on-target KD
192,CCR6,0.046395483271559367,0.0247766070183662,0.5042685429588147,0.4366207438946167,ENSG00000112486,Stim48hr,464.0,116,37,153,-0.5583746402130825,False,0.360623194773389,True,>10 DE genes,putative off-target
193,CCS,0.1264974203804141,0.1108822589467126,0.8216888817397342,0.8190189642608993,ENSG00000173992,Stim48hr,140.0,42,43,85,-3.988017329219729,True,13.50672169949782,False,>10 DE genes,on-target KD
194,CD2,0.2454258253801306,0.2310163082068851,0.822598806955352,0.8126441449388477,ENSG00000116824,Stim48hr,478.0,537,452,989,-40.504026954392685,True,1050.2520983645963,False,>10 DE genes,on-target KD
195,CD247,0.3255604553138593,0.2885548709270764,0.7821650002981247,0.7609160704797251,ENSG00000198821,Stim48hr,266.0,578,250,828,-8.466475121091358,True,168.68909959168334,False,>10 DE genes,on-target KD
196,CD274,0.019551305727340703,0.0140559097758934,0.27333558754830345,0.0812527059231895,ENSG00000120217,Stim48hr,1514.0,91,11,102,-7.600914391240054,True,18.632505007765104,False,>10 DE genes,on-target KD
197,CD28,0.3138770976595654,0.2714189588774771,0.8252975231983356,0.8174452014763419,ENSG00000178562,Stim48hr,514.0,905,893,1798,-18.47592015820881,True,239.19815835146105,False,>10 DE genes,on-target KD
198,CD2BP2,0.055705423261261704,0.042533713137643,0.8271745959190016,0.7702660690924512,ENSG00000169217,Stim48hr,166.0,34,38,72,-7.503505642684695,True,37.20998428537537,False,>10 DE genes,on-target KD
199,CD3D,0.7293224867430504,0.705457156679335,0.8255619037612408,0.8082639090572353,ENSG00000167286,Stim48hr,85.0,1016,416,1432,-2.4576415770233297,False,367.7413851811091,True,>10 DE genes,putative off-target
200,CD3E,0.5527688901899888,0.5160088860510276,0.7587294234396782,0.7188796237375779,ENSG00000198851,Stim48hr,91.0,1189,397,1586,-6.924726721158388,True,361.5413930894906,False,>10 DE genes,on-target KD
201,CD3G,0.46557424441213713,0.3457589427423505,0.7537537310254718,0.6976620381853692,ENSG00000160654,Stim48hr,126.0,926,448,1374,-8.88429025068251,True,122.96014565334634,False,>10 DE genes,on-target KD
202,CD5,0.25364815154844284,0.2239394471000125,0.830082200611466,0.8170998317599573,ENSG00000110448,Stim48hr,1112.0,817,384,1201,-27.804247897441144,True,254.48438184536616,False,>10 DE genes,on-target KD
203,CD99L2,0.11953077067817656,0.1112866258744746,0.8067976309905459,0.788939973263834,ENSG00000102181,Stim48hr,470.0,44,69,113,-7.205992355611798,True,17.107240482641807,False,>10 DE genes,on-target KD
204,CDC25B,0.10483814457464247,0.090792438353118,0.7800816663046494,0.6723073734328529,ENSG00000101224,Stim48hr,617.0,18,13,31,-9.88138231298644,True,128.8145716287766,False,>10 DE genes,on-target KD
205,CDCA2,-0.005894214702632367,-0.0256570606482867,0.4485821982786016,0.3632908162506607,ENSG00000184661,Stim48hr,451.0,33,7,40,-12.125497596431854,True,127.32002777232016,True,>10 DE genes,on-target KD
206,CDCA3,0.08317062073141109,0.070969595116665,0.7501347095284862,0.7311270932147408,ENSG00000111665,Stim48hr,251.0,33,37,70,-10.58410108059996,True,68.36013140151745,False,>10 DE genes,on-target KD
207,CDK13,0.22680673350987082,0.2092455649492329,0.8350996598520881,0.8137854771965152,ENSG00000065883,Stim48hr,752.0,409,481,890,-14.615639098431886,True,33.081259783765155,False,>10 DE genes,on-target KD
208,CDK2,0.14337093719454894,0.1300081731463798,0.8449430586195916,0.8169280391876337,ENSG00000123374,Stim48hr,598.0,241,106,347,-21.88494718232642,True,105.29875809058692,False,>10 DE genes,on-target KD
209,CDK5RAP3,0.09510108696479086,0.0890767999284688,0.7188751675390644,0.6805879083757927,ENSG00000108465,Stim48hr,611.0,36,16,52,-19.038921271047016,True,70.05224668527578,False,>10 DE genes,on-target KD
210,CDKN2AIP,0.07468362041023267,0.0537661478912594,0.8959226720670396,0.8483682248523662,ENSG00000168564,Stim48hr,483.0,37,83,120,-8.859799724331738,True,17.842865290192137,False,>10 DE genes,on-target KD
211,CDYL,0.2724192032321475,0.1836165356381266,0.6055783620143279,0.5589145813861339,ENSG00000153046,Stim48hr,146.0,56,9,65,-5.314761175562501,True,33.033905921520784,False,>10 DE genes,on-target KD
212,CENPE,0.13204140013913132,0.0962130565608098,0.3780933233959281,0.2984954616577707,ENSG00000138778,Stim48hr,53.0,33,38,71,-5.538392817693761,True,102.14346843579268,False,>10 DE genes,on-target KD
213,CEP135,0.08120928785215782,0.0255891950808816,0.8187180794778556,0.7934680512449537,ENSG00000174799,Stim48hr,306.0,55,70,125,-7.001658404976221,True,28.48248916527142,False,>10 DE genes,on-target KD
214,CEP350,0.0595704121976895,0.0005980234663367,0.7086968029550493,0.493050891934238,ENSG00000135837,Stim48hr,192.0,32,14,46,-7.399546318821023,True,78.18285469254336,False,>10 DE genes,on-target KD
215,CEP55,0.020903812432269967,-0.1142932027705855,0.7018675968242922,0.6440357298863603,ENSG00000138180,Stim48hr,96.0,29,14,43,-13.371234254259724,True,281.8999750716999,False,>10 DE genes,on-target KD
216,CEP83,0.20037132842017105,0.1965991329654462,0.577899590196361,0.5401201048822817,ENSG00000173588,Stim48hr,337.0,15,17,32,-11.732605830868325,True,47.35510696578387,False,>10 DE genes,on-target KD
217,CEP89,0.11977723188768268,0.1152339684596993,0.8182518567283852,0.7975433445687082,ENSG00000121289,Stim48hr,270.0,72,104,176,-5.075481424030037,True,12.576633860350816,False,>10 DE genes,on-target KD
218,CEPT1,0.029325097780953168,-0.0174679582056555,0.7691716910773111,0.7239868862240431,ENSG00000134255,Stim48hr,138.0,104,84,188,-7.81068257305409,True,59.69481332376857,True,>10 DE genes,on-target KD
219,CFAP20,0.36559629955068024,0.3030841170436766,0.7936772689090787,0.7491656106968664,ENSG00000070761,Stim48hr,177.0,827,466,1293,-7.863919562635687,True,51.99917910744932,False,>10 DE genes,on-target KD
220,CFD,0.021612163570547637,0.0070903586337768,0.3370040442755906,0.1358546261430914,ENSG00000197766,Stim48hr,458.0,89,42,131,-0.8345694669992714,False,1.107781980204874,False,>10 DE genes,no on-target KD
221,CHD2,0.0451523923252161,0.0261434385899116,0.30729437224609724,0.1047695350126524,ENSG00000173575,Stim48hr,625.0,23,10,33,-20.196015531906887,True,209.5523750520431,False,>10 DE genes,on-target KD
222,CHD4,0.2529777594196858,0.2420524011220691,0.7452769918586956,0.7077943626592131,ENSG00000111642,Stim48hr,233.0,314,103,417,-4.195739609002636,True,135.29853324331904,False,>10 DE genes,on-target KD
223,CHD7,0.2616674702880068,0.1853725887439148,0.7355381812032742,0.6096249141642013,ENSG00000171316,Stim48hr,503.0,764,266,1030,-8.40862908295484,True,38.30149726827276,False,>10 DE genes,on-target KD
224,CHIC2,-0.05127524961633556,-0.0963264312264462,0.7695995635637991,0.6458769030240107,ENSG00000109220,Stim48hr,2350.0,18,41,59,-23.923736845986973,True,62.55466115218124,False,>10 DE genes,on-target KD
225,CHN2,0.15275513041645336,0.1451867047665973,0.8362681459822702,0.7561575808480857,ENSG00000106069,Stim48hr,407.0,28,16,44,0.0,False,,False,>10 DE genes,no on-target KD
226,CHTF18,0.16714088784294281,0.1480651822828345,0.7702135222069401,0.7344962393060668,ENSG00000127586,Stim48hr,200.0,413,445,858,-4.647590944993896,True,16.345916488237496,False,>10 DE genes,on-target KD
227,CIT,0.11337053454258543,0.0874306514421838,0.32729012571360466,-0.0224365036895303,ENSG00000122966,Stim48hr,254.0,25,10,35,-14.01521609532136,True,83.7948338922794,False,>10 DE genes,on-target KD
228,CKS1B,0.03670741458005144,-0.0027446091180412,0.5745051445262458,0.515592441907248,ENSG00000173207,Stim48hr,210.0,23,8,31,-16.897257064906817,True,374.51015351309854,True,>10 DE genes,on-target KD
229,CLASRP,0.16893008426329126,0.1445074488265816,0.8226523926530045,0.8052897147487963,ENSG00000104859,Stim48hr,137.0,207,155,362,-5.647120263884456,True,52.536125834509456,False,>10 DE genes,on-target KD
230,CLCC1,0.19170993763303135,0.1761632395494517,0.7765518038953562,0.7516677680216755,ENSG00000121940,Stim48hr,911.0,850,882,1732,-15.2996381298409,True,37.69647773009298,False,>10 DE genes,on-target KD
231,CLDN5,-0.013175395768010701,-0.0809841442857368,-0.0791316236900851,-0.2645370919626478,ENSG00000184113,Stim48hr,907.0,59,27,86,-2.076825616309292,False,0.7670018032160979,False,>10 DE genes,no on-target KD
232,CLDN7,0.23672058451890154,0.2208708906958778,0.7690591063863129,0.7149718053578837,ENSG00000181885,Stim48hr,540.0,182,136,318,0.0,False,,False,>10 DE genes,no on-target KD
233,CLDND1,0.014763133485091099,-0.0049671646520987,0.3520437075359148,0.2928950120057798,ENSG00000080822,Stim48hr,452.0,28,28,56,-27.95554257786019,True,600.9079415689763,True,>10 DE genes,on-target KD
234,CLPB,0.22369422889553717,0.1931825785412491,0.8103073564916285,0.8008550077804896,ENSG00000162129,Stim48hr,241.0,184,102,286,-7.223912577901449,True,43.35686012241661,False,>10 DE genes,on-target KD
235,CLUH,0.10237315568683043,0.0910455179544916,0.801369303639207,0.7602077701800269,ENSG00000132361,Stim48hr,482.0,19,84,103,-8.776140504821912,True,23.92165173747029,False,>10 DE genes,on-target KD
236,CMTM7,0.0005775508881754321,-0.0696929925165763,0.270609996843862,-0.0289097281342999,ENSG00000153551,Stim48hr,575.0,69,23,92,-10.27570904805947,True,21.63194266773604,False,>10 DE genes,on-target KD
237,CNBP,0.0884145587427591,0.0670562733452183,0.8855634215845618,0.8659377825527441,ENSG00000169714,Stim48hr,1235.0,129,123,252,-30.495107277533968,True,258.8903576207189,False,>10 DE genes,on-target KD
238,CNOT10,0.14776472982563502,0.1344886638917707,0.6817373511309364,0.6430472670089559,ENSG00000182973,Stim48hr,275.0,59,32,91,-6.643319059362727,True,51.62360283022492,False,>10 DE genes,on-target KD
239,CNOT11,0.13572484672396265,-0.0355425407658444,0.5955288536546046,0.5361704775165353,ENSG00000158435,Stim48hr,120.0,282,105,387,-12.795577296464051,True,181.5575729281204,False,>10 DE genes,on-target KD
240,CNOT4,0.1883750065840191,0.1848867459061505,0.7932903189840926,0.7772189371589243,ENSG00000080802,Stim48hr,294.0,485,473,958,-7.281844479646781,True,20.759189901727925,False,>10 DE genes,on-target KD
241,CNOT6L,0.05609395917533727,0.0399276557894535,0.8233712424565117,0.7869881361389411,ENSG00000138767,Stim48hr,937.0,42,67,109,-15.593002892968242,True,114.772639485951,False,>10 DE genes,on-target KD
242,CNOT9,0.11333515795738613,-0.0722440022531011,-0.020223002593823234,-0.0694752058249691,ENSG00000144580,Stim48hr,90.0,42,22,64,-6.124626391529078,True,141.21795116113796,False,>10 DE genes,on-target KD
243,COA3,0.13130772872503763,0.0993264383510818,0.7785897950507451,0.705677475622448,ENSG00000183978,Stim48hr,155.0,291,243,534,-6.155003125835364,True,35.214487950456665,False,>10 DE genes,on-target KD
244,COA5,0.12890520890007381,0.1158190927692667,0.7204019094302492,0.6858984630236635,ENSG00000183513,Stim48hr,275.0,182,83,265,-6.124466454712411,True,22.004423813755576,True,>10 DE genes,on-target KD
245,COA6,0.08434428642957174,0.0682301160517364,0.6635795167983868,0.5040012431756313,ENSG00000168275,Stim48hr,675.0,94,12,106,-18.99179321779476,True,117.6343685118678,False,>10 DE genes,on-target KD
246,COA7,0.15411670259198754,0.1149791740860758,0.7958395598074932,0.7581535628584624,ENSG00000162377,Stim48hr,317.0,333,211,544,-6.152635082568198,True,13.022262679940589,False,>10 DE genes,on-target KD
247,COG6,0.2989233375424659,0.1577993218014171,0.5420956002726349,0.4654316982614397,ENSG00000133103,Stim48hr,110.0,388,284,672,-2.80749641671836,True,9.071417177837718,False,>10 DE genes,on-target KD
248,COL6A1,0.10216167949883191,0.0829740157798097,0.7294057996127558,0.6740076362349338,ENSG00000142156,Stim48hr,137.0,205,165,370,0.0,False,,False,>10 DE genes,no on-target KD
249,COLGALT1,0.1238021804993935,0.1090805794053433,0.7619253365605537,0.7253080446286415,ENSG00000130309,Stim48hr,446.0,176,150,326,-10.304701294163614,True,52.69858129132948,False,>10 DE genes,on-target KD
250,COMMD10,0.083789642425058,-0.0059392630240028,0.601844321086031,0.5779052236733346,ENSG00000145781,Stim48hr,296.0,136,43,179,-10.461720384885078,True,44.556108570547856,False,>10 DE genes,on-target KD
251,COMMD4,0.04650942620398629,-0.0181973519889555,0.7928911596620813,0.777974530189076,ENSG00000140365,Stim48hr,478.0,65,46,111,-11.40467262707947,True,35.85759396136428,False,>10 DE genes,on-target KD
252,COMMD5,0.13488593166829516,0.0284372333502012,0.7128611742059755,0.7041577339911796,ENSG00000170619,Stim48hr,142.0,125,97,222,-6.5429228968414925,True,48.35744590871806,False,>10 DE genes,on-target KD
253,COMMD7,0.1174328510652866,0.0959452094237526,0.8085713505751956,0.7831202024293156,ENSG00000149600,Stim48hr,610.0,75,38,113,-20.58353185370776,True,96.68707229290608,False,>10 DE genes,on-target KD
254,COMMD8,0.1346481220572239,0.1282260380093941,0.6979328246220807,0.6549335580013387,ENSG00000169019,Stim48hr,350.0,208,76,284,-10.552501628546132,True,35.96136924721701,False,>10 DE genes,on-target KD
255,COP1,0.12878945865336575,0.1139880083518526,0.7430736966118254,0.6172428982329468,ENSG00000143207,Stim48hr,472.0,28,12,40,-8.904962106379218,True,35.28553871000652,False,>10 DE genes,on-target KD
256,COPRS,0.0340205298291219,0.0009791784503377,0.3617404898567824,0.2278988555649081,ENSG00000172301,Stim48hr,885.0,337,124,461,-18.55226480312633,True,54.595410464249376,False,>10 DE genes,on-target KD
257,COPS9,0.08955827713900931,0.0505310288336823,0.7252426831884455,0.6458607705810417,ENSG00000172428,Stim48hr,551.0,49,40,89,-11.921083641681786,True,32.686101173246705,False,>10 DE genes,on-target KD
258,COQ10B,0.11816342330708829,0.0796493113759457,0.9283168502377254,0.8862626471400893,ENSG00000115520,Stim48hr,528.0,22,17,39,-14.369330500289248,True,56.86621864696827,False,>10 DE genes,on-target KD
259,COQ3,0.18817166869486993,0.0517051049609819,0.5281702504882259,0.5111090757983726,ENSG00000132423,Stim48hr,95.0,263,95,358,-4.300362156234221,True,36.891496516037954,False,>10 DE genes,on-target KD
260,COQ4,0.1490606539510336,0.1004796120533991,0.645570147301587,0.576560862352209,ENSG00000167113,Stim48hr,99.0,48,15,63,-4.509302165663273,True,30.7838825322482,True,>10 DE genes,on-target KD
261,COQ6,0.12294844181200755,0.0878234035767413,0.8166093322296634,0.7802384466531996,ENSG00000119723,Stim48hr,256.0,384,416,800,-6.410652324929829,True,21.7580623040411,False,>10 DE genes,on-target KD
262,COX11,0.49316546479416346,0.4495828499580888,0.7107363707875836,0.6742013107757385,ENSG00000166260,Stim48hr,57.0,731,367,1098,-2.348339853607317,False,21.936982309636186,False,>10 DE genes,no on-target KD
263,COX14,-0.0348089536155218,-0.1287978558634802,0.8266573799706886,0.6806481503652192,ENSG00000178449,Stim48hr,77.0,9,29,38,-5.580106774177112,True,94.83618037944622,False,>10 DE genes,on-target KD
264,COX15,0.12215863201737735,0.0663630265067994,0.7998722302759962,0.7181381114998889,ENSG00000014919,Stim48hr,482.0,103,144,247,-16.214395790031986,True,65.86152379374707,False,>10 DE genes,on-target KD
265,COX16,0.10441158035572635,0.0928050454626803,0.7716966050914412,0.6908760240707066,ENSG00000133983,Stim48hr,336.0,44,18,62,-20.7503729671472,True,188.6580933784809,False,>10 DE genes,on-target KD
266,COX17,0.08042587637039847,0.0616282150281969,0.4966631987852834,0.4250207025226197,ENSG00000138495,Stim48hr,444.0,69,29,98,-13.799857463505168,True,125.73377939784775,False,>10 DE genes,on-target KD
267,COX18,0.1677171619201936,0.1302662458321241,0.8013783894424465,0.7777382131852623,ENSG00000163626,Stim48hr,599.0,190,208,398,-18.681825355007184,True,77.54318623256847,False,>10 DE genes,on-target KD
268,COX19,0.0894481155234869,0.0569850446461031,0.6667514212493693,0.5333569880999999,ENSG00000240230,Stim48hr,150.0,311,173,484,-3.802389850488273,True,31.629923823930188,False,>10 DE genes,on-target KD
269,COX4I1,0.1735533109724544,0.1254909236190215,0.7583260351024842,0.7081871122438617,ENSG00000131143,Stim48hr,65.0,108,24,132,-12.373419437327511,True,328.0866681301453,False,>10 DE genes,on-target KD
270,COX6C,0.14590443942267156,0.088991051169772,0.6937608973336665,0.6641091440146594,ENSG00000164919,Stim48hr,125.0,392,176,568,-12.749319887967182,True,244.36798559891807,False,>10 DE genes,on-target KD
271,COX7C,0.020793951051799233,-0.0449352371067682,0.798305062569496,0.7403996386642664,ENSG00000127184,Stim48hr,230.0,68,47,115,-6.817817591885986,True,40.85450577879291,False,>10 DE genes,on-target KD
272,CPLANE2,0.013910111570812699,-0.0309253850000341,0.4026757872882118,0.3106813779818031,ENSG00000132881,Stim48hr,139.0,38,4,42,-0.065552501831897,False,2.263980018708696,False,>10 DE genes,no on-target KD
273,CPNE7,-0.031161212219212333,-0.118973999312239,0.7062033345894725,0.6014062862914714,ENSG00000178773,Stim48hr,63.0,55,40,95,0.0,False,,False,>10 DE genes,no on-target KD
274,CPSF6,0.25738385892999965,0.2237349648961957,0.7410645853501707,0.7128865901301696,ENSG00000111605,Stim48hr,111.0,950,440,1390,-5.5853051517492665,True,50.605876157062056,False,>10 DE genes,on-target KD
275,CPTP,0.0312930967531192,0.0124384791759058,0.7369730310164636,0.6780413676757823,ENSG00000224051,Stim48hr,100.0,19,16,35,-3.7082064476829575,True,17.114890905208522,False,>10 DE genes,on-target KD
276,CREB1,0.1348907108977029,0.1157139772930218,0.7868754853293743,0.7689827967902296,ENSG00000118260,Stim48hr,797.0,243,246,489,-23.27678606148442,True,90.36309114945936,False,>10 DE genes,on-target KD
277,CREBBP,0.29715480321334414,0.2736555833956243,0.8240196836650325,0.8211873337051737,ENSG00000005339,Stim48hr,1166.0,1148,809,1957,-18.12720780562422,True,41.05265835334876,False,>10 DE genes,on-target KD
278,CRIPT,0.15491994769878462,-0.0397685981952679,0.8721740389611395,0.8252373950079817,ENSG00000119878,Stim48hr,398.0,23,11,34,-15.558099209954284,True,80.0575191097874,True,>10 DE genes,on-target KD
279,CRLS1,0.1089577443634721,0.0276992429963523,0.7913645587146841,0.7477427720470263,ENSG00000088766,Stim48hr,277.0,345,490,835,-15.326319780730133,True,147.83756165327856,False,>10 DE genes,on-target KD
280,CROT,0.2448888783486359,0.1914107115310922,0.8429881723502225,0.8104706352416102,ENSG00000005469,Stim48hr,316.0,33,13,46,-5.191934620169401,True,10.572577941265482,False,>10 DE genes,on-target KD
281,CS,0.08016398121045021,0.0038142736516263,0.7873204723406664,0.7641128742730031,ENSG00000062485,Stim48hr,232.0,192,118,310,-2.353298301293552,False,3.458991061580245,False,>10 DE genes,no on-target KD
282,CSDE1,0.1783983576581283,0.1603213687698051,0.8175748989180592,0.795439544396644,ENSG00000009307,Stim48hr,530.0,390,300,690,-28.70515570717301,True,198.10876729242509,False,>10 DE genes,on-target KD
283,CSK,0.10722830643306357,0.0624464001966373,0.8127349507377272,0.7303475529511566,ENSG00000103653,Stim48hr,1247.0,17,32,49,-29.831319598016336,True,251.2823709783224,False,>10 DE genes,on-target KD
284,CSNK2A1,0.13429994174444093,0.11626386481202,0.7299687102957096,0.6822668393384863,ENSG00000101266,Stim48hr,489.0,153,140,293,-8.99585034303565,True,19.446452619541247,False,>10 DE genes,on-target KD
285,CTBP1,0.5333956336397331,0.5205167055433874,0.8850662633950134,0.8738326735891359,ENSG00000159692,Stim48hr,1577.0,1317,674,1991,0.0,False,,False,>10 DE genes,no on-target KD
286,CTDSP2,0.1350065621647219,0.126916022214757,0.8259978851045008,0.7940897818936956,ENSG00000175215,Stim48hr,318.0,52,68,120,-6.474701235743842,True,19.043023933853057,False,>10 DE genes,on-target KD
287,CTDSPL2,0.26534449812642014,0.2239627334597016,0.8214664010225246,0.7653364712290769,ENSG00000137770,Stim48hr,478.0,268,469,737,-15.547839602258016,True,56.88032383885185,False,>10 DE genes,on-target KD
288,CTH,0.08671600399422334,0.0698196357548954,0.8210006447243853,0.7664033962612554,ENSG00000116761,Stim48hr,753.0,96,58,154,-12.923824925449225,True,51.24496984211082,False,>10 DE genes,on-target KD
289,CTNNB1,0.077006639061231,-0.0080638562039002,0.8787741389582715,0.8250071617573741,ENSG00000168036,Stim48hr,208.0,38,22,60,-4.456457652355952,True,36.537647935293215,False,>10 DE genes,on-target KD
290,CTPS1,0.16939942055263682,0.0722019413049575,0.7098858631744706,0.6584442993342705,ENSG00000171793,Stim48hr,167.0,177,76,253,-2.582261731616737,False,99.92746301081344,False,>10 DE genes,no on-target KD
291,CTSO,0.2471880756017959,0.0472130112776571,0.6371277505765182,0.4847341523804191,ENSG00000256043,Stim48hr,1140.0,24,74,98,-3.480616386890836,True,2.2984428442304727,False,>10 DE genes,on-target KD
292,CTU1,0.13959300732212723,0.1143013946078334,0.890090664185554,0.8696706287941266,ENSG00000142544,Stim48hr,255.0,33,17,50,-2.040588820923149,True,1.6329650978878352,False,>10 DE genes,on-target KD
293,CUL3,0.15715806744226726,0.0781544272331155,0.6384548870669576,0.5554244688802238,ENSG00000036257,Stim48hr,214.0,443,227,670,-9.42832467349638,True,136.0681954052428,False,>10 DE genes,on-target KD
294,CUL4A,0.1139802017561146,0.096686812221465,0.7914863998536213,0.7173137331644316,ENSG00000139842,Stim48hr,569.0,39,64,103,-12.037929809344122,True,55.39473025707933,False,>10 DE genes,on-target KD
295,CUL5,0.07282805173177187,-0.0590817276150321,0.7229335309412486,0.619701470705388,ENSG00000166266,Stim48hr,149.0,34,18,52,-8.967707739131592,True,68.55423009758178,False,>10 DE genes,on-target KD
296,CWC27,0.023155192194228864,-0.0142780419167152,0.917774772872321,0.8871483803016086,ENSG00000153015,Stim48hr,836.0,17,14,31,-22.975980103087394,True,71.98710565919627,True,>10 DE genes,on-target KD
297,CXXC1,0.21961510711872556,0.1638839859850766,0.7417800490466021,0.7365452661743626,ENSG00000154832,Stim48hr,80.0,516,337,853,-4.650916245162281,True,37.26968880374204,False,>10 DE genes,on-target KD
298,CYB5R4,0.1777293400037636,0.1351331674116563,0.6952217986849608,0.6747702583597414,ENSG00000065615,Stim48hr,145.0,714,314,1028,-9.931774718479058,True,99.86870038420228,False,>10 DE genes,on-target KD
299,CYB5RL,0.138696074130072,0.0289637765347994,0.7967405819224037,0.761893449445385,ENSG00000215883,Stim48hr,366.0,209,180,389,-5.955382929165657,True,12.106613218232352,False,>10 DE genes,on-target KD
300,CYC1,0.2130311386671032,0.179022378630758,0.654262791738564,0.6034301314033332,ENSG00000179091,Stim48hr,103.0,211,67,278,-9.474094995922242,True,168.13101659099692,False,>10 DE genes,on-target KD
301,CYCS,0.060574025823415804,-0.0565021781237253,0.6851891217258906,0.498782313853029,ENSG00000172115,Stim48hr,110.0,107,56,163,-8.637404292969318,True,273.99146851966344,False,>10 DE genes,on-target KD
302,CYP4V2,0.08569807704913801,0.0207181182659805,0.6476490034208496,0.5581073696831208,ENSG00000145476,Stim48hr,154.0,36,19,55,-2.5476739480848947,True,11.078378021892084,False,>10 DE genes,on-target KD
303,CYR61,-0.0076714028378779345,-0.0450216579387221,0.6645469803469192,0.6281990111077322,ENSG00000142871,Stim48hr,685.0,57,54,111,0.0,False,,False,>10 DE genes,no on-target KD
304,DAP,0.06289065251520849,0.0322692538105372,0.626351718284423,0.6065139770487107,ENSG00000112977,Stim48hr,237.0,141,125,266,-13.618992183842977,True,100.88861738300623,False,>10 DE genes,on-target KD
305,DAPK2,0.08333699507878593,0.0619812994581684,0.7336950315114191,0.6699148028132302,ENSG00000035664,Stim48hr,107.0,202,148,350,-2.3610840403860176,True,5.283679172472207,False,>10 DE genes,on-target KD
306,DBF4,0.09018269438232213,0.0820803699794237,0.7801281563820015,0.7199829422852125,ENSG00000006634,Stim48hr,102.0,29,5,34,-8.202233274932185,True,94.23336724954864,True,>10 DE genes,on-target KD
307,DCAF4,0.09201446013746299,0.0857911183930927,0.9451795150028452,0.9271850053117772,ENSG00000119599,Stim48hr,931.0,52,74,126,-8.488330943218632,True,8.99309880496871,False,>10 DE genes,on-target KD
308,DCAF5,0.10120702938790897,0.0864704407906453,0.6654340620455296,0.6213085200032198,ENSG00000139990,Stim48hr,778.0,116,43,159,-17.4890301182151,True,48.4522452301637,False,>10 DE genes,on-target KD
309,DCAKD,0.012702867790644334,-0.0024597535744517,-0.02965169721656701,-0.220357117792459,ENSG00000172992,Stim48hr,773.0,99,13,112,-9.047621406225264,True,21.898420695275245,True,>10 DE genes,on-target KD
310,DCK,0.11722190961784258,0.0912546366978817,0.7758843488771227,0.6323385793846678,ENSG00000156136,Stim48hr,99.0,337,163,500,-6.410649352210729,True,171.17875318125627,False,>10 DE genes,on-target KD
311,DCLRE1A,0.11492156508973363,0.0968633975829643,0.7598304257883829,0.7128187659219839,ENSG00000198924,Stim48hr,307.0,310,162,472,-9.316142763493623,True,32.00037547334733,True,>10 DE genes,on-target KD
312,DCP2,0.11818816798100362,-0.0181264761301527,0.70270989767025,0.6121910805265722,ENSG00000172795,Stim48hr,122.0,548,142,690,-11.182098417336128,True,120.3606508810293,False,>10 DE genes,on-target KD
313,DDA1,0.28888993290084986,0.2722974441529217,0.8231240631763835,0.772161096412397,ENSG00000130311,Stim48hr,416.0,89,161,250,-13.055796284047489,True,46.296313336595766,True,>10 DE genes,on-target KD
314,DDIT4,0.1816964170968081,0.1666196242220978,0.8632233765328619,0.8453050265891311,ENSG00000168209,Stim48hr,490.0,197,121,318,-20.217804942052943,True,976.3105266349002,False,>10 DE genes,on-target KD
315,DDRGK1,0.22225359875769415,0.2147045683386936,0.7890556403055168,0.7794944066753582,ENSG00000198171,Stim48hr,557.0,856,599,1455,-17.607228899241523,True,59.94969883224793,True,>10 DE genes,on-target KD
316,DDX17,0.05031898929229123,0.0300773351323814,0.5584833939389614,0.4827100600700547,ENSG00000100201,Stim48hr,797.0,72,69,141,-23.48380833765733,True,121.6566494211008,False,>10 DE genes,on-target KD
317,DDX31,0.07631399540591391,0.0328813433515063,0.3516190830983416,0.1599101943041555,ENSG00000125485,Stim48hr,246.0,48,28,76,-2.321618826801863,True,13.718110915640588,False,>10 DE genes,on-target KD
318,DDX39B,0.028357796610016864,-0.059324898959988,0.8044993274914051,0.7085046821360406,ENSG00000198563,Stim48hr,113.0,59,34,93,-6.650468590832944,True,62.67754279204157,False,>10 DE genes,on-target KD
319,DDX42,-0.006289650237097631,-0.0650295730913623,0.7128866588692141,0.6248815866009991,ENSG00000198231,Stim48hr,59.0,66,19,85,-4.496368351294641,True,33.39676882899053,False,>10 DE genes,on-target KD
320,DDX6,0.23395345578723112,0.2194685578585199,0.7144794284335063,0.6946726511254939,ENSG00000110367,Stim48hr,174.0,821,334,1155,-15.76465304575096,True,236.4499016872376,False,>10 DE genes,on-target KD
321,DDX60L,0.1004504134596604,0.0949099394812478,0.59719906015705,0.5295002730020802,ENSG00000181381,Stim48hr,707.0,38,29,67,-6.001470760782694,True,8.50824179185004,False,>10 DE genes,on-target KD
322,DEF8,0.13880827274038132,0.1200199827895654,0.7867546131798627,0.64607369644316,ENSG00000140995,Stim48hr,1099.0,105,140,245,-3.945630147551336,True,1.7043678014663266,False,>10 DE genes,on-target KD
323,DEFA6,-0.007454086813228733,-0.1210387256247161,0.37835567423387856,0.2786751361186622,ENSG00000164822,Stim48hr,1538.0,118,31,149,0.0,False,,False,>10 DE genes,no on-target KD
324,DEK,0.017566273479039097,-0.003985753097975,0.24061456144303103,0.1726568529835312,ENSG00000124795,Stim48hr,605.0,59,23,82,-20.29293114687679,True,190.68088377188755,False,>10 DE genes,on-target KD
325,DENR,0.1972948892606826,0.1737277054920478,0.7698517863807185,0.747251270229705,ENSG00000139726,Stim48hr,703.0,913,570,1483,-21.601968343580147,True,120.3693364226826,False,>10 DE genes,on-target KD
326,DET1,0.11402298446234987,0.0937483963252972,0.9097887978884404,0.841975112456239,ENSG00000140543,Stim48hr,444.0,19,22,41,-1.1313553882915226,True,0.4447822783986724,False,>10 DE genes,on-target KD
327,DGKH,0.0955150876445936,0.0572785096346283,0.6706607025787851,0.5351540991282374,ENSG00000102780,Stim48hr,130.0,277,164,441,-0.8939917551015577,False,26.572034831610253,False,>10 DE genes,no on-target KD
328,DGKZ,-0.025333991121884766,-0.0612377581216768,0.789426432639947,0.7616977410375648,ENSG00000149091,Stim48hr,195.0,53,41,94,-2.701710067080953,True,4.921816977618893,False,>10 DE genes,on-target KD
329,DHPS,0.14767898269938265,0.1170836593068287,0.7760997524264802,0.7628333531821195,ENSG00000095059,Stim48hr,123.0,243,94,337,-6.572979063594528,True,53.13389401324514,False,>10 DE genes,on-target KD
330,DHX30,0.10177650557573183,0.0549533807278281,0.6851733848385496,0.6235941014976036,ENSG00000132153,Stim48hr,348.0,144,133,277,-9.967523259730758,True,53.64880087876116,False,>10 DE genes,on-target KD
331,DHX36,0.3207340528118044,0.2498116398628842,0.8003140974404076,0.7796124822046675,ENSG00000174953,Stim48hr,142.0,1574,725,2299,-9.363145639568671,True,91.28911001982016,False,>10 DE genes,on-target KD
332,DHX40,0.05693691520039787,0.0013243896769576,0.68026534277779,0.4066168383423966,ENSG00000108406,Stim48hr,620.0,32,16,48,-16.603924951185643,True,56.20595942542558,False,>10 DE genes,on-target KD
333,DHX9,0.08279903223662614,0.0435687757316929,0.766326930995143,0.7545712165007558,ENSG00000135829,Stim48hr,133.0,135,53,188,-6.877228127917104,True,141.63278716546253,False,>10 DE genes,on-target KD
334,DIS3,0.12605788601029796,-0.1091365243939078,0.6023268635529129,0.5571307101580031,ENSG00000083520,Stim48hr,58.0,156,37,193,-1.0377045725486365,False,82.54800607236432,False,>10 DE genes,no on-target KD
335,DLAT,0.17019277812218944,0.1523816943479708,0.7945575150848673,0.7766010837273872,ENSG00000150768,Stim48hr,372.0,589,527,1116,-12.924449564533292,True,59.3587518912858,False,>10 DE genes,on-target KD
336,DMAC1,0.37567668827733086,0.3496316375009302,0.6616013378138504,0.6513538982302061,ENSG00000137038,Stim48hr,83.0,112,31,143,-5.400132725226047,True,70.28826354766525,False,>10 DE genes,on-target KD
337,DMD,0.027294218096796868,-0.0787432873793365,0.5282858823673234,0.2824718332456971,ENSG00000198947,Stim48hr,1740.0,39,9,48,0.0298480050344037,False,7.457778396330253,False,>10 DE genes,no on-target KD
338,DMRTA2,0.09796604269206614,0.0477834111313753,0.7702556299852348,0.7252677279862472,ENSG00000142700,Stim48hr,1086.0,42,41,83,0.0,False,,False,>10 DE genes,no on-target KD
339,DMXL1,0.12578198198025184,0.0718308391059734,0.8456013579969704,0.8049739888844623,ENSG00000172869,Stim48hr,253.0,23,28,51,-9.047641848818222,True,40.28329487069109,False,>10 DE genes,on-target KD
340,DNAAF2,0.11116989764477347,0.0866874429663394,0.7568785922293033,0.6695646966887829,ENSG00000165506,Stim48hr,145.0,67,49,116,-3.604047123987352,True,15.472450088473895,False,>10 DE genes,on-target KD
341,DNAAF5,0.20268291560384855,0.1825778937962073,0.85228126785874,0.8191631802499015,ENSG00000164818,Stim48hr,374.0,53,92,145,-6.176289431104524,True,25.15802361625166,False,>10 DE genes,on-target KD
342,DNAJB11,0.0292299629694984,0.0172869655202805,0.32341688024359344,0.2952954106895754,ENSG00000090520,Stim48hr,1530.0,88,9,97,-25.45764273227484,True,75.19290113498118,True,>10 DE genes,on-target KD
343,DNAJB9,0.017025602751704703,-0.010703985668814,0.8329135512722726,0.8219617332314878,ENSG00000128590,Stim48hr,1080.0,219,30,249,-14.12169093915391,True,33.64065732695199,True,>10 DE genes,on-target KD
344,DNAJC24,0.15890001266421633,0.1306551922657167,0.736104314571386,0.6654809222770459,ENSG00000170946,Stim48hr,284.0,200,264,464,-7.435166472545855,True,24.857495330434062,False,>10 DE genes,on-target KD
345,DNAJC3,0.06252018930533709,0.0388689091707872,0.8495417297196086,0.770927158170035,ENSG00000102580,Stim48hr,502.0,54,74,128,-16.53879297991616,True,69.19678619866677,False,>10 DE genes,on-target KD
346,DNAJC8,0.2924173489144617,0.2552928853066427,0.7364175208246739,0.709098279265355,ENSG00000126698,Stim48hr,421.0,1015,803,1818,-20.73311071585709,True,171.67976480169187,True,>10 DE genes,on-target KD
347,DNTTIP1,0.19955105668592812,0.155146245646551,0.7104801526132883,0.6682360092762839,ENSG00000101457,Stim48hr,1232.0,1045,859,1904,-19.877406362710506,True,45.63267743002616,False,>10 DE genes,on-target KD
348,DOCK2,0.14865816980466792,0.1389662957925537,0.8117372025298951,0.7793860289653398,ENSG00000134516,Stim48hr,748.0,339,325,664,-19.77889407202146,True,235.31718448422387,False,>10 DE genes,on-target KD
349,DOHH,0.16694411038597345,0.0168996161801416,0.715662126581729,0.5414182435492482,ENSG00000129932,Stim48hr,255.0,597,455,1052,-6.29717996959864,True,25.579760672262648,False,>10 DE genes,on-target KD
350,DOLPP1,0.15661552886655308,0.1178897201459619,0.775630242615529,0.7604676801329461,ENSG00000167130,Stim48hr,1710.0,840,666,1506,-12.372949695379331,True,12.722174591562878,False,>10 DE genes,on-target KD
351,DOP1A,0.26868475682648757,0.207232253993839,0.8725742223343794,0.8058468734112627,ENSG00000083097,Stim48hr,598.0,235,315,550,-4.085162666755494,True,5.259138264360506,True,>10 DE genes,on-target KD
352,DOP1B,0.13955960787512942,0.0332294350609486,0.3625909869262427,0.212373384112202,ENSG00000142197,Stim48hr,2517.0,1900,1341,3241,-13.945407457177629,True,11.47193706140505,False,>10 DE genes,on-target KD
353,DOT1L,-0.011622584637046967,-0.0775879053477873,0.6810374160581882,0.5973758529406433,ENSG00000104885,Stim48hr,282.0,309,127,436,-5.163658431209892,True,131.82302699021292,False,>10 DE genes,on-target KD
354,DPH1,0.07088894118838886,0.0302394189925304,0.7479773641326356,0.6811082706080313,ENSG00000108963,Stim48hr,108.0,88,55,143,-1.063844783122188,True,1.788946245543366,False,>10 DE genes,on-target KD
355,DPH2,0.0656142761590981,-0.0149335517670495,0.6954578621870944,0.6534584025203083,ENSG00000132768,Stim48hr,215.0,102,69,171,-3.6571726417176937,True,9.747405036459362,False,>10 DE genes,on-target KD
356,DPH5,0.2777603007140492,0.2708635560480533,0.8023383511824793,0.7965220792786626,ENSG00000117543,Stim48hr,180.0,549,705,1254,-10.027805448740509,True,73.81577643022679,False,>10 DE genes,on-target KD
357,DPH6,0.14553798393102865,0.116068101229126,0.7842341207391804,0.7680553761588853,ENSG00000134146,Stim48hr,209.0,309,409,718,-7.040533020331984,True,28.51636773946934,False,>10 DE genes,on-target KD
358,DPY19L3,0.059180479942982735,0.0522305668295422,0.6588529902892447,0.581724614061868,ENSG00000178904,Stim48hr,84.0,31,43,74,-1.7252533432085435,True,14.600914414482729,False,>10 DE genes,on-target KD
359,DR1,0.18497839520200407,0.1693660059162313,0.823267072271749,0.8084674553436331,ENSG00000117505,Stim48hr,495.0,300,295,595,-26.493230947348504,True,253.85188374901588,False,>10 DE genes,on-target KD
360,DRAP1,0.05646997217627353,-0.0248892446322338,0.4080128757681132,0.2991720580255221,ENSG00000175550,Stim48hr,686.0,116,65,181,-16.746100839674085,True,346.22000167316963,True,>10 DE genes,on-target KD
361,DSEL,0.10844598836829944,0.0977270022751239,0.7913320000376506,0.7639631126484043,ENSG00000171451,Stim48hr,353.0,143,102,245,0.0,False,,False,>10 DE genes,no on-target KD
362,DTWD1,0.13179360944736332,0.1264151261872574,0.7351677706965618,0.6923620703569879,ENSG00000104047,Stim48hr,216.0,103,70,173,-5.73462538605423,True,19.36904226245016,False,>10 DE genes,on-target KD
363,DUSP12,0.22273422800341927,0.0962603844713628,0.6579246744671442,0.6121281616369049,ENSG00000081721,Stim48hr,59.0,200,76,276,-2.849614261559793,False,33.86574539827986,False,>10 DE genes,no on-target KD
364,DZIP1,0.29272355837810027,0.2804863722771945,0.7365386829404255,0.6491435950384002,ENSG00000134874,Stim48hr,732.0,34,4,38,-0.9638086864461344,False,0.4518534211978725,False,>10 DE genes,no on-target KD
365,E2F1,0.14110635593331947,0.1311347653781727,0.7101890925314406,0.6889595247707399,ENSG00000101412,Stim48hr,125.0,198,192,390,-8.124859175797797,True,120.8904351336071,False,>10 DE genes,on-target KD
366,E2F4,0.11151803014721107,0.0884933128538554,0.6286377610652943,0.214691711747764,ENSG00000205250,Stim48hr,199.0,57,46,103,-14.931260230366044,True,147.8935664006825,False,>10 DE genes,on-target KD
367,EARS2,0.14423913636250132,0.1105162597997349,0.6884681652016788,0.6698477635877524,ENSG00000103356,Stim48hr,239.0,269,139,408,-5.097232033721653,True,15.286970420861676,False,>10 DE genes,on-target KD
368,EBF3,0.019398821035228966,-0.0098101370887931,0.5805555838038016,0.5697850279055479,ENSG00000108001,Stim48hr,838.0,187,70,257,0.0,False,,False,>10 DE genes,no on-target KD
369,ECHS1,0.0326400277100187,0.0240162160216449,0.5178705121965407,0.46692008812828,ENSG00000127884,Stim48hr,950.0,92,37,129,-27.560965116184605,True,98.64479493461756,True,>10 DE genes,on-target KD
370,ECSIT,0.17279439190590065,0.1710211549894821,0.8597043469164641,0.8285984378332546,ENSG00000130159,Stim48hr,436.0,326,368,694,-13.014000296798857,True,48.10845857776976,False,>10 DE genes,on-target KD
371,EDC3,-0.12103198918045384,-0.1769489551150647,0.34985873331210765,0.2521326296307006,ENSG00000179151,Stim48hr,1645.0,89,43,132,-23.380109961945305,True,46.02912548193228,False,>10 DE genes,on-target KD
372,EDF1,0.0786400985443028,0.0451689901258928,0.8829685265270215,0.8602567190630094,ENSG00000107223,Stim48hr,1135.0,48,16,64,-38.87228266584032,True,166.18200322681753,False,>10 DE genes,on-target KD
373,EEF1B2,0.06735112453563159,0.0207541015408515,0.6023839819117077,0.5245531915446198,ENSG00000114942,Stim48hr,408.0,28,26,54,-22.232979597358664,True,265.8046548728975,True,>10 DE genes,on-target KD
374,EFHD2,0.06009643460311966,0.007501426813199,0.24188658218762074,0.2132455473251605,ENSG00000142634,Stim48hr,168.0,56,7,63,-4.772434482220304,True,226.82512490950305,False,>10 DE genes,on-target KD
375,EGR2,0.2005361761132506,0.1912421259142979,0.8288090600022544,0.7550621050464482,ENSG00000122877,Stim48hr,641.0,130,124,254,-5.258845345107146,True,31.674664817233865,False,>10 DE genes,on-target KD
376,EHMT1,0.13970416617214135,0.1011744592313358,0.83192351926132,0.8183303931348916,ENSG00000181090,Stim48hr,1626.0,272,186,458,-16.897822586316792,True,83.68667737797445,True,>10 DE genes,on-target KD
377,EHMT2,0.3896295299359001,0.374079487395085,0.8423833393003339,0.8285378064803235,ENSG00000204371,Stim48hr,629.0,606,401,1007,-20.2826479970121,True,74.28036503847338,False,>10 DE genes,on-target KD
378,EI24,0.09718697892613237,0.0694989913092125,0.8030989243706449,0.7165488743588571,ENSG00000149547,Stim48hr,145.0,25,13,38,-7.13475646842028,True,53.50198057127964,False,>10 DE genes,on-target KD
379,EID2,0.007560666099053433,-0.0051178123493004,0.49075767539121334,0.3469999322112463,ENSG00000176396,Stim48hr,412.0,73,21,94,-7.534443784476448,True,22.768475011934058,False,>10 DE genes,on-target KD
380,EIF1,0.19854337092551078,0.1607759595688023,0.7670551652970433,0.7139790924632945,ENSG00000173812,Stim48hr,336.0,325,180,505,-25.775462007277973,True,698.0920860399082,False,>10 DE genes,on-target KD
381,EIF1AX,0.003278751404084467,-0.0265735537888585,0.19878476067420206,0.1633048732414114,ENSG00000173674,Stim48hr,435.0,44,3,47,-1.1304578804652643,False,4.05651798467086,False,>10 DE genes,no on-target KD
382,EIF1B,0.07929198811152897,0.0513265246547797,0.6390124263504934,0.5592877658341285,ENSG00000114784,Stim48hr,173.0,47,28,75,-11.949172368690684,True,123.91050191800126,False,>10 DE genes,on-target KD
383,EIF2AK1,0.11972305318618463,0.110516400167333,0.880264366314066,0.8728883470866916,ENSG00000086232,Stim48hr,476.0,50,73,123,-27.065442585824947,True,177.26938238524718,False,>10 DE genes,on-target KD
384,EIF2AK4,0.05573107788837787,0.0210217213764014,0.04223329070073817,-0.0462637692655366,ENSG00000128829,Stim48hr,338.0,36,4,40,-15.3593811672236,True,89.67503350896875,False,>10 DE genes,on-target KD
385,EIF3H,0.11053882694330634,0.0634918247694974,0.8571528710252818,0.8217314474496575,ENSG00000147677,Stim48hr,172.0,107,80,187,-13.361074982637197,True,153.7837014272826,False,>10 DE genes,on-target KD
386,EIF3K,0.10687920563410151,0.0662007534343743,0.8084765678654046,0.7708842947277497,ENSG00000178982,Stim48hr,627.0,210,79,289,-20.64601840911263,True,108.3668033844139,True,>10 DE genes,on-target KD
387,EIF3L,0.05805393374081289,0.0412689590924639,0.575988020553162,0.3782947550674405,ENSG00000100129,Stim48hr,292.0,146,60,206,-19.77230018851277,True,284.42397193189873,False,>10 DE genes,on-target KD
388,EIF4A1,0.1837634244669344,0.1236176195448995,0.650824127676165,0.639204855459604,ENSG00000161960,Stim48hr,62.0,318,221,539,-17.41167301267548,True,709.5107525729294,False,>10 DE genes,on-target KD
389,EIF4B,0.06375852866136959,0.0445917175642267,0.7533687059720503,0.7288826233338574,ENSG00000063046,Stim48hr,417.0,51,39,90,-10.754887674107396,True,162.99225662466426,False,>10 DE genes,on-target KD
390,EIF4E,0.02908071714379767,-0.0555830005081633,0.8681019322860489,0.8432104673398798,ENSG00000151247,Stim48hr,167.0,12,50,62,-0.7278140316131545,False,128.90085210757877,False,>10 DE genes,no on-target KD
391,EIF4E2,0.11570421803359737,0.1048394233542218,0.8803701374483491,0.8576185980602635,ENSG00000135930,Stim48hr,509.0,14,21,35,-5.345591209819028,True,106.3836630727582,False,>10 DE genes,on-target KD
392,EIF4G2,0.34874920032882745,0.3335489903018527,0.7525826627013027,0.7336608800192636,ENSG00000110321,Stim48hr,222.0,1119,711,1830,-6.138175330137253,True,32.198287518603166,False,>10 DE genes,on-target KD
393,EIPR1,0.11704024303159881,0.1156561314422979,0.701793122806623,0.6756415415465252,ENSG00000032389,Stim48hr,184.0,33,11,44,-8.937231791222874,True,55.40113142948847,True,>10 DE genes,on-target KD
394,ELAVL1,0.3062703548899519,0.2936047573447405,0.7747759409343007,0.7605566369990564,ENSG00000066044,Stim48hr,967.0,786,1222,2008,-46.69939837157333,True,307.5079540495677,False,>10 DE genes,on-target KD
395,ELMOD3,0.052562372936500734,0.0254449735454008,0.6969604448614258,0.6816406558920974,ENSG00000115459,Stim48hr,229.0,28,44,72,0.1006331311613248,False,8.868172886774463,False,>10 DE genes,no on-target KD
396,ELOB,0.20994877253377764,0.1768988385396371,0.6045240437971257,0.5867019961031223,ENSG00000103363,Stim48hr,762.0,1513,827,2340,-15.399258391731934,True,123.01160877720017,False,>10 DE genes,on-target KD
397,ELOF1,0.37240458039642393,0.3342266930680692,0.7233466337207931,0.6681310315880465,ENSG00000130165,Stim48hr,1723.0,1824,2434,4258,-25.77360095212546,True,57.27683218381419,True,>10 DE genes,on-target KD
398,ELP1,0.09279542063775686,0.0668180624892194,0.8253064749917131,0.7944615321551505,ENSG00000070061,Stim48hr,114.0,75,61,136,-5.788337582382991,True,34.270994412032145,False,>10 DE genes,on-target KD
399,ELP2,0.21000816023421678,0.2056691572873601,0.8271590408290243,0.8236130209802863,ENSG00000134759,Stim48hr,200.0,390,262,652,-11.051855170249654,True,86.4571054208739,True,>10 DE genes,on-target KD
400,ELP3,0.0854840695068327,0.0291508021186175,0.8147495738362102,0.7543939659613831,ENSG00000134014,Stim48hr,347.0,91,97,188,-11.514886067638862,True,44.84004407698866,False,>10 DE genes,on-target KD
401,ELP4,0.13879643477946182,0.0788376228111529,0.8020180589558427,0.7728780494983094,ENSG00000109911,Stim48hr,125.0,40,36,76,-4.646810999600564,True,49.4261301086604,False,>10 DE genes,on-target KD
402,ELP5,0.057186459529720866,-0.0148006828681734,0.751776799057815,0.7096805266769032,ENSG00000170291,Stim48hr,294.0,115,92,207,-12.907427045786124,True,75.02538334373264,False,>10 DE genes,on-target KD
403,ELP6,0.04038982073789247,0.023670777462804,0.3971817647729259,0.1757722949431574,ENSG00000163832,Stim48hr,573.0,27,11,38,-9.695619474307245,True,56.40644967744476,False,>10 DE genes,on-target KD
404,EMB,0.0772890547136557,0.0566606530206827,0.6058642223828796,0.4092207589566074,ENSG00000170571,Stim48hr,541.0,24,22,46,-13.474842196741864,True,74.7030672476832,False,>10 DE genes,on-target KD
405,EMC2,0.05915024451951247,0.0363868196088086,0.5561436071277593,0.355745595813736,ENSG00000104412,Stim48hr,64.0,343,123,466,-6.666963645783696,True,76.61094790251843,False,>10 DE genes,on-target KD
406,EMC3,0.041682734575825796,-0.0347084955236622,0.4895103286744462,0.4103278198041068,ENSG00000125037,Stim48hr,723.0,108,49,157,-8.9371229784326,True,93.74135505736542,False,>10 DE genes,on-target KD
407,EMC4,0.10532853174590114,0.048038062115025,0.7682800594889585,0.7514437988187064,ENSG00000128463,Stim48hr,213.0,381,215,596,-17.160275256297986,True,179.49855354980153,False,>10 DE genes,on-target KD
408,EMC6,0.06493234583519226,0.0521935264679071,0.4326155753091779,0.1938076785055388,ENSG00000127774,Stim48hr,206.0,316,236,552,-6.042295843281025,True,76.98506046130127,True,>10 DE genes,on-target KD
409,EMC7,0.10334787165950905,0.0970923587473352,0.7586278450097335,0.7124006854409956,ENSG00000134153,Stim48hr,625.0,57,19,76,-26.332877942255667,True,176.414779527815,True,>10 DE genes,on-target KD
410,EME2,0.09565052734601957,0.0759047906095263,0.6166575565334592,0.5267985348802265,ENSG00000197774,Stim48hr,205.0,16,20,36,-0.6742678104239261,False,1.3052207053077516,False,>10 DE genes,no on-target KD
411,EML2,0.08983224530536767,0.011630540338716,0.4883792035240218,0.4548725409187193,ENSG00000125746,Stim48hr,412.0,214,95,309,-13.03235138434119,True,113.73352768060458,False,>10 DE genes,on-target KD
412,ENO1,0.21585398266793365,0.1841987724817503,0.7679041461984352,0.7093044913970222,ENSG00000074800,Stim48hr,70.0,208,151,359,-22.63604188289682,True,2052.237521635788,False,>10 DE genes,on-target KD
413,ENTPD1,0.06289189325416393,0.0285063643598021,0.8094597315627473,0.7297988564849854,ENSG00000138185,Stim48hr,1076.0,18,17,35,-4.83833463269318,True,37.97313528686294,False,>10 DE genes,on-target KD
414,ENTR1,0.10477504136522343,0.0440136992277434,0.7551559523268151,0.7452069801127745,ENSG00000165689,Stim48hr,181.0,166,163,329,-7.997361147932152,True,47.55320763693428,False,>10 DE genes,on-target KD
415,EP300,0.19091836623582883,0.1427097069199391,0.8923581180826613,0.8707516153450454,ENSG00000100393,Stim48hr,2172.0,121,57,178,-14.062809574598756,True,93.0180512002501,False,>10 DE genes,on-target KD
416,EPC1,0.07148041888497576,0.0574965480875747,0.8539727951243905,0.8328383633422407,ENSG00000120616,Stim48hr,608.0,42,48,90,-7.421783819758123,True,40.10808126298654,False,>10 DE genes,on-target KD
417,EPG5,0.050068430512486196,0.0336985893887117,0.870276095243692,0.8095257014402278,ENSG00000152223,Stim48hr,725.0,34,11,45,-9.683608221308711,True,15.753892258074648,False,>10 DE genes,on-target KD
418,ERCC1,0.06905562131543518,0.0628717095359832,0.664505661182022,0.6294022032905325,ENSG00000012061,Stim48hr,653.0,239,177,416,-17.02338274759851,True,51.7236022855932,False,>10 DE genes,on-target KD
419,ERCC4,0.15139069644562017,0.1154685803060075,0.6256310943731528,0.578545375559897,ENSG00000175595,Stim48hr,107.0,752,393,1145,-3.7871992009582702,True,13.97441750542716,False,>10 DE genes,on-target KD
420,ERCC6L,-0.012491256750233833,-0.027920730001462,0.3879838875009085,0.3355152947410346,ENSG00000186871,Stim48hr,396.0,62,35,97,-7.808714933257621,True,25.226737928080336,False,>10 DE genes,on-target KD
421,ERGIC3,-0.0792061646388573,-0.1160911419209755,0.0342553389435971,0.0103105279892691,ENSG00000125991,Stim48hr,2880.0,50,25,75,-40.11462888280597,True,130.74259486498633,False,>10 DE genes,on-target KD
422,ERN1,0.04415247974956699,0.0007637120004801,0.8499406759069782,0.8487818830727526,ENSG00000178607,Stim48hr,946.0,13,163,176,-1.836949943419085,False,53.1082429870127,False,>10 DE genes,no on-target KD
423,EWSR1,0.2394792134928455,0.1734646482619551,0.7768546835678145,0.7293528756366421,ENSG00000182944,Stim48hr,654.0,1099,679,1778,-25.42894009916009,True,125.95503109586632,True,>10 DE genes,on-target KD
424,EXOC1,0.0758594164622004,0.0546004511921278,0.612164152379737,0.50353468592367,ENSG00000090989,Stim48hr,98.0,57,19,76,-6.1005967735099045,True,43.884459905854406,False,>10 DE genes,on-target KD
425,EXOC7,0.034883826564210636,-0.0872848728539878,0.6488025541692927,0.6333115042950209,ENSG00000182473,Stim48hr,109.0,143,48,191,-6.420213084939572,True,49.76582973811695,False,>10 DE genes,on-target KD
426,EXOC8,0.1523635196602179,0.0868040474553593,0.7154200217205898,0.569019997954856,ENSG00000116903,Stim48hr,197.0,86,69,155,0.0,False,,False,>10 DE genes,no on-target KD
427,EXOSC6,-0.0131059909238242,-0.0894555922352875,0.839267902875548,0.8161109564128075,ENSG00000223496,Stim48hr,61.0,103,52,155,0.0,False,,False,>10 DE genes,no on-target KD
428,EZH2,0.07519984577449311,-0.0044810805352905,0.45566837490892587,0.4508273311887276,ENSG00000106462,Stim48hr,111.0,167,35,202,-8.602479672228268,True,236.03038287469417,False,>10 DE genes,on-target KD
429,FABP6,0.011371803339565932,-0.013948248131701,0.27446756488454266,0.1212712350910415,ENSG00000170231,Stim48hr,1021.0,15,28,43,0.0,False,,False,>10 DE genes,no on-target KD
430,FAF2,0.20437167930283273,0.132311101667969,0.7178847115678737,0.6952064418305974,ENSG00000113194,Stim48hr,112.0,213,89,302,-7.262624148061095,True,70.34096575138778,False,>10 DE genes,on-target KD
431,FAM118B,0.17064149799875103,0.1290309503481867,0.8365206575011745,0.8001600358914599,ENSG00000197798,Stim48hr,319.0,171,177,348,-3.59681685697518,True,10.586092668350709,False,>10 DE genes,on-target KD
432,FAM122A,0.07770154675582917,0.0664000741940511,0.7305264117074368,0.6940056290933461,ENSG00000187866,Stim48hr,212.0,62,17,79,-1.872987630639599,False,22.05391731177968,False,>10 DE genes,no on-target KD
433,FAM131A,0.04482689859544544,-0.0194263327911449,0.6259852320161143,0.5896396444818982,ENSG00000175182,Stim48hr,240.0,24,12,36,-3.311618396786522,False,5.2511433969430446,False,>10 DE genes,no on-target KD
434,FAM136A,0.002777004908609035,-0.0731517705706001,0.8194965843387957,0.7710683926876074,ENSG00000035141,Stim48hr,195.0,78,131,209,-9.984984558916572,True,88.90567712539206,True,>10 DE genes,on-target KD
435,FAM161B,0.03464964074502404,-0.0096349795852566,0.771830438377841,0.7277560738568116,ENSG00000156050,Stim48hr,550.0,90,83,173,-2.06678187478561,True,1.0490997816583207,False,>10 DE genes,on-target KD
436,FAM173A,0.06126478017073494,-0.0001055873003214,0.48705575734690604,0.4141987994063735,ENSG00000103254,Stim48hr,602.0,40,9,49,-10.370878668555408,True,19.04139942744687,True,>10 DE genes,on-target KD
437,FAM204A,-0.12766681125315735,-0.1685825520880907,0.6139723074845341,0.5833790227424523,ENSG00000165669,Stim48hr,120.0,44,28,72,-6.278641887084686,True,54.96379025587854,False,>10 DE genes,on-target KD
438,FAM208A,0.1578010082469668,0.1139780055718906,0.7894405240767223,0.7129535387660975,ENSG00000163946,Stim48hr,1371.0,257,103,360,-27.796509250579643,True,77.05006845501363,False,>10 DE genes,on-target KD
439,FAM208B,0.09864482319310704,0.0623329520268239,0.5548558868270445,0.3402559779204864,ENSG00000108021,Stim48hr,192.0,40,1,41,-8.465920386851831,True,49.65731658550997,False,>10 DE genes,on-target KD
440,FAM71F2,0.044631568289967866,0.0306692910992459,-0.1729952449465738,-0.508120611625935,ENSG00000205085,Stim48hr,593.0,31,8,39,2.448704790177403,False,0.4949021477358128,False,>10 DE genes,no on-target KD
441,FAM98B,0.24352195287944625,0.211165014511156,0.7694121097791425,0.7549434842979684,ENSG00000171262,Stim48hr,284.0,882,546,1428,-13.812627716309956,True,110.592629239125,False,>10 DE genes,on-target KD
442,FANCA,0.08090778409880424,0.0289197782683926,0.8413183497103773,0.7439962396380844,ENSG00000187741,Stim48hr,360.0,29,11,40,-13.8434571862497,True,61.8156375755922,False,>10 DE genes,on-target KD
443,FANCB,0.10679292116983484,0.0911552775356287,0.8091472258364821,0.7959709498283793,ENSG00000181544,Stim48hr,353.0,155,155,310,-9.831263023533015,True,30.50386234991314,True,>10 DE genes,on-target KD
444,FANCC,0.05053049301385673,0.0081287359495847,0.5389432774824133,0.201249440312193,ENSG00000158169,Stim48hr,203.0,57,20,77,-7.019250954864098,True,27.023169025414013,False,>10 DE genes,on-target KD
445,FANCE,-0.012680008277493965,-0.0830008572645571,0.6852994211217721,0.5949697648193317,ENSG00000112039,Stim48hr,214.0,27,13,40,-5.646005266520815,True,15.999271559458162,False,>10 DE genes,on-target KD
446,FANCF,0.12588829579286287,0.1117880875932828,0.8883899943193847,0.8769009171031588,ENSG00000183161,Stim48hr,277.0,34,38,72,-7.71645063625169,True,24.99234629336445,False,>10 DE genes,on-target KD
447,FANCL,0.148309165156949,0.0989532478276124,0.5586638872810833,0.4960098740839525,ENSG00000115392,Stim48hr,127.0,230,99,329,-3.0069181494516792,True,10.174259128479706,False,>10 DE genes,on-target KD
448,FARS2,0.15370377815575276,0.1339546854001794,0.684071422729677,0.5767854303731458,ENSG00000145982,Stim48hr,239.0,197,227,424,-3.874576408297069,True,9.36114844740312,False,>10 DE genes,on-target KD
449,FASTKD5,0.12868415101486655,0.0770539177604243,0.6461668791038212,0.6035299517906795,ENSG00000215251,Stim48hr,556.0,178,143,321,-11.77899243270118,True,41.424446202874336,True,>10 DE genes,on-target KD
450,FBRS,0.18446067468045194,0.1629433924339336,0.31690427646895475,0.2411284559607313,ENSG00000156860,Stim48hr,351.0,60,16,76,-13.218245264576394,True,126.03094383878388,False,>10 DE genes,on-target KD
451,FBXL15,-0.0216472512729397,-0.0701357301655545,0.08891862344641736,-0.0052731966992616,ENSG00000107872,Stim48hr,2001.0,91,20,111,-13.85356162479251,True,24.330659543202085,False,>10 DE genes,on-target KD
452,FBXL19,-0.035316640377647396,-0.0708209728767639,0.2871447296645249,0.1371037463446228,ENSG00000099364,Stim48hr,245.0,41,4,45,-7.429988181911972,True,40.04522802835844,False,>10 DE genes,on-target KD
453,FBXL3,0.04099486576208524,0.0079022142938073,0.5159293007717087,0.4079151376138247,ENSG00000005812,Stim48hr,486.0,41,24,65,-19.745307128589,True,99.55086439718043,False,>10 DE genes,on-target KD
454,FBXO11,0.1930533045707815,0.1817947751967161,0.3265575760956618,0.1036946977640678,ENSG00000138081,Stim48hr,859.0,9,98,107,-13.771066974694149,True,42.46578014627399,False,>10 DE genes,on-target KD
455,FBXO32,0.0104148863182569,-0.0312963681096907,0.13607411928776736,0.0742536259091717,ENSG00000156804,Stim48hr,1199.0,211,176,387,-4.146985145248712,True,30.99093843860909,False,>10 DE genes,on-target KD
456,FBXO42,0.14501506446213885,0.1156469714771943,0.6475748149761343,0.5969842427594909,ENSG00000037637,Stim48hr,197.0,271,104,375,-9.269545270584262,True,56.81413102037024,False,>10 DE genes,on-target KD
457,FBXO46,0.0601864125670176,0.0135854629529322,0.616848903504167,0.5839571932768312,ENSG00000177051,Stim48hr,517.0,24,22,46,-10.049664252097278,True,48.25095436124828,False,>10 DE genes,on-target KD
458,FBXW7,0.13795134247155214,0.1176859633334284,0.6738095933278117,0.5420886912031008,ENSG00000109670,Stim48hr,700.0,143,39,182,-17.280763619812618,True,81.73821168829053,False,>10 DE genes,on-target KD
459,FCHO1,0.06821929160146613,0.0117569803860962,0.7874870060623168,0.7586558302143059,ENSG00000130475,Stim48hr,249.0,125,121,246,-5.310685886757602,True,50.78858159968252,False,>10 DE genes,on-target KD
460,FDX1,0.34480473727593114,0.3022436790920056,0.7292401008471417,0.640594902813347,ENSG00000137714,Stim48hr,92.0,84,73,157,-5.506493064585658,True,56.275004000724216,False,>10 DE genes,on-target KD
461,FGD3,0.07655290848937493,0.056172780328507,0.8601081499438328,0.8145878282276011,ENSG00000127084,Stim48hr,558.0,13,18,31,-19.1823845978351,True,89.79025810039153,False,>10 DE genes,on-target KD
462,FGFR1OP,0.14601896965012576,0.1114554408025092,0.782313049932753,0.7621062839631557,ENSG00000213066,Stim48hr,248.0,333,150,483,-8.670320913306218,True,34.96500515659503,False,>10 DE genes,on-target KD
463,FGFR1OP2,0.10079472097172609,0.0869303914829732,0.7036644766660042,0.6767455425436463,ENSG00000111790,Stim48hr,263.0,91,27,118,-15.09344209552432,True,105.14993808992544,True,>10 DE genes,on-target KD
464,FHL1,-0.0427561832570878,-0.0715641519810004,-0.3317804675398729,-0.358557487765314,ENSG00000022267,Stim48hr,636.0,71,5,76,-2.091575056605073,False,3.436782530530851,False,>10 DE genes,no on-target KD
465,FIGNL1,0.1438002587310949,0.1274977419981664,0.7062853140178479,0.6839512040213158,ENSG00000132436,Stim48hr,230.0,210,136,346,-12.66332467038155,True,83.53017241731145,False,>10 DE genes,on-target KD
466,FITM2,0.17042249196257417,0.1409157178726514,0.705818461606181,0.6748011533615338,ENSG00000197296,Stim48hr,365.0,261,75,336,-4.190544415745476,True,5.148290250641352,False,>10 DE genes,on-target KD
467,FKBP2,0.20871446170379468,0.1906091595808432,0.7828748549995939,0.7668326217360627,ENSG00000173486,Stim48hr,434.0,217,179,396,0.0,False,,False,>10 DE genes,no on-target KD
468,FKBP8,0.15409732683497027,0.0792444784474184,0.7777039925726986,0.6574694412206925,ENSG00000105701,Stim48hr,1389.0,15,28,43,-19.38717946224723,True,34.15504381370236,False,>10 DE genes,on-target KD
469,FLAD1,0.20134022832197584,0.1116107019407321,0.6381740210168586,0.4757951199831792,ENSG00000160688,Stim48hr,102.0,303,100,403,-4.553087184926122,True,24.84187777344548,False,>10 DE genes,on-target KD
470,FLCN,0.18860540853182242,0.1753206603225858,0.8477679697392877,0.8394472055165211,ENSG00000154803,Stim48hr,376.0,229,179,408,-7.926366799471207,True,22.01150750587181,False,>10 DE genes,on-target KD
471,FLI1,0.09453399654216992,0.0496883277813957,0.7929134200855635,0.784516331110207,ENSG00000151702,Stim48hr,268.0,39,26,65,-12.641393237759347,True,101.16031377312486,False,>10 DE genes,on-target KD
472,FMR1,0.031494139406020936,-0.0602672502819303,0.7718539766610819,0.679065348533127,ENSG00000102081,Stim48hr,135.0,65,51,116,-5.436939676441975,True,33.34760870136119,False,>10 DE genes,on-target KD
473,FN3K,0.07626677177332776,0.0419356513508584,0.6265374190579688,0.3871470979173744,ENSG00000167363,Stim48hr,828.0,82,46,128,-2.312651854420176,True,1.6100738399465755,False,>10 DE genes,on-target KD
474,FNBP4,0.1306865595725042,0.0656860484225555,0.5919781450897227,0.5412844174607738,ENSG00000109920,Stim48hr,132.0,370,169,539,-8.982210577686667,True,66.06121372419295,False,>10 DE genes,on-target KD
475,FOSL2,0.1014358124612792,0.0490203782385428,0.6565329823629823,0.6201368411026301,ENSG00000075426,Stim48hr,729.0,106,92,198,-8.334097140939079,True,158.38297928019193,False,>10 DE genes,on-target KD
476,FOXK1,0.13527970199725628,0.1196700759334462,0.8762845317500628,0.8660338633186306,ENSG00000164916,Stim48hr,340.0,85,55,140,-11.0467665020049,True,53.2588894274996,False,>10 DE genes,on-target KD
477,FOXM1,0.0782114828345752,0.0459455105948451,0.9368785751357578,0.9140684210117052,ENSG00000111206,Stim48hr,282.0,14,32,46,-17.991435260439513,True,149.34921077919046,True,>10 DE genes,on-target KD
478,FOXN2,0.14222398240267628,0.1384459607390236,0.8541987434674074,0.8445985595698434,ENSG00000170802,Stim48hr,1075.0,196,7,203,-23.087653280746203,True,61.72991689643586,False,>10 DE genes,on-target KD
479,FOXO1,0.27774634551423544,0.2117537170826894,0.7943273943362538,0.7139426686502698,ENSG00000150907,Stim48hr,901.0,382,199,581,-5.738428216406569,True,48.60785133842501,False,>10 DE genes,on-target KD
480,FOXO3,0.17252686957918484,0.1638515286270288,0.8573301368977096,0.8352833355866828,ENSG00000118689,Stim48hr,251.0,20,27,47,-3.0585095025401534,False,17.153125527406964,False,>10 DE genes,no on-target KD
481,FOXRED1,0.011132549002577333,-0.0901839994017731,0.5482565020913464,0.4547957026728282,ENSG00000110074,Stim48hr,402.0,16,20,36,-9.954260311074126,True,33.10091643502892,True,>10 DE genes,on-target KD
482,FPGS,0.21542072875259502,0.0922086069857874,0.7334864609992922,0.6800069846939818,ENSG00000136877,Stim48hr,302.0,73,36,109,-10.69775274397214,True,48.49655832100941,False,>10 DE genes,on-target KD
483,FRA10AC1,0.0830190178283036,0.0641404807792727,0.7307011367718911,0.486068623017298,ENSG00000148690,Stim48hr,237.0,31,7,38,-11.969371967041686,True,64.73479965338926,False,>10 DE genes,on-target KD
484,FRS3,0.062253432463599934,0.003245328294785,0.7459968788644556,0.7246974792576216,ENSG00000137218,Stim48hr,1155.0,252,195,447,-7.640577339290369,True,6.990890608206801,False,>10 DE genes,on-target KD
485,FUBP1,0.23290163767510616,0.2072462081662033,0.7638896424068413,0.7216076196331033,ENSG00000162613,Stim48hr,281.0,635,618,1253,-22.76845815235999,True,200.0228227543232,False,>10 DE genes,on-target KD
486,G3BP1,0.10202419801459876,0.0583198587002749,0.7647827831596482,0.7323093794063446,ENSG00000145907,Stim48hr,462.0,235,194,429,0.0,False,,False,>10 DE genes,no on-target KD
487,GAB2,0.13513130333191328,0.1321217742065351,0.7888469336368286,0.7777689003270041,ENSG00000033327,Stim48hr,342.0,26,30,56,-10.242711921534642,True,49.16832697802446,False,>10 DE genes,on-target KD
488,GABPB1,0.24816925739898912,0.24241175850122,0.7273228241065336,0.713927935855932,ENSG00000104064,Stim48hr,159.0,434,356,790,-9.92876079642078,True,97.41203505955411,False,>10 DE genes,on-target KD
489,GADD45G,0.076233291438005,0.0510996780743993,0.6775464006189761,0.4966814905614345,ENSG00000130222,Stim48hr,275.0,53,8,61,-3.4458646978166585,False,13.125938783294115,False,>10 DE genes,no on-target KD
490,GADD45GIP1,0.19424957711405907,0.1784425870156274,0.8481132216052475,0.8342307928676,ENSG00000179271,Stim48hr,203.0,265,272,537,-14.217651455779958,True,142.94453938784423,False,>10 DE genes,on-target KD
491,GALNT6,0.10969287848227328,0.0714874972171733,0.7893299141450411,0.7780754495829804,ENSG00000139629,Stim48hr,473.0,164,198,362,-6.115924188592991,True,12.762835559647256,False,>10 DE genes,on-target KD
492,GARS,0.23280227894190597,0.0719259156085066,0.4552682298888456,0.1366293823346784,ENSG00000106105,Stim48hr,104.0,37,19,56,-4.700536736941305,True,78.52008775766669,False,>10 DE genes,on-target KD
493,GART,0.051091064128904,0.0467568111087101,0.1096751618037286,0.0009421870455985,ENSG00000159131,Stim48hr,190.0,55,4,59,-5.855460950934882,True,122.89129915309344,False,>10 DE genes,on-target KD
494,GAS2L1,0.1546227016496683,0.1089345639365039,0.8410481168398332,0.795217022642826,ENSG00000185340,Stim48hr,340.0,228,229,457,-1.6867437878083131,True,1.3618614898888386,False,>10 DE genes,on-target KD
495,GATA3,0.2891063754246704,0.2767635090078658,0.8428686386780688,0.8291551934722068,ENSG00000107485,Stim48hr,784.0,612,641,1253,-14.948753114565852,True,136.74611375347004,False,>10 DE genes,on-target KD
496,GATAD1,0.16879732944074002,0.1573006124009953,0.7904048380294743,0.7517060627104483,ENSG00000157259,Stim48hr,84.0,95,30,125,-4.544892946034952,True,27.540578801024623,False,>10 DE genes,on-target KD
497,GATB,0.04095055166255634,-0.00341937684978,0.7173976993457131,0.6158313990795119,ENSG00000059691,Stim48hr,184.0,170,125,295,-6.062254475517242,True,24.65000792968124,False,>10 DE genes,on-target KD
498,GBA2,0.0314810492368318,0.0038107124685814,0.6545875054329134,0.6120864035211879,ENSG00000070610,Stim48hr,199.0,57,6,63,-7.0263720243309,True,27.959776650730227,True,>10 DE genes,on-target KD
499,GCN1,0.09521460173944057,0.0835700106179264,0.8121158011653372,0.8004514885295855,ENSG00000089154,Stim48hr,344.0,164,114,278,-16.4182115693732,True,96.11074798323452,False,>10 DE genes,on-target KD
500,GCSH,0.1895942978064872,0.1542333197747037,0.300224119015075,0.1908934319885731,ENSG00000140905,Stim48hr,64.0,41,4,45,0.0,False,,False,>10 DE genes,no on-target KD
501,GDAP1,0.006067807130337033,-0.0165531303186928,-0.09405214079725159,-0.1987445407891609,ENSG00000104381,Stim48hr,797.0,46,11,57,-9.863400096097733,True,14.746338028206814,False,>10 DE genes,on-target KD
502,GDAP2,0.430931598171268,0.3962627530746008,0.741268442671489,0.715168229661383,ENSG00000196505,Stim48hr,56.0,721,281,1002,-3.3347127375547223,True,41.33722230801924,False,>10 DE genes,on-target KD
503,GDF11,0.12861211614749998,0.1198158334026971,0.43006230695473957,0.2972578608436076,ENSG00000135414,Stim48hr,125.0,158,48,206,-1.0698115504557086,False,28.21692971708013,False,>10 DE genes,no on-target KD
504,GDF9,0.08748118099863744,0.0708627376304795,0.2466841104068622,0.0612996634963684,ENSG00000164404,Stim48hr,151.0,40,7,47,0.2025459519731779,False,0.3648174135501921,True,>10 DE genes,putative off-target
505,GFM2,0.0680162491128123,0.0578332018557171,0.761919928006113,0.7125467397737245,ENSG00000164347,Stim48hr,318.0,23,23,46,-9.022884976569053,True,53.59477714918433,True,>10 DE genes,on-target KD
506,GGA3,0.2209359601974347,0.204334920485913,0.8239642419392256,0.7441153325781714,ENSG00000125447,Stim48hr,482.0,83,92,175,-7.690312328705413,True,56.89529011842817,False,>10 DE genes,on-target KD
507,GIGYF2,0.20482940065134903,0.109903838396406,0.6697195569835953,0.5976997813830613,ENSG00000204120,Stim48hr,356.0,206,110,316,-10.444114221366409,True,35.1404157251438,False,>10 DE genes,on-target KD
508,GIPC3,0.0735170685684964,0.0151325058215768,0.6662063099580232,0.5310687388431576,ENSG00000179855,Stim48hr,513.0,314,281,595,0.0,False,,False,>10 DE genes,no on-target KD
509,GJC1,0.09981420397559389,0.0614868341434155,0.7794052790909337,0.7535093877917602,ENSG00000182963,Stim48hr,159.0,64,70,134,-1.6701093292655824,True,2.1375964415046487,False,>10 DE genes,on-target KD
510,GLIPR2,-0.007438897711155134,-0.0192390618550623,0.307232219086627,0.1571954641570203,ENSG00000122694,Stim48hr,1377.0,128,33,161,-14.739179027776068,True,28.901245782597726,False,>10 DE genes,on-target KD
511,GLS,0.08165337700909617,0.0711881355363578,0.8368069049491623,0.8139795195327714,ENSG00000115419,Stim48hr,372.0,60,18,78,-14.319913812495956,True,107.18387757645864,False,>10 DE genes,on-target KD
512,GMEB1,0.1476212054685978,0.1227550723298061,0.842534608896291,0.8105208366733057,ENSG00000162419,Stim48hr,1642.0,216,343,559,-22.04739250645212,True,41.06768859982102,False,>10 DE genes,on-target KD
513,GNA13,0.11887509757221716,0.1110305726125576,0.8195911860814249,0.7728679394314159,ENSG00000120063,Stim48hr,369.0,16,34,50,-12.12527738459357,True,123.37764423197808,False,>10 DE genes,on-target KD
514,GNAS,0.1911224280334762,0.1762865231304408,0.8107588914342118,0.765172037222199,ENSG00000087460,Stim48hr,905.0,835,674,1509,0.0,False,,False,>10 DE genes,no on-target KD
515,GNAZ,0.1031557641672796,0.0857469534105994,0.7360638291251466,0.6864981824010102,ENSG00000128266,Stim48hr,573.0,54,34,88,-0.8034186398451629,True,0.3906700279098811,False,>10 DE genes,on-target KD
516,GNE,0.1617514290175096,0.1541054074441556,0.7849522052972567,0.7740650893302385,ENSG00000159921,Stim48hr,546.0,122,241,363,-10.875444344751209,True,31.033784153856462,False,>10 DE genes,on-target KD
517,GNG5,0.04405771619548537,0.0356703795820903,0.4238294162011058,0.2081406137969013,ENSG00000174021,Stim48hr,149.0,42,22,64,-2.878966271188524,True,21.900193732164585,False,>10 DE genes,on-target KD
518,GNS,0.0436444068385157,0.0058776230113064,0.7273680665001159,0.557408107807008,ENSG00000135677,Stim48hr,210.0,24,12,36,-3.838534423908284,True,44.94751617538984,False,>10 DE genes,on-target KD
519,GOLGA8A,0.15194931694680766,0.1265574042096574,0.774324404030395,0.7392336103129039,ENSG00000175265,Stim48hr,430.0,19,42,61,0.0,False,,False,>10 DE genes,no on-target KD
520,GOLGA8N,0.03845812463491677,0.0051304264171772,0.6937691895450201,0.575696941961924,ENSG00000232653,Stim48hr,800.0,54,44,98,0.0,False,,False,>10 DE genes,no on-target KD
521,GOLT1B,-0.007230077798708333,-0.1626982841493306,0.6326448095276634,0.5832451628866306,ENSG00000111711,Stim48hr,73.0,23,26,49,-5.48894926038121,True,132.75437178547526,True,>10 DE genes,on-target KD
522,GP1BB,0.06863797772957593,0.0503716636808304,0.7881550051309402,0.7439620075665099,ENSG00000203618,Stim48hr,344.0,33,24,57,0.0,False,,False,>10 DE genes,no on-target KD
523,GPALPP1,0.2996007255224682,0.2292767360761805,0.5790524425912392,0.5600576335103793,ENSG00000133114,Stim48hr,54.0,123,29,152,-3.5392206438303013,True,46.14974212841759,False,>10 DE genes,on-target KD
524,GPATCH8,0.12525761218317197,0.1151352049572452,0.5802512950619897,0.5073612429959803,ENSG00000186566,Stim48hr,513.0,117,104,221,-10.857664465563651,True,29.39938016463429,False,>10 DE genes,on-target KD
525,GPD1L,0.10229995927073839,0.0751389038853888,0.8737975469751461,0.757986593799215,ENSG00000152642,Stim48hr,497.0,28,20,48,-8.865032413568319,True,18.73643689476625,False,>10 DE genes,on-target KD
526,GPI,0.22663554534457434,0.1828124724353888,0.8007747184415631,0.7853380270534261,ENSG00000105220,Stim48hr,284.0,980,800,1780,-20.55947339928412,True,233.570729738399,False,>10 DE genes,on-target KD
527,GPR137,0.019972160457277465,0.0110376577146426,0.6706046754029685,0.5400518509255433,ENSG00000173264,Stim48hr,1438.0,48,24,72,-10.843956711177144,True,24.299062872428543,True,>10 DE genes,on-target KD
528,GPR146,-0.0048123568082748995,-0.0326432516815049,0.7229157418790018,0.6993876078818112,ENSG00000164849,Stim48hr,524.0,25,27,52,-2.3601072063833244,True,1.5168703521469529,False,>10 DE genes,on-target KD
529,GPR63,0.0728760431181981,0.0240593673528184,0.5124281200961367,0.273952028994721,ENSG00000112218,Stim48hr,222.0,14,25,39,-1.904604468299609,False,4.0577729333474,False,>10 DE genes,no on-target KD
530,GPS2,0.05203133906977623,0.0286448452980965,0.7251273358137866,0.6507691088964256,ENSG00000132522,Stim48hr,531.0,37,47,84,-9.579898212438556,True,37.93298003015279,False,>10 DE genes,on-target KD
531,GRK6,0.0485485591677754,-0.0139276063501003,0.8039507294399159,0.7548671487278569,ENSG00000198055,Stim48hr,1826.0,48,56,104,-18.56963530727756,True,26.45648176990631,False,>10 DE genes,on-target KD
532,GRSF1,0.18709522934985565,0.1704127701042375,0.8074760393504689,0.8012878754468142,ENSG00000132463,Stim48hr,869.0,774,1075,1849,-30.898557009921834,True,180.3387422892261,False,>10 DE genes,on-target KD
533,GSS,0.13327923247772985,0.0995428237679077,0.7788409573394581,0.7067805414755967,ENSG00000100983,Stim48hr,104.0,264,160,424,-7.486619501483103,True,78.49119545191013,False,>10 DE genes,on-target KD
534,GSTCD,0.11242365707153452,0.0418763728185747,0.827032874271299,0.7258233222324583,ENSG00000138780,Stim48hr,659.0,97,34,131,-15.797648971759674,True,51.58556194722461,True,>10 DE genes,on-target KD
535,GSTO2,0.034993522051943435,0.0222065796323594,0.3980183818017315,0.2108296268793513,ENSG00000065621,Stim48hr,352.0,7,37,44,-0.7581566388528282,True,1.542292212478079,False,>10 DE genes,on-target KD
536,GTF2A1,0.0912274268780268,0.0845572124619459,0.8909115509238692,0.8724953739577992,ENSG00000165417,Stim48hr,905.0,19,24,43,-4.660256170366654,True,77.12932237432254,False,>10 DE genes,on-target KD
537,GTF3C4,0.06086782922103053,0.0028861148455102,0.8403192247403783,0.8188065019020032,ENSG00000125484,Stim48hr,86.0,19,15,34,-1.5200322168941345,True,32.645733463112485,False,>10 DE genes,on-target KD
538,GTF3C5,0.16367184063379678,0.0909899950923403,0.6908135387155075,0.680280825179879,ENSG00000148308,Stim48hr,66.0,99,75,174,-3.387832533503216,True,58.790906962312704,False,>10 DE genes,on-target KD
539,GTPBP10,0.17960497429827474,0.1729930788604798,0.6967306341686418,0.6620368465944978,ENSG00000105793,Stim48hr,513.0,365,639,1004,-11.861078914977291,True,34.86177318774967,False,>10 DE genes,on-target KD
540,GYPC,0.029810715123548267,0.0230255486916923,0.7819456681184214,0.6843971419262029,ENSG00000136732,Stim48hr,1038.0,28,39,67,-14.939559019100177,True,196.6472570173856,False,>10 DE genes,on-target KD
541,H2AFJ,-0.009566544764237567,-0.0330918508484001,0.30134936610927693,0.1676938294874412,ENSG00000246705,Stim48hr,1093.0,22,26,48,-22.32282073388225,True,65.17451690263782,True,>10 DE genes,on-target KD
542,H2AFZ,0.15610538137754296,0.1444266226242689,0.7827224298682163,0.764337271248417,ENSG00000164032,Stim48hr,323.0,187,255,442,-18.620888243062744,True,238.1575663746174,False,>10 DE genes,on-target KD
543,HACD2,0.14607655022223537,0.1110954242169789,0.8521280740565064,0.8245928447863742,ENSG00000206527,Stim48hr,998.0,697,727,1424,-22.408708740300565,True,63.27130615062696,False,>10 DE genes,on-target KD
544,HAX1,0.108410413399687,0.0817773002367692,0.6944047755700842,0.683434474692472,ENSG00000143575,Stim48hr,119.0,178,41,219,-8.951288970995401,True,130.759702736726,False,>10 DE genes,on-target KD
545,HCCS,0.3615932740964187,0.3033526851334986,0.6797178658298738,0.6138334664887086,ENSG00000004961,Stim48hr,80.0,795,436,1231,-3.548277654463,True,29.71742764595332,False,>10 DE genes,on-target KD
546,HDAC1,0.16194516599419917,0.1544735746117441,0.9081542400229035,0.8793457333187167,ENSG00000116478,Stim48hr,544.0,39,20,59,-27.36992616928685,True,158.5348822350433,False,>10 DE genes,on-target KD
547,HDAC3,0.06620456163392056,-0.0280254162673085,0.7730415639346567,0.7305774098017371,ENSG00000171720,Stim48hr,210.0,77,24,101,-9.645725314050168,True,80.37451781293208,False,>10 DE genes,on-target KD
548,HDAC7,0.25451811088683934,0.1959116170354964,0.6092414161166119,0.5367096338642243,ENSG00000061273,Stim48hr,90.0,110,25,135,-5.617777566020592,True,268.55952630746657,False,>10 DE genes,on-target KD
549,HDGFL3,0.01910324536699307,-0.0241253630408649,0.6789915717185049,0.515995021293509,ENSG00000166503,Stim48hr,531.0,25,14,39,-17.765883813139094,True,225.2640137440146,False,>10 DE genes,on-target KD
550,HDHD3,0.005217352255661867,-0.004493105877585,-0.05806342869369057,-0.1648685511741351,ENSG00000119431,Stim48hr,754.0,32,1,33,-9.395775520660797,True,13.384033923400883,False,>10 DE genes,on-target KD
551,HEATR3,0.20959921691591363,0.1772938936982202,-0.4625165761766425,-0.4883332156301292,ENSG00000155393,Stim48hr,57.0,37,2,39,-4.25670252239732,True,45.81152908691444,False,>10 DE genes,on-target KD
552,HECTD1,0.1322539104799686,0.1163953896800752,0.8366811445993227,0.7903929512129062,ENSG00000092148,Stim48hr,264.0,9,25,34,-8.457114462961863,True,43.56864447310126,False,>10 DE genes,on-target KD
553,HECTD3,0.042517684179735664,0.0139897129998085,0.7731028854491259,0.7448861810372593,ENSG00000126107,Stim48hr,242.0,18,23,41,-7.191378491195094,True,25.78117209928228,False,>10 DE genes,on-target KD
554,HELT,0.22182662106923842,0.2019282488186249,0.698636228755261,0.6826191759975518,ENSG00000187821,Stim48hr,960.0,1184,1105,2289,0.0,False,,False,>10 DE genes,no on-target KD
555,HERC2,-0.0021041129812849006,-0.0164077643788668,-0.10422917854422041,-0.1731503603072269,ENSG00000128731,Stim48hr,447.0,29,3,32,-2.938878653753283,False,30.76196471196253,False,>10 DE genes,no on-target KD
556,HEXIM1,0.17833810254740715,0.1583155437263576,0.7591555069116328,0.7468129901515308,ENSG00000186834,Stim48hr,370.0,807,551,1358,-12.224181921527077,True,63.50892228134556,False,>10 DE genes,on-target KD
557,HEY1,0.15869681822773263,0.1530547790625893,0.7361611912902463,0.6896893563915839,ENSG00000164683,Stim48hr,651.0,48,64,112,0.0,False,,False,>10 DE genes,no on-target KD
558,HIF1A,0.025079576165221,-0.044923055159004,0.6579207576581715,0.5804008671944565,ENSG00000100644,Stim48hr,379.0,36,93,129,-6.246095962558234,True,70.12675608644936,False,>10 DE genes,on-target KD
559,HIPK1,0.0077559745488678,-0.0095023190190234,0.76253677090729,0.6497209652461836,ENSG00000163349,Stim48hr,226.0,20,14,34,-4.808484939974565,True,62.84151810991326,False,>10 DE genes,on-target KD
560,HIRIP3,0.12838981641556138,0.1215834256266452,0.8519922734094448,0.782133893591832,ENSG00000149929,Stim48hr,775.0,17,34,51,-13.835982375735552,True,40.31956097313844,True,>10 DE genes,on-target KD
561,HIST1H1E,0.06948625854263167,0.058701229595786,0.8531103818915383,0.8079826359709132,ENSG00000168298,Stim48hr,778.0,29,12,41,-17.603624522138063,True,62.70137246914823,False,>10 DE genes,on-target KD
562,HIST1H2AM,0.056426494122996905,0.0311543548167589,0.8726097033865391,0.8416108392990969,ENSG00000278677,Stim48hr,923.0,45,25,70,0.0,False,,False,>10 DE genes,no on-target KD
563,HIST1H2BI,-0.0341165360373686,-0.0633324231302754,-0.09568082210644013,-0.1355478434252755,ENSG00000278588,Stim48hr,515.0,211,32,243,0.0,False,,False,>10 DE genes,no on-target KD
564,HIST1H3I,0.1835450673570992,0.1773697725046312,0.7905575271687937,0.7666888792949665,ENSG00000275379,Stim48hr,767.0,144,135,279,0.0,False,,False,>10 DE genes,no on-target KD
565,HK2,0.09691890552937525,0.03742305179585,0.9048534605842309,0.8939580127239533,ENSG00000159399,Stim48hr,1363.0,122,114,236,-31.854767410231307,True,141.62751960139187,False,>10 DE genes,on-target KD
566,HMBS,0.15516624934222406,0.1335171401613673,0.7748064848085483,0.7217008906904602,ENSG00000256269,Stim48hr,232.0,386,338,724,-8.80393218599039,True,41.97824469794591,False,>10 DE genes,on-target KD
567,HMGB3,0.1382047810656134,0.0967176013125405,0.7288687797378581,0.6736919566595091,ENSG00000029993,Stim48hr,685.0,14,40,54,-4.032797409934513,True,2.52145635869594,False,>10 DE genes,on-target KD
568,HMGN5,-0.004291091996227833,-0.0139692202135383,0.4073553630299995,0.3102236282775387,ENSG00000198157,Stim48hr,634.0,158,183,341,-4.44807222499885,True,20.856793908167813,True,>10 DE genes,on-target KD
569,HMGXB3,0.1105667876775747,0.1017150180903941,0.7327749177077519,0.6794856960402104,ENSG00000113716,Stim48hr,106.0,41,42,83,-4.032623404320211,True,18.535924592239425,False,>10 DE genes,on-target KD
570,HNRNPA1,0.2319340450590974,0.1939519878187363,0.8166388252997617,0.7959820698027035,ENSG00000135486,Stim48hr,821.0,547,619,1166,0.0,False,,False,>10 DE genes,no on-target KD
571,HNRNPA2B1,0.10838818879252776,0.0612426035788492,0.6911708251837037,0.5955845838726063,ENSG00000122566,Stim48hr,683.0,198,156,354,-53.39005891033834,True,1170.8449177039192,False,>10 DE genes,on-target KD
572,HNRNPD,0.21219890834371227,0.2064917923397852,0.8304771063345161,0.8255734724997785,ENSG00000138668,Stim48hr,553.0,327,315,642,-36.74093945130031,True,500.9389354528322,False,>10 DE genes,on-target KD
573,HNRNPDL,0.08647787476771263,-0.0106897282121821,0.6931344300707969,0.6843425975514159,ENSG00000152795,Stim48hr,62.0,51,34,85,-5.0336300994600025,True,238.30047155895457,False,>10 DE genes,on-target KD
574,HNRNPH1,0.04949330761840309,-0.1183961681976294,0.9130262249703146,0.8730646731624921,ENSG00000169045,Stim48hr,110.0,22,14,36,0.0,False,,False,>10 DE genes,no on-target KD
575,HOMER1,0.14359410800233022,0.1347668944347429,0.8820367951532698,0.8458227806448864,ENSG00000152413,Stim48hr,192.0,21,10,31,-6.009309219886281,True,26.246269753008423,False,>10 DE genes,on-target KD
576,HOXA4,0.043175197095241764,0.0170307386129901,0.5128381514393697,0.3639335667311347,ENSG00000197576,Stim48hr,1081.0,20,23,43,0.0,False,,False,>10 DE genes,no on-target KD
577,HOXB2,0.11941346305943219,0.0531716396253722,0.6732257766205961,0.6061070434655863,ENSG00000173917,Stim48hr,795.0,216,102,318,-10.791523087175838,True,27.036015359550195,True,>10 DE genes,on-target KD
578,HOXB4,0.09548855279245538,0.0289099576664597,0.7992447253174109,0.7810499937302198,ENSG00000182742,Stim48hr,293.0,23,16,39,-8.028368112454219,True,25.22937515161573,True,>10 DE genes,on-target KD
579,HOXC10,-0.052748599348481896,-0.0749736203820971,0.8796971626668276,0.83751292587588,ENSG00000180818,Stim48hr,1586.0,70,93,163,0.0,False,,False,>10 DE genes,no on-target KD
580,HOXC5,0.1364342203940038,0.1135367326598921,0.7798841317111666,0.7595865519246885,ENSG00000172789,Stim48hr,448.0,99,66,165,0.0,False,,False,>10 DE genes,no on-target KD
581,HPS1,-0.0500092690080605,-0.0763370130442023,0.17710364251107602,0.1244297921229739,ENSG00000107521,Stim48hr,2003.0,146,85,231,-15.86954495417711,True,23.93082862262633,False,>10 DE genes,on-target KD
582,HPS5,0.1844028764596796,-0.1476924809056362,0.7220954132381397,0.6743217471934777,ENSG00000110756,Stim48hr,53.0,29,18,47,-2.5299149788528466,False,39.171618289282655,True,>10 DE genes,putative off-target
583,HRAS,0.10298675430078064,0.0377936645407482,0.7879309701906706,0.7714482301767063,ENSG00000174775,Stim48hr,473.0,57,83,140,-9.135323013826053,True,24.26164820159393,False,>10 DE genes,on-target KD
584,HS3ST3B1,0.09015549698415658,0.0469880898823402,0.7559877661742888,0.7021909664867523,ENSG00000125430,Stim48hr,704.0,79,142,221,-11.310920210586383,True,31.84510407265286,False,>10 DE genes,on-target KD
585,HSD17B10,0.12925281002411018,0.024577775306457,0.8158188745557778,0.7832726222681489,ENSG00000072506,Stim48hr,359.0,183,157,340,-8.148786995028823,True,103.70688537823528,False,>10 DE genes,on-target KD
586,HSD17B12,0.04767423872719476,-0.0069694548100435,0.565186373469687,0.4907071808735952,ENSG00000149084,Stim48hr,159.0,41,53,94,-1.133646301915308,True,18.43916566201406,False,>10 DE genes,on-target KD
587,HSD17B13,0.04249048287298487,0.0194929355011097,-0.3435849988172686,-0.3827777058150605,ENSG00000170509,Stim48hr,378.0,38,7,45,0.0,False,,False,>10 DE genes,no on-target KD
588,HSDL2,-0.08386660712073574,-0.1352710937759974,-0.029512125733826503,-0.195866802732987,ENSG00000119471,Stim48hr,840.0,122,33,155,-25.76862055917408,True,104.59877857468804,False,>10 DE genes,on-target KD
589,HSF1,-0.010676286859267395,-0.1145776595177698,0.8298932983569022,0.7698689136472197,ENSG00000185122,Stim48hr,131.0,27,45,72,-2.4258481648850974,False,131.2191928733487,False,>10 DE genes,no on-target KD
590,HSP90B1,0.16564688710460695,0.1501796532257298,0.6073415554438459,0.46254815863552,ENSG00000166598,Stim48hr,223.0,46,16,62,-7.40947144273179,True,199.30184055586017,False,>10 DE genes,on-target KD
591,HSPH1,0.2606927059564698,0.1912036898681804,0.46079002008348185,0.3985443677795601,ENSG00000120694,Stim48hr,1260.0,84,38,122,-23.70498519163735,True,242.1623430749534,False,>10 DE genes,on-target KD
592,HTT,0.1254411028796265,0.1082268191788748,0.8421043260692332,0.780867432989388,ENSG00000197386,Stim48hr,1211.0,57,77,134,-22.72392319155433,True,81.1628029194245,False,>10 DE genes,on-target KD
593,IBA57,0.2327633936808,0.1988429569678626,0.7460808477724412,0.7236562495919749,ENSG00000181873,Stim48hr,231.0,483,436,919,-3.953380853935074,True,9.4326435238469,False,>10 DE genes,on-target KD
594,ICE2,0.040444309414428434,0.030830464827722,0.7950265165691683,0.7147541264860527,ENSG00000128915,Stim48hr,534.0,30,55,85,-8.875697326788288,True,27.293686808244388,False,>10 DE genes,on-target KD
595,ICMT,0.039007150011423665,0.0258871831741021,0.4055764414680835,0.3112928665826597,ENSG00000116237,Stim48hr,490.0,55,9,64,-3.717704023607437,True,93.71496882945516,False,>10 DE genes,on-target KD
596,ICOS,-0.017457561240837565,-0.0265016390458577,0.011334889109192503,-0.1690906042731734,ENSG00000163600,Stim48hr,661.0,62,8,70,-12.33676009146756,True,438.43605883484906,False,>10 DE genes,on-target KD
597,ID2,0.14668321808242832,0.1129633698867802,0.7273582668350679,0.6340431071574093,ENSG00000115738,Stim48hr,196.0,268,231,499,-3.0906939590705163,True,222.8980969099037,False,>10 DE genes,on-target KD
598,IFFO2,-0.023007965789057835,-0.0653633539722139,0.044309255058768204,-0.0332038868065207,ENSG00000169991,Stim48hr,1116.0,37,6,43,-11.399362376007234,True,67.70066491337782,False,>10 DE genes,on-target KD
599,IFI27L1,0.1214702004456949,0.0729554579661159,0.8124009659281817,0.7222711251629815,ENSG00000165948,Stim48hr,242.0,24,19,43,-9.905654552451082,True,49.05463303428425,True,>10 DE genes,on-target KD
600,IFNAR1,0.027636892934263902,-0.000537677353551,0.7675552551238004,0.7328255716114065,ENSG00000142166,Stim48hr,1152.0,10,29,39,-29.75402666405314,True,92.3718434101892,False,>10 DE genes,on-target KD
601,IFT172,0.0688235228647766,0.0659609474274391,0.6085123094947585,0.4466301697517853,ENSG00000138002,Stim48hr,946.0,39,23,62,-7.449433608879485,True,7.220608109891319,False,>10 DE genes,on-target KD
602,IGF2,0.0875721393441803,0.0778901847591741,0.81553239179267,0.7846966039947512,ENSG00000167244,Stim48hr,665.0,112,124,236,0.0,False,,False,>10 DE genes,no on-target KD
603,IGHMBP2,0.03675187247007707,-0.0177752210990836,0.6187303519212365,0.5342229158337434,ENSG00000132740,Stim48hr,856.0,30,12,42,0.0,False,,False,>10 DE genes,no on-target KD
604,IKBKB,0.15656892137366132,0.1403403731676233,0.875853974596426,0.8531420004817251,ENSG00000104365,Stim48hr,724.0,179,114,293,-9.813490443796631,True,213.0683590530704,False,>10 DE genes,on-target KD
605,IKZF1,0.10512995886182279,0.0885385362707901,0.8548146254193378,0.8396117734210212,ENSG00000185811,Stim48hr,556.0,17,16,33,1.2504653492014486,False,451.4167817342903,False,>10 DE genes,no on-target KD
606,IL12RB2,0.03883313450611214,0.0360367542382277,0.09941979159186941,0.0026348741443865,ENSG00000081985,Stim48hr,838.0,110,50,160,-18.312783131322647,True,139.93219727063618,False,>10 DE genes,on-target KD
607,IL21,0.018065113623696834,-0.0438696959698146,0.6150946937042686,0.4786500298726981,ENSG00000138684,Stim48hr,651.0,60,48,108,-3.931450905418146,True,16.149845203299947,False,>10 DE genes,on-target KD
608,IL21R,0.12491787758172694,0.084240735147097,0.8284907165375595,0.8030038391367752,ENSG00000103522,Stim48hr,462.0,64,43,107,-12.097478547898373,True,75.25201564825657,False,>10 DE genes,on-target KD
609,IL2RB,0.3844615686461965,0.3310408400684796,0.788153126506825,0.7030037961689727,ENSG00000100385,Stim48hr,80.0,625,445,1070,-14.72002199938777,True,466.2084947591821,False,>10 DE genes,on-target KD
610,IL4I1,-0.01994784325172703,-0.0377394152639228,0.28096981362517637,0.2115042764561414,ENSG00000104951,Stim48hr,1708.0,157,140,297,-12.386489658024676,True,41.98663396691652,False,>10 DE genes,on-target KD
611,IL4R,0.1745195222660553,0.1617813438306448,0.7089258331483713,0.6944511666344759,ENSG00000077238,Stim48hr,911.0,394,335,729,-8.646176007212214,True,12.727571851091552,False,>10 DE genes,on-target KD
612,IL7R,0.07237619097255693,-0.0142466257245001,-0.012817288373747904,-0.1018644214460297,ENSG00000168685,Stim48hr,250.0,38,61,99,-1.6831508829372883,False,26.167996750708685,False,>10 DE genes,no on-target KD
613,IMMP2L,0.05357612960651426,0.0277787085569165,0.5897825688986376,0.48262587856987,ENSG00000184903,Stim48hr,623.0,72,125,197,-12.901321921829108,True,44.15673006985012,False,>10 DE genes,on-target KD
614,IMPAD1,0.09184021268908373,0.0271558837549784,0.6144207654210985,0.5818843120075025,ENSG00000104331,Stim48hr,114.0,34,20,54,-4.986572541289003,True,133.4782224080167,False,>10 DE genes,on-target KD
615,IMPDH2,0.35790887332025995,0.336959025125068,0.7053076631816725,0.6726084379862904,ENSG00000178035,Stim48hr,51.0,720,335,1055,-6.681475240130619,True,164.9547490317305,False,>10 DE genes,on-target KD
616,ING3,-0.010025972297846401,-0.0447756034305801,-0.1315215968626499,-0.3712917182828947,ENSG00000071243,Stim48hr,239.0,90,29,119,-4.645566870546274,True,25.529670237614614,False,>10 DE genes,on-target KD
617,ING5,0.031425073452862134,0.0085690194985146,0.5448470165014477,0.153348179789775,ENSG00000168395,Stim48hr,95.0,69,9,78,-3.2836154833460927,False,13.801640460836971,False,>10 DE genes,no on-target KD
618,INO80,0.16112316442796693,0.1488967628233226,0.7200868655272402,0.6996947355632048,ENSG00000128908,Stim48hr,125.0,129,116,245,-4.840616964759756,True,28.461521440989458,False,>10 DE genes,on-target KD
619,INO80B,0.12400635975033573,0.0946870951755773,0.7942061916215203,0.7673508274335348,ENSG00000115274,Stim48hr,156.0,99,76,175,-5.513640044482365,True,30.39526293370032,False,>10 DE genes,on-target KD
620,INO80C,0.20692655135738544,0.1895348505297901,0.8278652868136818,0.8013854926487326,ENSG00000153391,Stim48hr,438.0,209,248,457,-12.22282628977296,True,41.15046859159401,False,>10 DE genes,on-target KD
621,INO80E,0.12157082934062195,0.0904732316398661,0.7871492886826204,0.6537737449013744,ENSG00000169592,Stim48hr,218.0,33,47,80,-12.80797517674481,True,71.38911495834996,True,>10 DE genes,on-target KD
622,INPP5D,0.16395815168704597,0.1536788608328572,0.7913005678417521,0.7748255913683845,ENSG00000168918,Stim48hr,1557.0,351,185,536,-24.36659352699218,True,61.082622356973495,False,>10 DE genes,on-target KD
623,INPP5F,-0.05080026204234897,-0.0716447898323508,0.7503092027553392,0.7064510223877537,ENSG00000198825,Stim48hr,805.0,28,13,41,-12.166027840101403,True,31.1011334676902,False,>10 DE genes,on-target KD
624,INSIG1,0.10635564138622729,0.0899476752389919,0.7410839841436818,0.7283378778886769,ENSG00000186480,Stim48hr,299.0,463,268,731,-10.735481610476596,True,252.8078784840916,False,>10 DE genes,on-target KD
625,INSR,0.11818219001970276,0.0749384299947024,0.8438060736335281,0.7975668472841608,ENSG00000171105,Stim48hr,2084.0,189,177,366,-2.7226731322834445,True,0.5990195953490604,False,>10 DE genes,on-target KD
626,INTS10,0.22750105773788007,0.2124645292293261,0.7343793672317197,0.7289795937862382,ENSG00000104613,Stim48hr,292.0,1290,786,2076,-15.59288355511929,True,108.78857887615985,False,>10 DE genes,on-target KD
627,INTS12,0.13994407667174938,0.1089293071391461,0.7753342295261575,0.7522389875716506,ENSG00000138785,Stim48hr,695.0,431,269,700,-13.67319243004625,True,34.96013854361489,True,>10 DE genes,on-target KD
628,INTS13,0.18455389607842232,0.1685471010754516,0.73168043036397,0.7061459644707707,ENSG00000064102,Stim48hr,273.0,656,417,1073,-17.070639005913275,True,138.70966941963633,True,>10 DE genes,on-target KD
629,INTS14,0.2078758728711624,0.2060420129967356,0.7400274156443963,0.6980538064546647,ENSG00000138614,Stim48hr,168.0,474,240,714,-4.744731648305191,True,40.55129191480834,False,>10 DE genes,on-target KD
630,INTS6,0.10509822046749767,0.0827890974553734,0.6105479855879393,0.5665157837949095,ENSG00000102786,Stim48hr,487.0,58,25,83,-12.281000685641244,True,89.62869132480101,False,>10 DE genes,on-target KD
631,IPMK,0.0245611471261843,0.0018547943499935,0.4288334109142979,0.2511326824362321,ENSG00000151151,Stim48hr,200.0,70,79,149,-2.5781932353667294,False,26.717696719099035,True,>10 DE genes,putative off-target
632,IPO9,0.16748370972639512,0.1225993656596823,0.5553372344049152,0.4794726619600808,ENSG00000198700,Stim48hr,79.0,212,46,258,-5.228327781797901,True,70.024371553207,False,>10 DE genes,on-target KD
633,IQCG,0.11151893251681762,0.0909417816356756,0.4547003121916016,0.3928915098444019,ENSG00000114473,Stim48hr,494.0,29,11,40,-2.400268787639225,True,8.188971735369712,False,>10 DE genes,on-target KD
634,IREB2,0.07910754770237854,-0.0025581877212432,0.8420378697056337,0.7920030844310766,ENSG00000136381,Stim48hr,298.0,27,22,49,-7.789599168860161,True,73.14835814040354,False,>10 DE genes,on-target KD
635,IRF1,0.16391619104640578,0.1511813241319473,0.8666069033460858,0.8482989317417581,ENSG00000125347,Stim48hr,741.0,18,40,58,-11.443335427519736,True,36.07386384162341,False,>10 DE genes,on-target KD
636,IRF2,0.06403899197333528,0.0184002669188208,0.7098182515788659,0.65165604531484,ENSG00000168310,Stim48hr,150.0,44,22,66,-5.196988912660606,True,72.43147440130073,False,>10 DE genes,on-target KD
637,IRF2BP1,0.13881666012414237,0.1139282815536831,0.8403954688319263,0.8099371730978104,ENSG00000170604,Stim48hr,227.0,47,59,106,-5.876812785406535,True,16.457090350374415,False,>10 DE genes,on-target KD
638,IRF9,0.11376155161369966,0.0783517813081914,0.8607598877419465,0.8531638173492362,ENSG00000213928,Stim48hr,2007.0,1,58,59,-22.918004935883896,True,48.44474619062215,True,>10 DE genes,on-target KD
639,ISCA2,0.23229587612615088,0.2224580857346344,0.7071527060450357,0.643403573524256,ENSG00000165898,Stim48hr,92.0,843,658,1501,-3.255026374611486,True,19.789310451680528,True,>10 DE genes,on-target KD
640,IST1,0.09790667091317318,0.0855263881357161,0.8697963954742126,0.8600468292182905,ENSG00000182149,Stim48hr,366.0,103,74,177,-15.986902784527308,True,83.15107802584697,False,>10 DE genes,on-target KD
641,ITGB2,0.14182748431195055,0.1041024501445364,0.8735122187179493,0.8188636426819018,ENSG00000160255,Stim48hr,479.0,51,18,69,-19.775272525866555,True,200.81903088355008,False,>10 DE genes,on-target KD
642,ITK,0.43001127295408953,0.4275958304563927,0.7855625338333344,0.7724487335975789,ENSG00000113263,Stim48hr,361.0,1307,1259,2566,-2.4336315713977874,True,239.752390154943,False,>10 DE genes,on-target KD
643,ITPA,0.024475530363511733,0.0170142349306234,0.7810794977680436,0.7764766611336082,ENSG00000125877,Stim48hr,278.0,24,19,43,-10.175474698592437,True,43.91080236680635,False,>10 DE genes,on-target KD
644,ITPKC,0.08896732815606384,0.079711870546521,0.4083342710418389,0.2805006677477082,ENSG00000086544,Stim48hr,539.0,22,12,34,-8.609517075221401,True,19.015480768299145,False,>10 DE genes,on-target KD
645,ITPR1,0.11851854252406162,0.0237944039136238,0.8039460423500856,0.7355063311779678,ENSG00000150995,Stim48hr,279.0,248,144,392,-8.554198225336428,True,130.61961472028477,False,>10 DE genes,on-target KD
646,ITSN1,0.059463413758064874,0.0393633390007968,0.8186736924614069,0.8123000548275415,ENSG00000205726,Stim48hr,224.0,47,29,76,-1.4226875826092389,False,1.817386909976996,True,>10 DE genes,putative off-target
647,IWS1,0.2768889876798261,0.2617180523466214,0.7717611135605625,0.7633293230296284,ENSG00000163166,Stim48hr,325.0,230,180,410,-13.901300235538324,True,84.98763308139584,False,>10 DE genes,on-target KD
648,JOSD2,0.15532140914312254,0.1344073595203566,0.594289613277957,0.4698878076939654,ENSG00000161677,Stim48hr,399.0,59,20,79,-7.459235722103681,True,16.735202527277696,False,>10 DE genes,on-target KD
649,JTB,-0.0336402411818078,-0.1040218057051609,0.7934433192830187,0.7430946564589133,ENSG00000143543,Stim48hr,79.0,34,25,59,-4.092312873444348,True,159.59474610588288,False,>10 DE genes,on-target KD
650,JUNB,0.15984615993244405,0.106416456997365,0.865079640867909,0.8423934517351742,ENSG00000171223,Stim48hr,461.0,71,72,143,-11.638366050704647,True,741.4517483768833,False,>10 DE genes,on-target KD
651,KAT14,0.26611452970788224,0.2449357788679638,0.7171027751947433,0.6761015762838171,ENSG00000149474,Stim48hr,93.0,558,420,978,-2.271089439659706,False,8.945355007729296,True,>10 DE genes,putative off-target
652,KAT2B,0.14344778904150912,0.0811209268244806,0.8320529685752541,0.7606798974664506,ENSG00000114166,Stim48hr,786.0,21,24,45,-9.477217958707117,True,100.2767701604167,False,>10 DE genes,on-target KD
653,KAT6A,0.12512828420210853,0.0681227026520303,0.8362660058231133,0.8130150390011025,ENSG00000083168,Stim48hr,776.0,88,55,143,-20.5923433949892,True,85.72175539100874,False,>10 DE genes,on-target KD
654,KAT7,0.013913932963862868,-0.0323295214891976,0.41094770295645944,0.1104624583306424,ENSG00000136504,Stim48hr,147.0,219,116,335,-7.983221637701874,True,52.40551066177444,False,>10 DE genes,on-target KD
655,KDELC2,0.1108256429193802,0.0644135101739754,0.7125896918463782,0.6973774401956608,ENSG00000178202,Stim48hr,184.0,478,223,701,-4.679644242102279,True,16.373591065222513,False,>10 DE genes,on-target KD
656,KDELR3,-0.022417370172424303,-0.0763719241894388,0.5451646330628478,0.4712060103515558,ENSG00000100196,Stim48hr,984.0,21,15,36,-4.880958184489089,True,3.248919632839598,False,>10 DE genes,on-target KD
657,KDM1A,0.544959287416368,0.5280676014048107,0.8494166658177731,0.8423649206722434,ENSG00000004487,Stim48hr,559.0,1894,1019,2913,-18.57519939748311,True,92.55332064468466,False,>10 DE genes,on-target KD
658,KDM2A,0.29049753185775506,0.2806337165998022,0.7357034210959257,0.6817610421606332,ENSG00000173120,Stim48hr,492.0,33,157,190,-12.916592578418902,True,119.44599048619382,False,>10 DE genes,on-target KD
659,KDM6A,0.1225339476955503,0.1050238513448214,0.7705405540194675,0.7126002948793464,ENSG00000147050,Stim48hr,1288.0,9,39,48,-13.34395932190966,True,47.84832832091402,False,>10 DE genes,on-target KD
660,KDM8,0.14043011277071824,0.0987120677057252,0.8587913090168674,0.8064044703932881,ENSG00000155666,Stim48hr,208.0,76,44,120,-1.526013063537064,True,1.92326736340834,False,>10 DE genes,on-target KD
661,KEAP1,0.1295227008630101,0.0658521608395874,0.7318288310029729,0.5684857592173895,ENSG00000079999,Stim48hr,104.0,181,27,208,-7.585593966735399,True,82.36765195048783,False,>10 DE genes,on-target KD
662,KHDRBS1,0.008591583273042602,-0.1205081131090075,0.8208533725897547,0.7612105970712295,ENSG00000121774,Stim48hr,206.0,105,59,164,-10.271517573293307,True,150.166575296599,False,>10 DE genes,on-target KD
663,KIAA0391,0.0814908733749798,0.0362776392520532,0.8739439970981175,0.8439477590931566,ENSG00000100890,Stim48hr,343.0,78,37,115,-4.269489209164348,True,46.45736686234471,False,>10 DE genes,on-target KD
664,KIAA0556,0.09365275382772298,0.0739795562589307,0.7605534324672267,0.7052953874649222,ENSG00000047578,Stim48hr,176.0,28,24,52,-3.6043364821263895,True,8.390779944757165,False,>10 DE genes,on-target KD
665,KIF14,0.0985491350253247,0.0648601083940747,0.815491511802802,0.7961328835405302,ENSG00000118193,Stim48hr,275.0,25,63,88,-9.414386039288052,True,68.6713314441015,False,>10 DE genes,on-target KD
666,KIF20A,0.12705807261932692,0.1094363104820124,0.7573667316062468,0.6977379526130627,ENSG00000112984,Stim48hr,113.0,87,41,128,-7.739665544337626,True,100.4194636475977,True,>10 DE genes,on-target KD
667,KIF22,0.0508833671545697,0.0340806570193528,0.028720946365090528,-0.0331439781713592,ENSG00000079616,Stim48hr,373.0,40,9,49,-21.78370382759503,True,170.98317422294963,False,>10 DE genes,on-target KD
668,KIF5C,0.05298882850403014,-0.0464995742367826,0.7276346790262291,0.682800869644737,ENSG00000168280,Stim48hr,238.0,39,103,142,-5.325860984490127,True,23.47214520109,False,>10 DE genes,on-target KD
669,KIFAP3,0.2617578176845718,0.2491715117104377,0.8163356985920663,0.8062812884838126,ENSG00000075945,Stim48hr,663.0,780,477,1257,-8.22332794336885,True,15.335415647566972,False,>10 DE genes,on-target KD
670,KLF2,0.1647040653191765,0.0945410560552789,0.6070906837767637,0.5210368337436577,ENSG00000127528,Stim48hr,442.0,103,75,178,-1.726570880049541,False,16.62726255302214,False,>10 DE genes,no on-target KD
671,KLHDC10,0.004004417931673966,-0.011632971744893,-0.33523548473193293,-0.4941077753088368,ENSG00000128607,Stim48hr,1167.0,28,5,33,-14.334973114064512,True,25.324256703478696,False,>10 DE genes,on-target KD
672,KMT2A,0.19899727818174726,0.1258920693103656,0.7403929819554748,0.6904152744753421,ENSG00000118058,Stim48hr,51.0,27,6,33,-1.5932364576484936,False,81.62108383171335,False,>10 DE genes,no on-target KD
673,KMT2B,0.17992700260702957,0.1596686616730206,0.37151343434657913,0.1885021209712454,ENSG00000272333,Stim48hr,607.0,27,30,57,-11.50978687134914,True,105.41886690477362,False,>10 DE genes,on-target KD
674,KMT2C,0.24298562060896792,0.192270994112535,0.7539054738673662,0.7484768528926627,ENSG00000055609,Stim48hr,1137.0,226,236,462,-26.1958025859856,True,104.76181400407113,False,>10 DE genes,on-target KD
675,KMT2E,0.18890977910527953,0.1634180271864017,0.6920045782416496,0.5920300862035588,ENSG00000005483,Stim48hr,222.0,335,561,896,-11.19958178917156,True,122.39815725837624,False,>10 DE genes,on-target KD
676,KMT5B,0.2526900938287599,0.217181253663778,0.7986227244617461,0.766226826819538,ENSG00000110066,Stim48hr,711.0,536,404,940,-16.15063619213915,True,45.12089329153557,False,>10 DE genes,on-target KD
677,KNOP1,0.06638247762930781,0.0577898843455556,0.8326008105455266,0.7183879181674143,ENSG00000103550,Stim48hr,673.0,18,17,35,-12.19038437943944,True,31.969833314841893,False,>10 DE genes,on-target KD
678,KPNA1,0.0020686081122321016,-0.0459933827155875,0.20347131121092465,0.0708088240087773,ENSG00000114030,Stim48hr,1133.0,114,25,139,-19.306174545738124,True,49.51980657794103,False,>10 DE genes,on-target KD
679,KRT72,0.11816995201948122,0.0811270785223506,0.7144725885372213,0.5122874109258133,ENSG00000170486,Stim48hr,253.0,37,9,46,0.0,False,,False,>10 DE genes,no on-target KD
680,KTI12,0.16818002025714696,0.133781386061722,0.7324727946438289,0.7142417098015807,ENSG00000198841,Stim48hr,594.0,396,334,730,-6.988794114717096,True,10.462605778395837,False,>10 DE genes,on-target KD
681,L2HGDH,0.1097443697512625,0.0868252657676257,0.803782074334847,0.78287294647599,ENSG00000087299,Stim48hr,952.0,67,51,118,-14.868414380614444,True,31.09760252048813,False,>10 DE genes,on-target KD
682,L3MBTL2,0.3733920321636044,0.3589098408017475,0.8896823134433252,0.8779640779596471,ENSG00000100395,Stim48hr,1440.0,366,131,497,-16.552379039046304,True,22.5406929429142,False,>10 DE genes,on-target KD
683,L3MBTL3,0.1263080100620051,0.1033092456292698,0.5038640064743247,0.4479479920204614,ENSG00000198945,Stim48hr,784.0,46,1,47,-4.0817294077972175,True,8.361028726709995,False,>10 DE genes,on-target KD
684,LAIR2,0.04490623403780323,0.0158310465570312,0.6595221457615714,0.523317672546464,ENSG00000167618,Stim48hr,200.0,91,107,198,-2.0541981562401306,True,4.570362202129702,False,>10 DE genes,on-target KD
685,LAMP1,-0.010901797114418533,-0.031799595558748,0.17845563123599073,-0.0866928759041951,ENSG00000185896,Stim48hr,910.0,24,8,32,-21.242031857257373,True,75.2413848380526,False,>10 DE genes,on-target KD
686,LAMTOR2,0.315720907563067,0.2223426445848193,0.748553345955249,0.7159919139187083,ENSG00000116586,Stim48hr,204.0,1222,841,2063,-11.781630625970642,True,116.07847592654636,True,>10 DE genes,on-target KD
687,LAMTOR3,0.19830424480553788,0.1335774161571062,0.7599073087208005,0.7319183258339155,ENSG00000109270,Stim48hr,358.0,118,41,159,-12.606328554361422,True,74.46802404024169,False,>10 DE genes,on-target KD
688,LAMTOR4,0.20408429066088862,0.1937274455944525,0.7874788595030607,0.741426736319103,ENSG00000188186,Stim48hr,542.0,439,245,684,-27.806857445075515,True,209.76917490864275,False,>10 DE genes,on-target KD
689,LAMTOR5,0.09386972894643313,0.0794964356729124,0.6986246018753013,0.634740285778148,ENSG00000134248,Stim48hr,181.0,223,123,346,-12.421701870760057,True,99.0784763356824,False,>10 DE genes,on-target KD
690,LARP4,0.031133786125692498,-0.0403111879283915,0.7386557785887796,0.7078748045323199,ENSG00000161813,Stim48hr,600.0,11,56,67,-21.597968275562067,True,134.44263442721137,False,>10 DE genes,on-target KD
691,LARS2,0.1201721976659811,0.1173967831987159,0.7068905038904115,0.6481873262485283,ENSG00000011376,Stim48hr,232.0,394,207,601,-2.50424920562109,False,24.673590510369056,False,>10 DE genes,no on-target KD
692,LAT,0.43419981864961094,0.3236546767264815,0.7924658603896205,0.7606572404785606,ENSG00000213658,Stim48hr,295.0,1956,1231,3187,-12.43463036547714,True,190.9625359512256,False,>10 DE genes,on-target KD
693,LAT2,-0.09622432469008096,-0.155640572858295,-0.09156727593136156,-0.1409601274985653,ENSG00000086730,Stim48hr,3101.0,80,51,131,-12.320845143634871,True,33.05576741941141,False,>10 DE genes,on-target KD
694,LBH,0.1658100506067553,0.1419670197117875,0.8025496754787717,0.7470822291866864,ENSG00000213626,Stim48hr,192.0,100,62,162,-1.595403889186349,False,57.361622520916455,False,>10 DE genes,no on-target KD
695,LCK,0.3271453065048949,0.2924560181561224,0.7481535457096044,0.7152875289230528,ENSG00000182866,Stim48hr,107.0,613,303,916,-9.689430654295728,True,160.51365019802734,False,>10 DE genes,on-target KD
696,LCP2,0.5358642622446385,0.4246592744608353,0.6747159725333689,0.5017365126932284,ENSG00000043462,Stim48hr,54.0,1180,355,1535,-1.697510546026582,False,169.3712034628656,False,>10 DE genes,no on-target KD
697,LEO1,0.36927854503937024,0.347969555060192,0.7809858063678351,0.7478190615981967,ENSG00000166477,Stim48hr,169.0,970,821,1791,-10.59556693725946,True,94.01018488888194,False,>10 DE genes,on-target KD
698,LETM2,0.14873475530882538,0.1379164805174974,0.5358231485203646,0.5147158539624268,ENSG00000165046,Stim48hr,491.0,257,129,386,-6.1532450055532255,True,17.29379151792791,False,>10 DE genes,on-target KD
699,LIG1,0.07971921840269604,0.0298514255589461,0.6877721616045765,0.6483772257054321,ENSG00000105486,Stim48hr,70.0,47,23,70,-6.77014654799845,True,94.70393681032036,False,>10 DE genes,on-target KD
700,LIG3,0.21694520471398396,0.205866723357017,0.714094461668824,0.6787864239410016,ENSG00000005156,Stim48hr,300.0,582,595,1177,-6.980123824563979,True,19.410022096083,False,>10 DE genes,on-target KD
701,LMAN1,0.16916740012031647,0.0804848335967502,0.7228871418794167,0.6104062255453115,ENSG00000074695,Stim48hr,140.0,35,17,52,-8.63621553411263,True,340.5080868221407,False,>10 DE genes,on-target KD
702,LMLN,0.07590762918906874,0.0632289485878216,0.8675169486662057,0.8603318962640916,ENSG00000185621,Stim48hr,269.0,19,15,34,-2.0573150263709623,True,1.8760907019607005,False,>10 DE genes,on-target KD
703,LOXL2,0.048683338653025966,0.0212714258701864,0.6341950572584106,0.5069573268152003,ENSG00000134013,Stim48hr,291.0,16,20,36,-0.4055247408003853,True,0.7519534421745053,False,>10 DE genes,on-target KD
704,LOXL4,0.014808155761572331,0.0028573350067523,0.4611004525154339,0.3038659028159205,ENSG00000138131,Stim48hr,955.0,3,42,45,0.0,False,,False,>10 DE genes,no on-target KD
705,LRBA,0.3229974832122337,0.3050969068808663,0.75950132992837,0.7527418235335489,ENSG00000198589,Stim48hr,351.0,195,28,223,-17.53319371518427,True,138.5761583832363,False,>10 DE genes,on-target KD
706,LRP2BP,0.11200955463303207,-0.0272999646115106,0.4589662120454842,0.411109255183376,ENSG00000109771,Stim48hr,3213.0,29,6,35,-6.743583187058704,True,2.015536456378045,True,>10 DE genes,on-target KD
707,LRP5,0.12782339834721126,0.1071328205513709,0.7778036033896342,0.7349172337874732,ENSG00000162337,Stim48hr,941.0,195,100,295,-9.405910977648142,True,18.270962322476265,False,>10 DE genes,on-target KD
708,LRP6,0.07404847519763842,-0.0311926679492573,0.7389055170152714,0.6186101041726756,ENSG00000070018,Stim48hr,1199.0,73,47,120,0.0,False,,False,>10 DE genes,no on-target KD
709,LRPPRC,0.30727988487091934,0.2393511327675078,0.779999322736937,0.7601304257015484,ENSG00000138095,Stim48hr,197.0,1062,864,1926,-18.83716571849336,True,340.55788397505063,False,>10 DE genes,on-target KD
710,LRRC25,0.09334564029817931,0.0792636356969136,0.6320641044698035,0.5526439491208354,ENSG00000175489,Stim48hr,1039.0,101,30,131,0.0,False,,False,>10 DE genes,no on-target KD
711,LRRC8A,0.02710212626617343,0.0108062282963951,0.42091327719747834,0.2379836133577321,ENSG00000136802,Stim48hr,1553.0,310,138,448,-11.415121246269791,True,42.2866709640145,False,>10 DE genes,on-target KD
712,LRRC8B,0.16674716335440878,0.158954243920754,0.8729910594039721,0.8399124299662727,ENSG00000197147,Stim48hr,318.0,40,18,58,-10.42444420956444,True,81.83514051419601,False,>10 DE genes,on-target KD
713,LRRC8D,0.05383971133950274,0.0262048206399876,0.8554381002715205,0.8097633352115509,ENSG00000171492,Stim48hr,541.0,26,20,46,-5.569569290537931,True,23.510453656101426,False,>10 DE genes,on-target KD
714,LSM10,0.22635847895640201,0.0432188558132357,0.7242921451101457,0.5984219055164353,ENSG00000181817,Stim48hr,60.0,44,18,62,-4.664484319389729,True,71.84172739605516,False,>10 DE genes,on-target KD
715,LSM11,-0.0907354632459867,-0.1317996020359295,0.592017328781952,0.4806759859483829,ENSG00000155858,Stim48hr,157.0,45,15,60,-3.162061286404719,True,30.345666174687626,False,>10 DE genes,on-target KD
716,LSM12,0.1674899202943704,0.0853159505824619,0.7810747530409946,0.7684823014606984,ENSG00000161654,Stim48hr,489.0,266,254,520,-14.500976213335004,True,47.770206385790274,False,>10 DE genes,on-target KD
717,LSM14A,0.06207275144744423,0.0535367004261812,0.6173630121546657,0.5244605336112803,ENSG00000257103,Stim48hr,334.0,80,57,137,-14.34680012488004,True,78.6581253351841,False,>10 DE genes,on-target KD
718,LSMEM1,0.05488476863380667,0.0531645103022432,0.5958216981492135,0.5229965222169367,ENSG00000181016,Stim48hr,295.0,44,8,52,0.6464931515844965,False,0.2788582352716541,False,>10 DE genes,no on-target KD
719,LSS,0.09994391893438866,0.0896695451844671,0.7804294114848936,0.7534747675283212,ENSG00000160285,Stim48hr,165.0,91,62,153,-4.529922006029138,True,19.614718153546377,False,>10 DE genes,on-target KD
720,LTB4R,0.07521840441875297,0.0430115788661892,0.43879048612738925,0.4023918434362413,ENSG00000213903,Stim48hr,1420.0,315,328,643,-6.802610852551459,True,20.547983733478457,True,>10 DE genes,on-target KD
721,LZTS1,0.0533751608399133,0.0310823749482244,0.2705374544945407,0.2092449736684297,ENSG00000061337,Stim48hr,1138.0,122,58,180,-9.603329884799702,True,13.89684521292942,False,>10 DE genes,on-target KD
722,MAF,0.12614482901515367,0.0663841534585817,0.8380765997688631,0.7879618509164635,ENSG00000178573,Stim48hr,726.0,54,84,138,-3.21295824213651,True,149.74322006282634,False,>10 DE genes,on-target KD
723,MALT1,0.2742546388441017,0.231273138656305,0.8048393787543745,0.7677485189074409,ENSG00000172175,Stim48hr,325.0,752,660,1412,-10.286477434070948,True,52.80186818402842,False,>10 DE genes,on-target KD
724,MANF,0.0654021088324314,0.0507399030697048,0.8487409253904025,0.8326277772897086,ENSG00000145050,Stim48hr,499.0,25,6,31,-26.76869783629363,True,207.0986315019657,True,>10 DE genes,on-target KD
725,MAP3K5,0.12121453563563829,0.0516412587104025,0.8689493309390124,0.8503553618133616,ENSG00000197442,Stim48hr,181.0,52,24,76,-6.139111544840623,True,30.78698098938061,False,>10 DE genes,on-target KD
726,MAP6D1,0.07951337804231727,0.0561821110561778,0.39822445538821505,0.0493995919489894,ENSG00000180834,Stim48hr,675.0,33,9,42,-0.69301116772262,False,0.3561398913109404,False,>10 DE genes,no on-target KD
727,MAPK12,0.0245993526357088,-0.0130659038625107,0.8811415353621975,0.8609983508351071,ENSG00000188130,Stim48hr,848.0,20,16,36,-5.688842893768843,True,6.651918671227267,False,>10 DE genes,on-target KD
728,MAPK14,0.0456209349275661,-0.0032600032049559,0.20402884824511835,0.1625062447208664,ENSG00000112062,Stim48hr,744.0,83,23,106,-21.58386026336602,True,109.08808627264564,False,>10 DE genes,on-target KD
729,MAPKAP1,0.1698497780116066,0.0980658311306234,0.7417338228825002,0.6938744342038806,ENSG00000119487,Stim48hr,352.0,168,97,265,-13.078075581760658,True,61.378381728008165,False,>10 DE genes,on-target KD
730,MAPRE3,0.030625898751632435,0.0091773601483804,0.7130171213251727,0.664533769809815,ENSG00000084764,Stim48hr,165.0,88,63,151,-2.7270060501216338,True,5.839544853060141,False,>10 DE genes,on-target KD
731,MATR3,0.015608336234185465,-0.0617571158264581,0.7871152660035751,0.7625966575431375,ENSG00000015479,Stim48hr,382.0,45,50,95,0.0,False,,False,>10 DE genes,no on-target KD
732,MAU2,0.0860219217157433,0.0737050010166195,0.8136532528754307,0.789014456762212,ENSG00000129933,Stim48hr,819.0,39,74,113,-2.98637386237916,True,4.178174147330707,False,>10 DE genes,on-target KD
733,MAX,0.07888966494076464,0.0634943648424815,0.2870496988183144,0.1388841954220462,ENSG00000125952,Stim48hr,1208.0,81,20,101,-13.84017696365733,True,100.24657689155846,False,>10 DE genes,on-target KD
734,MBD2,0.03055201893891803,-0.0308092354107536,0.475128682106857,0.1541096817068453,ENSG00000134046,Stim48hr,51.0,139,48,187,-9.985841972590933,True,313.1025232076878,False,>10 DE genes,on-target KD
735,MBD3,0.17922016579609376,0.1732114536124022,0.8610900023612675,0.8344825068609071,ENSG00000071655,Stim48hr,1419.0,105,92,197,-20.62034022352829,True,37.95190885762399,True,>10 DE genes,on-target KD
736,MBD5,0.1987655290321517,0.1603938889726054,0.5913071662272366,0.5154552501023258,ENSG00000204406,Stim48hr,237.0,81,10,91,-2.776432458226015,False,11.039915769548836,False,>10 DE genes,no on-target KD
737,MBIP,0.10704325710241692,0.0600385833501393,0.7913279570747158,0.7392385003584322,ENSG00000151332,Stim48hr,239.0,141,167,308,-9.245418175174024,True,49.07937172677816,False,>10 DE genes,on-target KD
738,MBTPS1,0.2092287574674175,0.1768809830803535,0.7424796672793977,0.7093099222411433,ENSG00000140943,Stim48hr,115.0,804,467,1271,-7.135912951816285,True,52.487367786790806,False,>10 DE genes,on-target KD
739,MCAT,0.13129146576452785,0.0976265955227718,0.806409358229507,0.751754781675273,ENSG00000100294,Stim48hr,615.0,295,485,780,-6.418786701327412,True,8.932918666583324,True,>10 DE genes,on-target KD
740,MCFD2,0.11836598211736886,0.0902701839781981,0.44498241396199845,0.1581428871305696,ENSG00000180398,Stim48hr,149.0,28,9,37,1.5917308689380607,False,61.80760157156018,False,>10 DE genes,no on-target KD
741,MCM8,0.09863623516481446,0.0794866425346277,0.8353849155316656,0.8229492654290242,ENSG00000125885,Stim48hr,273.0,163,193,356,-13.815480017712192,True,100.5743390027711,False,>10 DE genes,on-target KD
742,MCTS1,0.11744063893082819,0.1068419112026281,0.8244281013702092,0.8122146631542161,ENSG00000232119,Stim48hr,1038.0,712,472,1184,-31.820355634546186,True,123.10799492334584,False,>10 DE genes,on-target KD
743,MCUR1,0.10820182406053809,0.0918261297524751,0.7907212630008823,0.6685277756339414,ENSG00000050393,Stim48hr,898.0,56,97,153,-24.461084062705407,True,96.71510338322692,False,>10 DE genes,on-target KD
744,MDH2,0.043563741440748704,0.0383508671035091,0.7292441335616374,0.6865944853348722,ENSG00000146701,Stim48hr,998.0,102,84,186,-14.912016561978328,True,51.14460083857754,True,>10 DE genes,on-target KD
745,MDM4,0.1753123683532066,0.1428647089009702,0.5256435214654163,0.4641280680752557,ENSG00000198625,Stim48hr,117.0,37,24,61,-15.929331454979012,True,274.5766614267956,False,>10 DE genes,on-target KD
746,ME3,0.29825374901287943,0.2138783638901965,0.7405354501244187,0.7000362118989917,ENSG00000151376,Stim48hr,55.0,67,49,116,-0.7089589051863894,True,2.027523186601797,False,>10 DE genes,on-target KD
747,MEAF6,0.1961575696318731,0.1596712580341834,0.6135316444663887,0.593612423771635,ENSG00000163875,Stim48hr,77.0,246,61,307,-6.428732164364304,True,77.12324663054889,False,>10 DE genes,on-target KD
748,MED1,-0.020734967488874066,-0.0937644579382156,0.8562453281895358,0.8094812112815805,ENSG00000125686,Stim48hr,142.0,129,103,232,-9.290765371576857,True,76.74295147449801,False,>10 DE genes,on-target KD
749,MED12,0.5764421112326094,0.5527459177105251,0.8280109296372657,0.8090661512788845,ENSG00000184634,Stim48hr,191.0,1362,684,2046,-7.788262050419376,True,50.983889921088725,False,>10 DE genes,on-target KD
750,MED13,0.20319863339779012,0.1874687213974102,0.8728553051747615,0.8555185651998599,ENSG00000108510,Stim48hr,1501.0,427,202,629,-31.269421982409806,True,89.00499991901914,False,>10 DE genes,on-target KD
751,MED14,0.0910300043869548,0.0771521913063713,0.801564832892645,0.6788694648115499,ENSG00000180182,Stim48hr,140.0,85,50,135,-6.244229802166856,True,61.55782867898886,False,>10 DE genes,on-target KD
752,MED15,0.2406700443808231,0.2349155805161492,0.7974356985633991,0.7901342829143344,ENSG00000099917,Stim48hr,835.0,738,603,1341,-26.3227085082091,True,112.3513499105914,False,>10 DE genes,on-target KD
753,MED19,0.24420942645578203,0.2191631132949614,0.755179106518629,0.7059610318593417,ENSG00000156603,Stim48hr,660.0,764,506,1270,-7.338481332787601,True,10.82243556894378,True,>10 DE genes,on-target KD
754,MED23,0.19967320752699247,0.1917830239056295,0.8367459041015449,0.7911508886224415,ENSG00000112282,Stim48hr,786.0,227,140,367,-17.50997315550852,True,46.42446508219958,False,>10 DE genes,on-target KD
755,MED24,0.37879304208607517,0.3617128073986623,0.8406668141587815,0.8224319051163614,ENSG00000008838,Stim48hr,669.0,782,825,1607,-21.819727601109733,True,79.088779245807,True,>10 DE genes,on-target KD
756,MEF2D,0.046813961717368235,0.0315566675274688,0.8744898326611653,0.8469963111946107,ENSG00000116604,Stim48hr,665.0,10,25,35,-12.026683558090443,True,28.22898006414941,False,>10 DE genes,on-target KD
757,MEIS3,0.07800417904426148,0.0459392998256354,0.6493780767697461,0.5540983174807944,ENSG00000105419,Stim48hr,169.0,37,37,74,0.0,False,,False,>10 DE genes,no on-target KD
758,MEN1,0.36719204635494807,0.3100573356175655,0.7247540309879392,0.6554821167216188,ENSG00000133895,Stim48hr,128.0,1413,744,2157,-3.096732726094004,True,9.61445100584604,False,>10 DE genes,on-target KD
759,MEST,0.07968445077248264,0.0587618129628834,0.4950824664433158,0.3279544668541616,ENSG00000106484,Stim48hr,1449.0,57,24,81,-2.193096395964905,False,1.0758360310752573,False,>10 DE genes,no on-target KD
760,METAP2,0.21918668608685077,0.2136474524410767,0.6757575732025858,0.6631164448594956,ENSG00000111142,Stim48hr,131.0,353,175,528,-11.218003907370491,True,233.5986465581761,False,>10 DE genes,on-target KD
761,METTL1,0.24205309227999208,0.2225195402479218,0.7254830818907733,0.7025063761516127,ENSG00000037897,Stim48hr,182.0,801,482,1283,-3.666250028283999,True,13.55991983304915,False,>10 DE genes,on-target KD
762,METTL17,0.07989257165398407,0.0692017026491518,0.827397617845576,0.7964584484866566,ENSG00000165792,Stim48hr,647.0,18,35,53,-15.72289803835836,True,75.71525889289177,False,>10 DE genes,on-target KD
763,METTL23,0.10448140309848776,0.0867952792776201,0.7650461679842916,0.7293149902336579,ENSG00000181038,Stim48hr,709.0,79,62,141,-24.406049161281363,True,113.63255024559832,True,>10 DE genes,on-target KD
764,METTL3,0.0735570838082361,-0.0300359027188714,-0.24405591146862626,-0.3819764061472382,ENSG00000165819,Stim48hr,113.0,34,3,37,-3.2768936361295373,False,62.829953087243226,False,>10 DE genes,no on-target KD
765,MFHAS1,0.008930205904108068,-0.0002001947515814,0.18774692301365117,-0.1897376604089046,ENSG00000147324,Stim48hr,665.0,47,19,66,-18.80286071710203,True,131.87777324915484,False,>10 DE genes,on-target KD
766,MFSD4B,0.09060154662225713,0.0687918330198728,0.7508865713755375,0.6262193572833954,ENSG00000173214,Stim48hr,985.0,2,29,31,-10.875403905811323,True,12.500636670405765,False,>10 DE genes,on-target KD
767,MFSD6,0.18471428453082672,0.1513407255476517,0.7910627612933404,0.7107278844362369,ENSG00000151690,Stim48hr,111.0,55,31,86,-5.406934078207955,True,53.47974705915103,False,>10 DE genes,on-target KD
768,MGA,0.1794013043928223,0.1492099402202255,0.8404165600862171,0.8051943897953887,ENSG00000174197,Stim48hr,1301.0,116,7,123,-9.354986697548672,True,21.93215385596288,False,>10 DE genes,on-target KD
769,MIA2,0.19444012322919432,0.136513125545757,0.8331738447360538,0.8201054240887505,ENSG00000150527,Stim48hr,567.0,789,777,1566,-12.660553407161007,True,34.100533803158974,False,>10 DE genes,on-target KD
770,MIGA2,0.11200303239305757,0.1034786011618148,0.13656570775926896,-0.3762320484935507,ENSG00000148343,Stim48hr,1365.0,37,39,76,-13.166360519929986,True,17.52000022367122,True,>10 DE genes,on-target KD
771,MINOS1,0.17612285294543603,0.1571079751664455,0.7551078128317328,0.7393514133147416,ENSG00000173436,Stim48hr,62.0,263,198,461,-7.599455689881452,True,147.4925539891297,False,>10 DE genes,on-target KD
772,MIOS,0.3359562866346144,0.2941760253535501,0.6390004395639399,0.5937247117918826,ENSG00000164654,Stim48hr,83.0,516,252,768,-4.388312200946748,True,47.48064928821129,False,>10 DE genes,on-target KD
773,MIPEP,0.26901319820095465,0.2619247375384013,0.7817898599902101,0.7646301645792334,ENSG00000027001,Stim48hr,496.0,1083,1061,2144,-6.004003365005119,True,11.616689100919087,False,>10 DE genes,on-target KD
774,MITD1,0.12065637155596327,0.0777580285525659,0.6230843564285292,0.5779684038787503,ENSG00000158411,Stim48hr,465.0,116,134,250,-14.5791804553374,True,53.35873682315052,False,>10 DE genes,on-target KD
775,MKRN2,0.0654768428646673,0.0589220594214202,0.7511757682590535,0.7239230727236918,ENSG00000075975,Stim48hr,473.0,2,38,40,-12.310083970804856,True,33.518351872045855,False,>10 DE genes,on-target KD
776,MLKL,-0.025228423535273867,-0.0328276727255643,0.37963492738990284,0.3510481091606006,ENSG00000168404,Stim48hr,1845.0,44,36,80,-18.53978289533166,True,30.64499985432921,False,>10 DE genes,on-target KD
777,MLST8,0.18669188373506204,0.1554572861213999,0.7360989483127701,0.6782895497411879,ENSG00000167965,Stim48hr,258.0,297,267,564,-13.872193473349792,True,113.4859547141246,False,>10 DE genes,on-target KD
778,MLYCD,0.28187461663298946,0.2059724150286342,0.7610164315470969,0.665630616391362,ENSG00000103150,Stim48hr,138.0,275,245,520,-2.484085249874137,True,7.496057913133232,False,>10 DE genes,on-target KD
779,MMAB,0.11966967278125773,0.1160734639489309,0.5311524807335286,0.4846251446915914,ENSG00000139428,Stim48hr,401.0,504,240,744,-5.404070778064618,True,30.94627295389296,False,>10 DE genes,on-target KD
780,MMGT1,0.17635916802007648,0.1506106830144691,0.8071508937291929,0.7929439011751335,ENSG00000169446,Stim48hr,373.0,479,251,730,-11.3911227905986,True,41.81262730371324,False,>10 DE genes,on-target KD
781,MOCS3,0.14910248115078809,0.1457944735816138,0.8831189882961565,0.8438298279655837,ENSG00000124217,Stim48hr,125.0,30,18,48,-3.4848106579075084,False,13.79225557496572,True,>10 DE genes,putative off-target
782,MORC2,0.0816716689999313,0.0645389532306424,0.6861528830714652,0.6046311961981624,ENSG00000133422,Stim48hr,957.0,71,12,83,-11.903075455438644,True,39.629261318856464,False,>10 DE genes,on-target KD
783,MORF4L1,0.07889060264631494,0.05032586732341,0.8140993897765648,0.7117720239665482,ENSG00000185787,Stim48hr,1077.0,43,16,59,-23.01181807402024,True,62.65939683656228,False,>10 DE genes,on-target KD
784,MOSPD2,0.155293932473266,0.1386607333896925,0.5365538985770466,0.505796168845508,ENSG00000130150,Stim48hr,1444.0,465,179,644,-19.322181653562424,True,37.65538686652253,True,>10 DE genes,on-target KD
785,MOV10,0.08207652238912083,0.0626210755235938,0.4094546148274787,0.378714007543892,ENSG00000155363,Stim48hr,639.0,842,583,1425,-16.083107319880774,True,60.27033592674817,False,>10 DE genes,on-target KD
786,MPG,0.04361557023775243,-0.0612771807795675,0.6820927456412907,0.6361187170316848,ENSG00000103152,Stim48hr,193.0,70,96,166,-11.7322816172389,True,73.25743049413555,False,>10 DE genes,on-target KD
787,MPI,0.15140853059207582,0.1303176939040377,0.8493581205703834,0.8086134223854599,ENSG00000178802,Stim48hr,127.0,95,52,147,-8.556110889368428,True,79.23952274199544,False,>10 DE genes,on-target KD
788,MPP2,0.09953888030456254,0.055308086863158,0.7512001282094761,0.6745579518048394,ENSG00000108852,Stim48hr,226.0,29,28,57,0.0,False,,False,>10 DE genes,no on-target KD
789,MPP5,0.0026943952816051997,-0.0108711537336887,0.8457027651692264,0.7567351013392634,ENSG00000072415,Stim48hr,2274.0,33,8,41,-15.10292612477147,True,20.91942111958975,False,>10 DE genes,on-target KD
790,MRC2,0.18129715935794963,0.1504173114131407,0.6502936505444452,0.4620580738616363,ENSG00000011028,Stim48hr,794.0,877,474,1351,-8.407177299257771,True,21.58098322166057,False,>10 DE genes,on-target KD
791,MRM2,0.10653849853139487,0.0885025392537388,0.9574889932576026,0.9416254780141724,ENSG00000122687,Stim48hr,975.0,15,24,39,-16.61552935119261,True,32.42931452496272,False,>10 DE genes,on-target KD
792,MRPL11,0.2146724816589927,0.2033017337316611,0.771434124231558,0.7683436469263267,ENSG00000174547,Stim48hr,322.0,718,692,1410,0.0,False,,False,>10 DE genes,no on-target KD
793,MRPL16,0.35360215486227325,0.3216725301783994,0.8500120654275637,0.8407268504344316,ENSG00000166902,Stim48hr,114.0,231,129,360,0.0,False,,False,>10 DE genes,no on-target KD
794,MRPL17,0.14102388126101703,0.0957492782739854,0.8081495789982341,0.7823823878084691,ENSG00000158042,Stim48hr,162.0,66,56,122,0.0,False,,False,>10 DE genes,no on-target KD
795,MRPL18,0.1633185163340272,0.1070465371357328,0.6734722925140796,0.640913272336129,ENSG00000112110,Stim48hr,241.0,378,286,664,0.0,False,,False,>10 DE genes,no on-target KD
796,MRPL19,0.12102818421980444,0.0119905401753907,0.5429741944454743,0.4601389794103322,ENSG00000115364,Stim48hr,98.0,28,52,80,0.0,False,,False,>10 DE genes,no on-target KD
797,MRPL2,0.18337560526893323,0.1678794419865904,0.6712161529999872,0.6611249827913707,ENSG00000112651,Stim48hr,313.0,296,209,505,0.0,False,,False,>10 DE genes,no on-target KD
798,MRPL21,0.17723324197947724,0.0995327669610426,0.7548881055129087,0.695819175999329,ENSG00000197345,Stim48hr,157.0,334,291,625,0.0,False,,False,>10 DE genes,no on-target KD
799,MRPL3,0.12006391675906997,0.1039500510732148,0.5939005184520263,0.572819213837497,ENSG00000114686,Stim48hr,239.0,350,285,635,0.0,False,,False,>10 DE genes,no on-target KD
800,MRPL32,0.0013833561643031005,-0.0117001857657787,0.8977974883685044,0.8501066544829374,ENSG00000106591,Stim48hr,164.0,44,41,85,0.0,False,,False,>10 DE genes,no on-target KD
801,MRPL33,0.15365448363900513,0.1208899436550298,0.7322078523748953,0.6918713296828052,ENSG00000243147,Stim48hr,389.0,310,251,561,0.0,False,,False,>10 DE genes,no on-target KD
802,MRPL34,0.12230784602124989,0.0519454994948604,0.7596939078188036,0.7518324153309739,ENSG00000130312,Stim48hr,239.0,131,63,194,0.0,False,,False,>10 DE genes,no on-target KD
803,MRPL37,0.2538582428612037,0.1444168404691422,0.695123382113635,0.5392979460765475,ENSG00000116221,Stim48hr,128.0,620,527,1147,0.0,False,,False,>10 DE genes,no on-target KD
804,MRPL39,0.1507801483327007,0.1275740429637061,0.83673563228691,0.7416581168147417,ENSG00000154719,Stim48hr,398.0,182,165,347,0.0,False,,False,>10 DE genes,no on-target KD
805,MRPL42,0.3622387166707319,0.3417436919366594,0.7855791320215868,0.7665084074151219,ENSG00000198015,Stim48hr,175.0,573,402,975,0.0,False,,False,>10 DE genes,no on-target KD
806,MRPL43,0.12787575733997214,0.0982416623635649,0.7824397244582394,0.7772682923737891,ENSG00000055950,Stim48hr,152.0,248,189,437,0.0,False,,False,>10 DE genes,no on-target KD
807,MRPL45,0.19155363667981626,0.1547775529305563,0.8110547864777023,0.7776888907982412,ENSG00000278845,Stim48hr,181.0,392,303,695,0.0,False,,False,>10 DE genes,no on-target KD
808,MRPL46,0.31396718947916996,0.2638004741191815,0.7315634284962531,0.6962575604749948,ENSG00000259494,Stim48hr,78.0,448,223,671,0.0,False,,False,>10 DE genes,no on-target KD
809,MRPL49,0.1138494684160412,0.1043067491747267,0.7023379391129564,0.620742895807872,ENSG00000149792,Stim48hr,177.0,77,49,126,0.0,False,,False,>10 DE genes,no on-target KD
810,MRPL50,0.10818982091137692,0.0521523099963846,0.7768190974657964,0.7163285206469937,ENSG00000136897,Stim48hr,475.0,173,218,391,0.0,False,,False,>10 DE genes,no on-target KD
811,MRPL52,0.15488131221058213,0.1526184546399324,0.8389379593631264,0.830246388971025,ENSG00000172590,Stim48hr,453.0,124,138,262,0.0,False,,False,>10 DE genes,no on-target KD
812,MRPL53,0.1188972634664257,0.1030975189264891,0.8578698177002865,0.791129960409699,ENSG00000204822,Stim48hr,180.0,25,34,59,0.0,False,,False,>10 DE genes,no on-target KD
813,MRPL54,0.10915961608721396,0.0867869288329998,0.7814214856856417,0.7319169576970339,ENSG00000183617,Stim48hr,283.0,45,16,61,0.0,False,,False,>10 DE genes,no on-target KD
814,MRPL55,0.018577752985213632,0.0115290796665177,0.6502745886872242,0.6008064795259624,ENSG00000162910,Stim48hr,135.0,38,9,47,0.0,False,,False,>10 DE genes,no on-target KD
815,MRPL58,0.138676828636211,0.1139149378084678,0.7053783060292304,0.6393251051523773,ENSG00000167862,Stim48hr,292.0,78,58,136,0.0,False,,False,>10 DE genes,no on-target KD
816,MRPL9,0.0989780354923867,0.0725161806336337,0.8517852331639628,0.8406833239842734,ENSG00000143436,Stim48hr,634.0,73,89,162,0.0,False,,False,>10 DE genes,no on-target KD
817,MRPS10,0.0754232365854894,0.0210382942584862,0.824724589648774,0.8212535650473156,ENSG00000048544,Stim48hr,283.0,98,98,196,0.0,False,,False,>10 DE genes,no on-target KD
818,MRPS11,0.31450159555017104,0.2695822983730219,0.7348839852811424,0.6495716525895494,ENSG00000181991,Stim48hr,200.0,763,631,1394,0.0,False,,False,>10 DE genes,no on-target KD
819,MRPS12,0.17451346853876207,0.1438817138909162,0.7824922496941413,0.7580842510910584,ENSG00000128626,Stim48hr,117.0,214,200,414,0.0,False,,False,>10 DE genes,no on-target KD
820,MRPS14,0.0744140441985453,-0.0249925951017521,0.7034695882731093,0.6414154721161869,ENSG00000120333,Stim48hr,138.0,75,30,105,0.0,False,,False,>10 DE genes,no on-target KD
821,MRPS15,0.25345277422022483,0.2347526400184787,0.8289748062927357,0.819721824434553,ENSG00000116898,Stim48hr,367.0,519,456,975,0.0,False,,False,>10 DE genes,no on-target KD
822,MRPS16,0.20297708019359642,0.1891763502063894,0.6687864074930032,0.6504827912774104,ENSG00000182180,Stim48hr,300.0,398,331,729,0.0,False,,False,>10 DE genes,no on-target KD
823,MRPS17,0.2385631763530194,0.2092775024652297,0.6730800465521919,0.6564759449114185,ENSG00000239789,Stim48hr,169.0,753,457,1210,0.0,False,,False,>10 DE genes,no on-target KD
824,MRPS18B,0.12068265145156358,0.0377620592201095,0.7367245389173802,0.6889724038434609,ENSG00000204568,Stim48hr,276.0,299,188,487,0.0,False,,False,>10 DE genes,no on-target KD
825,MRPS18C,0.0905049415432138,0.0791148446557905,0.554595632233817,0.5211665789020347,ENSG00000163319,Stim48hr,163.0,18,35,53,0.0,False,,False,>10 DE genes,no on-target KD
826,MRPS2,0.20527891096120246,0.1973155487866067,0.6701256987846341,0.654520669035704,ENSG00000122140,Stim48hr,66.0,426,147,573,0.0,False,,False,>10 DE genes,no on-target KD
827,MRPS21,0.20008653276549968,0.1879773313488836,0.7624720489927185,0.713747355392606,ENSG00000266472,Stim48hr,168.0,429,254,683,0.0,False,,False,>10 DE genes,no on-target KD
828,MRPS22,0.09264879514311193,0.0774706969731055,0.6899119923013246,0.5042948424133205,ENSG00000175110,Stim48hr,543.0,63,54,117,0.0,False,,False,>10 DE genes,no on-target KD
829,MRPS23,0.1848360180237459,0.1586557543951375,0.81054993603875,0.8012513352229157,ENSG00000181610,Stim48hr,282.0,452,296,748,0.0,False,,False,>10 DE genes,no on-target KD
830,MRPS24,0.23142681685172795,0.0815110114345635,0.741409500781833,0.6950285159539777,ENSG00000062582,Stim48hr,135.0,531,418,949,0.0,False,,False,>10 DE genes,no on-target KD
831,MRPS25,0.18215058152118188,0.1491628051048497,0.7730554114110485,0.7449177895458671,ENSG00000131368,Stim48hr,290.0,651,620,1271,0.0,False,,False,>10 DE genes,no on-target KD
832,MRPS26,0.13237482771740294,0.0939382173469046,0.7510057049204772,0.7196996534316039,ENSG00000125901,Stim48hr,382.0,154,69,223,0.0,False,,False,>10 DE genes,no on-target KD
833,MRPS27,0.07610686217417763,0.0645132035002062,0.8761217977398178,0.8509611164541623,ENSG00000113048,Stim48hr,183.0,22,10,32,0.0,False,,False,>10 DE genes,no on-target KD
834,MRPS31,0.08816881493979929,0.0639564119250492,0.6933499049490485,0.521495345066198,ENSG00000102738,Stim48hr,152.0,199,127,326,0.0,False,,False,>10 DE genes,no on-target KD
835,MRPS34,0.12725152531105666,0.1067594856994756,0.7854408458365515,0.7683627364346255,ENSG00000074071,Stim48hr,119.0,145,99,244,0.0,False,,False,>10 DE genes,no on-target KD
836,MRPS35,0.29614103057223734,0.2866629193565902,0.7978081693278414,0.774467204934693,ENSG00000061794,Stim48hr,193.0,451,372,823,0.0,False,,False,>10 DE genes,no on-target KD
837,MRPS36,0.1152568903000178,0.1085285203362872,0.8207420515016429,0.8079888689261254,ENSG00000134056,Stim48hr,356.0,209,259,468,0.0,False,,False,>10 DE genes,no on-target KD
838,MRPS5,0.1564289540351219,0.1299854097328085,0.8204485558936314,0.749509791914817,ENSG00000144029,Stim48hr,222.0,153,79,232,0.0,False,,False,>10 DE genes,no on-target KD
839,MRPS7,0.10130200576606459,0.0929782909689887,0.8020018928686409,0.7837741779648318,ENSG00000125445,Stim48hr,263.0,188,171,359,0.0,False,,False,>10 DE genes,no on-target KD
840,MRPS9,0.17431793257299852,0.1372946034016485,0.7632486234733148,0.7377975340542646,ENSG00000135972,Stim48hr,89.0,203,69,272,0.0,False,,False,>10 DE genes,no on-target KD
841,MRRF,0.0845980970183721,0.0706153722882342,0.8065472622933836,0.8025066612532056,ENSG00000148187,Stim48hr,375.0,143,154,297,-9.847058165395032,True,27.778549195495085,True,>10 DE genes,on-target KD
842,MSL2,0.16597057063275208,0.1577003944195682,0.8518403676956433,0.8235717545636454,ENSG00000174579,Stim48hr,565.0,48,62,110,-20.84408830498405,True,107.19835710266057,False,>10 DE genes,on-target KD
843,MTA2,0.28120338681831175,0.2588762197881313,0.7437558092750914,0.7152573869926538,ENSG00000149480,Stim48hr,172.0,782,390,1172,-13.767211954804946,True,183.8568842484009,False,>10 DE genes,on-target KD
844,MTA3,0.06117617201971587,0.0105222118736035,0.21702697867591922,0.0743606972780756,ENSG00000057935,Stim48hr,346.0,54,3,57,-11.058740904287824,True,45.14640165679587,False,>10 DE genes,on-target KD
845,MTCH2,0.23682549102449066,0.196480109035117,0.7700401019017379,0.7408312868766802,ENSG00000109919,Stim48hr,231.0,408,285,693,-8.392552912392494,True,55.4583804091052,False,>10 DE genes,on-target KD
846,MTERF2,0.015205367667465934,-0.0045422478535471,0.0625680572216255,-0.3622486935080853,ENSG00000120832,Stim48hr,1092.0,23,9,32,-8.258831104165214,True,7.240921562562737,False,>10 DE genes,on-target KD
847,MTERF3,0.1833301851862121,0.0670386902634594,0.772170831776763,0.7479708574618232,ENSG00000156469,Stim48hr,145.0,252,188,440,-6.7572530959614046,True,46.834769504622585,True,>10 DE genes,on-target KD
848,MTF2,0.17505937551558715,0.1653806394681388,0.717833138420079,0.679024903549032,ENSG00000143033,Stim48hr,1003.0,38,4,42,-23.1281144901066,True,63.57562771397711,False,>10 DE genes,on-target KD
849,MTG1,0.24769868224180835,0.2235633460101098,0.8171302883626409,0.8094643158583699,ENSG00000148824,Stim48hr,399.0,868,1026,1894,-11.579052256831632,True,44.8003891152384,False,>10 DE genes,on-target KD
850,MTHFD1L,0.13215743707494812,0.1230923228340929,0.7757073483426491,0.7402341828531033,ENSG00000120254,Stim48hr,233.0,480,236,716,-12.324419942726935,True,86.28667601010156,False,>10 DE genes,on-target KD
851,MTHFD2,0.1678998973807079,0.135719995617076,0.7380140441906734,0.6784257034568635,ENSG00000065911,Stim48hr,230.0,492,306,798,-25.236623636367334,True,673.5049872085563,False,>10 DE genes,on-target KD
852,MTIF2,0.08310110948791444,0.0676144376478989,0.4895053714044731,0.4621750923188887,ENSG00000085760,Stim48hr,391.0,131,180,311,-16.709084538391323,True,104.07074099376048,False,>10 DE genes,on-target KD
853,MTMR10,0.1137693734958678,0.0876631676492589,0.7598308050615752,0.7339019038979809,ENSG00000166912,Stim48hr,367.0,76,41,117,-7.957049374340321,True,21.35612794784184,False,>10 DE genes,on-target KD
854,MTPAP,0.1738811904928523,0.1547129703352173,0.5840459647416095,0.5734418396504088,ENSG00000107951,Stim48hr,87.0,511,273,784,-5.2157584242184925,True,63.26072681193263,False,>10 DE genes,on-target KD
855,MTRR,0.10578687002211652,0.0768094050857075,0.8536886046573259,0.8217365653493021,ENSG00000124275,Stim48hr,454.0,63,44,107,-10.769548248858264,True,30.70337314619667,False,>10 DE genes,on-target KD
856,MTX1,0.04784831817477211,0.0318314808506409,-0.4000742409247178,-0.4832625310555277,ENSG00000173171,Stim48hr,277.0,30,4,34,-6.524290364223893,True,36.13176719536174,True,>10 DE genes,on-target KD
857,MTX2,0.14301933331361985,0.0813359898798454,0.6301337061743543,0.5802701852019888,ENSG00000128654,Stim48hr,109.0,114,56,170,-7.97053469845605,True,103.12206457921276,False,>10 DE genes,on-target KD
858,MUM1,0.0035470666925462666,-0.0108273674014069,0.16046097577635468,0.1180442443790294,ENSG00000137265,Stim48hr,758.0,320,178,498,-1.5147976991650245,False,347.9802300011037,False,>10 DE genes,no on-target KD
859,MVB12B,0.026859755172309166,0.005737895586338,-0.027899044216313697,-0.162122911634835,ENSG00000196814,Stim48hr,400.0,37,4,41,-1.979181919778222,False,1.6501685886713355,False,>10 DE genes,no on-target KD
860,MXI1,0.006641571957959533,-0.036110575033925,0.9387909773155422,0.8761648924553533,ENSG00000119950,Stim48hr,1330.0,16,15,31,-8.678623068730296,True,120.05925466310198,False,>10 DE genes,on-target KD
861,MYB,0.2289723776441901,0.1478806910741089,0.6917005531708473,0.6760092694172036,ENSG00000118513,Stim48hr,1166.0,699,523,1222,-11.581177079260048,True,89.51356192886915,False,>10 DE genes,on-target KD
862,MYC,0.0795561935629082,-0.0243590036612751,0.7926365448214678,0.7587143979644395,ENSG00000136997,Stim48hr,273.0,27,14,41,-0.6492804070796907,False,106.24247922512431,False,>10 DE genes,no on-target KD
863,MYH14,0.03745234800692527,0.0309213738043397,0.7485659403878883,0.724561517128099,ENSG00000105357,Stim48hr,62.0,19,13,32,0.0,False,,False,>10 DE genes,no on-target KD
864,MYL5,0.03793760866852073,0.0178884221972125,0.040628321636661635,-0.0194228111044134,ENSG00000215375,Stim48hr,518.0,35,5,40,-3.801373599313479,True,3.133266173310726,True,>10 DE genes,on-target KD
865,MYO9A,0.14493156910239846,0.1224392223576653,0.8626703662664509,0.8553073600314339,ENSG00000066933,Stim48hr,921.0,304,223,527,-11.407991518515193,True,19.059395117164243,False,>10 DE genes,on-target KD
866,N6AMT1,0.2067472755518084,0.1879667618245434,0.8549733416423754,0.8447851656654441,ENSG00000156239,Stim48hr,201.0,251,260,511,-3.673014888117712,True,7.988868488980206,False,>10 DE genes,on-target KD
867,NAA30,0.14682293464936497,0.1460776629172996,0.5901810380495107,0.5510498749317967,ENSG00000139977,Stim48hr,79.0,474,175,649,-5.880956832808888,True,50.30074279746049,False,>10 DE genes,on-target KD
868,NAA40,0.12961324097457486,0.1011578119772953,0.7814209455846179,0.7568000726646912,ENSG00000110583,Stim48hr,745.0,136,101,237,-9.033655992592989,True,13.477406353876717,False,>10 DE genes,on-target KD
869,NADK2,0.06333382646124897,-0.0014335574116071,0.6923600271973457,0.6179853913861272,ENSG00000152620,Stim48hr,464.0,63,28,91,-3.7570370469735286,True,18.32884127290074,False,>10 DE genes,on-target KD
870,NAF1,0.1897864402167313,0.110855295512046,0.5136848406336753,0.4855762179412649,ENSG00000145414,Stim48hr,60.0,70,11,81,-2.221950977002729,False,15.158298282093298,False,>10 DE genes,no on-target KD
871,NARS2,0.0766177134973921,0.0479350414612394,0.8239295602958375,0.8095750010562176,ENSG00000137513,Stim48hr,377.0,100,71,171,-9.541122756773362,True,41.279988474672926,False,>10 DE genes,on-target KD
872,NATD1,0.04591013886399333,0.0307594737160965,0.6558771945622953,0.4505805061182811,ENSG00000274180,Stim48hr,897.0,6,26,32,-4.151238483883713,True,2.446495709800021,False,>10 DE genes,on-target KD
873,NCAPD3,0.14514218644170848,0.1031954527979529,0.8219287434687357,0.7199866993137675,ENSG00000151503,Stim48hr,106.0,62,17,79,-8.420273155890936,True,150.80483965929227,False,>10 DE genes,on-target KD
874,NCAPG2,0.10373425417296224,0.077252063225398,0.7009041920916098,0.638014395163494,ENSG00000146918,Stim48hr,285.0,664,515,1179,-3.858748545047805,True,220.53220447144813,False,>10 DE genes,on-target KD
875,NCBP3,0.030891681421503902,-0.0101910299737717,0.5686531098963191,0.4803933714389536,ENSG00000074356,Stim48hr,1356.0,82,123,205,-22.34175445209668,True,46.27862596949111,False,>10 DE genes,on-target KD
876,NCDN,0.024701174985598696,-0.0624297443697024,0.5875243894087667,0.526368048195834,ENSG00000020129,Stim48hr,237.0,122,74,196,-3.758285277464687,True,13.112456599680389,True,>10 DE genes,on-target KD
877,NCKAP1L,0.1787748809585414,0.1471504159333147,0.749028505239357,0.7173837226390734,ENSG00000123338,Stim48hr,645.0,330,260,590,-24.55119992785197,True,147.8479092314099,False,>10 DE genes,on-target KD
878,NCOR1,0.36454560349929727,0.3142293155461549,0.8284919359315204,0.8147871992928416,ENSG00000141027,Stim48hr,961.0,1178,829,2007,-33.61508282444111,True,136.77118629000503,True,>10 DE genes,on-target KD
879,NDEL1,0.2559903744142919,0.2217726237795432,0.5301668987022058,0.439734571005923,ENSG00000166579,Stim48hr,71.0,41,8,49,-5.65284103834508,True,80.00142159464319,False,>10 DE genes,on-target KD
880,NDFIP2,0.20314141857950338,0.1950744630502424,0.902587921563376,0.8680335579740083,ENSG00000102471,Stim48hr,442.0,72,56,128,-8.829672756427197,True,298.2025887245427,False,>10 DE genes,on-target KD
881,NDUFA3,0.10710299565238146,0.0975647506856618,0.8885907138468454,0.8592853606659033,ENSG00000170906,Stim48hr,206.0,36,24,60,-12.37741144281045,True,107.12855159789784,False,>10 DE genes,on-target KD
882,NDUFA5,0.07676229074110387,-0.0759136798164095,0.6183707582658057,0.3573606262233408,ENSG00000128609,Stim48hr,51.0,29,19,48,-7.776829049715562,True,147.96480530214393,False,>10 DE genes,on-target KD
883,NDUFA6,0.12840821023162163,0.1175069815843923,0.8051956478067415,0.7800351073328647,ENSG00000184983,Stim48hr,336.0,80,165,245,-10.25035530116584,True,61.00814403062762,False,>10 DE genes,on-target KD
884,NDUFA8,0.19191282099888948,0.1662048072005887,0.8162461805475117,0.8140791237217602,ENSG00000119421,Stim48hr,326.0,560,478,1038,-17.00957760008768,True,109.69398601185216,False,>10 DE genes,on-target KD
885,NDUFA9,0.11919812928053873,0.071425479105084,0.7887277542730803,0.7675111461077216,ENSG00000139180,Stim48hr,216.0,255,266,521,-8.612995678005658,True,40.54560558983203,False,>10 DE genes,on-target KD
886,NDUFAF3,0.27975632828251795,0.2264697859393573,0.8144266353989965,0.8128943561002857,ENSG00000178057,Stim48hr,886.0,803,1120,1923,-22.778179516713195,True,83.40059296608636,False,>10 DE genes,on-target KD
887,NDUFAF6,0.10477835775357607,0.088073041204936,0.826750267104296,0.8176674529546157,ENSG00000156170,Stim48hr,849.0,22,41,63,-13.20527932429915,True,23.894653242337924,False,>10 DE genes,on-target KD
888,NDUFB10,0.05319516217567533,0.039623300255893,0.7609581679487135,0.7392405440296522,ENSG00000140990,Stim48hr,144.0,15,17,32,-10.560977624772224,True,112.83352613760982,False,>10 DE genes,on-target KD
889,NDUFB11,0.18868360460414632,0.1775742735163455,0.8644917175408913,0.8630680846310654,ENSG00000147123,Stim48hr,495.0,113,112,225,-17.076693795939452,True,81.26691003248102,True,>10 DE genes,on-target KD
890,NDUFB2,0.07731011437203714,0.0670712214147716,0.8580546459897386,0.8211978552356757,ENSG00000090266,Stim48hr,482.0,87,91,178,-12.713796862618066,True,47.425634682055815,False,>10 DE genes,on-target KD
891,NDUFB4,0.1165740389168209,0.0991826955697522,0.8090728343983847,0.7704305066074364,ENSG00000065518,Stim48hr,379.0,100,129,229,-25.421505601291106,True,209.93201824024624,False,>10 DE genes,on-target KD
892,NDUFB6,0.0609873225737779,0.0565857725188686,0.8160008011276866,0.7811087861319698,ENSG00000165264,Stim48hr,797.0,72,81,153,-26.330423603885727,True,138.34811077350835,False,>10 DE genes,on-target KD
893,NDUFB7,0.11661017740120679,-0.1042943357981865,0.7160666179897626,0.6956359713355966,ENSG00000099795,Stim48hr,173.0,39,25,64,-7.333819689895335,True,80.50309449089988,False,>10 DE genes,on-target KD
894,NDUFB9,0.09874801910584478,0.06407521842724,0.8347275673415734,0.6954491561426268,ENSG00000147684,Stim48hr,453.0,82,85,167,-28.55862192438405,True,229.27109568843483,True,>10 DE genes,on-target KD
895,NDUFC1,0.14181488331280023,0.1137763254364375,0.8544424300297445,0.8348806228171847,ENSG00000109390,Stim48hr,361.0,71,111,182,-16.06625689954707,True,98.83784522818866,False,>10 DE genes,on-target KD
896,NDUFS2,0.08720221965477314,0.0306031107961336,0.903162942972795,0.8930744728325154,ENSG00000158864,Stim48hr,1249.0,42,51,93,-29.572673516174685,True,119.6933830048076,False,>10 DE genes,on-target KD
897,NDUFS5,0.20214161417523968,0.1857748517558166,0.823082275258237,0.8080810857554931,ENSG00000168653,Stim48hr,386.0,115,186,301,-12.080229965027511,True,52.962311912356185,False,>10 DE genes,on-target KD
898,NDUFS7,-0.03934945557558377,-0.0614932914210311,0.6932067147449935,0.5858437807473894,ENSG00000115286,Stim48hr,548.0,32,22,54,-17.21473839876277,True,91.60912928989649,False,>10 DE genes,on-target KD
899,NDUFS8,0.1702620951376642,0.1469719828464614,0.7394101872933668,0.6977790320056902,ENSG00000110717,Stim48hr,201.0,466,417,883,-6.8752557347827885,True,34.98577544634279,False,>10 DE genes,on-target KD
900,NDUFV1,0.15165631079268008,0.146693938626068,0.8874890542970452,0.8454342374244214,ENSG00000167792,Stim48hr,802.0,23,22,45,-34.95203159971463,True,291.0669260006184,False,>10 DE genes,on-target KD
901,NEB,0.1296132108728148,0.1120409932780657,0.8326209502702012,0.7889404440622808,ENSG00000183091,Stim48hr,903.0,33,33,66,-0.4309043516761799,False,0.1553877646537531,False,>10 DE genes,no on-target KD
902,NEIL1,0.0898210653765747,0.0699141323053271,0.8314064991219388,0.8173522514587408,ENSG00000140398,Stim48hr,635.0,47,43,90,-2.2959248083200534,True,1.097957344214714,False,>10 DE genes,on-target KD
903,NEK3,0.05785707805212523,0.038951784107292,0.7337856358628733,0.5949896700354035,ENSG00000136098,Stim48hr,359.0,40,22,62,-7.059426534017141,True,14.84537016054653,False,>10 DE genes,on-target KD
904,NELFCD,0.10353261445943669,0.0230454712618606,0.13201528763495088,-0.1848804345034982,ENSG00000101158,Stim48hr,102.0,67,12,79,-9.213329870422614,True,113.75849609139088,False,>10 DE genes,on-target KD
905,NEMF,0.091291488941535,0.074236387793313,0.8654371888110997,0.8459330429718237,ENSG00000165525,Stim48hr,419.0,28,15,43,-12.450204440180682,True,111.01351461600026,False,>10 DE genes,on-target KD
906,NFE2L1,0.09044450380447254,0.0783223633768347,0.5227650763535768,0.3489553456092914,ENSG00000082641,Stim48hr,99.0,81,42,123,-5.570575314582244,True,151.88845140617485,False,>10 DE genes,on-target KD
907,NFIC,-0.0285670797441236,-0.0776218313222209,0.5599833712277124,0.5023366152151553,ENSG00000141905,Stim48hr,453.0,33,11,44,-1.7651982960119883,False,8.184853374137306,False,>10 DE genes,no on-target KD
908,NFIX,0.15440602993504873,0.1060406157898186,0.8103606964872953,0.7848187786443174,ENSG00000008441,Stim48hr,426.0,179,245,424,0.2046632262238682,False,0.2598125237095617,False,>10 DE genes,no on-target KD
909,NFKB1,0.06952817874215476,-0.0241772149893579,0.6456439401349132,0.5771819797351656,ENSG00000109320,Stim48hr,291.0,26,37,63,-14.151346162397177,True,143.29112125643053,False,>10 DE genes,on-target KD
910,NFKB2,0.13247316141350307,0.062209917447728,0.7161256040394083,0.6372562415755808,ENSG00000077150,Stim48hr,1843.0,477,261,738,-33.764120871210295,True,265.44405823792164,False,>10 DE genes,on-target KD
911,NFKBID,0.225826313280191,0.0094205470882357,0.846503042679252,0.6313429366963589,ENSG00000167604,Stim48hr,219.0,31,28,59,-7.905253299093942,True,48.7097218075992,True,>10 DE genes,on-target KD
912,NFKBIL1,-0.05349683377873534,-0.071318146714961,0.1662596335069923,0.0246318259205525,ENSG00000204498,Stim48hr,1903.0,30,3,33,-7.627076160622622,True,33.31197500499218,False,>10 DE genes,on-target KD
913,NFRKB,0.3865451769600801,0.3731238323712285,0.8331208143086289,0.8281095127958238,ENSG00000170322,Stim48hr,1321.0,1229,1291,2520,-15.23017454080511,True,21.78031621925816,False,>10 DE genes,on-target KD
914,NFU1,0.20563904270046393,0.1886181812272805,0.8395694724196024,0.831182331894803,ENSG00000169599,Stim48hr,278.0,163,119,282,-11.634744809175508,True,64.56648561923299,False,>10 DE genes,on-target KD
915,NGLY1,0.22558383672168617,0.1449362051343532,0.6226052238857219,0.514777703373757,ENSG00000151092,Stim48hr,145.0,56,29,85,-10.013782648575996,True,88.75729226385603,False,>10 DE genes,on-target KD
916,NGRN,0.0863497458665633,0.0699038516460018,0.7013704646389712,0.6043085377591831,ENSG00000182768,Stim48hr,430.0,88,88,176,-7.285969381456962,True,14.548197444831477,False,>10 DE genes,on-target KD
917,NHLRC2,0.050301696559152974,-0.0137587428818384,0.8740020067064691,0.8202296544333152,ENSG00000196865,Stim48hr,136.0,24,20,44,-7.372380100113223,True,42.78924272534647,False,>10 DE genes,on-target KD
918,NIPBL,0.09865259600710168,0.0679007156318542,0.6092266841308773,0.5912299538003123,ENSG00000164190,Stim48hr,649.0,340,244,584,-9.548247043481554,True,70.44770385358672,False,>10 DE genes,on-target KD
919,NKAPD1,0.4033246272564371,0.3537885124099661,0.7901763609742621,0.7808058499111035,ENSG00000150776,Stim48hr,461.0,514,305,819,-7.962980135912625,True,35.00856158883528,False,>10 DE genes,on-target KD
920,NKX2-2,0.0694992121634296,0.0541884759062353,0.8526676626669123,0.8337817220154956,ENSG00000125820,Stim48hr,318.0,54,49,103,0.0,False,,False,>10 DE genes,no on-target KD
921,NKX2-3,0.09567519290552566,0.072419584372285,0.779197511009165,0.7518188882453934,ENSG00000119919,Stim48hr,274.0,179,89,268,0.0,False,,False,>10 DE genes,no on-target KD
922,NLGN2,0.0765710980303199,0.0172365941060912,0.3909743895267168,0.2462502541087955,ENSG00000169992,Stim48hr,230.0,40,20,60,-2.327764156813054,True,4.865381084167334,False,>10 DE genes,on-target KD
923,NMT1,0.019815173643666667,-0.0089084513681321,0.595102862431916,0.4177911760289799,ENSG00000136448,Stim48hr,139.0,22,11,33,-3.085468151149608,False,161.78675782453598,False,>10 DE genes,no on-target KD
924,NOA1,0.09249591714356503,0.083024558036777,0.7986025087006751,0.7612595533413329,ENSG00000084092,Stim48hr,420.0,63,25,88,-17.580920535016116,True,97.93716813218916,True,>10 DE genes,on-target KD
925,NPAS2,0.09908297698334878,0.0528120148060493,0.7613843513800852,0.7367776555992133,ENSG00000170485,Stim48hr,233.0,45,31,76,-1.4675520051970443,False,1.598509641927803,False,>10 DE genes,no on-target KD
926,NPC2,0.36802770121513345,0.3637906614824372,0.7645726425926166,0.7020204839413816,ENSG00000119655,Stim48hr,192.0,1359,1061,2420,-7.347856644517178,True,66.60540402550463,True,>10 DE genes,on-target KD
927,NR2C2,0.1599624579691995,0.1496855596873524,0.6893104805658689,0.635979001902884,ENSG00000177463,Stim48hr,337.0,84,129,213,-13.1663861358755,True,61.97358873929164,False,>10 DE genes,on-target KD
928,NR2C2AP,0.1781258871716557,0.14489487888051,0.860514345120035,0.7910019682564133,ENSG00000184162,Stim48hr,750.0,59,62,121,-12.650239246369772,False,30.44129908844923,True,>10 DE genes,putative off-target
929,NR4A3,0.1410085817907071,0.1232291977267318,0.7852732498266097,0.7389557905284501,ENSG00000119508,Stim48hr,216.0,214,182,396,-1.4705010576778763,True,14.159450391670664,False,>10 DE genes,on-target KD
930,NRAS,-0.039853444771090964,-0.0681041653427589,0.2677340144856723,0.2305423602826844,ENSG00000213281,Stim48hr,1660.0,124,23,147,-41.43830640925694,True,160.8061936049949,False,>10 DE genes,on-target KD
931,NRBP1,0.0218085547432048,-0.1222441923421047,0.615691934364682,0.549037108396977,ENSG00000115216,Stim48hr,244.0,369,382,751,-11.743644242170085,True,145.14464015248336,False,>10 DE genes,on-target KD
932,NRG2,0.07268095501442454,0.0594383336911092,-0.03610279455527069,-0.1951891260814816,ENSG00000158458,Stim48hr,807.0,25,17,42,0.0,False,,False,>10 DE genes,no on-target KD
933,NSD1,0.4565189602432414,0.4298714016150332,0.8003342667044792,0.7666719348918525,ENSG00000165671,Stim48hr,683.0,1011,1164,2175,-26.42526718583996,True,120.2328998988833,False,>10 DE genes,on-target KD
934,NSD2,0.0986332997307086,0.0879214287692146,0.7461909580190079,0.599109778703315,ENSG00000109685,Stim48hr,94.0,49,33,82,-2.2267254578437106,False,74.21523698357109,False,>10 DE genes,no on-target KD
935,NSUN2,0.10087402996467387,0.0535580016623908,0.8858611272731375,0.8773775040805212,ENSG00000037474,Stim48hr,754.0,44,27,71,-14.974877897380514,True,90.86118162512336,True,>10 DE genes,on-target KD
936,NSUN4,0.16411004199358636,0.149660645505241,0.795860006426396,0.7463027916130812,ENSG00000117481,Stim48hr,248.0,543,483,1026,-8.20379214959968,True,33.19524236222256,False,>10 DE genes,on-target KD
937,NSUN6,-0.005507240729638002,-0.0489370516725477,0.6073507865399662,0.3088173426546652,ENSG00000241058,Stim48hr,1336.0,220,102,322,-17.180529013214592,False,40.8493158971191,True,>10 DE genes,putative off-target
938,NTN5,0.20401386994441326,0.1717028082041237,0.560177795325747,0.449188311876892,ENSG00000142233,Stim48hr,75.0,28,4,32,0.0,False,,False,>10 DE genes,no on-target KD
939,NUBPL,0.15707624783428,0.1465489078708166,0.8374369699629769,0.8119532943082646,ENSG00000151413,Stim48hr,603.0,111,256,367,-8.45014224800667,True,15.116889058909644,False,>10 DE genes,on-target KD
940,NUDCD1,0.25305665915167963,0.2121570503351958,0.8007876198922884,0.795950504384359,ENSG00000120526,Stim48hr,525.0,1249,887,2136,-17.15646680983078,True,92.98061548236458,True,>10 DE genes,on-target KD
941,NUDT19,0.013324955334588667,0.0042933588437542,0.8626163011412019,0.8290501426031478,ENSG00000213965,Stim48hr,1153.0,23,14,37,-15.50543160445833,True,26.988246973037064,False,>10 DE genes,on-target KD
942,NUDT22,0.05366540405271933,0.0342970182628145,0.8128233206590475,0.6417767294539182,ENSG00000149761,Stim48hr,660.0,22,16,38,-14.38447233653997,True,34.72636845369254,True,>10 DE genes,on-target KD
943,NUP188,0.18199265663784478,0.1601530415718958,0.7698771266207561,0.7488459780188224,ENSG00000095319,Stim48hr,173.0,402,210,612,-13.681329969940668,True,156.51861653015567,False,>10 DE genes,on-target KD
944,NUP35,0.06629201999011264,0.0625858363638051,0.9141970335569553,0.8795758291398772,ENSG00000163002,Stim48hr,960.0,20,15,35,-14.442324778161936,True,24.4267075878662,False,>10 DE genes,on-target KD
945,NUP37,0.08659597862781966,0.071028190515324,0.654085332368363,0.440643457109362,ENSG00000075188,Stim48hr,374.0,71,31,102,-20.872102998330647,True,157.80452005066107,True,>10 DE genes,on-target KD
946,NUPL2,0.11337088719384573,0.0697489711292601,0.8409350628827994,0.7458937514456458,ENSG00000136243,Stim48hr,615.0,60,30,90,-8.340530399751113,True,23.51483814253305,False,>10 DE genes,on-target KD
947,NUSAP1,0.11114379975513965,0.0968961668648402,0.830280655326411,0.8151198724769008,ENSG00000137804,Stim48hr,410.0,19,19,38,-17.599758888164494,True,172.68527890546585,True,>10 DE genes,on-target KD
948,NXT1,0.028045982523952434,0.0062431954410842,0.7467673461206944,0.6193559022454374,ENSG00000132661,Stim48hr,202.0,48,54,102,-13.698698872397804,True,110.53721652167886,False,>10 DE genes,on-target KD
949,OAZ3,0.05404088463388013,0.032276402828531,0.8404755033071707,0.800931403561972,ENSG00000143450,Stim48hr,607.0,104,111,215,-2.384962492415473,True,1.1854123215506989,False,>10 DE genes,on-target KD
950,ORAI1,0.014103434293103534,-0.0123670839648176,0.5145633225819062,0.2530591679827512,ENSG00000276045,Stim48hr,306.0,65,12,77,-6.4326644750955175,True,57.48396284940044,False,>10 DE genes,on-target KD
951,ORC6,0.1796295014031196,0.1118653102185829,0.5637727235912293,0.3230948850281307,ENSG00000091651,Stim48hr,51.0,57,22,79,-2.824520832640967,False,100.84074930306213,False,>10 DE genes,no on-target KD
952,OSR1,0.14594311532872936,0.143200612014458,0.8705400004273601,0.8519047999487905,ENSG00000143867,Stim48hr,438.0,52,80,132,0.0,False,,False,>10 DE genes,no on-target KD
953,OST4,0.021773510397714066,0.0063707658079256,0.8246780539807165,0.7823669038638804,ENSG00000228474,Stim48hr,1168.0,46,69,115,-21.012571480127995,True,122.07933869415344,False,>10 DE genes,on-target KD
954,OTUB1,0.15481508453004544,0.1322254619297154,0.7511795899812942,0.5528998557217712,ENSG00000167770,Stim48hr,318.0,84,36,120,-13.762171173796348,True,87.41460044672722,False,>10 DE genes,on-target KD
955,OXA1L,0.2943395859320121,0.2802129997809121,0.7732194274569523,0.7434584739938774,ENSG00000155463,Stim48hr,310.0,747,795,1542,-17.699254484582493,True,195.1305959716064,False,>10 DE genes,on-target KD
956,P4HB,0.0761752423252066,0.0584080744871953,0.5811825077349465,0.5142704861207132,ENSG00000185624,Stim48hr,516.0,115,16,131,-5.406794202399215,True,8.932537094756723,False,>10 DE genes,on-target KD
957,PACS2,0.0760504830520438,0.0552810766808759,0.4971182397981346,0.3981397962116487,ENSG00000179364,Stim48hr,326.0,107,40,147,-5.522062270447989,True,10.533244692740857,False,>10 DE genes,on-target KD
958,PAGR1,0.1035016698394517,0.0630584772883205,0.7988574283716973,0.7842929841344018,ENSG00000280789,Stim48hr,548.0,56,54,110,-17.63516548015028,True,71.01672736708265,False,>10 DE genes,on-target KD
959,PAICS,0.09100606758507838,0.0084149410127265,0.7828303454116882,0.7358756306250481,ENSG00000128050,Stim48hr,266.0,46,42,88,-9.88327550375726,True,170.25724650150948,False,>10 DE genes,on-target KD
960,PAIP1,0.03890202233058357,-0.0626834138322754,0.7555090450605301,0.6334663483466205,ENSG00000172239,Stim48hr,181.0,38,17,55,-3.643170125437647,True,15.167489330147369,False,>10 DE genes,on-target KD
961,PAK2,0.13672771895389682,0.110638562617431,0.9284311252986684,0.9124163022580388,ENSG00000180370,Stim48hr,669.0,39,21,60,-29.99497247152664,True,175.32875414786733,False,>10 DE genes,on-target KD
962,PAN2,0.07894082169065997,0.0705676340734881,0.9210762185476741,0.9011079553523904,ENSG00000135473,Stim48hr,691.0,33,8,41,-10.884566966833638,False,19.514079249807867,True,>10 DE genes,putative off-target
963,PAN3,0.15991494230811346,0.1556351412414304,0.8401517299043868,0.8310219280856701,ENSG00000152520,Stim48hr,757.0,203,147,350,-16.71721381511331,True,42.29507070219313,False,>10 DE genes,on-target KD
964,PANK4,0.15700503511851507,-0.0425596659216761,0.6950271814235136,0.6776024007298624,ENSG00000157881,Stim48hr,73.0,36,7,43,-4.448583021189584,True,41.09806963553978,False,>10 DE genes,on-target KD
965,PAPOLA,0.07369194112066894,0.0310705948878014,0.6722034602907737,0.5863587299018809,ENSG00000090060,Stim48hr,423.0,28,10,38,-17.88367897974978,True,130.7255211866428,False,>10 DE genes,on-target KD
966,PARK7,0.07601783348400273,0.0075868489019943,0.659193355493718,0.5724873215143939,ENSG00000116288,Stim48hr,1534.0,65,30,95,-45.868773842091,True,241.4666649286926,False,>10 DE genes,on-target KD
967,PARL,0.1218868663340535,0.0962831019318439,0.7735848396188665,0.7402779325398192,ENSG00000175193,Stim48hr,517.0,120,223,343,-22.10630530742264,True,125.66280525600844,False,>10 DE genes,on-target KD
968,PARP14,-0.03091641716195327,-0.0718231084540236,0.14944974887337056,0.0045459732992926,ENSG00000173193,Stim48hr,1995.0,100,14,114,-21.702863303977736,True,70.8957602137556,False,>10 DE genes,on-target KD
969,PARP2,0.11064071565253301,-0.066096343214022,0.7787785711995525,0.7626374282384812,ENSG00000129484,Stim48hr,155.0,87,62,149,-4.936286017773915,True,25.19178334181849,False,>10 DE genes,on-target KD
970,PARP3,0.17631883088918532,0.1568429009981945,0.6933106163749052,0.632928851693204,ENSG00000041880,Stim48hr,127.0,289,127,416,-1.5256835656725478,False,4.245396151922067,False,>10 DE genes,no on-target KD
971,PARS2,0.20914106266743446,0.1537037240200808,0.7408898664822766,0.6551410769076096,ENSG00000162396,Stim48hr,162.0,327,221,548,-2.6384303151722244,True,6.186922401039388,False,>10 DE genes,on-target KD
972,PAX7,0.11211041564203783,0.0992909510941027,0.7596411826050464,0.7440890512512813,ENSG00000009709,Stim48hr,420.0,235,162,397,0.0,False,,False,>10 DE genes,no on-target KD
973,PAXIP1,0.2799970912493577,0.2534675747010801,0.8249451746553081,0.8027102855775484,ENSG00000157212,Stim48hr,472.0,696,545,1241,-15.216246299633562,True,52.01287059102584,False,>10 DE genes,on-target KD
974,PCBP1,0.0843535757257341,0.0336911913768587,0.7285358625346681,0.6643769739226919,ENSG00000169564,Stim48hr,149.0,254,222,476,-11.19066177608547,True,104.30104488035268,False,>10 DE genes,on-target KD
975,PCBP2,0.0802183540375528,0.0723693433514067,0.5006769374863087,0.4707027648927451,ENSG00000197111,Stim48hr,205.0,68,34,102,-4.098821081892124,True,13.940602075011268,False,>10 DE genes,on-target KD
976,PCGF1,0.34803254308129244,0.2626479216781913,0.8677457363391176,0.8558544490044175,ENSG00000115289,Stim48hr,1576.0,690,389,1079,-16.815204638904085,True,43.635748323924176,False,>10 DE genes,on-target KD
977,PCGF3,0.07994608875165173,0.0557603664436271,0.8197798655886702,0.7820216398031664,ENSG00000185619,Stim48hr,342.0,30,21,51,-6.649985854011966,True,21.813969871823566,False,>10 DE genes,on-target KD
978,PCGF6,0.14262055883625882,0.1223026234900864,0.6121324168903702,0.5251576415391489,ENSG00000156374,Stim48hr,288.0,49,4,53,-8.338450358419037,True,32.60032044390781,False,>10 DE genes,on-target KD
979,PCNX3,0.16954716783120696,0.1445943025544351,0.8871163061664978,0.8835379546672479,ENSG00000197136,Stim48hr,461.0,60,38,98,-5.992094749576544,True,9.639185358283566,False,>10 DE genes,on-target KD
980,PCYT2,0.2186687445484954,0.1832382179642734,0.7434071090883879,0.7309768824534992,ENSG00000185813,Stim48hr,303.0,488,197,685,-7.0673837236902735,True,23.34635876950625,False,>10 DE genes,on-target KD
981,PDCD10,0.19391574892448757,0.1616411333897744,0.795348425422524,0.7261579916634285,ENSG00000114209,Stim48hr,291.0,198,100,298,-21.44290911264466,True,156.36365900171873,False,>10 DE genes,on-target KD
982,PDCD2L,0.1254160586177984,0.1168303674571118,0.9059039537918393,0.8620827914231265,ENSG00000126249,Stim48hr,542.0,9,43,52,-9.9270620520012,True,24.83591536159604,False,>10 DE genes,on-target KD
983,PDCD5,0.37276891568299897,0.2874949859582617,0.7757032577064343,0.763526006485169,ENSG00000105185,Stim48hr,385.0,511,391,902,-10.610432563724176,True,51.833133837400176,False,>10 DE genes,on-target KD
984,PDCL,0.24500238793605833,0.2419729480208002,0.7294792157681904,0.7240333560338132,ENSG00000136940,Stim48hr,440.0,781,721,1502,-16.105072736185118,True,62.20418329410581,False,>10 DE genes,on-target KD
985,PDE6D,0.10071553045218423,0.0664736471226031,0.6331355434481677,0.5353666487052546,ENSG00000156973,Stim48hr,219.0,12,19,31,-1.5752118998145388,True,50.954873945819294,False,>10 DE genes,on-target KD
986,PDHA1,0.16400746266217262,0.158165953095704,0.6934856363827427,0.6601740766283155,ENSG00000131828,Stim48hr,192.0,559,380,939,-14.812702594014262,True,133.48850233301707,False,>10 DE genes,on-target KD
987,PDHB,0.0603248774853719,0.047136154133821,0.7753453583357875,0.7299398021583837,ENSG00000168291,Stim48hr,303.0,132,47,179,-14.63264200013854,True,104.01688037963498,False,>10 DE genes,on-target KD
988,PDIA6,0.06508231211792646,0.060255891549853,0.8735559416604216,0.8373859000374692,ENSG00000143870,Stim48hr,776.0,93,9,102,-22.41731769685163,True,127.8875554911436,False,>10 DE genes,on-target KD
989,PDLIM2,0.041490329235046065,0.0209866357496317,0.32464171315885615,0.2728821321142805,ENSG00000120913,Stim48hr,258.0,124,35,159,-5.545469830022436,True,14.894387727022696,False,>10 DE genes,on-target KD
990,PDPK1,0.30209823356969706,0.2561487916631609,0.8229150551055607,0.7922217386181863,ENSG00000140992,Stim48hr,111.0,181,129,310,-3.940181528107132,True,19.6589021879462,False,>10 DE genes,on-target KD
991,PDS5B,0.17255879215927164,0.1528339532467635,0.8278929175346951,0.7860594773511349,ENSG00000083642,Stim48hr,347.0,30,12,42,-14.063947528941114,True,65.17732689965257,False,>10 DE genes,on-target KD
992,PDSS1,0.11717061566782698,0.0797036014210431,0.8318596557312524,0.7417472722879117,ENSG00000148459,Stim48hr,268.0,56,57,113,-6.329778620948304,True,20.897443893135065,False,>10 DE genes,on-target KD
993,PDSS2,0.257598507454208,0.2008916141571991,0.6815759079098638,0.5977283741964454,ENSG00000164494,Stim48hr,79.0,885,547,1432,-3.031265478558683,True,28.046590874401105,False,>10 DE genes,on-target KD
994,PELO,0.09521991849096727,0.0671056590849849,0.23530574917532654,0.1233344153368996,ENSG00000152684,Stim48hr,556.0,207,68,275,-6.430064070178647,True,96.11130060202773,False,>10 DE genes,on-target KD
995,PET117,-0.028117973480841163,-0.068386943570202,0.075028050897803,0.0008834400104921,ENSG00000232838,Stim48hr,75.0,23,8,31,-2.1454356550211844,False,18.555120036885672,False,>10 DE genes,no on-target KD
996,PEX5,0.09211207534765149,0.09165621269565,0.8473594276752809,0.826194156943155,ENSG00000139197,Stim48hr,745.0,117,100,217,-6.563660130544229,True,7.7000624288711474,False,>10 DE genes,on-target KD
997,PEX6,0.0250630474642331,0.0186045702701211,0.08054570850950107,-0.005411404768594,ENSG00000124587,Stim48hr,457.0,69,11,80,-6.905180772078314,True,12.9839094305953,True,>10 DE genes,on-target KD
998,PFDN4,0.11228269525663687,0.0944034609195568,0.8992317595553391,0.8415484153855609,ENSG00000101132,Stim48hr,160.0,42,33,75,-9.306511703138757,True,59.82273711283946,False,>10 DE genes,on-target KD
999,PGAM1,0.11395417170208333,0.0818961958787044,0.7946933811012021,0.6827550123188774,ENSG00000171314,Stim48hr,126.0,42,18,60,-9.32869772389549,True,104.26256706128162,False,>10 DE genes,on-target KD
1000,PGAP2,0.12787970201109564,0.1064411076074643,0.6928539863434343,0.532321856103123,ENSG00000148985,Stim48hr,103.0,162,68,230,-3.489670990960556,True,39.85455774895006,False,>10 DE genes,on-target KD
1001,PGK1,0.35609021285246767,0.2050610614323853,0.7556454398403197,0.7305973472288835,ENSG00000102144,Stim48hr,57.0,182,68,250,-8.931515124764775,True,331.4378767811268,False,>10 DE genes,on-target KD
1002,PGP,0.14771846925716778,0.102424438290229,0.8406620698150786,0.798775513488825,ENSG00000184207,Stim48hr,647.0,219,271,490,-21.541991227407905,True,126.25033927689972,False,>10 DE genes,on-target KD
1003,PGS1,0.14339830301094778,0.0890659075730653,0.827175720845953,0.7815149538180298,ENSG00000087157,Stim48hr,118.0,84,37,121,-5.037018184211759,True,52.56259212709667,False,>10 DE genes,on-target KD
1004,PHF12,0.10976019301736234,0.0748749836823813,0.8727268060119163,0.8533866420502491,ENSG00000109118,Stim48hr,266.0,101,22,123,-10.526852124643025,True,68.36608484366488,False,>10 DE genes,on-target KD
1005,PHF20,0.11181019366411267,0.1030870686663902,0.6437492815504852,0.5763432356758488,ENSG00000025293,Stim48hr,688.0,27,150,177,-13.919900436293013,True,35.3616104372415,False,>10 DE genes,on-target KD
1006,PHF23,0.18136858054881763,0.1511291429154785,0.7709520069770767,0.7518074527500013,ENSG00000040633,Stim48hr,238.0,269,168,437,-5.306108426859381,True,16.1251304770523,True,>10 DE genes,on-target KD
1007,PHF3,-0.0011000492028695999,-0.0114678172462195,0.5166296463944056,0.4504851907357508,ENSG00000118482,Stim48hr,2237.0,106,109,215,-24.16407572398277,True,44.014270380739134,False,>10 DE genes,on-target KD
1008,PHF6,0.14351481418039938,-0.0377902031250074,0.7976258145734856,0.778681038376266,ENSG00000156531,Stim48hr,209.0,121,91,212,-11.636152450095212,True,105.13271708793582,False,>10 DE genes,on-target KD
1009,PHF8,0.14174924742634873,0.128132657650256,0.7815812619613686,0.7360508532516509,ENSG00000172943,Stim48hr,307.0,145,170,315,-10.48625605026655,True,45.41526064751461,False,>10 DE genes,on-target KD
1010,PHIP,0.18360013908031944,0.1682073133322788,0.8693789861242897,0.8461522939718612,ENSG00000146247,Stim48hr,469.0,78,42,120,-15.480832889913284,True,64.11190439388417,False,>10 DE genes,on-target KD
1011,PIBF1,0.1541335516557669,0.1153144011520532,0.8460043510364964,0.8419042591038144,ENSG00000083535,Stim48hr,301.0,231,201,432,-7.5240169560961405,False,28.502236215435698,True,>10 DE genes,putative off-target
1012,PIGB,-0.06149315416366786,-0.1114065445481646,0.0423406771519838,-0.0260870656472785,ENSG00000069943,Stim48hr,1752.0,79,42,121,-16.13472579724557,True,20.26457499676632,True,>10 DE genes,on-target KD
1013,PIK3CD,0.046783279536847834,0.0333004787371826,0.7713717651265449,0.7014832831901071,ENSG00000171608,Stim48hr,470.0,14,19,33,-9.033341311574176,True,297.06636265359697,False,>10 DE genes,on-target KD
1014,PITRM1,0.26417757802039604,0.2597936757150845,0.7934086654775238,0.7791453331266366,ENSG00000107959,Stim48hr,183.0,405,451,856,-10.454314975655947,True,101.6690821788128,False,>10 DE genes,on-target KD
1015,PKM,0.18938389065856553,0.1497280035714192,0.665381748775268,0.6002789188369665,ENSG00000067225,Stim48hr,296.0,135,67,202,-10.262939928924618,True,354.5525061573175,False,>10 DE genes,on-target KD
1016,PKN3,0.0660634135391109,0.0203886437649531,0.7633735868420758,0.7343256751021546,ENSG00000160447,Stim48hr,523.0,38,48,86,-6.621151649508326,True,16.23005778769316,False,>10 DE genes,on-target KD
1017,PKNOX1,0.1546802855048698,0.1304297093008717,0.8552800334076096,0.8451925253323161,ENSG00000160199,Stim48hr,463.0,104,171,275,-8.588807249280116,True,19.418450282752627,False,>10 DE genes,on-target KD
1018,PLA2G12A,0.057407996734602264,0.0496810989547905,0.82374413973576,0.6828591693654088,ENSG00000123739,Stim48hr,755.0,33,8,41,-13.87091601407734,True,30.54774787942154,False,>10 DE genes,on-target KD
1019,PLCG1,0.568643529070373,0.4641720183422639,0.8016014421372848,0.7927596671518953,ENSG00000124181,Stim48hr,267.0,1423,795,2218,-10.809409368912435,True,151.18522604271857,False,>10 DE genes,on-target KD
1020,PLEC,0.10824973881145157,0.0673825561993085,0.8989643026365138,0.8821583109476945,ENSG00000178209,Stim48hr,841.0,27,22,49,-5.380925428634559,True,50.38890036718496,False,>10 DE genes,on-target KD
1021,PLEK2,0.0546655933982921,0.0196441812224956,0.5785630598610266,0.5392804339095479,ENSG00000100558,Stim48hr,622.0,27,5,32,0.0,False,,False,>10 DE genes,no on-target KD
1022,PLEKHA5,0.09987360903854377,0.0680266466632173,0.3259495138466259,0.1667713709658672,ENSG00000052126,Stim48hr,286.0,93,25,118,-2.4597322619823125,False,3.88216501103316,False,>10 DE genes,no on-target KD
1023,PLEKHG1,0.15264215970535042,-0.0263399416415827,0.4164225111839548,0.2801740825728633,ENSG00000120278,Stim48hr,103.0,346,255,601,-0.0542650946804683,True,0.5294758345685909,False,>10 DE genes,on-target KD
1024,PMPCB,0.0344687931615033,-0.0819972481694038,0.5251487301289438,0.4924742201019868,ENSG00000105819,Stim48hr,126.0,96,59,155,-2.976007070871901,False,152.33130311839858,False,>10 DE genes,no on-target KD
1025,PMVK,0.4414430155652041,0.2697114644944615,0.8113265914810733,0.7519835138449189,ENSG00000163344,Stim48hr,212.0,1902,1626,3528,-10.625338298747694,True,66.85112572592892,False,>10 DE genes,on-target KD
1026,PNPT1,0.24892150719077918,0.1765340681268069,0.5614385672823315,0.3399882730007709,ENSG00000138035,Stim48hr,102.0,705,364,1069,-4.660367294213302,True,31.359699156571565,False,>10 DE genes,on-target KD
1027,POGZ,0.03764130497269493,0.0007366292393273,0.38925672605977524,0.3466009858431566,ENSG00000143442,Stim48hr,211.0,52,44,96,-9.75861769253949,True,48.159404353396326,False,>10 DE genes,on-target KD
1028,POLDIP2,0.06876946980195286,0.0582425950872431,0.9167342924683745,0.9131400562765916,ENSG00000004142,Stim48hr,1078.0,29,6,35,-27.20664932618345,True,145.04339877300043,True,>10 DE genes,on-target KD
1029,POLDIP3,-0.11341154644105954,-0.2054687507924283,0.5389531456041495,0.4535183498299934,ENSG00000100227,Stim48hr,113.0,170,92,262,-5.154341770853343,True,67.85825365697656,False,>10 DE genes,on-target KD
1030,POLE3,0.12915105518183498,0.0426008232183231,0.850145315924426,0.8382031043181923,ENSG00000148229,Stim48hr,201.0,20,14,34,-10.304427370538194,True,82.61517586441832,False,>10 DE genes,on-target KD
1031,POLG,0.2599217641498411,0.2469713817345601,0.7742264674037346,0.7501920360543175,ENSG00000140521,Stim48hr,316.0,832,769,1601,-9.040885247699746,True,36.97806075278141,False,>10 DE genes,on-target KD
1032,POLG2,0.40265106583711213,0.3724639272882482,0.739454091989237,0.7150194131936819,ENSG00000256525,Stim48hr,81.0,399,217,616,-3.417377825358869,True,30.703970727545087,False,>10 DE genes,on-target KD
1033,POLR2M,0.11084673407496622,0.1045167240966554,0.7591458817750748,0.7407266009834441,ENSG00000255529,Stim48hr,687.0,552,396,948,0.0,False,,False,>10 DE genes,no on-target KD
1034,POLRMT,0.0770754803298972,0.0104874256291401,0.8452765665138099,0.8078154779766568,ENSG00000099821,Stim48hr,174.0,106,47,153,-0.948530243780268,True,1.537638376092593,False,>10 DE genes,on-target KD
1035,PPAT,0.3610059178392348,0.3338349509089134,0.651099175732177,0.6434395972965898,ENSG00000128059,Stim48hr,53.0,310,95,405,-1.6942967658623431,False,36.75798577945622,False,>10 DE genes,no on-target KD
1036,PPCDC,0.05040091155831333,0.0305736402725043,0.2544765245823926,0.1937852234744387,ENSG00000138621,Stim48hr,285.0,197,106,303,-2.7638457771108333,False,36.00257744639037,False,>10 DE genes,no on-target KD
1037,PPCS,0.06464101164799027,0.0031024479895481,0.20883402354393263,0.0904748764907098,ENSG00000127125,Stim48hr,52.0,145,24,169,-1.0677165445488253,False,28.42493542756046,False,>10 DE genes,no on-target KD
1038,PPDPF,-0.08849129547747166,-0.123653751319666,-0.4881427178255086,-0.5812329815562637,ENSG00000125534,Stim48hr,929.0,126,7,133,-13.226062001722743,True,125.00062442445191,False,>10 DE genes,on-target KD
1039,PPHLN1,0.2094539349408012,0.1969341071400327,0.8254555963800784,0.7891632413008548,ENSG00000134283,Stim48hr,445.0,308,123,431,-20.625926988229512,True,127.9693945290496,True,>10 DE genes,on-target KD
1040,PPIH,0.17992996842009568,0.1685638880727459,0.7809561101151266,0.7571049138584349,ENSG00000171960,Stim48hr,336.0,195,192,387,-5.255843215657213,True,10.318720874558144,False,>10 DE genes,on-target KD
1041,PPIL1,0.04779372575111457,-0.0074187138620561,0.5963702018760177,0.5427637854223271,ENSG00000137168,Stim48hr,166.0,80,34,114,-8.00792637233578,True,66.13135017747835,False,>10 DE genes,on-target KD
1042,PPM1D,0.13243172313314008,0.1238425831706484,0.8436139942112545,0.8356502540617988,ENSG00000170836,Stim48hr,586.0,31,38,69,-6.476304248815005,True,9.691731099371216,False,>10 DE genes,on-target KD
1043,PPP1R11,0.18522976962442197,0.1012151702512137,0.6982793730461682,0.6616275923893166,ENSG00000204619,Stim48hr,83.0,373,260,633,-5.510903346164562,True,48.57147852823904,True,>10 DE genes,on-target KD
1044,PPP1R13L,0.09530425503636726,0.0920447843105065,0.66928827256798,0.6300063845390623,ENSG00000104881,Stim48hr,327.0,23,8,31,-3.341093259441524,True,8.229405280299543,False,>10 DE genes,on-target KD
1045,PPP1R14B,0.08877074859896521,0.0390373405862885,0.9096427692830358,0.8809385961124809,ENSG00000173457,Stim48hr,137.0,29,42,71,-3.803403894005275,True,14.992562552452425,False,>10 DE genes,on-target KD
1046,PPP1R15B,0.08244945005890854,0.0580289575251055,0.8566229257877426,0.8426407068068522,ENSG00000158615,Stim48hr,188.0,95,84,179,-14.76896503990281,True,196.9295858228377,False,>10 DE genes,on-target KD
1047,PPP1R2,0.14655188256492138,0.0873558781091999,0.6469973585736478,0.5905255556912735,ENSG00000184203,Stim48hr,705.0,382,225,607,0.0,False,,False,>10 DE genes,no on-target KD
1048,PPP1R32,0.057646046376352296,0.0514881638508929,0.64413888177867,0.4998009560841756,ENSG00000162148,Stim48hr,928.0,47,35,82,-1.7194003898004837,False,2.550222436997821,False,>10 DE genes,no on-target KD
1049,PPP1R7,0.2628850202026497,0.2339935504275463,0.7737041329466051,0.7374634320536821,ENSG00000115685,Stim48hr,487.0,259,579,838,-25.325721704249816,True,213.11510445696905,True,>10 DE genes,on-target KD
1050,PPP2R2A,0.0775614689400614,0.051348541958023,0.19558991236743462,0.035849603796612,ENSG00000221914,Stim48hr,316.0,25,16,41,-21.095874907938,True,168.6784110541832,False,>10 DE genes,on-target KD
1051,PPP2R3C,0.04016803530684584,0.0321316453341357,0.8205666634258754,0.7122939191848361,ENSG00000092020,Stim48hr,629.0,25,17,42,-13.97189122627394,True,58.124865081765016,True,>10 DE genes,on-target KD
1052,PPP3R1,0.1428862229476885,0.1347565878798272,0.791688746433186,0.7374162900690463,ENSG00000221823,Stim48hr,811.0,379,144,523,-17.56283169958717,True,163.6165189920609,False,>10 DE genes,on-target KD
1053,PPP4C,0.02923912036562153,-0.249127720527894,0.9014869563249349,0.8789382791275507,ENSG00000149923,Stim48hr,121.0,20,23,43,-7.040014405727322,True,242.15269106124825,False,>10 DE genes,on-target KD
1054,PPP6C,0.09083906526533686,0.0494320156910734,0.4848701979466967,0.1073590156432734,ENSG00000119414,Stim48hr,238.0,243,35,278,-10.873542913526446,True,134.76562118228546,False,>10 DE genes,on-target KD
1055,PPRC1,0.04331985635887723,-0.0076869534183665,0.7824768557033682,0.6549141088207495,ENSG00000148840,Stim48hr,353.0,32,54,86,-4.915361250932088,True,39.8095489438649,False,>10 DE genes,on-target KD
1056,PRCC,0.09419277859776692,0.0808338313700371,0.7026630929545447,0.6527359296250025,ENSG00000143294,Stim48hr,75.0,30,16,46,-3.874869979226619,True,57.67404465672325,False,>10 DE genes,on-target KD
1057,PRDM15,0.11144193257526692,0.0943925401334165,0.8969690630676177,0.8369942152692166,ENSG00000141956,Stim48hr,605.0,10,31,41,-5.216945875335571,True,5.016958588720329,False,>10 DE genes,on-target KD
1058,PRELID1,0.046236616812061836,0.0246461932704808,0.41079467816722565,0.2939152973182147,ENSG00000169230,Stim48hr,165.0,20,19,39,-6.424953758572379,True,147.11028508813575,False,>10 DE genes,on-target KD
1059,PRIMPOL,0.11766735503439534,0.0928012871264846,0.6905718418782794,0.6295526486536261,ENSG00000164306,Stim48hr,242.0,24,15,39,-5.889931779473898,True,17.921497604682532,False,>10 DE genes,on-target KD
1060,PRKAR1A,0.5205990644727371,0.4718461865329669,0.7836401536060257,0.7567115615786525,ENSG00000108946,Stim48hr,59.0,629,272,901,-7.751789506125612,True,173.6522019318692,False,>10 DE genes,on-target KD
1061,PRKAR1B,0.10332996298508423,0.0499904050772029,0.5879866427308738,0.4756483405855527,ENSG00000188191,Stim48hr,58.0,79,22,101,-2.1514098453227484,False,19.882360863801885,False,>10 DE genes,no on-target KD
1062,PRKCQ,0.20456862573144208,0.165507388869388,0.758237834589636,0.73343015630483,ENSG00000065675,Stim48hr,180.0,78,67,145,-8.362072246279427,True,58.51481545636593,False,>10 DE genes,on-target KD
1063,PRKD2,0.11380710751631073,0.093233333102497,0.881353093168364,0.8285421751552421,ENSG00000105287,Stim48hr,975.0,41,31,72,-25.3900304754516,True,90.18400386698164,False,>10 DE genes,on-target KD
1064,PRKDC,0.10417118123619955,0.0817587857716548,0.7990997512485979,0.7731571067149711,ENSG00000253729,Stim48hr,73.0,136,125,261,-11.027778781797672,True,224.2750174336076,True,>10 DE genes,on-target KD
1065,PRKRA,0.15356748885500393,0.138357442409488,0.8134699252574147,0.7736226395589902,ENSG00000180228,Stim48hr,725.0,49,26,75,-23.368195122144066,True,122.40331853458092,False,>10 DE genes,on-target KD
1066,PRMT9,0.11059294954357753,0.0697565457835427,0.8497107527017125,0.737215797609383,ENSG00000164169,Stim48hr,260.0,15,16,31,-5.865139832991704,True,19.730904079578664,False,>10 DE genes,on-target KD
1067,PRPF38B,0.06035093302701384,-0.0491388000375777,0.3270469171914893,0.2462633195606343,ENSG00000134186,Stim48hr,59.0,73,11,84,-4.796750417823649,True,126.18020671330272,False,>10 DE genes,on-target KD
1068,PRPF39,0.14266915095338017,0.1193034632441906,0.6265495598406784,0.609166251879296,ENSG00000185246,Stim48hr,605.0,143,64,207,-8.326762656282314,True,55.55517117279405,False,>10 DE genes,on-target KD
1069,PRR12,0.10237161319903397,0.0801780609597633,0.8188509114707395,0.7986353450764164,ENSG00000126464,Stim48hr,1730.0,12,24,36,-20.532119927139536,True,31.67520736431717,False,>10 DE genes,on-target KD
1070,PRRC2A,0.15539852796502895,0.153345004719051,0.7922388247060018,0.7630010939435616,ENSG00000204469,Stim48hr,369.0,27,58,85,-15.405103874691282,True,81.71026836490552,False,>10 DE genes,on-target KD
1071,PRSS21,0.205135801008266,0.2009347339823332,0.9242388783065562,0.9105694116110764,ENSG00000007038,Stim48hr,225.0,31,25,56,-2.7533619226189985,True,8.01414469537383,False,>10 DE genes,on-target KD
1072,PRTN3,0.09424198812847169,0.07145470172527,0.8720203106900609,0.8478753015968186,ENSG00000196415,Stim48hr,457.0,22,33,55,0.0,False,,False,>10 DE genes,no on-target KD
1073,PSD,0.032610131863390096,-0.0155488778006764,0.7461797328414631,0.4914933831173814,ENSG00000059915,Stim48hr,996.0,23,12,35,-1.192817148999192,False,0.8709909884844187,False,>10 DE genes,no on-target KD
1074,PSIP1,0.2210164998729228,0.1756729200990895,0.7678795840231469,0.7316426108875764,ENSG00000164985,Stim48hr,395.0,344,143,487,-15.08578510799147,True,70.16467924408896,False,>10 DE genes,on-target KD
1075,PSMB9,0.015338954528587767,-0.0150488113630237,0.13208535915430566,-0.0080009524620975,ENSG00000240065,Stim48hr,612.0,104,21,125,-24.76943071944574,True,244.1233797061448,False,>10 DE genes,on-target KD
1076,PSMC1,0.0609395363438499,-0.0236252407419949,0.6557531141366126,0.5471680654553863,ENSG00000100764,Stim48hr,51.0,76,45,121,-2.7402946604287526,False,130.2911579856098,False,>10 DE genes,no on-target KD
1077,PSMF1,0.10765342508974546,0.0666606369127289,0.8506034653720143,0.8062881263425241,ENSG00000125818,Stim48hr,1383.0,64,62,126,-35.34057125099559,True,137.43852297423268,False,>10 DE genes,on-target KD
1078,PSMG2,-0.017089985806152837,-0.0441911807123274,-0.15954713909683912,-0.1758224894861867,ENSG00000128789,Stim48hr,839.0,30,11,41,-12.237288726444714,True,125.70430492147004,True,>10 DE genes,on-target KD
1079,PTBP1,0.19279545826360858,0.1086419524632969,0.7389078852062042,0.6894825182072177,ENSG00000011304,Stim48hr,106.0,65,54,119,-7.224221684963065,True,93.32267672052608,False,>10 DE genes,on-target KD
1080,PTCD2,0.208369337014622,0.1876283191480597,0.8193576368204063,0.8021476039821102,ENSG00000049883,Stim48hr,189.0,330,370,700,-4.000264355868764,True,14.15979116519069,False,>10 DE genes,on-target KD
1081,PTDSS1,0.18320974355176542,0.1564395852113434,0.8864208416518725,0.8607979878812732,ENSG00000156471,Stim48hr,208.0,36,41,77,-15.447800620225784,True,171.90033776009477,False,>10 DE genes,on-target KD
1082,PTDSS2,0.07834253564424844,0.0572682669141762,0.7077627611780132,0.6120617802927409,ENSG00000174915,Stim48hr,220.0,25,35,60,-2.456768378269336,False,12.51355971272391,False,>10 DE genes,no on-target KD
1083,PTEN,0.21793794874846417,0.1884587616341504,0.8362847723617103,0.791311699255542,ENSG00000171862,Stim48hr,1741.0,239,224,463,-19.7673783750054,True,61.37350343161764,False,>10 DE genes,on-target KD
1084,PTMA,0.1128614093859599,0.064488422716995,0.769209304688996,0.7455107526466372,ENSG00000187514,Stim48hr,467.0,728,626,1354,0.0,False,,False,>10 DE genes,no on-target KD
1085,PTPA,0.17972848935503857,0.1559423733218932,0.773459012850452,0.7485200341011147,ENSG00000119383,Stim48hr,442.0,548,557,1105,-17.762235393631848,True,90.5309734982143,False,>10 DE genes,on-target KD
1086,PTPN1,0.004936742385049066,-0.2688886164558067,0.46425664572789177,0.0995658457885806,ENSG00000196396,Stim48hr,82.0,77,38,115,-4.902216359494704,True,152.1568842752361,False,>10 DE genes,on-target KD
1087,PTPN11,0.06433408963473893,0.044807161686419,0.43354956531478006,0.3477713696455741,ENSG00000179295,Stim48hr,1019.0,40,20,60,-28.305454569831305,True,104.78476093802186,False,>10 DE genes,on-target KD
1088,PTPN2,0.24267000022268745,0.0914942303196281,0.768687157607327,0.7597621099055711,ENSG00000175354,Stim48hr,222.0,167,204,371,-7.160429549599563,True,27.235722733370256,False,>10 DE genes,on-target KD
1089,PTPRC,0.44937545278256924,0.3075858016911271,0.8031098945220377,0.7975903900585314,ENSG00000081237,Stim48hr,301.0,1784,1442,3226,-15.66099797518209,True,180.63031664720577,False,>10 DE genes,on-target KD
1090,PUDP,-0.07410876066664923,-0.1198402108724851,0.7201220158148317,0.5636712236736715,ENSG00000130021,Stim48hr,239.0,15,24,39,-2.0116578536458207,True,2.1673884903866454,False,>10 DE genes,on-target KD
1091,PUM1,0.18528730943664487,0.153563337862655,0.2571900809870959,0.1849029423103235,ENSG00000134644,Stim48hr,605.0,138,103,241,-19.41089493098673,True,70.44657385328205,False,>10 DE genes,on-target KD
1092,PXMP4,0.0766820787138736,0.0384204406661714,0.16946541805469986,-0.0584407624302086,ENSG00000101417,Stim48hr,505.0,90,25,115,-6.648098945338619,True,10.935600416965668,False,>10 DE genes,on-target KD
1093,PYGM,0.0528290183063976,0.0416382422597614,0.565214386320281,0.4884370344833272,ENSG00000068976,Stim48hr,456.0,140,44,184,-0.5289102584149825,False,1.1779774506673626,False,>10 DE genes,no on-target KD
1094,PYROXD1,0.19057656385524616,-0.0121344046730807,0.6758155018222854,0.4981087599511721,ENSG00000121350,Stim48hr,78.0,26,10,36,-5.388651897722577,True,54.895121765288046,False,>10 DE genes,on-target KD
1095,QRSL1,0.16677398274761,0.1626666810795856,0.8517686974049102,0.8215743388598733,ENSG00000130348,Stim48hr,439.0,126,143,269,-8.342910007525184,True,25.295805187019223,False,>10 DE genes,on-target KD
1096,R3HCC1L,0.12654685447966846,0.103928542349169,0.7096195984377166,0.6594244801864616,ENSG00000166024,Stim48hr,463.0,153,31,184,-12.282782578583424,True,29.543351665945625,False,>10 DE genes,on-target KD
1097,RAB11FIP1,-0.012824262223983267,-0.0235189597060719,0.22300307552002022,0.1242929546159871,ENSG00000156675,Stim48hr,961.0,176,42,218,-13.680135554476228,True,113.40545461670528,False,>10 DE genes,on-target KD
1098,RAB14,0.07110964689589717,0.060516770998807,0.9429726107884884,0.8907844916314563,ENSG00000119396,Stim48hr,585.0,19,22,41,-22.81902007889653,True,136.33426505224224,False,>10 DE genes,on-target KD
1099,RAB1A,0.09036191403800153,0.0560577854745621,0.6865229037924973,0.6586338562972107,ENSG00000138069,Stim48hr,189.0,53,26,79,-13.47706498110822,True,135.71973214386654,False,>10 DE genes,on-target KD
1100,RAB21,0.06334741893824224,0.0548132821868862,0.8515183099927683,0.7813869265311166,ENSG00000080371,Stim48hr,1059.0,68,60,128,-26.05901261925881,True,140.74301350081467,False,>10 DE genes,on-target KD
1101,RAB22A,0.0228208992658184,-0.0056456463848566,0.6234947728966466,0.5465075772020074,ENSG00000124209,Stim48hr,280.0,23,22,45,-3.546598995876948,True,34.69206405170767,False,>10 DE genes,on-target KD
1102,RAB27B,-0.023690471867736703,-0.0653550292750876,0.5317480053377418,0.4793938291148742,ENSG00000041353,Stim48hr,1127.0,25,32,57,-0.9217891285537748,True,2.730401560701892,False,>10 DE genes,on-target KD
1103,RAB2B,0.2286262281487199,0.2097343874858763,0.8528193339801692,0.8342719846399578,ENSG00000129472,Stim48hr,427.0,34,31,65,-11.882533817949394,True,43.82343283815962,False,>10 DE genes,on-target KD
1104,RABGEF1,0.011394686266036435,-0.0579968710553438,0.8586419823047932,0.8427630201990367,ENSG00000154710,Stim48hr,240.0,73,55,128,-9.221726145957732,True,42.44903176400469,False,>10 DE genes,on-target KD
1105,RAC2,0.196310976881216,0.1770033738649828,0.6881614048064949,0.5756696271025938,ENSG00000128340,Stim48hr,519.0,483,612,1095,-26.49498861436158,True,472.9401436082741,False,>10 DE genes,on-target KD
1106,RAD21,0.20228022884377803,0.1872967541910767,0.6840557570849866,0.4677301226115153,ENSG00000164754,Stim48hr,293.0,19,20,39,-7.937327382383772,True,246.61919736321653,False,>10 DE genes,on-target KD
1107,RAD23A,-0.024530647321242934,-0.0456139682069589,0.6469701822632459,0.582735967587973,ENSG00000179262,Stim48hr,1109.0,33,9,42,-36.52776826764476,True,202.7280493534321,True,>10 DE genes,on-target KD
1108,RAD50,0.12019958162005319,0.0810829164722673,0.5531486944313482,0.52346560719765,ENSG00000113522,Stim48hr,316.0,410,339,749,-7.089847163818664,True,159.68898469342705,True,>10 DE genes,on-target KD
1109,RAD51B,0.0777577523355895,0.022366364461373,0.8126951362190692,0.787747348642492,ENSG00000182185,Stim48hr,214.0,96,77,173,-9.962536249579342,True,59.90178791313882,False,>10 DE genes,on-target KD
1110,RAD51D,-0.0198844372615562,-0.0546785529997144,0.16095224211438322,-0.0306790752968744,ENSG00000185379,Stim48hr,69.0,39,5,44,-3.6799509953958607,True,33.54688992970481,False,>10 DE genes,on-target KD
1111,RAF1,0.021623373581640636,0.0067009408779257,0.4563822697411277,0.2631718055560121,ENSG00000132155,Stim48hr,1947.0,144,95,239,-0.3818665800629483,False,68.7557279869347,False,>10 DE genes,no on-target KD
1112,RANBP1,0.13057363722437657,0.1203887784629104,0.842888540778699,0.8107258755401796,ENSG00000099901,Stim48hr,404.0,35,44,79,0.0,False,,False,>10 DE genes,no on-target KD
1113,RANBP3,0.15062592967077426,0.0523871847053581,0.788130839285146,0.7724220131779265,ENSG00000031823,Stim48hr,225.0,65,19,84,-9.61026063533096,True,85.58957037835641,False,>10 DE genes,on-target KD
1114,RASA2,0.20349254256467889,0.1797178812391131,0.8359883886336911,0.8148319433985768,ENSG00000155903,Stim48hr,420.0,141,78,219,-14.172003303191955,True,67.6782116151252,False,>10 DE genes,on-target KD
1115,RASA3,0.18479579230153062,0.127473945910456,0.8747943205514158,0.8228058680848409,ENSG00000185989,Stim48hr,849.0,17,14,31,-11.935593034502364,True,50.00326388833096,False,>10 DE genes,on-target KD
1116,RASAL3,0.3054430717970231,0.2676910998141556,0.8189072655851706,0.7935659969774301,ENSG00000105122,Stim48hr,2856.0,510,476,986,-43.94507929928388,True,189.03493150773127,False,>10 DE genes,on-target KD
1117,RASGRP1,0.012076649104768099,-0.0310074092449605,0.4839497963732806,0.4532715081938983,ENSG00000172575,Stim48hr,485.0,250,59,309,-8.645335531978246,True,282.1554917527765,False,>10 DE genes,on-target KD
1118,RASL11A,0.16217832930660592,0.1517176478191694,0.8098100314101019,0.7868311437099198,ENSG00000122035,Stim48hr,338.0,77,39,116,0.0,False,,False,>10 DE genes,no on-target KD
1119,RAVER1,0.09231408198214115,0.0581506210596006,0.6949360663343526,0.6786688731744838,ENSG00000161847,Stim48hr,873.0,55,46,101,-32.090993461112475,True,149.8451450536178,True,>10 DE genes,on-target KD
1120,RB1CC1,0.04611689304964973,0.0341058161740865,0.5786997847256466,0.526216350038706,ENSG00000023287,Stim48hr,271.0,321,260,581,-9.303170156323482,True,40.8958173210977,False,>10 DE genes,on-target KD
1121,RBCK1,0.17692201315574527,0.1140862815454386,0.8339864454420604,0.8150933425152312,ENSG00000125826,Stim48hr,164.0,356,336,692,-5.755026317308081,True,22.39974598742444,False,>10 DE genes,on-target KD
1122,RBFA,0.1804896488381685,0.15165483461182,0.6162937257967603,0.5840226531180717,ENSG00000101546,Stim48hr,224.0,715,451,1166,-6.674862790083176,True,23.76592314499421,True,>10 DE genes,on-target KD
1123,RBM10,0.24399079347206665,0.2345056724964134,0.78667566143223,0.7778034558079003,ENSG00000182872,Stim48hr,436.0,690,815,1505,-19.13879379805505,True,102.14994115286298,True,>10 DE genes,on-target KD
1124,RBM12,0.1944137272063807,0.1726544892073271,0.8271220734458254,0.7683691006660324,ENSG00000244462,Stim48hr,539.0,208,172,380,-7.625441951739717,True,21.972270478255187,True,>10 DE genes,on-target KD
1125,RBM15,0.027405085980883398,0.0174721804119751,0.8468534342483706,0.8141614526972525,ENSG00000162775,Stim48hr,250.0,30,34,64,-9.513035542868575,True,126.8901605862458,False,>10 DE genes,on-target KD
1126,RBM18,0.13532304041994594,0.1132729314229424,0.7225603046255361,0.6425842677574267,ENSG00000119446,Stim48hr,199.0,167,216,383,-8.142744012282614,True,40.11736524972257,True,>10 DE genes,on-target KD
1127,RBM27,0.09993852059709844,0.0449710858298897,0.6436419193609568,0.437209494800746,ENSG00000091009,Stim48hr,114.0,129,41,170,-9.29403934103745,True,103.51191277980335,False,>10 DE genes,on-target KD
1128,RBM33,0.12418355615073896,0.0324400286571784,0.7309317761594211,0.6984799157284026,ENSG00000184863,Stim48hr,195.0,170,72,242,-11.319793940543944,True,155.2710982469442,False,>10 DE genes,on-target KD
1129,RBM5,0.1623054263628264,0.1559691084646399,0.8130872489081873,0.8046739415299066,ENSG00000003756,Stim48hr,482.0,127,180,307,-14.523061123163524,True,48.83212072209215,False,>10 DE genes,on-target KD
1130,RBPJ,0.11991652619849559,0.1043661924834868,0.8396455172039445,0.8152046243029798,ENSG00000168214,Stim48hr,704.0,84,36,120,-16.842388193604627,True,124.67799165350252,False,>10 DE genes,on-target KD
1131,RBPJL,0.019342389947207165,-0.0086917420885598,0.7713753956334409,0.7531896839666502,ENSG00000124232,Stim48hr,641.0,15,17,32,0.0,False,,False,>10 DE genes,no on-target KD
1132,RBSN,0.048785065930701865,0.0373283809293007,0.7412266578051856,0.7197717377975981,ENSG00000131381,Stim48hr,68.0,28,6,34,-0.0872602726959489,False,0.5360374683557141,False,>10 DE genes,no on-target KD
1133,RC3H1,0.19326337212066572,0.1716063827883331,0.7983145226246812,0.7796565341857884,ENSG00000135870,Stim48hr,757.0,186,155,341,-20.50128068659955,True,72.22905985635083,False,>10 DE genes,on-target KD
1134,RCC1L,0.17689399914269313,0.1119881586415341,0.8380061810072639,0.8300855553193671,ENSG00000274523,Stim48hr,539.0,528,639,1167,-14.399895931493624,True,54.00726559326738,False,>10 DE genes,on-target KD
1135,RCOR1,0.17540810339229385,0.148144251903135,0.8457484486433811,0.8396585161038881,ENSG00000089902,Stim48hr,1105.0,528,198,726,-17.3497696686842,True,34.54872626991721,False,>10 DE genes,on-target KD
1136,REEP3,0.17865615064084983,0.1723133278791589,0.8135274177378009,0.6843230746548641,ENSG00000165476,Stim48hr,445.0,8,23,31,-13.374145057305215,True,47.8701458622848,False,>10 DE genes,on-target KD
1137,RELA,0.002273094139680533,-0.0143276742177038,0.7871470938779992,0.7328953468553008,ENSG00000173039,Stim48hr,270.0,17,21,38,-6.414143241268497,True,34.973942892601414,False,>10 DE genes,on-target KD
1138,RELL2,0.10346166953437487,0.0819515523404988,0.7001272414654944,0.678977852906503,ENSG00000164620,Stim48hr,166.0,156,130,286,-3.94631255705911,False,11.731383072348748,True,>10 DE genes,putative off-target
1139,RELT,0.0562331725541494,-0.0031704351573981,0.6334917969470918,0.5458284497377862,ENSG00000054967,Stim48hr,1590.0,21,22,43,-15.492662895204598,True,20.396299338033263,False,>10 DE genes,on-target KD
1140,REST,0.13557546738073842,-0.0077533601878883,0.7751229598935226,0.6837190865182484,ENSG00000084093,Stim48hr,88.0,40,9,49,-6.968324442418115,True,74.80755695456912,False,>10 DE genes,on-target KD
1141,RFX1,0.15587770603095233,0.1488412334059156,0.5223043057466702,0.4997400164692435,ENSG00000132005,Stim48hr,513.0,154,11,165,-10.530355449659098,True,28.914403719920088,False,>10 DE genes,on-target KD
1142,RGPD6,0.052570655853769965,-0.0192204648607731,0.7905685980822063,0.730572846724851,ENSG00000183054,Stim48hr,162.0,41,30,71,0.0,False,,False,>10 DE genes,no on-target KD
1143,RHBDD3,0.12103886933400809,0.1075675502832048,0.854425045596237,0.834071303381837,ENSG00000100263,Stim48hr,421.0,118,44,162,-3.431869404947277,True,2.862562671308596,True,>10 DE genes,on-target KD
1144,RHBDF2,0.0369731608574086,0.0250482924209974,0.6674862561419682,0.6216278656920673,ENSG00000129667,Stim48hr,1094.0,34,18,52,-10.725739810343011,True,12.429964281954629,False,>10 DE genes,on-target KD
1145,RHEB,0.09385235058032597,0.0686611420400415,0.1587244413431833,0.0852006506260675,ENSG00000106615,Stim48hr,404.0,60,21,81,-11.428585859346096,True,57.21334303701784,False,>10 DE genes,on-target KD
1146,RHNO1,0.13352066056480724,0.1297568481647187,0.8563730576697407,0.8094991478829179,ENSG00000171792,Stim48hr,223.0,7,40,47,-10.118036666453673,True,52.28671464048057,True,>10 DE genes,on-target KD
1147,RHOF,0.12416789216745337,0.1149438253089153,0.7896052019582894,0.7124569383334328,ENSG00000139725,Stim48hr,401.0,169,121,290,-19.10956259690025,True,170.89367983595835,False,>10 DE genes,on-target KD
1148,RHOT1,-0.0284125767091673,-0.072520104450734,0.4260150377432219,0.1995724864142372,ENSG00000126858,Stim48hr,138.0,28,7,35,-4.552166575425143,True,68.97029523026912,False,>10 DE genes,on-target KD
1149,RIC8A,0.13740819240186494,0.1055162692056855,0.8769583519738,0.8492721178925406,ENSG00000177963,Stim48hr,725.0,40,45,85,-17.337658729014155,True,54.82419377542822,True,>10 DE genes,on-target KD
1150,RIC8B,0.15540834047794702,0.1447321460248754,0.884127770652115,0.8627495365483403,ENSG00000111785,Stim48hr,253.0,36,25,61,-5.966721529851624,True,15.250860175132928,False,>10 DE genes,on-target KD
1151,RICTOR,0.13312382452418747,0.115567056400711,0.8310681860667728,0.8026429447072322,ENSG00000164327,Stim48hr,529.0,194,75,269,-10.73779904750624,True,37.51641617312888,False,>10 DE genes,on-target KD
1152,RIDA,0.39770914255138723,0.391937949633358,0.7203105695073128,0.6983842966908037,ENSG00000132541,Stim48hr,89.0,324,230,554,-4.348786718852315,True,32.750892646246186,False,>10 DE genes,on-target KD
1153,RIPK1,0.12906893814028889,0.1049179796678645,0.8579789094091437,0.8361746420291993,ENSG00000137275,Stim48hr,392.0,33,49,82,-8.78667840174242,True,21.450016091370124,False,>10 DE genes,on-target KD
1154,RMDN3,0.13666935558773644,0.1176757883095771,0.8307679782095533,0.7691944123813953,ENSG00000137824,Stim48hr,453.0,31,52,83,-8.572146861939263,False,19.659122522224145,True,>10 DE genes,putative off-target
1155,RNASEH1,0.17017498012452048,0.0937290019372386,0.8196318237538799,0.8025649096963061,ENSG00000171865,Stim48hr,249.0,317,311,628,-10.123852263845702,True,80.69324317194774,False,>10 DE genes,on-target KD
1156,RNASEH2A,0.06272118384081177,0.0394302605367003,0.15889172270844817,-0.0182750785909987,ENSG00000104889,Stim48hr,75.0,67,35,102,-2.644083405403857,True,14.572980930940034,False,>10 DE genes,on-target KD
1157,RNASEK,0.06120036507523997,0.0398317024381683,0.48139639783387045,0.2642982933162751,ENSG00000219200,Stim48hr,83.0,25,11,36,-0.4748449528050363,False,107.67245450527868,False,>10 DE genes,no on-target KD
1158,RNF19B,0.1169062268914597,0.1072984677041343,0.6590037934368466,0.4440802803014525,ENSG00000116514,Stim48hr,612.0,108,16,124,-10.533443744675518,True,105.57275633984877,False,>10 DE genes,on-target KD
1159,RNF20,0.21450005870606734,0.2051232023344676,0.7538445400225244,0.7333277414029081,ENSG00000155827,Stim48hr,83.0,537,398,935,-4.780116827511398,True,32.71729215900253,False,>10 DE genes,on-target KD
1160,RNF41,0.1120784568099122,0.1047909379778859,0.860215547723239,0.7705031375644644,ENSG00000181852,Stim48hr,579.0,11,20,31,-12.258388496605638,True,51.63410598726061,True,>10 DE genes,on-target KD
1161,RNF7,0.18389968693044514,0.1691403283836429,0.16494388178131383,0.0661859306734947,ENSG00000114125,Stim48hr,99.0,51,11,62,-13.122217203428074,True,239.0814249967568,False,>10 DE genes,on-target KD
1162,RNF8,0.0228009862762976,-0.0189320785392052,0.637546155427029,0.6037637307188206,ENSG00000112130,Stim48hr,622.0,127,106,233,-14.021705636248386,True,47.19493040936635,False,>10 DE genes,on-target KD
1163,RNFT1,0.053246892628452336,0.0351198063008026,0.17769937976477335,0.0263856512406257,ENSG00000189050,Stim48hr,1698.0,85,25,110,-14.60386962412142,True,18.48184951816373,False,>10 DE genes,on-target KD
1164,RNFT2,0.19118313562361475,0.184192395755612,0.8224373199973399,0.8102333002699899,ENSG00000135119,Stim48hr,775.0,566,538,1104,-7.951538392036575,True,10.551003217086752,False,>10 DE genes,on-target KD
1165,ROBO3,0.018261956529176098,0.0019795174603087,0.7744140292433587,0.7051763748547197,ENSG00000154134,Stim48hr,542.0,19,46,65,-2.808248275691594,True,1.5607939184073647,False,>10 DE genes,on-target KD
1166,RP9,0.06370307697516087,0.0549329766294163,0.7914628236313616,0.7046885963128144,ENSG00000164610,Stim48hr,242.0,67,36,103,-5.357304330868653,True,12.392754761365314,False,>10 DE genes,on-target KD
1167,RPE,0.11363835018901837,0.0616686105581413,0.7219605384507933,0.6941226376316185,ENSG00000197713,Stim48hr,249.0,215,111,326,-7.441241442784459,True,32.53242054764823,False,>10 DE genes,on-target KD
1168,RPL29,0.04534174469451887,-0.0428752418741837,0.7414498637127817,0.6872111128533456,ENSG00000162244,Stim48hr,157.0,51,24,75,0.0,False,,False,>10 DE genes,no on-target KD
1169,RPL36A-HNRNPH2,0.17985210530226658,0.1687638964019761,0.7614631606703289,0.7044624375084723,ENSG00000257529,Stim48hr,173.0,315,302,617,0.0,False,,False,>10 DE genes,no on-target KD
1170,RPRD1B,0.2319748970368414,0.1069530462771123,0.5678484427402929,0.3352272315715101,ENSG00000101413,Stim48hr,85.0,87,39,126,-3.6127122957810784,True,32.600024120166246,True,>10 DE genes,on-target KD
1171,RPRD2,0.3320680079008657,0.2775690280528555,0.7118001362680758,0.6579209458170364,ENSG00000163125,Stim48hr,612.0,1649,1106,2755,-16.037433639147977,True,53.24346931283021,False,>10 DE genes,on-target KD
1172,RPS25,0.08502786504145747,0.0426067672743273,0.8546864549057963,0.8025619156754326,ENSG00000118181,Stim48hr,86.0,63,39,102,0.0,False,,False,>10 DE genes,no on-target KD
1173,RPS6KA1,0.24945594704559748,0.1667591947370395,0.664375936509614,0.5250632456976134,ENSG00000117676,Stim48hr,1688.0,829,772,1601,0.0,False,,False,>10 DE genes,no on-target KD
1174,RPS6KA3,0.12373269646598979,0.1144244629860382,0.956672486186387,0.9478948452059276,ENSG00000177189,Stim48hr,252.0,18,19,37,0.0,False,,False,>10 DE genes,no on-target KD
1175,RPTOR,0.05976154052825173,-0.0045458812425105,0.7145271378797314,0.6531657925134915,ENSG00000141564,Stim48hr,219.0,95,27,122,-3.213862188238025,False,48.22324679822389,False,>10 DE genes,no on-target KD
1176,RPUSD1,0.10918989798099327,0.0710798309498657,0.6318035818016092,0.5827120495079944,ENSG00000007376,Stim48hr,186.0,162,63,225,-3.464591822229314,True,8.03401425093852,True,>10 DE genes,on-target KD
1177,RPUSD3,0.15488533088587797,0.1458819392829767,0.80538394180597,0.7817141170798514,ENSG00000156990,Stim48hr,568.0,505,733,1238,-13.10590808706062,True,33.74513268003816,False,>10 DE genes,on-target KD
1178,RRAGA,0.3368540055261667,0.3271664406808146,0.8513382513371504,0.8424606568802318,ENSG00000155876,Stim48hr,268.0,931,801,1732,-8.137100313545927,True,41.535644623402334,False,>10 DE genes,on-target KD
1179,RRAGC,0.1716017772931483,0.1480486923394749,0.8210785323118448,0.8099568335475555,ENSG00000116954,Stim48hr,304.0,706,613,1319,-7.825055880751433,True,34.48182017323524,False,>10 DE genes,on-target KD
1180,RREB1,0.137804962173527,0.1298164330007378,0.9437546841265405,0.9306358202162094,ENSG00000124782,Stim48hr,854.0,16,19,35,-8.210373191580295,True,16.503465000044475,False,>10 DE genes,on-target KD
1181,RRM2B,0.23607634842969702,0.0784669742423413,0.3397314118916615,-0.0573362707801162,ENSG00000048392,Stim48hr,249.0,179,175,354,-4.998014472845488,True,34.115472265609185,False,>10 DE genes,on-target KD
1182,RSBN1L,0.0737556240641874,0.0141429409001174,0.8759178539996348,0.8329798320297872,ENSG00000187257,Stim48hr,1766.0,9,31,40,-23.42192380610981,True,43.60998369602675,False,>10 DE genes,on-target KD
1183,RTKN2,0.12601245334293085,0.0277000539176831,0.7553420949254034,0.5900757237447563,ENSG00000182010,Stim48hr,2308.0,25,19,44,-4.521405790310447,True,17.89460369839025,False,>10 DE genes,on-target KD
1184,RTN4IP1,-0.017614408762286534,-0.0347667434970861,0.5749251045802767,0.5199838470994713,ENSG00000130347,Stim48hr,1102.0,327,510,837,-8.783524345147988,True,14.582810662651198,True,>10 DE genes,on-target KD
1185,RTRAF,0.38141927534458375,0.3466517568778976,0.6585996801223925,0.6302903099901382,ENSG00000087302,Stim48hr,59.0,432,149,581,-5.40051926807139,True,195.08027108317336,False,>10 DE genes,on-target KD
1186,RUNX2,0.03861296814693923,0.0061107331960448,0.48189672530358796,0.3924946436845734,ENSG00000124813,Stim48hr,176.0,10,25,35,-5.266317617299553,True,75.10556332087258,False,>10 DE genes,on-target KD
1187,RXRB,0.09950087961171233,0.0875721889762388,0.7815809316269648,0.7522686873934351,ENSG00000204231,Stim48hr,470.0,239,183,422,-4.545801023073518,True,33.284699649098506,False,>10 DE genes,on-target KD
1188,RXRG,0.024723383516286324,-0.137519972558363,0.7083096531636723,0.6581777852021832,ENSG00000143171,Stim48hr,107.0,74,46,120,0.0,False,,False,>10 DE genes,no on-target KD
1189,SAMD1,0.31966532767291,0.3119683189794184,0.8411733583342791,0.8156694190484419,ENSG00000141858,Stim48hr,613.0,429,154,583,-17.41381139455067,True,88.11823592674259,False,>10 DE genes,on-target KD
1190,SAP130,0.10166722923065523,0.0739204835103874,0.6782279676362587,0.6471668708618807,ENSG00000136715,Stim48hr,668.0,312,261,573,-5.611344787954698,True,35.897789999001425,False,>10 DE genes,on-target KD
1191,SAP30,0.16901511161113222,0.1392697709177262,0.819140798145168,0.76721951807206,ENSG00000164105,Stim48hr,461.0,93,60,153,-20.326289587130184,True,115.19320692095218,False,>10 DE genes,on-target KD
1192,SARNP,0.06343717236332323,0.038215340697304,0.5555101833170094,0.4239520968676052,ENSG00000205323,Stim48hr,1397.0,32,31,63,-14.742840460221704,True,85.95461709325843,True,>10 DE genes,on-target KD
1193,SARS2,0.10592980454322966,0.0769029767055894,0.6534313326985344,0.5982937390531986,ENSG00000104835,Stim48hr,301.0,52,46,98,-3.7186134988500656,True,11.138366228680423,False,>10 DE genes,on-target KD
1194,SBDS,0.19353009186958067,0.1783521364381617,0.6702855620544089,0.5491691735009496,ENSG00000126524,Stim48hr,304.0,54,24,78,-6.08469380609448,True,28.838578884717723,False,>10 DE genes,on-target KD
1195,SCAF4,0.2644101411132847,0.2392783295136192,0.7889698668640298,0.7272836463677629,ENSG00000156304,Stim48hr,377.0,394,206,600,-15.050954738158737,True,69.9565158598089,False,>10 DE genes,on-target KD
1196,SCAF8,0.0440608481797241,-0.0088358157875605,0.8337709447800207,0.7580153764584997,ENSG00000213079,Stim48hr,336.0,54,65,119,-12.159024173956578,True,45.597340029069215,False,>10 DE genes,on-target KD
1197,SCAP,0.09551518100122892,0.0522388393011908,0.7984454949670239,0.7571699983545589,ENSG00000114650,Stim48hr,176.0,135,99,234,-6.083295285913489,True,24.84065882080723,False,>10 DE genes,on-target KD
1198,SCAPER,0.10009380004812184,0.0717399456013145,0.5805578598639863,0.4107841863017722,ENSG00000140386,Stim48hr,866.0,20,17,37,-10.269440645258362,True,14.549567762400503,False,>10 DE genes,on-target KD
1199,SCD,0.0918378405604429,0.0733201745793187,0.7970480916506109,0.7646734863228158,ENSG00000099194,Stim48hr,255.0,95,41,136,-21.64940577379461,True,636.7903043831642,False,>10 DE genes,on-target KD
1200,SCO1,0.21790204507304112,0.0750155804777089,0.7386334319292827,0.6754932969331658,ENSG00000133028,Stim48hr,229.0,685,534,1219,-2.9564535014829434,False,7.39838194873548,True,>10 DE genes,putative off-target
1201,SCO2,0.11443421063639685,0.1053556830488251,0.8124966939160524,0.8001230368580677,ENSG00000284194,Stim48hr,600.0,117,83,200,-6.85879033176327,False,11.729983096890798,True,>10 DE genes,putative off-target
1202,SCRT2,0.03379434429996287,0.0272461366691813,0.6390630782247785,0.5828527948969424,ENSG00000215397,Stim48hr,983.0,46,13,59,0.0,False,,False,>10 DE genes,no on-target KD
1203,SCYL3,0.1362937078795155,0.0739857841196142,0.6788488686427007,0.6337967027433222,ENSG00000000457,Stim48hr,299.0,620,262,882,-6.076187458908701,True,22.016400786417503,False,>10 DE genes,on-target KD
1204,SEC14L1,0.13697454915537535,0.1315733911064042,0.7215201161571376,0.6633820449183061,ENSG00000129657,Stim48hr,152.0,153,65,218,-1.2087909810428694,False,107.34006476251092,False,>10 DE genes,no on-target KD
1205,SEC14L2,0.07878505866392384,0.0507450909631625,0.4849404891033408,0.4653343973034684,ENSG00000100003,Stim48hr,604.0,53,49,102,-6.56347890214773,True,10.979366854611092,False,>10 DE genes,on-target KD
1206,SEC14L5,0.026342518420291564,0.0035006859120631,0.23651413823911935,-0.0424113788008463,ENSG00000103184,Stim48hr,1105.0,17,14,31,0.0,False,,False,>10 DE genes,no on-target KD
1207,SEC24A,0.15106048354234194,0.1250733157443339,0.8503937315904091,0.7974036436721099,ENSG00000113615,Stim48hr,203.0,35,29,64,-5.110213897206196,True,118.97423428584284,False,>10 DE genes,on-target KD
1208,SEC31A,-0.0032759585088793,-0.060647173930694,0.8742125008071029,0.856912214923877,ENSG00000138674,Stim48hr,509.0,39,21,60,-18.450876214170982,True,123.0338380955654,False,>10 DE genes,on-target KD
1209,SEC63,0.19746224243551525,0.174627828039744,0.7980081837261762,0.7809193324305435,ENSG00000025796,Stim48hr,550.0,399,248,647,-13.48839681913968,True,65.73277883567911,False,>10 DE genes,on-target KD
1210,SEL1L,0.1200552308897051,0.0839939824157693,0.8153647128664248,0.7578798905718104,ENSG00000071537,Stim48hr,92.0,210,69,279,-7.30777488902969,True,68.3906601702416,False,>10 DE genes,on-target KD
1211,SENP1,0.21901480732000103,0.1857572152459935,0.8727359860846503,0.8592238715916236,ENSG00000079387,Stim48hr,840.0,168,199,367,-22.13345260600133,True,79.32753206872525,True,>10 DE genes,on-target KD
1212,SENP5,0.45010901390866526,0.3832023195758192,0.805476849925936,0.7837796379206484,ENSG00000119231,Stim48hr,2184.0,1839,959,2798,-32.91260145603273,True,58.16790852139976,False,>10 DE genes,on-target KD
1213,SEPSECS,0.24100614207571758,0.221447583506476,0.8365319921233102,0.8123913178338815,ENSG00000109618,Stim48hr,52.0,17,19,36,-3.634025125906166,True,33.03771266266946,False,>10 DE genes,on-target KD
1214,SERF2,0.05056326909709571,0.0400823225553705,0.84729786136735,0.80066316475575,ENSG00000140264,Stim48hr,491.0,16,21,37,-14.320463165442666,True,50.29001612489179,False,>10 DE genes,on-target KD
1215,SERGEF,0.06635253402574677,0.0414168217637274,0.7684041557584128,0.716658345403587,ENSG00000129158,Stim48hr,1196.0,45,45,90,-16.435499995052687,True,26.05931252419421,False,>10 DE genes,on-target KD
1216,SET,0.09941220672055266,0.0637608126879966,0.7774897134492674,0.7501247537855744,ENSG00000119335,Stim48hr,278.0,48,44,92,-8.503788400998971,True,84.02504455760868,False,>10 DE genes,on-target KD
1217,SETD1B,0.09898371127661083,0.0839667533377223,0.8895383007622734,0.8659818494832628,ENSG00000139718,Stim48hr,182.0,32,53,85,-7.997826375962767,True,39.43028895310555,False,>10 DE genes,on-target KD
1218,SETD2,0.18808144308800692,0.1635446466651783,0.7499115088902979,0.7396267574532889,ENSG00000181555,Stim48hr,293.0,438,275,713,0.0,False,,False,>10 DE genes,no on-target KD
1219,SETD7,-0.008572970232119266,-0.0467615818866999,0.6027404953927803,0.4983022286989851,ENSG00000145391,Stim48hr,221.0,46,23,69,-6.5048488442132975,True,18.26090095597572,False,>10 DE genes,on-target KD
1220,SETDB1,0.5487158095010224,0.5222837143708458,0.8680593184345401,0.8466215502566651,ENSG00000143379,Stim48hr,3930.0,850,334,1184,-31.365827208693588,True,41.02023852977887,False,>10 DE genes,on-target KD
1221,SFXN1,0.0798064191615962,0.0621586685186073,0.6455539285244632,0.6131515781399491,ENSG00000164466,Stim48hr,728.0,432,281,713,-49.10350825360732,True,722.3525635160219,False,>10 DE genes,on-target KD
1222,SGF29,0.5178090110201525,0.4764140035104507,0.8499779996754208,0.8187470864893297,ENSG00000176476,Stim48hr,993.0,3242,1627,4869,-10.869262510845196,True,13.97592437210439,False,>10 DE genes,on-target KD
1223,SH3GL1,0.3310632480771236,0.263133662779163,0.7850969190917705,0.7548923987662026,ENSG00000141985,Stim48hr,122.0,98,73,171,-2.5255934869437,True,27.94074631594672,False,>10 DE genes,on-target KD
1224,SHC1,0.059529965711208,0.0443626800964263,0.8301726004221207,0.7490346905350481,ENSG00000160691,Stim48hr,506.0,11,22,33,-6.3659700836654585,True,52.74812306921526,True,>10 DE genes,on-target KD
1225,SHLD1,0.3594498900739775,0.3544555869876604,0.8630321856378426,0.8401407862356948,ENSG00000171984,Stim48hr,2354.0,274,110,384,-18.515640765297626,True,19.07911445200753,False,>10 DE genes,on-target KD
1226,SHMT2,0.06851045298215017,0.0308024614843209,0.34802087479041166,0.3124015706789653,ENSG00000182199,Stim48hr,521.0,137,51,188,-16.912900120753143,True,88.89506233876432,False,>10 DE genes,on-target KD
1227,SHOC2,0.2122191629422546,0.2003527681367936,0.8136440092992857,0.7627726997224766,ENSG00000108061,Stim48hr,676.0,392,272,664,-19.563643411062245,True,74.31413470280589,True,>10 DE genes,on-target KD
1228,SHQ1,0.18930134011626876,0.0974176600821604,0.3881573352594569,0.3599400958676436,ENSG00000144736,Stim48hr,85.0,39,7,46,-0.3990193454844551,False,13.762587700192954,False,>10 DE genes,no on-target KD
1229,SIAH2,-0.0017838177447742998,-0.0105607531836091,-0.12069535007534664,-0.2275229700040371,ENSG00000181788,Stim48hr,512.0,65,4,69,-13.372425350669143,True,113.6951463054985,False,>10 DE genes,on-target KD
1230,SIK3,0.3128633156880871,0.2919306287968229,0.7804090766871113,0.7543385272864271,ENSG00000160584,Stim48hr,324.0,984,826,1810,-6.269396254250628,True,18.973489009669,False,>10 DE genes,on-target KD
1231,SIN3B,0.2642319178766439,0.2531289037219886,0.7797372172801708,0.7701803691690942,ENSG00000127511,Stim48hr,696.0,929,685,1614,-12.31814441387797,True,27.17006208725923,False,>10 DE genes,on-target KD
1232,SINHCAF,0.1209292602996808,0.0857965771698331,0.729261287003743,0.667987000274549,ENSG00000139146,Stim48hr,555.0,280,131,411,-7.972773901274397,True,34.77643084461048,False,>10 DE genes,on-target KD
1233,SKA2,0.030403769906596167,-0.0347119673845328,0.7309709805827308,0.7200819665289889,ENSG00000182628,Stim48hr,547.0,48,30,78,-9.476298897534704,True,20.57648264593964,False,>10 DE genes,on-target KD
1234,SKA3,0.13106900285926518,0.096877580784243,0.7816578652474054,0.7255021193560796,ENSG00000165480,Stim48hr,136.0,66,44,110,-6.193866328397313,True,51.68724065153746,False,>10 DE genes,on-target KD
1235,SLC16A1,0.18231433914793627,0.1504859355691466,0.77678110158893,0.7298985287074525,ENSG00000155380,Stim48hr,314.0,166,221,387,-16.362101372237944,True,140.37799936070573,False,>10 DE genes,on-target KD
1236,SLC24A1,0.1900123567446811,0.1678524030279418,0.7452752111337752,0.7235607787704057,ENSG00000074621,Stim48hr,571.0,1189,727,1916,0.0,False,,False,>10 DE genes,no on-target KD
1237,SLC25A1,0.13705633788583368,0.1079088659594363,0.820787511161237,0.7717180532769045,ENSG00000100075,Stim48hr,521.0,228,149,377,-15.204495213075706,True,73.69171954201775,False,>10 DE genes,on-target KD
1238,SLC25A10,0.11752499055779574,0.0871814267859044,0.8488676668207725,0.8240393310736079,ENSG00000183048,Stim48hr,144.0,187,128,315,-2.0762388586057874,False,18.813051653085434,False,>10 DE genes,no on-target KD
1239,SLC25A22,0.09177156142963139,-0.0139299219840112,0.7238060543679389,0.7174829341521423,ENSG00000177542,Stim48hr,109.0,51,16,67,-2.695261930630697,True,14.977347848890531,False,>10 DE genes,on-target KD
1240,SLC25A26,0.07617650456877904,0.0599202192100156,0.15682232778046493,-0.0128067076756632,ENSG00000144741,Stim48hr,424.0,141,62,203,-6.392634679698242,True,35.93950824565566,False,>10 DE genes,on-target KD
1241,SLC25A27,0.05426351654281647,0.0134707625474565,0.5847814242572134,0.4774901937775905,ENSG00000153291,Stim48hr,989.0,68,72,140,0.0,False,,False,>10 DE genes,no on-target KD
1242,SLC25A28,0.09401607125083321,0.0557563360099373,0.8259223305364505,0.767028922639213,ENSG00000155287,Stim48hr,274.0,67,75,142,-8.573428623245434,True,35.27057639888921,False,>10 DE genes,on-target KD
1243,SLC25A32,0.0658594984735786,0.0388937750400835,0.4423572704420746,0.3349824780942024,ENSG00000164933,Stim48hr,240.0,60,16,76,-7.633373454260275,True,58.846862103623415,False,>10 DE genes,on-target KD
1244,SLC25A51,0.10445839628484214,0.077751379480458,0.8773319230863706,0.8473401297989956,ENSG00000122696,Stim48hr,626.0,36,67,103,-11.305298991030185,True,23.45815003225334,False,>10 DE genes,on-target KD
1245,SLC31A1,0.061675226649547436,0.051181650875511,0.03315064360453657,-0.0242195204619713,ENSG00000136868,Stim48hr,191.0,183,57,240,-7.2476552968861565,True,57.12678918615075,True,>10 DE genes,on-target KD
1246,SLC35B1,0.3223594829899504,0.2326274577539576,0.8054444054590615,0.7369559967120285,ENSG00000121073,Stim48hr,104.0,90,18,108,-6.006639119133277,True,89.87431659799165,False,>10 DE genes,on-target KD
1247,SLC35E2B,0.09041292343405412,0.0642890343584961,0.7496486035875783,0.6951957120413352,ENSG00000189339,Stim48hr,358.0,10,34,44,0.0,False,,False,>10 DE genes,no on-target KD
1248,SLC39A6,0.03391485880191263,0.002499266517517,0.8468886819557015,0.8058814201837905,ENSG00000141424,Stim48hr,1264.0,30,33,63,-20.385493683021497,True,55.80991728963653,True,>10 DE genes,on-target KD
1249,SLC3A2,0.095463137785658,0.0870711875145038,0.6504761894669907,0.5990074275131185,ENSG00000168003,Stim48hr,1336.0,47,5,52,-6.087162829524916,True,263.3046636937478,False,>10 DE genes,on-target KD
1250,SLC4A7,0.010732314481831033,-0.0063128467024744,0.47317448138044443,0.356462470005622,ENSG00000033867,Stim48hr,1347.0,113,35,148,-27.577509963451565,True,107.9774801960373,False,>10 DE genes,on-target KD
1251,SLC5A3,0.11452448325436733,0.0744186920642857,0.8089835700033264,0.7949639077246089,ENSG00000198743,Stim48hr,212.0,79,91,170,-6.256689091161304,True,97.15027742715542,False,>10 DE genes,on-target KD
1252,SLC5A6,0.007751725735571333,-0.0009792358023677,-0.3818349498645352,-0.5242641792997282,ENSG00000138074,Stim48hr,481.0,33,1,34,-2.5432045682808786,False,29.125063650494408,True,>10 DE genes,putative off-target
1253,SLC9A5,0.142567928725695,0.1263406607273351,0.7686341683104385,0.7318376788476835,ENSG00000135740,Stim48hr,424.0,126,81,207,-2.6558030522919496,False,2.626200000775663,True,>10 DE genes,putative off-target
1254,SLC9A6,0.0754447435655189,0.0568069020454933,0.7055656270596327,0.6369680638606124,ENSG00000198689,Stim48hr,762.0,41,21,62,-13.415242961388286,True,30.000315457097606,False,>10 DE genes,on-target KD
1255,SLTM,0.13770435517440327,0.1253186402576039,0.7713069901960665,0.7385868510673201,ENSG00000137776,Stim48hr,563.0,204,139,343,-17.618235618493017,True,151.8171260510054,False,>10 DE genes,on-target KD
1256,SMAD3,0.0031285467903758002,-0.0241711544364637,0.19756064282796623,0.088656831303502,ENSG00000166949,Stim48hr,1511.0,281,120,401,1.996823284493032,False,80.9060839465861,False,>10 DE genes,no on-target KD
1257,SMAD4,0.14654061842210378,0.1290883647638367,0.8856772347949396,0.8382546485856149,ENSG00000141646,Stim48hr,540.0,48,26,74,-16.24972528412738,True,54.68981610145571,False,>10 DE genes,on-target KD
1258,SMARCA4,0.11946486157291054,0.0620691508418293,0.7259871045022513,0.6831413320193511,ENSG00000127616,Stim48hr,222.0,127,174,301,-13.701886698377317,True,115.56668557786034,False,>10 DE genes,on-target KD
1259,SMARCA5,0.13604849020179746,0.0894071411061875,0.6843546295285567,0.6436804526307773,ENSG00000153147,Stim48hr,72.0,102,34,136,-8.634716467121198,True,207.8849109497472,False,>10 DE genes,on-target KD
1260,SMARCB1,0.3207636946173864,0.2989818361895872,0.7603381005463717,0.7460277158254874,ENSG00000099956,Stim48hr,178.0,565,472,1037,-9.545705876056294,True,141.99358653728518,False,>10 DE genes,on-target KD
1261,SMARCC1,0.19209154506088266,0.1479737877839868,0.6713601473764332,0.5675130651061697,ENSG00000173473,Stim48hr,195.0,84,117,201,-13.637394044750708,True,104.26247287308728,False,>10 DE genes,on-target KD
1262,SMARCD1,0.10335363146414987,0.0704457195666347,0.8506394035801383,0.7961717196221313,ENSG00000066117,Stim48hr,223.0,41,43,84,-11.264238495192266,True,91.4635910008486,False,>10 DE genes,on-target KD
1263,SMARCE1,0.545628338002539,0.4576595562013441,0.8025875141496114,0.7845495570953712,ENSG00000073584,Stim48hr,106.0,942,644,1586,-8.942706580723454,True,99.60111707768942,False,>10 DE genes,on-target KD
1264,SMG1,0.12674024403900722,0.0878381694462962,0.4513029815768914,0.3061507643720395,ENSG00000157106,Stim48hr,412.0,1350,355,1705,-4.47884926532794,True,70.66612666142987,False,>10 DE genes,on-target KD
1265,SMG7,0.23117000848752245,0.2101255615828222,0.7547458536681391,0.7075790267138952,ENSG00000116698,Stim48hr,176.0,721,184,905,-4.490440371915524,True,15.061698014021935,False,>10 DE genes,on-target KD
1266,SMG8,0.09298299170205764,0.0748961229978914,0.8572330010732553,0.7758375901750405,ENSG00000167447,Stim48hr,996.0,417,228,645,-10.660493547874683,True,13.341583778720826,False,>10 DE genes,on-target KD
1267,SMG9,0.11855154241019138,0.1011587332784499,0.8124123227569146,0.7953454660816917,ENSG00000105771,Stim48hr,610.0,754,258,1012,-10.106620109064746,True,19.45236088564559,False,>10 DE genes,on-target KD
1268,SMIM7,0.11025682903216337,0.0734780921013886,0.6526335054252679,0.5930822326432815,ENSG00000214046,Stim48hr,298.0,69,63,132,-9.953645721387232,True,49.02801869452064,False,>10 DE genes,on-target KD
1269,SMPD1,0.09936184208469785,0.0607395379274289,0.7760063254006564,0.7588982561992818,ENSG00000166311,Stim48hr,646.0,29,45,74,-8.314233751566821,True,24.886161557267272,True,>10 DE genes,on-target KD
1270,SMS,0.16311728000549205,0.1588146216063733,0.842283302912428,0.7705116400766933,ENSG00000102172,Stim48hr,329.0,23,9,32,-26.76077167305443,True,309.3558193634845,False,>10 DE genes,on-target KD
1271,SNAP23,0.09638113094037166,0.0627454472726602,0.7476766828558677,0.6901248194635493,ENSG00000092531,Stim48hr,323.0,134,54,188,-11.607741905132704,True,50.77473905119689,False,>10 DE genes,on-target KD
1272,SND1,0.06991913907982607,0.0394205910022356,0.7204494235812433,0.6469407652194361,ENSG00000197157,Stim48hr,350.0,165,198,363,-22.551538041008904,True,180.32186978288647,False,>10 DE genes,on-target KD
1273,SNRPB2,0.05010723430862374,0.0142701793289772,0.6787822369861102,0.6056219760203124,ENSG00000125870,Stim48hr,361.0,28,20,48,-24.650250600287965,True,231.38334063453163,False,>10 DE genes,on-target KD
1274,SNU13,0.1286633955679668,0.1222815501633009,0.81549523147815,0.8124336469279656,ENSG00000100138,Stim48hr,179.0,74,108,182,-14.228333315125672,True,411.4456177701401,False,>10 DE genes,on-target KD
1275,SNUPN,0.06777200681567967,0.0177051774882919,0.5209876814439859,0.3846999802432015,ENSG00000169371,Stim48hr,81.0,85,46,131,-6.054351591556755,True,84.84323095048022,False,>10 DE genes,on-target KD
1276,SOCS3,0.023524511411546,-0.0820747467456258,0.6953650225772999,0.6018052522450802,ENSG00000184557,Stim48hr,73.0,25,10,35,-5.689776834564727,True,89.85762711676573,False,>10 DE genes,on-target KD
1277,SOCS4,0.10147216223680673,0.0390371743681329,0.7968181196998313,0.7555565190554177,ENSG00000180008,Stim48hr,166.0,199,100,299,-6.459508112021684,True,36.070601461628655,True,>10 DE genes,on-target KD
1278,SP1,0.21007306074133061,0.2023800921479024,0.796376276044085,0.7503941694406527,ENSG00000185591,Stim48hr,505.0,256,151,407,-19.07873932191358,True,82.4459121613859,False,>10 DE genes,on-target KD
1279,SP100,0.15545898200016658,0.1331490949880444,0.8488929725789865,0.806417135599824,ENSG00000067066,Stim48hr,844.0,46,80,126,-20.61939002945204,True,84.75545009704939,False,>10 DE genes,on-target KD
1280,SP2,0.20647199596906338,0.1768208281466418,0.8263619342262946,0.787170858904209,ENSG00000167182,Stim48hr,439.0,470,551,1021,-12.232869596456242,True,46.935462209386216,False,>10 DE genes,on-target KD
1281,SP3,0.16563170062110735,0.1472008100290963,0.7037608174126325,0.6467181597395436,ENSG00000172845,Stim48hr,781.0,30,83,113,-18.271309045053133,True,170.968078896314,False,>10 DE genes,on-target KD
1282,SPHK1,0.0583335826310545,0.0029795290471417,0.3966493412870693,0.3028581215064665,ENSG00000176170,Stim48hr,137.0,64,52,116,-2.9442626827610776,False,6.584285931564546,False,>10 DE genes,no on-target KD
1283,SPTLC2,0.0887706517247393,0.0128707581760193,0.6778203135682753,0.6478802691716038,ENSG00000100596,Stim48hr,120.0,157,75,232,-6.257573941538049,True,39.19147222203189,False,>10 DE genes,on-target KD
1284,SPTSSA,0.0850900631009786,0.0609280073461483,0.7534309969200642,0.7256962100391875,ENSG00000165389,Stim48hr,110.0,172,78,250,-9.691076861719814,True,93.80338404565508,False,>10 DE genes,on-target KD
1285,SRA1,0.07822373420689731,0.029914318689476,0.6104177589707643,0.4722296529338453,ENSG00000213523,Stim48hr,55.0,59,28,87,-8.130839516289688,True,144.5570839313938,False,>10 DE genes,on-target KD
1286,SREBF1,0.11985239828136862,0.0957786103978202,0.8692554185258715,0.8353614687365549,ENSG00000072310,Stim48hr,65.0,39,34,73,-4.130000059144474,True,79.7382051259151,False,>10 DE genes,on-target KD
1287,SREBF2,0.12930769057888938,0.1220110204666917,0.8367806225539973,0.8165776666017747,ENSG00000198911,Stim48hr,338.0,35,58,93,-18.45008662170208,True,142.46109944619556,False,>10 DE genes,on-target KD
1288,SRR,0.10964926884706307,0.0776076336116861,0.7780877694729629,0.7710715034217108,ENSG00000167720,Stim48hr,273.0,194,84,278,-4.888937315519318,True,13.169898143435526,False,>10 DE genes,on-target KD
1289,SRRD,0.10216388494756194,0.0667981632886552,0.8004405833298311,0.745447568803555,ENSG00000100104,Stim48hr,484.0,111,90,201,-10.021793907060347,True,33.51798395115007,True,>10 DE genes,on-target KD
1290,SRRM1,0.0495954709316947,0.0169353280439368,-0.34744922817316626,-0.4176540567394732,ENSG00000133226,Stim48hr,112.0,44,3,47,-2.0382484970713337,False,192.02659261023703,False,>10 DE genes,no on-target KD
1291,SRSF10,0.20021951026835136,0.1814990522048178,0.7743807147555493,0.7096574076615303,ENSG00000188529,Stim48hr,249.0,485,339,824,-8.55470028797118,True,31.16948190999427,False,>10 DE genes,on-target KD
1292,SRSF11,0.1148859362850797,0.1113012651628455,0.7156660488438433,0.6767594254955541,ENSG00000116754,Stim48hr,531.0,51,37,88,-5.291842991119749,True,25.528413987294005,False,>10 DE genes,on-target KD
1293,SRSF6,0.037872411778211636,0.0262400153450688,0.8352315783358176,0.7727790633575868,ENSG00000124193,Stim48hr,726.0,66,33,99,-2.519913821428381,True,2.380850782569576,False,>10 DE genes,on-target KD
1294,SS18L1,0.0863018578481785,0.0541157499520123,0.3394813462178914,-0.1045629850406836,ENSG00000184402,Stim48hr,60.0,32,2,34,-2.424292577456196,False,11.275115613535146,False,>10 DE genes,no on-target KD
1295,SS18L2,0.11280853033903833,0.1030739446356498,0.68980204562406,0.6684401662361478,ENSG00000008324,Stim48hr,280.0,312,120,432,-9.999955183444602,True,41.66477787403984,False,>10 DE genes,on-target KD
1296,SSB,0.22481708751121263,0.1609645674459519,0.6920955481510678,0.6542103718899547,ENSG00000138385,Stim48hr,70.0,185,41,226,0.0,False,,False,>10 DE genes,no on-target KD
1297,SSBP1,0.286509369542652,0.2332924445811167,0.742983868635307,0.7274844417103498,ENSG00000106028,Stim48hr,205.0,827,536,1363,-1.8461207210547343,False,4.39559435316366,False,>10 DE genes,no on-target KD
1298,SSR1,0.0464877292808451,0.0415328201936308,0.8567968110597107,0.8347936689882746,ENSG00000124783,Stim48hr,394.0,26,15,41,-15.589947496466952,True,65.23727465588992,False,>10 DE genes,on-target KD
1299,SSR2,0.0889650350028109,0.0730393857913655,0.6812349685922516,0.560125717770116,ENSG00000163479,Stim48hr,535.0,41,31,72,-35.070263792385816,True,309.50313731260405,False,>10 DE genes,on-target KD
1300,SSR3,0.09157746383142706,0.0854199493702201,0.9882313554148435,0.9832489894897566,ENSG00000114850,Stim48hr,1064.0,10,21,31,-37.84414893356635,True,331.45903583101165,False,>10 DE genes,on-target KD
1301,ST7L,0.1673399345163935,0.1519801517630698,0.6632480677044668,0.631891490967995,ENSG00000007341,Stim48hr,239.0,88,32,120,-3.4158007492990228,False,6.000241208165389,True,>10 DE genes,putative off-target
1302,ST8SIA1,0.06927385576190863,0.038285223010923,0.7125530852329863,0.6675704769932189,ENSG00000111728,Stim48hr,458.0,56,22,78,0.0,False,,False,>10 DE genes,no on-target KD
1303,STAG2,0.12337995460320983,0.1020330375738888,0.8079712779332896,0.7552457265518125,ENSG00000101972,Stim48hr,494.0,89,98,187,-16.503439230034743,True,186.2696189173175,False,>10 DE genes,on-target KD
1304,STARD10,0.0943995947802928,0.0525405698284626,0.30632693690486873,0.1822175592561617,ENSG00000214530,Stim48hr,189.0,47,19,66,-4.329930604843166,True,22.709773354676308,False,>10 DE genes,on-target KD
1305,STARD7,0.14061911351253095,0.1228544229399005,0.6805739222880763,0.607451111517504,ENSG00000084090,Stim48hr,401.0,75,74,149,-7.60298291675474,True,19.58159522231928,False,>10 DE genes,on-target KD
1306,STAT3,0.3644745464585224,0.3166599510942602,0.805107936440649,0.7833109846986264,ENSG00000168610,Stim48hr,241.0,988,605,1593,-14.569750579234713,True,180.2273698403412,False,>10 DE genes,on-target KD
1307,STAT5A,0.21632419966305413,0.2082068032673881,0.795483894435476,0.7657690597549971,ENSG00000126561,Stim48hr,479.0,151,110,261,-11.875015398301178,True,38.30284942687348,False,>10 DE genes,on-target KD
1308,STAT5B,0.2118870226652595,0.1014941094352076,0.6981705517205716,0.6942855294571998,ENSG00000173757,Stim48hr,107.0,644,416,1060,-8.918683919969254,True,141.718658934092,False,>10 DE genes,on-target KD
1309,STAT6,0.28399664145449227,0.2485411273434739,0.8067133595503574,0.7645391604991943,ENSG00000166888,Stim48hr,779.0,582,546,1128,-13.180099597182386,True,32.87664919402126,False,>10 DE genes,on-target KD
1310,STIP1,0.278613794158965,0.2648129563201773,0.8087270816512396,0.7826403948276177,ENSG00000168439,Stim48hr,616.0,828,618,1446,-18.10570482241809,True,62.52192274240971,False,>10 DE genes,on-target KD
1311,STK11,0.2516289401748682,0.2370292111375618,0.7689863870675923,0.7295685118731691,ENSG00000118046,Stim48hr,197.0,313,92,405,-7.939233050606053,True,78.40900417679491,False,>10 DE genes,on-target KD
1312,STK35,0.10013742839104002,0.0591636930766506,0.8626977140744754,0.7392919606798822,ENSG00000125834,Stim48hr,818.0,16,21,37,-11.995992577245492,True,19.367035679492485,False,>10 DE genes,on-target KD
1313,STK40,0.11949052289458068,0.0884680918402065,0.6940984851421573,0.6710007488946683,ENSG00000196182,Stim48hr,149.0,99,67,166,-9.56435799516066,True,95.13192483208591,False,>10 DE genes,on-target KD
1314,STOML1,0.12864508726758325,0.064653760455323,0.8295601532039676,0.7813997972955016,ENSG00000067221,Stim48hr,474.0,18,16,34,-2.465911585912482,False,1.9384702932966984,True,>10 DE genes,putative off-target
1315,STRAP,0.16983821997642554,0.0892415937370798,0.7413907420052084,0.7007412343991575,ENSG00000023734,Stim48hr,170.0,559,291,850,-14.150744313024008,True,162.471150396524,False,>10 DE genes,on-target KD
1316,STX16,0.08617900196767193,0.0540545235439806,0.43285665165009485,0.2904106793050066,ENSG00000124222,Stim48hr,806.0,448,74,522,-34.45971075850095,True,199.46179234106123,False,>10 DE genes,on-target KD
1317,STXBP4,0.3129008251202339,0.2920244198198441,0.7738639022894122,0.7186218693153449,ENSG00000166263,Stim48hr,84.0,616,416,1032,-2.201174255067488,False,8.697801170071086,True,>10 DE genes,putative off-target
1318,STYXL1,0.15668300220172526,0.131852010971289,0.7897712351822047,0.7733639142275287,ENSG00000127952,Stim48hr,753.0,309,275,584,-12.255235278765388,True,27.140886935579022,True,>10 DE genes,on-target KD
1319,SUCLG1,0.11244957251824017,0.0986369247203108,0.8570417845422789,0.8330110470556474,ENSG00000163541,Stim48hr,755.0,41,28,69,-27.784521663807578,True,121.79992059257098,False,>10 DE genes,on-target KD
1320,SUMO3,-0.060731949484581466,-0.1117776641101467,0.42509746803574555,0.2950669954749756,ENSG00000184900,Stim48hr,312.0,24,14,38,-6.455532168372737,True,284.4863407800341,False,>10 DE genes,on-target KD
1321,SUPT20H,0.41539709675917164,0.368371762118064,0.8186694979707608,0.7629373899889366,ENSG00000102710,Stim48hr,731.0,2174,1138,3312,-20.173712607911632,True,70.58144745056767,False,>10 DE genes,on-target KD
1322,SUPT4H1,0.12514562362167403,0.0236187430543454,0.5019282869177293,0.1267407864100422,ENSG00000213246,Stim48hr,90.0,30,8,38,-1.6965148108408146,False,83.35441098417057,False,>10 DE genes,no on-target KD
1323,SUPT7L,0.33934905221339323,0.3269716305334277,0.7191095363437302,0.7128817849107004,ENSG00000119760,Stim48hr,2293.0,2575,1070,3645,-23.145369110136592,True,30.590275202129845,True,>10 DE genes,on-target KD
1324,SUPV3L1,0.18417788402884672,0.1650174275513759,0.39889991590447105,0.2293845746031056,ENSG00000156502,Stim48hr,175.0,60,6,66,-3.6087381924831865,True,70.79968128174936,False,>10 DE genes,on-target KD
1325,SYK,0.11843180792719803,0.0767180837915023,0.5956425071590448,0.5424483358022183,ENSG00000165025,Stim48hr,912.0,172,78,250,-0.4852956972624132,False,0.2781970779961804,False,>10 DE genes,no on-target KD
1326,SYNCRIP,0.07122963591856807,0.0503346673894324,0.7748183341478244,0.7137887214211674,ENSG00000135316,Stim48hr,648.0,16,39,55,-5.4270672357826,True,15.53804600347376,False,>10 DE genes,on-target KD
1327,SYVN1,0.05311094153896683,0.0168106788964586,0.767504840896824,0.7216724312003276,ENSG00000162298,Stim48hr,306.0,65,28,93,-3.35425413155344,True,17.805858484953877,False,>10 DE genes,on-target KD
1328,SZRD1,0.12398422882337597,0.0696691768836805,0.7831713802876513,0.7595972851711761,ENSG00000055070,Stim48hr,413.0,163,156,319,-17.65150077194884,True,151.81406048459493,False,>10 DE genes,on-target KD
1329,TADA1,0.4382418663357215,0.4084253147104514,0.8227712403569631,0.8073967523986099,ENSG00000152382,Stim48hr,372.0,2202,912,3114,-6.162167313403799,True,15.639952674468544,False,>10 DE genes,on-target KD
1330,TADA2A,0.14441145960588653,0.1266080922761696,0.49505510114457457,0.4340900815030873,ENSG00000276234,Stim48hr,300.0,144,137,281,-8.9448627189889,True,42.4959050353114,False,>10 DE genes,on-target KD
1331,TADA2B,0.6020636703499403,0.5399624657273296,0.8543155764503195,0.831070808843166,ENSG00000173011,Stim48hr,1178.0,3626,1634,5260,-17.33454831744466,True,31.26569550479424,False,>10 DE genes,on-target KD
1332,TADA3,0.04642818070511464,0.01112103375621,0.6256414816099948,0.5728650921231486,ENSG00000171148,Stim48hr,371.0,24,17,41,-11.332657546288988,True,97.33523145877386,True,>10 DE genes,on-target KD
1333,TAF11,0.2549608029105372,0.250472662927354,0.7668953387847517,0.7567333852615737,ENSG00000064995,Stim48hr,863.0,1012,732,1744,-17.978031153469182,True,63.77677584944893,True,>10 DE genes,on-target KD
1334,TAF13,0.28379200092114065,0.2431366608999595,0.8040545017651403,0.8009768566433653,ENSG00000197780,Stim48hr,282.0,1235,865,2100,-12.198901533750728,True,69.42807037888849,False,>10 DE genes,on-target KD
1335,TAF5L,0.15719748283016255,0.1402454756321473,0.7837156221907287,0.7674693327134762,ENSG00000135801,Stim48hr,161.0,172,65,237,-3.015126146116938,False,20.733954311316943,False,>10 DE genes,no on-target KD
1336,TAF6L,0.3589712174712379,0.3413958187140746,0.8043645879005252,0.7875831816569765,ENSG00000162227,Stim48hr,672.0,2404,1082,3486,-5.318725007044031,True,6.338136487184944,False,>10 DE genes,on-target KD
1337,TANK,0.10110082077303546,0.0881883694047391,0.4885430413570762,0.3952888755360885,ENSG00000136560,Stim48hr,356.0,13,20,33,-7.5646233520969774,True,165.5879896278046,False,>10 DE genes,on-target KD
1338,TARBP2,0.1171211023961079,0.0892595441695309,0.6056476915525685,0.5708337180226336,ENSG00000139546,Stim48hr,364.0,95,29,124,-5.586173427835229,True,14.916228023415918,True,>10 DE genes,on-target KD
1339,TARDBP,0.3616340898781673,0.1771769218938388,0.3343532273835274,0.2684213813814126,ENSG00000120948,Stim48hr,52.0,118,17,135,0.0,False,,False,>10 DE genes,no on-target KD
1340,TARS2,0.18880827345252849,0.1804669600544064,0.7655941052383288,0.7323862032800824,ENSG00000143374,Stim48hr,178.0,483,294,777,-5.5044884252040935,True,36.016787942195506,False,>10 DE genes,on-target KD
1341,TASP1,0.10701907546367806,0.0988481059605149,0.7954681010131269,0.7769409705728412,ENSG00000089123,Stim48hr,609.0,30,38,68,-7.010290655533674,True,9.4660330560168,False,>10 DE genes,on-target KD
1342,TATDN2,0.1025295676307682,0.0903769483006018,0.8873303759669486,0.8596751997077331,ENSG00000157014,Stim48hr,348.0,18,14,32,-14.301313504109762,True,67.48217001786776,False,>10 DE genes,on-target KD
1343,TBC1D9B,0.03652439847483343,-0.018302617892666,0.15981204894546122,-0.0041085857393847,ENSG00000197226,Stim48hr,1076.0,15,17,32,-24.317901651234145,True,134.76703928625255,False,>10 DE genes,on-target KD
1344,TBCA,0.08216579600882043,0.0633632911435611,0.7501564148814704,0.6992489498399509,ENSG00000171530,Stim48hr,103.0,167,119,286,0.0,False,,False,>10 DE genes,no on-target KD
1345,TBL1X,0.0841788454462832,0.0763160276877755,0.6148309470837322,0.5351213463736212,ENSG00000101849,Stim48hr,265.0,39,22,61,-3.3249345947547626,True,31.094037159492068,False,>10 DE genes,on-target KD
1346,TBL1XR1,0.2717298041148203,0.2646556611598627,0.8574749438005199,0.8362228244672886,ENSG00000177565,Stim48hr,712.0,225,202,427,-24.575320370135,True,173.66800220437466,False,>10 DE genes,on-target KD
1347,TBPL1,0.02173322879063977,-0.0168433476380737,0.8538165650574494,0.814679428079344,ENSG00000028839,Stim48hr,473.0,20,38,58,-14.655765885282028,True,44.085943509511104,False,>10 DE genes,on-target KD
1348,TBRG1,0.14160764251124366,0.100651720079946,0.6012891399386833,0.143821569639861,ENSG00000154144,Stim48hr,871.0,8,28,36,-11.376230011379482,True,16.13832003395649,False,>10 DE genes,on-target KD
1349,TBX21,0.22296549927795462,0.2021611230843778,0.8513105699056497,0.8426530704931263,ENSG00000073861,Stim48hr,382.0,250,153,403,-9.218963761500984,True,50.9284977443433,False,>10 DE genes,on-target KD
1350,TBX22,0.1554606298578172,0.133489101271213,0.8142973177485366,0.7971601181230583,ENSG00000122145,Stim48hr,478.0,214,313,527,0.0,False,,False,>10 DE genes,no on-target KD
1351,TCEAL2,0.06666265795549943,0.0420628781911791,0.3804096989598267,0.2167816490468643,ENSG00000184905,Stim48hr,782.0,17,14,31,0.0,False,,False,>10 DE genes,no on-target KD
1352,TCEAL3,0.039892279671203096,-0.0040910075722711,0.8360194799720441,0.8098833077381182,ENSG00000196507,Stim48hr,280.0,29,15,44,-0.2812651411491691,True,0.4121590377017896,False,>10 DE genes,on-target KD
1353,TCF21,0.03495172819505,-0.0124225689228333,-0.0886674083834255,-0.2324373680178476,ENSG00000118526,Stim48hr,624.0,29,2,31,0.0,False,,False,>10 DE genes,no on-target KD
1354,TEAD4,0.0740393518351623,0.0733950211900399,0.8668366978070311,0.8151319555292588,ENSG00000197905,Stim48hr,795.0,38,7,45,-4.654556334652664,True,5.248712140593297,False,>10 DE genes,on-target KD
1355,TEFM,0.1355617518445562,0.1155335355781533,0.8495530419224747,0.8057116120468821,ENSG00000172171,Stim48hr,259.0,48,40,88,-5.631956362635786,True,22.491505631782253,False,>10 DE genes,on-target KD
1356,TENT2,0.003411366221056067,-0.0389717950737066,0.3534921756407168,-0.3360166841881704,ENSG00000164329,Stim48hr,772.0,36,25,61,-21.881301654139804,True,104.47377161911164,False,>10 DE genes,on-target KD
1357,TENT5C,0.18531404288632633,0.177502888731797,0.8830007019201128,0.8355429337031783,ENSG00000183508,Stim48hr,409.0,56,10,66,-9.789318475628694,True,61.290948608127934,False,>10 DE genes,on-target KD
1358,TESK2,0.15588427462742713,0.0752410675230333,0.8620988423357562,0.843290983353992,ENSG00000070759,Stim48hr,1628.0,32,39,71,-6.707992716701207,True,5.0814161280057615,False,>10 DE genes,on-target KD
1359,TESPA1,0.1060919012429616,-0.0309742336736679,0.41588783292058773,0.1178737426828859,ENSG00000135426,Stim48hr,785.0,107,34,141,-15.606332419687927,True,49.472460489725854,False,>10 DE genes,on-target KD
1360,TET2,0.1042521284012183,0.0709971092398447,0.8844906441748123,0.8627667915911039,ENSG00000168769,Stim48hr,1143.0,11,45,56,-16.678659357802136,True,35.51296354377327,False,>10 DE genes,on-target KD
1361,TEX45,0.10785648386780271,0.0947473190098957,0.6216876405460603,0.5806358163583757,ENSG00000198723,Stim48hr,104.0,113,46,159,0.0,False,,False,>10 DE genes,no on-target KD
1362,TFAM,0.41755436342129953,0.400685631026313,0.8074432447205003,0.8017359273298703,ENSG00000108064,Stim48hr,414.0,1532,1429,2961,-13.697047653998643,True,79.95102883120853,False,>10 DE genes,on-target KD
1363,TFAP4,0.24143059970643765,0.2257295442730135,0.8115959005522598,0.7966572262275228,ENSG00000090447,Stim48hr,298.0,304,168,472,-4.022820213518194,True,6.974800878653283,False,>10 DE genes,on-target KD
1364,TFB1M,0.22327350076971308,0.2073776073762059,0.8142888227506737,0.7881305382844908,ENSG00000029639,Stim48hr,367.0,357,509,866,-11.79719375259502,True,47.18841413077357,False,>10 DE genes,on-target KD
1365,TFDP1,0.0315430962024188,-0.000648680058217,0.5738004493908697,0.5215599440372048,ENSG00000198176,Stim48hr,208.0,66,56,122,-9.00838747714923,True,145.95026334490575,False,>10 DE genes,on-target KD
1366,TFG,0.12969933959877478,0.0952992077596898,0.7963927158018357,0.7896284654468628,ENSG00000114354,Stim48hr,477.0,95,61,156,-17.266836307779688,True,78.43551462316726,False,>10 DE genes,on-target KD
1367,TGDS,0.04457825277835777,-0.0807706728043038,0.9106839871676411,0.8960013040872329,ENSG00000088451,Stim48hr,141.0,48,20,68,-8.061282694323108,True,54.98840032020407,True,>10 DE genes,on-target KD
1368,TGFBRAP1,0.013778322261333567,-0.0045710181953323,0.7208813828512876,0.6663126648241317,ENSG00000135966,Stim48hr,239.0,41,10,51,-6.90520857748641,True,25.65070367858248,False,>10 DE genes,on-target KD
1369,TGIF2,0.10624028362988176,0.0946553614871824,0.5036616589370996,0.4435220945750756,ENSG00000118707,Stim48hr,589.0,85,21,106,-9.33113908287935,True,18.18907577293165,False,>10 DE genes,on-target KD
1370,THAP11,0.1533789400710407,0.1291953091530742,0.8556467608729269,0.8456980769641189,ENSG00000168286,Stim48hr,526.0,290,152,442,-11.62629046619655,True,62.46821955206555,False,>10 DE genes,on-target KD
1371,THAP12,0.08793207210287403,0.0638919207370692,0.6385408439268577,0.6109045112310377,ENSG00000137492,Stim48hr,913.0,136,115,251,-15.377734971069662,True,96.93645042512225,True,>10 DE genes,on-target KD
1372,THAP2,0.08664262660109852,0.0811605265814653,0.7744232602727715,0.7051154981295674,ENSG00000173451,Stim48hr,733.0,135,16,151,-7.257393733628537,True,25.57894253550454,True,>10 DE genes,on-target KD
1373,THAP5,0.08370146910397458,0.0543218688401266,0.8276576580611336,0.8256778269070102,ENSG00000177683,Stim48hr,414.0,64,2,66,-12.74837202945027,True,44.2933078097074,False,>10 DE genes,on-target KD
1374,THOC6,0.1596789637048529,0.1471877440693846,0.8240917257370342,0.8097671305450256,ENSG00000131652,Stim48hr,483.0,114,250,364,-15.317509243281876,True,69.04014925368703,True,>10 DE genes,on-target KD
1375,THRA,0.128125406635824,0.1141171041381804,0.36948976445685294,-0.1444253160996461,ENSG00000126351,Stim48hr,365.0,60,41,101,-4.593607884233816,True,5.984485873506806,False,>10 DE genes,on-target KD
1376,THRAP3,0.12767860165383596,0.0990324030152169,0.8171592406299135,0.7792772770433212,ENSG00000054118,Stim48hr,480.0,125,135,260,-17.498074286853377,True,82.31331567394662,False,>10 DE genes,on-target KD
1377,TIAL1,0.1486750402333712,0.1278056017044048,0.8728835666332158,0.8549558189946381,ENSG00000151923,Stim48hr,645.0,129,109,238,-21.751882248364925,True,183.5160833875265,False,>10 DE genes,on-target KD
1378,TIMM10,0.018043737638307866,-0.0667395307012923,0.6073377532654481,0.2511768430112233,ENSG00000134809,Stim48hr,319.0,85,40,125,-3.322142629437212,True,179.8809691811514,False,>10 DE genes,on-target KD
1379,TIMM8B,0.23153775957309722,0.1658645984139367,0.731952881253088,0.6861605013919532,ENSG00000150779,Stim48hr,75.0,293,207,500,-6.265836598712687,True,85.26142449643949,False,>10 DE genes,on-target KD
1380,TIMMDC1,0.09132074935783484,0.0816920411014644,0.8668307336870874,0.8424202500969347,ENSG00000113845,Stim48hr,492.0,69,51,120,-16.66680062562093,True,76.1514828794361,False,>10 DE genes,on-target KD
1381,TIMP1,0.06675793661237521,0.0396741505055065,0.2427855439938741,0.1914546469915348,ENSG00000102265,Stim48hr,156.0,46,55,101,-5.531681828850752,True,29.70632516011384,False,>10 DE genes,on-target KD
1382,TIPARP,0.15343377033795172,0.1426351159626285,0.8824408529304898,0.8725826597705616,ENSG00000163659,Stim48hr,219.0,46,43,89,-3.974176166707534,True,32.99133111682239,False,>10 DE genes,on-target KD
1383,TIPRL,0.18494567410776305,0.1332181232757072,0.7871962719746483,0.7417977740443892,ENSG00000143155,Stim48hr,548.0,202,187,389,-26.64101042376592,True,143.61501924937758,False,>10 DE genes,on-target KD
1384,TLN1,0.1524852307611078,0.1320059260448714,0.8608267123364746,0.8278933586659885,ENSG00000137076,Stim48hr,270.0,85,53,138,-12.932100093215263,True,89.54252420622217,True,>10 DE genes,on-target KD
1385,TM2D1,-0.022778063291722567,-0.0543960947759995,0.3003363417896357,0.0227018193217133,ENSG00000162604,Stim48hr,719.0,642,543,1185,-18.0749007559932,True,47.08734105827643,False,>10 DE genes,on-target KD
1386,TM2D2,0.17265817708355743,0.089943030378834,0.7587301447162669,0.6584917693437407,ENSG00000169490,Stim48hr,357.0,37,7,44,-6.402590820868803,True,16.675329609498508,True,>10 DE genes,on-target KD
1387,TM9SF3,0.13757084103496806,0.104583763815371,0.9215566232373318,0.9074852056182258,ENSG00000077147,Stim48hr,327.0,59,6,65,-20.99196037868237,True,155.39430921857422,False,>10 DE genes,on-target KD
1388,TMED10,0.17271828569055017,0.1587261993585345,0.7936860599573192,0.771616428152848,ENSG00000170348,Stim48hr,377.0,207,80,287,-12.490061057408264,True,70.7152756764078,False,>10 DE genes,on-target KD
1389,TMED2,0.1652374109962166,0.1515647468088104,0.7879767281063249,0.6903062467875282,ENSG00000086598,Stim48hr,449.0,95,28,123,-11.356907833063543,True,41.5421761922316,False,>10 DE genes,on-target KD
1390,TMED4,0.02111427773326413,-0.0085153751460292,0.6757787353263346,0.4915815945515597,ENSG00000158604,Stim48hr,911.0,31,10,41,-24.040448508986948,True,89.71130033560414,False,>10 DE genes,on-target KD
1391,TMED9,0.15103679673804776,0.0503047154043986,0.667109241190026,0.5072701938730734,ENSG00000184840,Stim48hr,119.0,375,143,518,-6.529482143830327,True,76.12139761222625,False,>10 DE genes,on-target KD
1392,TMEM123,0.2242498412705587,0.2015488170861566,0.9019691949544768,0.8674754181416842,ENSG00000152558,Stim48hr,2433.0,17,18,35,-29.458389848500083,True,132.13517890925613,False,>10 DE genes,on-target KD
1393,TMEM126B,0.10785296771074691,0.084654295818797,0.6511542109077224,0.5779962610680623,ENSG00000171204,Stim48hr,532.0,232,209,441,-21.26444647142018,True,120.1267165956067,False,>10 DE genes,on-target KD
1394,TMEM131,-0.0071818881823735,-0.0251155155807282,0.7205424382060069,0.5448284620353236,ENSG00000075568,Stim48hr,567.0,31,2,33,-14.06762518130552,True,41.19858755542485,False,>10 DE genes,on-target KD
1395,TMEM131L,0.0073575377455889,-0.024582430321378,0.8345399931673084,0.8203799672325005,ENSG00000121210,Stim48hr,1407.0,245,17,262,-2.8218652940738376,False,36.4004031473829,False,>10 DE genes,no on-target KD
1396,TMEM140,0.14821787931073807,0.1116165720401693,0.7670541000823695,0.7497242078164987,ENSG00000146859,Stim48hr,826.0,135,95,230,-9.860827436977225,True,17.648671915870995,False,>10 DE genes,on-target KD
1397,TMEM167A,0.154516153581272,0.1488918901705341,0.8122929737620413,0.7974261812425767,ENSG00000174695,Stim48hr,742.0,272,197,469,-34.84289480099782,True,186.15141637940687,True,>10 DE genes,on-target KD
1398,TMEM214,0.12763659805897823,0.0811279818929895,0.7028180822973434,0.5936976805950358,ENSG00000119777,Stim48hr,411.0,483,272,755,-14.024439019486255,True,61.991181952845565,False,>10 DE genes,on-target KD
1399,TMEM263,0.1084277255978166,0.0550254909957533,0.7485149756660651,0.6322650334738193,ENSG00000151135,Stim48hr,844.0,122,129,251,-19.42912360715481,True,73.77212558214352,False,>10 DE genes,on-target KD
1400,TMEM30A,0.037079325873876835,0.0250432745971387,0.7723390945115128,0.7417357379656133,ENSG00000112697,Stim48hr,646.0,27,17,44,-13.464103537261533,True,37.95105415701262,False,>10 DE genes,on-target KD
1401,TMEM33,0.15082516956946443,0.1344398029629964,0.8116387732987036,0.7926679966516468,ENSG00000109133,Stim48hr,351.0,53,33,86,-18.94719755532602,True,128.34627793630804,False,>10 DE genes,on-target KD
1402,TMEM44,0.0683131007656692,0.0289637707450662,0.8343380489162256,0.7939995232972622,ENSG00000145014,Stim48hr,568.0,25,30,55,-4.75269309679431,True,5.153290065380607,False,>10 DE genes,on-target KD
1403,TMEM79,0.039718324644923926,-0.1151154070393794,0.526876152146606,0.3533855815356675,ENSG00000163472,Stim48hr,319.0,50,8,58,-5.215198865572295,True,9.6067401041971,False,>10 DE genes,on-target KD
1404,TMEM86A,0.041001849330926265,0.0151148442552013,0.6302741999230964,0.5728222972623732,ENSG00000151117,Stim48hr,520.0,54,65,119,-0.6466370937869516,False,0.2734105831968778,False,>10 DE genes,no on-target KD
1405,TMX1,0.31356275034918396,0.3080361756048879,0.8437296651330953,0.8375697875173173,ENSG00000139921,Stim48hr,538.0,1016,944,1960,-24.148269500459005,True,158.34770399143824,False,>10 DE genes,on-target KD
1406,TNKS1BP1,-0.021280393402139,-0.050089590073569,0.524842662661692,0.1650804378934773,ENSG00000149115,Stim48hr,144.0,40,16,56,-2.4745622717366387,True,5.823785635860624,False,>10 DE genes,on-target KD
1407,TNNC1,0.012732199041665067,-0.0054863967963831,0.36570033981703626,0.3248095889814248,ENSG00000114854,Stim48hr,1386.0,104,156,260,-4.89703269820366,True,2.528717906205649,True,>10 DE genes,on-target KD
1408,TNPO1,0.27280294349568684,0.2543654990867103,0.8225818211682542,0.790110833238164,ENSG00000083312,Stim48hr,557.0,858,591,1449,-7.205555788931617,True,11.532673054951273,False,>10 DE genes,on-target KD
1409,TNRC6A,0.2635852137282362,0.2549768479115896,0.8259641110528624,0.810820188150936,ENSG00000090905,Stim48hr,387.0,836,711,1547,-7.76336855552497,True,20.91502868094006,False,>10 DE genes,on-target KD
1410,TOE1,0.029056333661180368,-0.0015229765340502,0.8988414154922265,0.8722135282627647,ENSG00000132773,Stim48hr,539.0,18,21,39,-13.359203468539327,True,35.6450307357328,True,>10 DE genes,on-target KD
1411,TOMM70,0.1685150180494025,0.0616751540236165,0.7495929925901836,0.715376349099595,ENSG00000154174,Stim48hr,132.0,28,32,60,-7.376177138660357,True,133.5449497753313,False,>10 DE genes,on-target KD
1412,TOR1A,0.031430873284978865,-0.0004792424046125,-0.0071526784900434,-0.2094964442454525,ENSG00000136827,Stim48hr,1060.0,47,12,59,-25.609867693226764,True,83.63132631679929,False,>10 DE genes,on-target KD
1413,TP53,0.24917135034986063,0.1410966732133072,0.9228662467854337,0.9102992467389652,ENSG00000141510,Stim48hr,2976.0,229,302,531,-51.47285289798324,True,163.41051870170904,True,>10 DE genes,on-target KD
1414,TP53INP2,0.273440784997055,0.2256993888311081,0.7562187820889678,0.728002943998069,ENSG00000078804,Stim48hr,945.0,742,951,1693,-3.2562773470586355,True,2.659550041232656,False,>10 DE genes,on-target KD
1415,TP73,0.08541158289210539,0.0020793040334734,0.6823086381832737,0.5700137103933316,ENSG00000078900,Stim48hr,166.0,49,47,96,-0.4987877584006551,True,1.2412687996980494,False,>10 DE genes,on-target KD
1416,TPD52,0.12679905070785347,0.0980097628240313,0.5215780628171498,0.2143029027253433,ENSG00000076554,Stim48hr,280.0,65,28,93,-11.56488794641084,True,58.849947647704425,False,>10 DE genes,on-target KD
1417,TPD52L1,0.0788051919120432,0.0735008061072484,0.8520649889714876,0.8232660932733684,ENSG00000111907,Stim48hr,398.0,23,27,50,0.0,False,,False,>10 DE genes,no on-target KD
1418,TPGS2,0.09962265462765353,0.0458715328753525,0.7875433352300543,0.7274413391576768,ENSG00000134779,Stim48hr,553.0,128,131,259,-26.18787495337932,True,219.8617172177381,True,>10 DE genes,on-target KD
1419,TPRG1L,0.0408735230772648,0.0049241540030317,0.7636902908337154,0.6539461716580357,ENSG00000158109,Stim48hr,733.0,19,40,59,-7.810497838065157,True,10.466689756495946,False,>10 DE genes,on-target KD
1420,TPST2,0.07203943066822384,0.0157895472959067,0.6855206543518185,0.6417465715924694,ENSG00000128294,Stim48hr,180.0,51,26,77,-4.800638466528297,True,13.556465463926806,False,>10 DE genes,on-target KD
1421,TPT1,0.08261789594945806,0.0424637280940685,0.8646589017940464,0.8540845230761344,ENSG00000133112,Stim48hr,158.0,101,102,203,0.0,False,,False,>10 DE genes,no on-target KD
1422,TRAF3,0.5694127251331825,0.5599066590814527,0.8303607966935376,0.8135135002545766,ENSG00000131323,Stim48hr,5378.0,411,196,607,-17.390470079232767,True,99.159872473739,False,>10 DE genes,on-target KD
1423,TRAF6,0.12477911238808903,0.1060941018739929,0.7758805131394394,0.7462832153674959,ENSG00000175104,Stim48hr,225.0,11,22,33,-3.79066688482211,True,7.003979469660735,False,>10 DE genes,on-target KD
1424,TRIM25,0.0215873398178367,-0.0043020357106129,0.9003619772896583,0.8554546091793428,ENSG00000121060,Stim48hr,952.0,14,30,44,-26.651237144800096,True,107.46580288002062,False,>10 DE genes,on-target KD
1425,TRIM28,0.10594210272231804,0.0978672240854551,0.3617816893132426,0.1760208256881124,ENSG00000130726,Stim48hr,406.0,28,6,34,-9.821246144798002,True,40.95514932107627,False,>10 DE genes,on-target KD
1426,TRIM39,0.074079251524191,0.0600138052402158,0.7581608810058428,0.7265004609862159,ENSG00000204599,Stim48hr,1061.0,2,37,39,-4.475566980401211,True,2.4267174307957577,False,>10 DE genes,on-target KD
1427,TRIP12,0.271863293077957,0.2589287965955528,0.8318744105613648,0.8188066989541947,ENSG00000153827,Stim48hr,1555.0,436,328,764,-43.7815685587192,True,221.62059075487608,True,>10 DE genes,on-target KD
1428,TRMT10C,0.13539685735637727,0.0865565859551765,0.7096844137036961,0.6406735272482841,ENSG00000174173,Stim48hr,305.0,205,137,342,-7.994176205055662,True,59.37231085680876,False,>10 DE genes,on-target KD
1429,TRMT61A,0.04023254810080517,-0.0310391325547633,0.8220691564031134,0.7849292473875175,ENSG00000166166,Stim48hr,156.0,25,25,50,-3.0092970339425933,True,7.299667548132981,False,>10 DE genes,on-target KD
1430,TROVE2,0.15197980257308394,0.1459746535729624,0.8853562430206939,0.8644710409526537,ENSG00000116747,Stim48hr,1077.0,179,230,409,-27.140138443732614,True,80.14374774114249,True,>10 DE genes,on-target KD
1431,TRRAP,0.2020473753034359,0.0770932913056909,0.8532936823940979,0.8474992304920613,ENSG00000196367,Stim48hr,256.0,17,18,35,-9.077370666071207,True,103.46857122646912,False,>10 DE genes,on-target KD
1432,TRUB2,0.05674912280788089,0.0188366718873797,0.7942772790287339,0.7555763139095503,ENSG00000167112,Stim48hr,952.0,76,109,185,-10.318635813659318,True,23.92053810958743,True,>10 DE genes,on-target KD
1433,TSC1,0.2740744974054123,0.269306095279458,0.850204670599987,0.8411217264617409,ENSG00000165699,Stim48hr,309.0,707,492,1199,-7.011039107104755,True,14.583717784358369,False,>10 DE genes,on-target KD
1434,TSC2,0.12837845324794075,0.1258413795750957,0.6765124511887118,0.5940388723999132,ENSG00000103197,Stim48hr,484.0,352,247,599,-7.620344909426223,True,12.8314556239087,True,>10 DE genes,on-target KD
1435,TSFM,0.1278588846583764,0.1166623569049525,0.8000812633192221,0.7775816808712054,ENSG00000123297,Stim48hr,540.0,177,190,367,-12.760784811772895,True,43.90759850345316,False,>10 DE genes,on-target KD
1436,TSPYL1,0.24764828951695708,0.2370941762113046,0.8604288547845211,0.8398157471335944,ENSG00000189241,Stim48hr,592.0,15,35,50,-10.869880491999552,True,21.43843160581658,False,>10 DE genes,on-target KD
1437,TSPYL5,0.28941352821780325,0.244843199166247,0.7443377539042739,0.6782300017150649,ENSG00000180543,Stim48hr,204.0,1088,506,1594,-1.2412907553249228,False,1.5045112565283487,False,>10 DE genes,no on-target KD
1438,TSTD2,0.16233780060848604,0.1548141756352606,0.8074935907409474,0.7897062018677834,ENSG00000136925,Stim48hr,128.0,128,76,204,-4.452768025671565,True,19.36577709700889,False,>10 DE genes,on-target KD
1439,TTC4,0.14482069592580554,0.1009292070199194,0.6535724869767227,0.6246599877417945,ENSG00000243725,Stim48hr,94.0,238,79,317,0.8101060176875357,False,26.319026461182027,False,>10 DE genes,no on-target KD
1440,TUFM,0.20411273869917057,0.0504778414282619,0.7072718620985414,0.5606902132455402,ENSG00000178952,Stim48hr,71.0,283,193,476,-11.947281005861347,True,394.8556638706265,False,>10 DE genes,on-target KD
1441,TWNK,0.2522870678511422,0.2000721889888046,0.8063467418297554,0.7830929868159437,ENSG00000107815,Stim48hr,573.0,411,391,802,-3.7441615686853233,True,20.877287079261933,False,>10 DE genes,on-target KD
1442,TXLNB,0.023457378750003133,-0.019706158884084,0.46579624512871726,0.0979923621127744,ENSG00000164440,Stim48hr,948.0,24,16,40,-1.0412892847759634,False,0.3824103018027106,False,>10 DE genes,no on-target KD
1443,TXNDC9,0.0954560933607793,0.0725869318752725,0.5949974343562462,0.1342077120345203,ENSG00000115514,Stim48hr,440.0,19,12,31,-14.32962239234053,True,57.397741865970566,True,>10 DE genes,on-target KD
1444,TXNIP,0.060062494531865664,0.0467317332902929,0.7752051683597406,0.7158004285047845,ENSG00000265972,Stim48hr,637.0,37,20,57,-12.207171400184,True,244.2488062579443,False,>10 DE genes,on-target KD
1445,TXNL4B,-0.00809415046612225,-0.0142888644645279,0.4232936686671204,0.4144234277528778,ENSG00000140830,Stim48hr,55.0,69,8,77,-3.313390456068707,False,42.473041258275465,False,>10 DE genes,no on-target KD
1446,TXNRD1,0.029605930480111665,0.0045338291948036,0.6673551592999644,0.6390724460244123,ENSG00000198431,Stim48hr,523.0,34,9,43,-9.074024740101027,True,271.33680248871906,False,>10 DE genes,on-target KD
1447,TYK2,0.017578847172594534,-0.020544479065632,0.8387279253918397,0.7981508736159173,ENSG00000105397,Stim48hr,941.0,6,48,54,-22.687865811643093,True,64.86808265567736,False,>10 DE genes,on-target KD
1448,UBA2,0.26381776965849496,0.1468865737712668,0.34354785984817876,0.3104634782341022,ENSG00000126261,Stim48hr,55.0,127,38,165,-4.406147171809197,True,125.94626428871707,False,>10 DE genes,on-target KD
1449,UBA5,0.08996046041548023,0.0589785695830055,0.8752948592356048,0.8613376378010212,ENSG00000081307,Stim48hr,2072.0,102,38,140,-14.839068146548785,True,72.48433920477049,True,>10 DE genes,on-target KD
1450,UBAP2L,0.17524874602249485,0.1479334746850879,0.8182130092159139,0.7955591086271778,ENSG00000143569,Stim48hr,690.0,345,450,795,-31.2121163105426,True,191.46845202839515,True,>10 DE genes,on-target KD
1451,UBC,0.09436717056055773,0.0844915453575426,0.21429335512802558,0.1212509781855439,ENSG00000150991,Stim48hr,186.0,30,19,49,-3.9985204615305374,True,40.09690099413919,False,>10 DE genes,on-target KD
1452,UBE2D3,0.15987046649829786,0.1580371473656473,0.8074276631207411,0.7780807587519735,ENSG00000109332,Stim48hr,397.0,19,12,31,-22.080313320659243,True,382.3230166770453,False,>10 DE genes,on-target KD
1453,UBE2E1,0.14101577368737842,0.1310201802410235,0.8671684677838357,0.8597434149795056,ENSG00000170142,Stim48hr,1246.0,115,41,156,-22.49533062400869,True,70.53336086302494,False,>10 DE genes,on-target KD
1454,UBE2E2,0.14193100782425494,0.0969784772193159,0.44628330625130713,0.4008997233265173,ENSG00000182247,Stim48hr,312.0,111,17,128,-3.657784636895295,True,6.534795905568633,False,>10 DE genes,on-target KD
1455,UBE2G2,0.009124577497902533,-0.0335618284764092,0.6933378049323368,0.6063294070987852,ENSG00000184787,Stim48hr,373.0,56,18,74,-11.658580609578802,True,56.9979511992699,False,>10 DE genes,on-target KD
1456,UBE2I,0.2163478588349831,0.1848342232228924,0.7954410386977365,0.7678476941418086,ENSG00000103275,Stim48hr,164.0,510,224,734,-16.617900732240944,True,338.24102365939865,False,>10 DE genes,on-target KD
1457,UBE2J1,0.07766071152042986,0.0570308500125196,0.9189226891651123,0.8992237509011406,ENSG00000198833,Stim48hr,431.0,33,20,53,-20.04262542895799,True,165.15258028831062,False,>10 DE genes,on-target KD
1458,UBE2L3,0.11589218530325811,0.0923458977185179,0.5170610709318104,0.4233057402099837,ENSG00000185651,Stim48hr,1866.0,793,278,1071,-28.15161485674422,True,79.41589652169412,False,>10 DE genes,on-target KD
1459,UBE2N,0.15154980230348772,0.0667395194577402,0.6425267253111896,0.6080436406429326,ENSG00000177889,Stim48hr,66.0,61,27,88,-4.261581020216659,True,60.42484081243737,False,>10 DE genes,on-target KD
1460,UBE2V2,0.042237757505602,-0.0518407933792365,0.6636242649555791,0.5494388812727551,ENSG00000169139,Stim48hr,2879.0,888,556,1444,-12.652818211980303,True,50.28901030668044,False,>10 DE genes,on-target KD
1461,UBE3D,0.20253232004957103,0.1753753810667642,0.8189100935379411,0.8090449199215385,ENSG00000118420,Stim48hr,135.0,176,155,331,-1.889304284493719,False,3.426781721049587,False,>10 DE genes,no on-target KD
1462,UBFD1,0.0028326400367757673,-0.0457785161374501,0.8382596208232792,0.8273202076769935,ENSG00000103353,Stim48hr,121.0,13,21,34,0.0,False,,False,>10 DE genes,no on-target KD
1463,UBIAD1,0.06820997443619783,0.0449808481378479,0.8410037715402737,0.8293029994705161,ENSG00000120942,Stim48hr,431.0,65,89,154,-5.849305529889181,True,10.555041475464538,False,>10 DE genes,on-target KD
1464,UBN1,0.15204840522559737,0.1167582518442526,0.8714835454954057,0.8397130287489857,ENSG00000118900,Stim48hr,509.0,33,29,62,-9.255944510238354,True,17.156742740811247,True,>10 DE genes,on-target KD
1465,UBR1,0.07206353215443977,0.0440018520951623,0.8139574956362304,0.7567090688087077,ENSG00000159459,Stim48hr,222.0,61,20,81,0.0,False,,False,>10 DE genes,no on-target KD
1466,UBR4,0.18251902344920143,0.1575761272970258,0.8027475456425052,0.7838944625369103,ENSG00000127481,Stim48hr,178.0,230,280,510,-14.080767026318956,True,147.466170718025,False,>10 DE genes,on-target KD
1467,UBR5,0.2536464413226754,0.2314925170590012,0.813503457173978,0.7840410397220323,ENSG00000104517,Stim48hr,784.0,650,653,1303,-28.131774905049184,True,170.07587635279847,False,>10 DE genes,on-target KD
1468,UBXN1,-0.01110120879723317,-0.0866058861133212,0.21259762766726517,0.0634071210681958,ENSG00000162191,Stim48hr,933.0,308,232,540,-7.25498857610862,True,46.87751779667175,False,>10 DE genes,on-target KD
1469,UBXN6,-0.03752977673055533,-0.096811416781306,0.5390490821330627,0.4587030773923219,ENSG00000167671,Stim48hr,432.0,130,32,162,-13.405260482496884,True,66.18682416736524,False,>10 DE genes,on-target KD
1470,UCHL5,0.0804984445122565,0.0012376743461415,0.8600131596571042,0.8336474350669962,ENSG00000116750,Stim48hr,214.0,77,72,149,-14.47482453734417,True,116.65717519419984,True,>10 DE genes,on-target KD
1471,UFL1,0.2255407414125451,0.2098378176213942,0.8196996776943339,0.8087180052765655,ENSG00000014123,Stim48hr,251.0,461,273,734,-6.951708815400608,True,21.44485265798881,False,>10 DE genes,on-target KD
1472,UFM1,0.25897762710106115,0.2530029298949156,0.8064482637874714,0.7939493394964813,ENSG00000120686,Stim48hr,584.0,811,574,1385,-27.14241843939722,True,197.69120476426264,False,>10 DE genes,on-target KD
1473,UNCX,0.20795314549004107,-0.0384257649373096,0.800945807284838,0.7911910508529859,ENSG00000164853,Stim48hr,60.0,99,43,142,0.0,False,,False,>10 DE genes,no on-target KD
1474,UPF2,0.0735870849651313,0.0238187543549645,0.6818541658840184,0.6518856299400719,ENSG00000151461,Stim48hr,109.0,395,91,486,-6.293024960734224,True,84.78932242752846,False,>10 DE genes,on-target KD
1475,UQCRB,0.10715788365057245,0.0232878968277891,0.6538273167346815,0.5066931026439458,ENSG00000156467,Stim48hr,118.0,368,211,579,-10.317653562765289,True,144.84552689930825,False,>10 DE genes,on-target KD
1476,UQCRC2,0.39724123059174926,0.31372013984374,0.7977090069366805,0.7435871343911609,ENSG00000140740,Stim48hr,107.0,47,77,124,-9.213773260528775,True,182.62295249037,False,>10 DE genes,on-target KD
1477,UQCRQ,0.42252268924859715,0.4084554686650311,0.6637101955551502,0.6127340151345086,ENSG00000164405,Stim48hr,169.0,128,33,161,-2.582902105190503,False,138.1768891802448,False,>10 DE genes,no on-target KD
1478,URM1,0.17292571789391584,0.1515001204577341,0.8549744276880005,0.80124077768118,ENSG00000167118,Stim48hr,271.0,33,20,53,-8.20375391908847,True,26.962571606931093,False,>10 DE genes,on-target KD
1479,USO1,0.11541289626505229,0.0036280432125453,0.7029410712889993,0.6943720023148111,ENSG00000138768,Stim48hr,97.0,119,52,171,-8.093170460793845,True,103.707391079257,False,>10 DE genes,on-target KD
1480,USP10,0.06011531815511897,0.042988510927884,0.7106451746651313,0.6312906865128081,ENSG00000103194,Stim48hr,223.0,29,45,74,-13.904399474817492,True,114.21876478459538,False,>10 DE genes,on-target KD
1481,USP22,0.3332307721910426,0.281180352414164,0.7930007089468961,0.740409327439244,ENSG00000124422,Stim48hr,1260.0,1188,661,1849,-25.840992081721925,True,81.9771731605914,False,>10 DE genes,on-target KD
1482,USP24,0.13859385528555554,0.1232753358354774,0.8511636442662865,0.833681909818154,ENSG00000162402,Stim48hr,519.0,65,84,149,-15.160926135017997,True,75.9476388605358,False,>10 DE genes,on-target KD
1483,USP28,-0.0326528732530348,-0.0486134473403109,0.24319220866074906,0.1108329941598942,ENSG00000048028,Stim48hr,1753.0,142,79,221,-31.42489531802875,True,74.48432614431508,False,>10 DE genes,on-target KD
1484,USP36,0.22480067145130844,0.209989453871091,0.022714336052561342,-0.132312199524922,ENSG00000055483,Stim48hr,53.0,17,25,42,-0.7994165250978781,True,26.5900285973544,False,>10 DE genes,on-target KD
1485,USP4,0.07131721388884,0.055214971616685,0.8571775162175611,0.7942743663003845,ENSG00000114316,Stim48hr,363.0,57,19,76,-11.948512051597936,True,42.79839916584452,False,>10 DE genes,on-target KD
1486,USP7,0.25143182303674405,0.1658893654259471,0.7820263137657802,0.747641597478256,ENSG00000187555,Stim48hr,154.0,830,417,1247,-7.543722717103,True,57.98645152296236,False,>10 DE genes,on-target KD
1487,UTP23,0.0823278232130155,0.0087968918402473,0.576620557241203,0.5583845617508191,ENSG00000147679,Stim48hr,88.0,93,78,171,-5.734110794979997,True,58.31746861118053,False,>10 DE genes,on-target KD
1488,VARS2,0.4048899338862144,0.3971563045060698,0.8005248804762437,0.7935053793887317,ENSG00000137411,Stim48hr,146.0,642,505,1147,-5.245001222852994,True,30.509036584920604,False,>10 DE genes,on-target KD
1489,VAV1,0.4774808460552089,0.397641973668197,0.8030544864245912,0.7773546106475714,ENSG00000141968,Stim48hr,321.0,1911,1664,3575,-10.859022341003556,True,79.07309734310732,False,>10 DE genes,on-target KD
1490,VBP1,0.12233223606080416,0.0690181082541875,0.9031142309248746,0.8450031566402663,ENSG00000155959,Stim48hr,232.0,25,27,52,-21.236540509586085,True,220.56811249385512,False,>10 DE genes,on-target KD
1491,VEZT,0.15037076884469086,0.1181591181037489,0.7070971126821037,0.6201706186548113,ENSG00000028203,Stim48hr,105.0,160,100,260,-6.440728842058942,True,63.22519085123142,False,>10 DE genes,on-target KD
1492,VHL,0.1508817057137887,0.1217464618057873,0.7416799946960569,0.7049808642715721,ENSG00000134086,Stim48hr,767.0,233,101,334,-20.763652616255264,True,91.68558626500838,False,>10 DE genes,on-target KD
1493,VPS13A,0.11201644204222999,0.0840311589233691,0.5366721517292862,0.4185074786884428,ENSG00000197969,Stim48hr,600.0,72,12,84,-13.724844824446336,True,47.18725603943117,False,>10 DE genes,on-target KD
1494,VPS18,0.3880269673727963,0.1709765641295919,0.567068122268056,0.5142875028985524,ENSG00000104142,Stim48hr,212.0,31,10,41,0.0,False,,False,>10 DE genes,no on-target KD
1495,VPS26B,0.07641348310308597,0.0540767942405738,0.8781236815529136,0.8250343062327049,ENSG00000151502,Stim48hr,211.0,25,7,32,-11.916056941911204,True,91.91226927669184,True,>10 DE genes,on-target KD
1496,VPS29,0.14843113593566654,0.1190289030856409,0.7084543881193287,0.6614467614546458,ENSG00000111237,Stim48hr,117.0,207,93,300,-2.274709191438568,False,6.190838255182559,False,>10 DE genes,no on-target KD
1497,VPS35,0.046938320657811006,0.0297110057425791,0.7987198093869212,0.7586941225159574,ENSG00000069329,Stim48hr,140.0,141,74,215,-7.985852999360803,True,68.82303928456001,True,>10 DE genes,on-target KD
1498,VPS35L,0.03566746469849343,0.0192907932764429,0.4866625472053861,0.4498643254308291,ENSG00000103544,Stim48hr,77.0,25,9,34,-8.264836047098973,True,104.13513777820222,False,>10 DE genes,on-target KD
1499,VPS37A,0.06731379186221324,-0.0652608415298488,0.8042572123182871,0.7563668008687752,ENSG00000155975,Stim48hr,51.0,36,25,61,0.0,False,,False,>10 DE genes,no on-target KD
1500,VPS41,0.04534842801080271,-0.0917807227273014,0.7232621965784786,0.6377515331366218,ENSG00000006715,Stim48hr,120.0,198,106,304,-6.389905094137627,True,39.24917313650671,False,>10 DE genes,on-target KD
1501,VPS45,0.0678662570441834,-0.049327444004281,0.19541636899517326,0.0166475582004879,ENSG00000136631,Stim48hr,93.0,100,10,110,-6.852930370470868,True,60.82415555481461,False,>10 DE genes,on-target KD
1502,VPS4A,0.048886644499204636,0.0209915745641349,0.11639295718306926,-0.0865065042808699,ENSG00000132612,Stim48hr,322.0,27,23,50,-19.24854601557046,True,137.24714356826664,False,>10 DE genes,on-target KD
1503,VPS8,0.12930777579738725,0.1054419706175547,0.7154511014341384,0.6907702866160973,ENSG00000156931,Stim48hr,456.0,377,160,537,-11.39462947246907,True,38.013770884590926,False,>10 DE genes,on-target KD
1504,VWF,0.06587132955105339,-0.0072158996851237,0.43443153152188785,0.2968686493713543,ENSG00000110799,Stim48hr,2590.0,39,12,51,0.0,False,,False,>10 DE genes,no on-target KD
1505,WAC,0.30440668282136124,0.2882558471708552,0.8294835832022116,0.8189903326983979,ENSG00000095787,Stim48hr,389.0,741,928,1669,-6.854023720272841,True,20.66322764458512,False,>10 DE genes,on-target KD
1506,WAPL,0.03458054930940583,-0.0341434557581013,0.7507177612633833,0.6234414333901789,ENSG00000062650,Stim48hr,79.0,48,58,106,-5.459112763714325,True,95.44012990568324,False,>10 DE genes,on-target KD
1507,WARS2,0.14603982967960535,0.1225098401865937,0.7450265977214324,0.721863652986392,ENSG00000116874,Stim48hr,394.0,501,438,939,-7.33925835375094,True,21.69700762367836,False,>10 DE genes,on-target KD
1508,WAS,0.08757292648720931,0.0782249807488002,0.8443860214010953,0.7979675261325441,ENSG00000015285,Stim48hr,583.0,18,26,44,-23.91184369917245,True,131.41503109216742,False,>10 DE genes,on-target KD
1509,WASF2,0.09915254796189221,0.0334617840920452,0.829550120348077,0.7891952860199573,ENSG00000158195,Stim48hr,1014.0,70,99,169,-20.67340736677957,True,98.80507258168689,False,>10 DE genes,on-target KD
1510,WASL,0.03826353998223266,0.0271075271897906,0.6930943621378675,0.6377307301488899,ENSG00000106299,Stim48hr,1248.0,28,3,31,-11.272647607424442,True,13.610228093236907,False,>10 DE genes,on-target KD
1511,WBP4,0.14456537246724074,0.1125644044783479,0.8728108230570184,0.8470380864418275,ENSG00000120688,Stim48hr,199.0,24,17,41,-9.01552430437264,True,52.10222185401884,False,>10 DE genes,on-target KD
1512,WDFY1,0.02195012220085767,-0.0106666849320341,0.06637818251840304,-0.0320358388544692,ENSG00000085449,Stim48hr,11510.0,49,6,55,-10.203916268267896,True,49.64914824971491,False,>10 DE genes,on-target KD
1513,WDR24,-0.006274993695017002,-0.0786098390820704,0.4690233360208285,0.3916167186754708,ENSG00000127580,Stim48hr,141.0,30,11,41,-5.862712061795605,True,33.22050897005941,False,>10 DE genes,on-target KD
1514,WDR54,0.0123859237579201,-0.0262974042440932,0.22373100686891687,0.1941488641635057,ENSG00000005448,Stim48hr,1428.0,128,38,166,-31.34257387334829,True,122.03736151739292,False,>10 DE genes,on-target KD
1515,WDR59,0.27374300766967763,0.2561183960634323,0.7824798919794308,0.7586757419959362,ENSG00000103091,Stim48hr,214.0,688,599,1287,-8.383111657108131,True,49.28164186548872,False,>10 DE genes,on-target KD
1516,WDR61,0.3630852649401541,0.1666352898872709,0.7535997897472582,0.727482883174115,ENSG00000140395,Stim48hr,64.0,1104,1296,2400,-4.458591383862938,True,51.34566769259044,False,>10 DE genes,on-target KD
1517,WDR7,0.04709848608655126,0.0041046610648227,0.674585451336529,0.5578809134245087,ENSG00000091157,Stim48hr,58.0,109,41,150,-1.7903839293561523,True,5.358915745787222,False,>10 DE genes,on-target KD
1518,WDR82,0.33920130076461064,0.3079914127248006,0.8486751388701786,0.8306818569468851,ENSG00000164091,Stim48hr,313.0,911,652,1563,-14.841124596088736,True,238.01000053875268,False,>10 DE genes,on-target KD
1519,WIZ,0.2081169430969556,0.1906217089203061,0.8558871677109886,0.8486748828526924,ENSG00000011451,Stim48hr,1115.0,149,164,313,-10.517760345331128,True,41.08348825805296,False,>10 DE genes,on-target KD
1520,WNK1,0.08280106905019456,0.0433032749079963,0.7674765024977984,0.7497105086247043,ENSG00000060237,Stim48hr,411.0,63,36,99,-13.985889197571916,True,147.76134436659055,False,>10 DE genes,on-target KD
1521,WNT9A,0.056281081076448004,0.0124828051916943,0.6218679693475325,0.4286767942349469,ENSG00000143816,Stim48hr,2181.0,105,20,125,0.0,False,,False,>10 DE genes,no on-target KD
1522,WRAP53,0.15274053400609,0.1498038184253809,0.8193854139126948,0.7983928826732836,ENSG00000141499,Stim48hr,520.0,282,167,449,-13.19094860039483,True,36.49143401475605,True,>10 DE genes,on-target KD
1523,XBP1,0.07631304020836734,0.0547311899780913,0.7595115579701169,0.7194533309926953,ENSG00000100219,Stim48hr,1048.0,136,356,492,-24.76134340633312,True,172.19736030195972,False,>10 DE genes,on-target KD
1524,XIAP,0.08775555476240797,0.0438114328084449,0.6924034035719956,0.5911205348937801,ENSG00000101966,Stim48hr,99.0,53,22,75,-5.008160407423595,True,49.22748445834664,False,>10 DE genes,on-target KD
1525,XPOT,0.10900257522130286,0.095765907272811,0.6330323705378653,0.3971557867042926,ENSG00000184575,Stim48hr,424.0,24,12,36,-18.47266909786942,True,101.10045156741404,False,>10 DE genes,on-target KD
1526,XPR1,0.11353356494152322,0.1014823567556499,0.7806921947510025,0.7201462981823563,ENSG00000143324,Stim48hr,540.0,56,39,95,-10.859582815025831,True,32.08601444566609,False,>10 DE genes,on-target KD
1527,XRCC2,0.1683911204124839,0.1525834109761815,0.6717761309721263,0.6011657213225335,ENSG00000196584,Stim48hr,73.0,337,178,515,-4.205363430823753,True,25.72146564060145,False,>10 DE genes,on-target KD
1528,XRN1,0.04523117266718749,0.0035019745652403,0.42277262167362833,0.3479469815755203,ENSG00000114127,Stim48hr,238.0,82,18,100,-10.957169464634106,True,116.67799780020844,False,>10 DE genes,on-target KD
1529,XRRA1,0.06133042674827153,-0.0053257894209572,0.7259286267256279,0.6611313565945727,ENSG00000166435,Stim48hr,360.0,53,22,75,-7.837772858568112,True,22.351188254329585,True,>10 DE genes,on-target KD
1530,YARS2,0.0446022969362579,0.0359388039868411,0.686292783340588,0.6704506136979708,ENSG00000139131,Stim48hr,882.0,15,27,42,-9.134044184199452,True,58.01106849993706,False,>10 DE genes,on-target KD
1531,YBEY,0.029527678042301397,-0.0529503899214414,-0.11045040135297596,-0.2025879226571711,ENSG00000182362,Stim48hr,59.0,31,3,34,-1.6239183115323146,False,10.34653526579132,False,>10 DE genes,no on-target KD
1532,YEATS2,0.3497390636216943,0.2907687178059909,0.7323365417441791,0.7082006151960457,ENSG00000163872,Stim48hr,66.0,434,264,698,-5.616718626647507,True,80.28718501229314,False,>10 DE genes,on-target KD
1533,YIPF1,0.05383853268646436,-0.0289196600903352,0.3367397671093393,0.0271932235836622,ENSG00000058799,Stim48hr,2314.0,22,14,36,-19.83688631673368,True,26.771321941093703,False,>10 DE genes,on-target KD
1534,YIPF3,0.09923968220549333,0.084428043160601,0.7269958280354011,0.7114636401169667,ENSG00000137207,Stim48hr,361.0,91,96,187,-12.979864061803337,True,78.71589818634264,False,>10 DE genes,on-target KD
1535,YME1L1,0.12657843308085492,0.0932133203672211,0.7773023505843133,0.7355449536884975,ENSG00000136758,Stim48hr,438.0,31,50,81,-12.290363288502371,True,57.3615893518533,False,>10 DE genes,on-target KD
1536,YPEL2,0.0483987116716685,-0.0137155583950362,0.8143028185610593,0.7237285489104671,ENSG00000175155,Stim48hr,766.0,19,12,31,-9.477720152641336,True,20.212380210651588,False,>10 DE genes,on-target KD
1537,YTHDF2,0.31356574316537145,0.2786818969811279,0.7575787534082398,0.7157678779614448,ENSG00000198492,Stim48hr,434.0,1682,936,2618,-21.815594176327807,True,134.52927828851796,False,>10 DE genes,on-target KD
1538,YY1,0.1461638396883993,0.0998546290606249,0.8116313009930421,0.7746138891652954,ENSG00000100811,Stim48hr,531.0,221,253,474,-6.943468476046339,True,65.53716725328395,False,>10 DE genes,on-target KD
1539,YY1AP1,0.0775820704301101,0.0384442377854021,0.7170016114076803,0.6630809134914828,ENSG00000163374,Stim48hr,153.0,44,21,65,-7.633557284105893,False,70.18385404353741,True,>10 DE genes,putative off-target
1540,ZAP70,0.49802228721722813,0.4439163279721614,0.6163690223126804,0.4889302214973429,ENSG00000115085,Stim48hr,52.0,1763,723,2486,-3.329774443322945,True,196.99169178761272,False,>10 DE genes,on-target KD
1541,ZBED3,0.30390888342827016,0.2667228106138951,0.6582417433597603,0.5397477344139849,ENSG00000132846,Stim48hr,308.0,391,93,484,-0.9992391404797258,False,0.9806456247833304,False,>10 DE genes,no on-target KD
1542,ZBTB1,0.1918589406477013,0.1552083181446784,0.832121078766488,0.8198900034490342,ENSG00000126804,Stim48hr,450.0,106,54,160,-17.191283507030608,True,178.01056821243807,True,>10 DE genes,on-target KD
1543,ZBTB14,0.10799034320615597,0.0894506477145102,0.770862998301872,0.7564403001918792,ENSG00000198081,Stim48hr,150.0,144,67,211,-5.75542747996358,True,32.89373700884457,False,>10 DE genes,on-target KD
1544,ZBTB21,0.05423243887624204,0.0428437048987978,0.18060459920846628,0.0451146935932066,ENSG00000173276,Stim48hr,800.0,41,3,44,-14.63331507363556,True,40.54963004778168,False,>10 DE genes,on-target KD
1545,ZBTB32,0.18120115397813555,0.1569289283069846,0.8404076831250958,0.8063173647839206,ENSG00000011590,Stim48hr,612.0,56,56,112,-22.430206441855866,True,308.9422186485125,True,>10 DE genes,on-target KD
1546,ZBTB33,0.0739899521463221,0.0422482745793323,0.6520277471213598,0.570550317121079,ENSG00000177485,Stim48hr,298.0,27,29,56,-10.48467175332027,True,41.62009976328635,False,>10 DE genes,on-target KD
1547,ZBTB39,0.10382562863466412,0.0812215885577392,0.6996429029071866,0.538003987875339,ENSG00000166860,Stim48hr,265.0,58,28,86,-1.959482058162389,False,15.471870705882736,False,>10 DE genes,no on-target KD
1548,ZBTB44,0.18346864869696441,0.1646323040711785,0.811892828703524,0.7952898194747051,ENSG00000196323,Stim48hr,60.0,94,49,143,-5.510860058019418,True,72.44205517651231,False,>10 DE genes,on-target KD
1549,ZBTB7A,0.11421003482411533,0.0986895556214653,0.14700294684398177,0.128892197234275,ENSG00000178951,Stim48hr,626.0,39,7,46,-5.100918128762615,True,85.36590413936834,False,>10 DE genes,on-target KD
1550,ZC3H10,0.15072175523033404,0.137414509651225,0.7179049509251353,0.7053011721129805,ENSG00000135482,Stim48hr,892.0,260,100,360,-9.241659409470405,True,13.788529474819326,False,>10 DE genes,on-target KD
1551,ZC3H12A,0.18584790377376628,0.1117189091387052,0.8319665962357429,0.8105289956657854,ENSG00000163874,Stim48hr,735.0,405,391,796,-2.228703361447119,False,44.18320696465566,False,>10 DE genes,no on-target KD
1552,ZC3H14,0.06204640874107117,-0.0255562093669475,0.8721656033245916,0.8092875910257378,ENSG00000100722,Stim48hr,260.0,20,47,67,-8.512968800227728,True,23.792127041226728,False,>10 DE genes,on-target KD
1553,ZC3H3,0.0709016338779654,0.0378377531450995,0.5511277468349437,0.2563955061132353,ENSG00000014164,Stim48hr,197.0,124,16,140,-7.11616651839977,True,40.38582983718004,False,>10 DE genes,on-target KD
1554,ZC3H4,0.11088766110713939,0.0815780614569793,0.7947520037578335,0.7617928611508311,ENSG00000130749,Stim48hr,352.0,35,2,37,-4.259608386886354,True,186.6233916559813,False,>10 DE genes,on-target KD
1555,ZC3HC1,0.031819073207762,-0.0098773290092829,0.8048656356160976,0.7487362758558074,ENSG00000091732,Stim48hr,375.0,71,30,101,-3.9751212334433497,True,26.589042505861805,False,>10 DE genes,on-target KD
1556,ZCCHC8,0.11092666953509317,0.0790773059511107,0.7309206432416667,0.7097177589934585,ENSG00000033030,Stim48hr,191.0,77,51,128,-6.712984476737679,True,32.42999482399423,False,>10 DE genes,on-target KD
1557,ZCRB1,0.21129718941717546,0.1769922770764323,0.7858301135045601,0.6536957913168407,ENSG00000139168,Stim48hr,63.0,76,36,112,-6.178005614476497,True,184.77580481143045,True,>10 DE genes,on-target KD
1558,ZCWPW1,-0.045798884372623895,-0.1464009592456815,0.565338314338894,0.4409845992392677,ENSG00000078487,Stim48hr,1128.0,47,48,95,-4.462627202583376,True,1.918204264655664,True,>10 DE genes,on-target KD
1559,ZEB1,0.2869338144115224,0.272818985103673,0.9218616370857861,0.914486082374374,ENSG00000148516,Stim48hr,1158.0,304,112,416,-15.701444962041569,True,81.80134342150922,False,>10 DE genes,on-target KD
1560,ZFAT,0.16978352451630885,0.1427688611505282,0.6718402309120152,0.5291757756934278,ENSG00000066827,Stim48hr,525.0,12,19,31,-4.28033836571066,True,8.352783970034498,False,>10 DE genes,on-target KD
1561,ZFC3H1,0.1846184194390227,0.1759820318798563,0.7395283685781558,0.7270273423424433,ENSG00000133858,Stim48hr,210.0,289,78,367,-13.866931366467751,True,109.33130331498724,True,>10 DE genes,on-target KD
1562,ZFPM1,0.3347795611448538,0.3191558478781532,0.7777057037546156,0.7623347290640974,ENSG00000179588,Stim48hr,176.0,1422,638,2060,0.0,False,,False,>10 DE genes,no on-target KD
1563,ZFYVE21,0.07464065405439173,0.0721546191184,0.6334675870578661,0.6131424006386147,ENSG00000100711,Stim48hr,118.0,206,61,267,-4.915544750663034,True,23.700980114287688,False,>10 DE genes,on-target KD
1564,ZFYVE26,-0.02838079346315597,-0.0458311473406443,0.5558253876111824,0.4300699958475866,ENSG00000072121,Stim48hr,662.0,24,8,32,-3.978182583894805,False,5.610728733185491,True,>10 DE genes,putative off-target
1565,ZHX3,0.13228258155239514,0.1015737614116233,0.7375562990408867,0.6734248890612027,ENSG00000174306,Stim48hr,222.0,72,48,120,-5.407964964116511,True,18.10951718514568,False,>10 DE genes,on-target KD
1566,ZKSCAN2,0.10228308972958623,0.0584320584191901,0.6791116675197449,0.5625362316475342,ENSG00000155592,Stim48hr,430.0,38,29,67,0.0,False,,False,>10 DE genes,no on-target KD
1567,ZMAT1,-0.0836373956522166,-0.1163374607074284,-0.11534917983224446,-0.3298167803946584,ENSG00000166432,Stim48hr,944.0,208,35,243,-2.8236972580142514,False,1.4013511250568498,False,>10 DE genes,no on-target KD
1568,ZMYM2,0.017748993126196034,-0.0029638217966133,0.288489702486747,0.1509978854697603,ENSG00000121741,Stim48hr,1070.0,108,67,175,-22.799013539170723,True,107.40400142922913,False,>10 DE genes,on-target KD
1569,ZMYND8,0.2109729376142537,0.2028557685036431,0.9434267843280288,0.9109565036294426,ENSG00000101040,Stim48hr,895.0,20,17,37,-18.16754928161754,True,49.2099321296554,False,>10 DE genes,on-target KD
1570,ZNF12,0.03768755294910394,-0.0549272041597162,0.8963870535486985,0.8721709226375721,ENSG00000164631,Stim48hr,627.0,14,21,35,-13.274918802045368,True,33.83643879707875,False,>10 DE genes,on-target KD
1571,ZNF142,0.07864140011865273,0.0599009039802718,0.8071064385382983,0.7605733958440766,ENSG00000115568,Stim48hr,275.0,92,109,201,-8.781504419185069,True,34.45826600873806,True,>10 DE genes,on-target KD
1572,ZNF148,0.05047602421276906,-0.0779828848860595,0.5293359043971592,0.4568064052397021,ENSG00000163848,Stim48hr,1224.0,263,230,493,-12.387735151541872,True,72.59289184967675,False,>10 DE genes,on-target KD
1573,ZNF160,0.05662844955161473,0.0401225165966195,0.7688522429980823,0.7254490337566808,ENSG00000170949,Stim48hr,1091.0,28,8,36,-18.22301548953424,True,43.35953133411573,False,>10 DE genes,on-target KD
1574,ZNF200,0.047020824689760495,0.0301666485010874,0.8403356215606456,0.7577756281654999,ENSG00000010539,Stim48hr,948.0,54,3,57,-11.243801090377785,True,16.72595408066799,False,>10 DE genes,on-target KD
1575,ZNF219,0.0035676641908324036,-0.1377344063804813,0.8431569316512612,0.8178981005811256,ENSG00000165804,Stim48hr,171.0,37,20,57,-2.4694808918397024,True,4.544490436745277,False,>10 DE genes,on-target KD
1576,ZNF274,0.21798592186262544,0.1960519302706153,0.7505922408616482,0.6528642008650042,ENSG00000171606,Stim48hr,579.0,136,8,144,-7.883830443837046,True,13.9539525131097,False,>10 DE genes,on-target KD
1577,ZNF280D,0.07035595331801776,-0.0309710945600531,0.2995637616824292,0.2140243236347318,ENSG00000137871,Stim48hr,1097.0,108,22,130,-15.842513118422833,True,31.053339851922534,False,>10 DE genes,on-target KD
1578,ZNF330,0.04996078598158313,0.0297290518864585,0.8161452405077413,0.7113433853365752,ENSG00000109445,Stim48hr,1273.0,88,37,125,-24.311715575315947,True,67.42886749389572,False,>10 DE genes,on-target KD
1579,ZNF384,0.09762307690075117,0.0529691940561012,0.8670686371595302,0.7929478766212306,ENSG00000126746,Stim48hr,880.0,22,48,70,-18.683628039338533,True,61.39201792224839,False,>10 DE genes,on-target KD
1580,ZNF507,0.060686026116812564,0.001852379866631,0.7772824099962324,0.6582914023676489,ENSG00000168813,Stim48hr,469.0,66,6,72,-12.271524737227187,True,39.376594441679416,False,>10 DE genes,on-target KD
1581,ZNF554,0.04645111704800803,0.0010447408435356,0.7617111156375342,0.6640848489291051,ENSG00000172006,Stim48hr,430.0,480,179,659,-2.50553485519261,True,2.749997392143216,False,>10 DE genes,on-target KD
1582,ZNF574,-0.06454314685500494,-0.1372930065159949,0.32954108906411267,0.2700485905530263,ENSG00000105732,Stim48hr,105.0,141,70,211,-2.517384699011896,False,7.843170676047803,False,>10 DE genes,no on-target KD
1583,ZNF613,-0.09049225862449173,-0.147844535730424,-0.09611002705781461,-0.1525713424627174,ENSG00000176024,Stim48hr,991.0,593,83,676,-7.693160912747312,True,7.230043958482416,False,>10 DE genes,on-target KD
1584,ZNF622,0.09025606828909956,0.0666862635709025,0.801488729431936,0.7630521654363303,ENSG00000173545,Stim48hr,256.0,40,28,68,-9.356189032054262,True,49.68410632610684,False,>10 DE genes,on-target KD
1585,ZNF641,0.21758707413550704,0.1725888000540997,0.7225975163957715,0.7067624378042499,ENSG00000167528,Stim48hr,656.0,327,439,766,-6.62166771005526,True,10.883972267041912,False,>10 DE genes,on-target KD
1586,ZNF644,0.13117295201633658,0.0625158385322674,0.8192441284766271,0.7247247206077774,ENSG00000122482,Stim48hr,591.0,229,215,444,-28.406103093526774,True,149.13362466649806,False,>10 DE genes,on-target KD
1587,ZNF649,0.0662840320260658,0.0176735839038064,0.6270038708841063,0.5865991881076893,ENSG00000198093,Stim48hr,798.0,702,472,1174,-6.165889161322197,True,8.61374757105888,False,>10 DE genes,on-target KD
1588,ZNF655,0.15731023256221857,0.1522845165429966,0.766834962625888,0.6381850496594248,ENSG00000197343,Stim48hr,458.0,36,32,68,-15.663743784255638,True,59.6457916695539,False,>10 DE genes,on-target KD
1589,ZNF658,0.0875142586174712,0.0246499426004378,0.7230860887172961,0.5102507743712933,ENSG00000274349,Stim48hr,781.0,22,15,37,-1.679020141818377,False,0.5095143907075638,False,>10 DE genes,no on-target KD
1590,ZNF703,0.0701377544201661,0.0530084623182515,0.594624669845737,0.5450530234897033,ENSG00000183779,Stim48hr,63.0,109,34,143,0.0,False,,False,>10 DE genes,no on-target KD
1591,ZNF710,0.17608281620760033,0.0624128366228916,0.8301791133614413,0.8033826195765078,ENSG00000140548,Stim48hr,69.0,59,19,78,-0.4139798390611143,True,3.047302841803892,False,>10 DE genes,on-target KD
1592,ZNF76,0.06897330528391286,-0.0556118335025169,0.2748462139217603,0.0978906869277567,ENSG00000065029,Stim48hr,831.0,36,9,45,-10.728917328318952,True,16.02084204237947,False,>10 DE genes,on-target KD
1593,ZNF776,0.15479944185105185,0.146816686037115,0.6032048263802462,0.4465115435704231,ENSG00000152443,Stim48hr,57.0,40,8,48,-1.710599226270022,False,7.934682053308197,False,>10 DE genes,no on-target KD
1594,ZNF785,0.10090526719395616,0.0693733880486354,0.8026790017367516,0.7576458757325599,ENSG00000197162,Stim48hr,396.0,120,128,248,-5.546542098335747,True,7.124481035787022,False,>10 DE genes,on-target KD
1595,ZNF787,0.10737773411327911,-0.0112679924516697,0.642189965367915,0.5530360302763262,ENSG00000142409,Stim48hr,238.0,24,7,31,-3.161118250964331,False,5.132995379839136,False,>10 DE genes,no on-target KD
1596,ZNF829,0.0016615851111236996,-0.0160650590017476,0.44526089252009643,0.3041071558843501,ENSG00000185869,Stim48hr,1440.0,71,8,79,-5.5114555394249525,True,2.8366330014810366,True,>10 DE genes,on-target KD
1597,ZNF837,0.20177146226292167,0.1983595493126794,0.7729845353240247,0.7587954679012693,ENSG00000152475,Stim48hr,389.0,411,347,758,-0.7918041601215549,True,0.6138859230056897,False,>10 DE genes,on-target KD
1598,ZNF92,0.0991697353899883,0.0743308236384308,0.36334253639408254,0.26738119229414,ENSG00000146757,Stim48hr,730.0,154,91,245,-15.007312481982034,True,34.02032289575053,False,>10 DE genes,on-target KD
1599,ZRANB2,0.06244611270483386,0.0116908619481233,0.7579096884726123,0.7224157380620645,ENSG00000132485,Stim48hr,215.0,71,101,172,-16.510217381480818,True,165.09139223559222,False,>10 DE genes,on-target KD
1600,ZSWIM9,-0.0168509645158185,-0.0447296434902626,0.7014217274006137,0.5499778886517914,ENSG00000185453,Stim48hr,667.0,38,21,59,-10.414308887937777,True,16.966700540750683,True,>10 DE genes,on-target KD
1601,ZWINT,0.1542113315478145,0.0661853424861762,0.4733726615458795,0.3210157942583324,ENSG00000122952,Stim48hr,57.0,30,5,35,-5.631505845542862,True,99.30525746869972,False,>10 DE genes,on-target KD
