gene_name,chrom,tss,strand
MT-ND1,chrM,3307,+
MT-ND2,chrM,4470,+
MT-CO1,chrM,5904,+
MT-CO2,chrM,7586,+
MT-ATP8,chrM,8366,+
MT-ATP6,chrM,8527,+
MT-CO3,chrM,9207,+
MT-ND3,chrM,10059,+
MT-ND4L,chrM,10470,+
MT-ND4,chrM,10760,+
MT-ND5,chrM,12337,+
MT-ND6,chrM,14673,-
WASHC1,chr9,73865,-
MT-CYB,chrM,14747,+
FAM110C,chr2,46870,-
POLR3K,chr16,53608,-
TUBB8,chr10,74163,-
TUBB8B,chr18,73545,-
ZNF595,chr4,53286,+
SNRNP25,chr16,53828,+
RHBDF1,chr16,76355,-
OR4F5,chr1,65419,+
IQSEC3,chr12,66767,+
MPG,chr16,77007,+
NPRL3,chr16,138673,-
DEFB125,chr20,87250,+
PLEKHG4B,chr5,92168,+
OR4F17,chr19,107104,+
FOXD4,chr9,118417,-
ZNG1A,chr9,179147,-
ZNF718,chr4,124501,+
ZMYND11,chr10,130088,+
SCGB1C2,chr17,137569,+
DEFB126,chr20,142590,+
HBZ,chr16,142728,+
DOC2B,chr17,181650,-
HBM,chr16,153892,+
DEFB127,chr20,157454,+
USP14,chr18,158383,+
OR4F21,chr8,167024,-
BET1L,chr11,207399,-
HBA2,chr16,172876,+
HBA1,chr16,176680,+
HBQ1,chr16,180459,+
DEFB128,chr20,189711,-
LUC7L,chr16,229463,-
SLC6A12,chr12,214157,-
LRRC14B,chr5,191495,+
FAM20C,chr7,192571,+
SCGB1C1,chr11,193078,+
CIMAP1A,chr11,196761,+
CHL1,chr3,196763,+
CCDC127,chr5,218153,-
RIC8A,chr11,207708,+
RPH3AL,chr17,386254,-
THOC1,chr18,268047,-
DOCK8,chr9,214865,+
SIRT3,chr11,236931,-
SH3YL1,chr2,266398,-
ENSG00000286001,chr5,218298,+
SDHA,chr5,218303,+
SLC6A13,chr12,262873,-
DEFB129,chr20,227258,+
ZNF596,chr8,232137,+
FAM234A,chr16,234521,+
PSMD13,chr11,236976,+
DEFB132,chr20,257724,+
ACP1,chr2,264140,+
RGS11,chr16,275944,-
ZNF732,chr4,305474,-
C20orf96,chr20,290778,-
PDCD6,chr5,271621,+
PDCD6-AHRR,chr5,304184,+
DIP2C,chr10,689668,-
PLCXD1,chrX,276322,+
NLRP6,chr11,278407,+
ALKAL2,chr2,288851,-
KDM5A,chr12,389320,-
ARHGDIG,chr16,280450,+
PLPP2,chr19,291403,-
PDIA2,chr16,283164,+
AXIN1,chr16,352723,-
PGGHG,chr11,289126,+
FOXL3,chr7,290170,+
DUSP22,chr6,291630,+
ZCCHC3,chr20,297570,+
IFITM5,chr11,299526,-
GTPBP6,chrX,318798,-
IFITM2,chr11,303655,+
MIER2,chr19,344796,-
ENSG00000288681,chr11,308408,+
IFITM1,chr11,310041,+
COLEC12,chr18,500701,-
IFITM3,chr11,329475,-
AHRR,chr5,321714,+
SOX12,chr20,325552,+
PPP2R3B,chrX,386907,-
ZNF141,chr4,337814,+
NRSN2,chr20,346782,+
SPMAP2,chr19,376026,-
TRIB3,chr20,362835,+
MRPL28,chr16,371289,-
B4GALNT4,chr11,369499,+
PGAP6,chr16,387113,-
CCDC77,chr12,389273,+
IRF4,chr6,391739,+
PKP3,chr11,392614,+
NME4,chr16,396725,+
DECR2,chr16,401858,+
C2CD4C,chr19,409147,-
SIGIRR,chr11,417409,-
FBXO25,chr8,406428,+
RBCK1,chr20,407498,+
LIAT1,chr17,410325,+
SHC2,chr19,461033,-
ANO9,chr11,442011,-
TBC1D20,chr20,462550,-
RAB11FIP3,chr16,425649,+
ZNF721,chr4,499156,-
RFLNB,chr17,445939,-
EXOC3,chr5,443175,+
PTDSS2,chr11,448268,+
OR4F29,chr1,451678,-
B4GALNT3,chr12,459939,+
CIMAP1D,chr19,474983,-
KANK1,chr9,470291,+
SLC9A3,chr5,524449,-
CSNK2A1,chr20,543835,-
EXOC2,chr6,693139,-
MADCAM1,chr19,489176,+
TDRP,chr8,545781,-
RNH1,chr11,507300,-
PDGFA,chr7,520296,-
PIGG,chr4,499210,+
TPGS1,chr19,507497,+
VPS53,chr17,721717,-
CAPN15,chr16,527712,+
CDC34,chr19,531760,+
HRAS,chr11,537287,-
LRRC56,chr11,537527,+
GZMM,chr19,544034,+
PRKAR1B,chr7,727650,-
LMNTD2,chr11,560738,-
PRR35,chr16,560394,+
RASSF7,chr11,560404,+
NINJ2,chr12,663589,-
PIGQ,chr16,566995,+
NHLRC4,chr16,567005,+
BSG,chr19,571277,+
TMEM271,chr4,576295,-
PHRF1,chr11,576470,+
CETN1,chr18,580380,+
RAB40C,chr16,589357,+
HCN2,chr19,589881,+
CLUL1,chr18,596988,+
TCF15,chr20,610309,-
CEP72,chr5,612340,+
IRF7,chr11,615979,-
ERICH1,chr8,738106,-
CDHR5,chr11,626078,-
POLRMT,chr19,633537,-
SHOX,chrX,624344,+
PDE6B,chr4,625573,+
SCT,chr11,627181,-
WFIKKN1,chr16,630985,+
METTL26,chr16,636366,-
MCRIP2,chr16,636817,+
DRD4,chr11,637269,+
FGF22,chr19,639879,+
DEAF1,chr11,707118,-
SRXN1,chr20,653200,-
ENSG00000270299,chr20,675800,-
RNF126,chr19,663233,-
WDR90,chr16,649325,+
HUS1B,chr6,657100,-
TYMS,chr18,657653,+
TPPP,chr5,693352,-
SCRT2,chr20,675802,-
TMEM18,chr2,677406,-
RHOT2,chr16,668100,+
ENOSF1,chr18,712662,-
ATP5ME,chr4,674330,-
MYL5,chr4,673580,+
RHBDL1,chr16,675671,+
FSTL3,chr19,676392,+
STUB1,chr16,680224,+
JMJD8,chr16,684363,-
SLC49A3,chr4,689271,-
WDR24,chr16,690444,-
PRSS57,chr19,695498,-
OR4F16,chr1,686654,-
FBXL16,chr16,705801,-
EPS8L2,chr11,694438,+
TMEM80,chr11,695591,+
PCGF3,chr4,705748,+
PALM,chr19,708935,+
ZDHHC11B,chr5,784729,-
METRN,chr16,715118,+
ANTKMT,chr16,721097,+
YES1,chr18,812546,-
CCDC78,chr16,726893,-
DNAAF5,chr7,726699,+
HAGHL,chr16,726936,+
CIAO3,chr16,741329,-
TLCD3A,chr17,732546,+
DLGAP2,chr8,737628,+
GEMIN4,chr17,753999,-
TALDO1,chr11,747428,+
MISP,chr19,751112,+
WNK1,chr12,752579,+
GLOD4,chr17,782280,-
SLC52A3,chr20,776015,-
MSLN,chr16,760734,+
GATD1,chr11,777487,-
MSLNL,chr16,782054,-
MRM3,chr17,782353,+
CPLX1,chr4,826129,-
RPUSD1,chr16,788397,-
CEND1,chr11,790113,-
CHTF18,chr16,788046,+
SLC25A22,chr11,798281,-
ZDHHC11,chr5,858973,-
PTBP1,chr19,797075,+
PANO1,chr11,797511,+
GNG13,chr16,800734,-
PIDD1,chr11,809753,-
NXN,chr17,979776,-
ENSG00000293685,chr11,804419,-
RPLP2,chr11,805438,+
LARP4B,chr10,931705,-
PLPPR3,chr19,821955,-
SUN1,chr7,816615,+
PNPLA2,chr11,818914,+
AZU1,chr19,825097,+
CRACR2B,chr11,826144,+
CD151,chr11,832887,+
FAM110A,chr20,833715,+
POLR2L,chr11,842529,-
PRTN3,chr19,840999,+
DMRT1,chr9,841697,+
TSPAN4,chr11,842812,+
GAK,chr4,932373,-
BRD9,chr5,892801,-
ELANE,chr19,851014,+
LMF1,chr16,981297,-
CFD,chr19,859453,+
MED16,chr19,893218,-
CHID1,chr11,915058,-
ANGPT4,chr20,916334,-
GET4,chr7,876554,+
TRIP13,chr5,892884,+
R3HDM4,chr19,913245,-
ADAP1,chr7,955407,-
COX19,chr7,975549,-
ADCYAP1,chr18,904871,+
RAD52,chr12,990053,-
KISS1R,chr19,917287,+
SAMD11,chr1,923923,+
AP2A2,chr11,924881,+
ARID3A,chr19,925781,+
TMEM175,chr4,932387,+
NOC2L,chr1,959309,-
SNTG2,chr2,950849,+
RSPO4,chr20,1002311,-
DGKQ,chr4,986895,-
KLHL17,chr1,960584,+
PLEKHN1,chr1,966482,+
PERM1,chr1,982117,-
DMRT3,chr9,976655,+
SLC26A1,chr4,993440,-
SOX8,chr16,981730,+
CYP2W1,chr7,983181,+
WDR18,chr19,984332,+
IDUA,chr4,986997,+
GTPBP4,chr10,988434,+
ERC1,chr12,990509,+
C7orf50,chr7,1138260,-
TIMM22,chr17,997129,+
HES4,chr1,1000172,-
GRIN3B,chr19,1000419,+
ISG15,chr1,1001138,+
ABR,chr17,1229738,-
NKD2,chr5,1008802,+
TMEM259,chr19,1021123,-
FGFRL1,chr4,1009936,+
MUC6,chr11,1036718,-
IDI2,chr10,1025859,-
AGRN,chr1,1020120,+
CNN2,chr19,1026586,+
IDI1,chr10,1049119,-
ABCA7,chr19,1040107,+
GPR146,chr7,1044546,+
WDR37,chr10,1049538,+
DMRT2,chr9,1049858,+
SLC12A7,chr5,1112063,-
RNF212,chr4,1113564,-
SSTR5,chr16,1063867,+
ARHGAP45,chr19,1065923,+
RNF223,chr1,1074306,-
MUC2,chr11,1074875,+
C1orf159,chr1,1116361,-
GPER1,chr7,1082208,+
POLR2E,chr19,1095380,-
C1QTNF8,chr16,1096244,-
CNTN6,chr3,1092661,+
GPX4,chr19,1103982,+
SBNO2,chr19,1174268,-
PSMF1,chr20,1113263,+
ZFAND2A,chr7,1160759,-
CACNA1H,chr16,1153103,+
MUC5AC,chr11,1157953,+
SPON2,chr4,1208962,-
TTLL10,chr1,1173880,+
ADARB2,chr10,1737525,-
STK11,chr19,1177558,+
TMEM74B,chr20,1185415,-
CRLF2,chrX,1212649,-
SLC6A19,chr5,1201595,+
C20orf202,chr20,1203454,+
TNFRSF18,chr1,1206592,-
TNFRSF4,chr1,1214153,-
CTBP1,chr4,1250333,-
SDF4,chr1,1232031,-
TPSG1,chr16,1225793,-
MUC5B,chr11,1223066,+
SLC6A18,chr5,1225381,+
RAD21L1,chr20,1226044,+
TPSB2,chr16,1232757,-
CBARP,chr19,1238027,-
B3GALT6,chr1,1232237,+
UNCX,chr7,1232872,+
TPSAB1,chr16,1239266,+
ATP5F1D,chr19,1241746,+
C1QTNF12,chr1,1246722,-
MIDN,chr19,1248553,+
TERT,chr5,1295068,-
UBE2J2,chr1,1273855,-
TPSD1,chr16,1256059,+
CIRBP,chr19,1259384,+
SNPH,chr20,1266280,+
CSF2RA,chrX,1268793,+
BHLHA9,chr17,1270444,+
TOLLIP,chr11,1309654,-
FAM174C,chr19,1275530,+
TRARG1,chr17,1279662,+
SCNN1D,chr1,1280436,+
EFNA2,chr19,1285873,+
MAEA,chr4,1289887,+
UBE2I,chr16,1291444,+
ACAP3,chr1,1307930,-
PUSL1,chr1,1308597,+
SDCBP2,chr20,1329139,-
INTS11,chr1,1324687,-
FOXQ1,chr6,1312098,+
ENSG00000274322,chr20,1393086,-
CLPTM1L,chr5,1345099,-
CPTP,chr1,1324756,+
TAS1R3,chr1,1331280,+
BAIAP3,chr16,1333643,+
DVL1,chr1,1349418,-
IL3RA,chrX,1336616,+
YWHAE,chr17,1400222,-
UVSSA,chr4,1345691,+
TSR3,chr16,1351878,-
GNPTG,chr16,1351931,+
MXRA8,chr1,1361777,-
PWWP3A,chr19,1354711,+
UNKL,chr16,1414751,-
FKBP1A,chr20,1393164,-
AURKAIP1,chr1,1375207,-
TPO,chr2,1374066,+
NDUFS7,chr19,1383527,+
CCNL2,chr1,1399335,-
SLC25A6,chrX,1392113,-
FOXF2,chr6,1389576,+
BRSK2,chr11,1389899,+
SLC6A3,chr5,1445440,-
GAMT,chr19,1401570,-
MRPL20,chr1,1407293,-
NKX1-1,chr4,1406442,-
ASMTL,chrX,1453762,-
DAZAP1,chr19,1407569,+
ANKRD65,chr1,1421769,-
UQCC4,chr16,1420747,-
CRK,chr17,1463162,-
TMEM88B,chr1,1425871,+
MICALL2,chr7,1459470,-
PERCC1,chr16,1431078,+
CCDC154,chr16,1444556,-
VWA1,chr1,1434861,+
RPS15,chr19,1438358,+
NSFL1C,chr20,1473842,-
CLCN7,chr16,1475077,-
APC2,chr19,1446302,+
ATAD3C,chr1,1449689,+
LPCAT1,chr5,1523960,-
C19orf25,chr19,1479219,-
P2RY8,chrX,1537185,-
MYO1C,chr17,1492686,-
MOB2,chr11,1501247,-
INTS1,chr7,1504389,-
SIRPB2,chr20,1491481,-
ATAD3B,chr1,1471765,+
PCSK4,chr19,1490752,-
PTX4,chr16,1488981,-
REEP6,chr19,1491181,+
TELO2,chr16,1493360,+
INPP5K,chr17,1516742,-
ADAMTSL5,chr19,1513604,-
PLK5,chr19,1508023,+
IFT140,chr16,1612072,-
ATAD3A,chr1,1512162,+
PITPNA,chr17,1562792,-
TMEM204,chr16,1528688,+
WNT5B,chr12,1529891,+
MAFK,chr7,1530702,+
SIRPD,chr20,1557705,-
TMEM240,chr1,1540624,-
ENSG00000260861,chr20,1620009,-
SSU72,chr1,1574863,-
TMEM184A,chr7,1560821,-
DUSP8,chr11,1572271,-
MEX3D,chr19,1568325,-
SIRPB1,chr20,1620061,-
FBXL14,chr12,1594581,-
PSMG3,chr7,1571005,-
SLC43A2,chr17,1628834,-
MBD3,chr19,1592865,-
ENSG00000267059,chr19,1605445,-
KRTAP5-1,chr11,1585283,-
AKAP17A,chrX,1591604,+
UQCR11,chr19,1605473,-
KRTAP5-2,chr11,1598294,-
FNDC10,chr1,1600135,-
KRTAP5-3,chr11,1608463,-
TCF3,chr19,1652615,-
FOXC1,chr6,1609915,+
CRAMP1,chr16,1612337,+
ASMT,chrX,1615059,+
MIB2,chr1,1615500,+
FAM53A,chr4,1684313,-
KRTAP5-4,chr11,1622138,-
GMDS,chr6,2245605,-
SIRPG,chr20,1657779,-
KRTAP5-5,chr11,1629775,+
PXDN,chr2,1744852,-
MMP23B,chr1,1632163,+
ENSG00000261732,chr16,1632259,+
SCARF1,chr17,1645744,-
CDK11B,chr1,1659012,-
RILP,chr17,1649866,-
PRPF8,chr17,1684867,-
SLC35E2B,chr1,1692795,-
ELFN1,chr7,1665745,+
JPT2,chr16,1678256,+
ADIPOR2,chr12,1688574,+
SLBP,chr4,1712344,-
KRTAP5-6,chr11,1697195,+
CDK11A,chr1,1724357,-
TLCD2,chr17,1710377,-
MAPK8IP3,chr16,1706166,+
TACC3,chr4,1712858,+
TMEM129,chr4,1721358,-
WDR81,chr17,1716523,+
IFITM10,chr11,1750595,-
SLC35E2A,chr1,1739557,-
ENSG00000250644,chr11,1763954,-
SERPINF2,chr17,1742836,+
NADK,chr1,1780457,-
CTSD,chr11,1764573,-
ONECUT3,chr19,1753506,+
CLN8,chr8,1755778,+
SERPINF1,chr17,1762029,+
KBTBD11-OT1,chr8,1763888,+
NME3,chr16,1771561,-
MRPS34,chr16,1773150,-
EME2,chr16,1772810,+
SPSB3,chr16,1793700,-
SMYD4,chr17,1830634,-
ATP8B3,chr19,1812276,-
NUBP2,chr16,1782960,+
GNB1,chr1,1892292,-
MYT1L,chr2,2331664,-
IGFALS,chr16,1794971,-
CACNA2D4,chr12,1918652,-
FGFR3,chr4,1793293,+
HAGH,chr16,1827157,-
MRPL36,chr5,1801366,-
NDUFS6,chr5,1801407,+
LETM1,chr4,1856156,-
REXO1,chr19,1848483,-
MAD1L1,chr7,2233243,-
ENSG00000286192,chr7,2242215,-
LRTM2,chr12,1820267,+
ARHGEF10,chr8,1823926,+
FAHD1,chr16,1826967,+
SYT8,chr11,1828307,+
RPA1,chr17,1829702,+
MEIOB,chr16,1884294,-
TNNI2,chr11,1838981,+
LSP1,chr11,1850904,+
KLF16,chr19,1863579,-
NSD2,chr4,1871393,+
ABHD17A,chr19,1885496,-
IRX4,chr5,1887236,-
PRR33,chr11,1891895,-
SIRPA,chr20,1894167,+
SCAMP4,chr19,1905214,+
ADAT3,chr19,1905399,+
HS3ST6,chr16,1918415,-
CALML6,chr1,1915108,+
TMEM52,chr1,1919279,-
TNNT3,chr11,1919703,+
CFAP74,chr1,2003837,-
RTN4RL1,chr17,2025334,-
MSRB1,chr16,1943199,-
CSNK1G2,chr19,1941172,+
RPL3L,chr16,1957606,-
DCP1B,chr12,2004535,-
MRPL23,chr11,1947278,+
NDUFB10,chr16,1959538,+
RPS2,chr16,1964841,-
RNF151,chr16,1966823,+
CACNA1C,chr12,1970772,+
TBL3,chr16,1972053,+
KBTBD11,chr8,1973677,+
PDYN,chr20,1994285,-
NOXO1,chr16,1984192,-
SMARCA2,chr9,1980290,+
NELFA,chr4,2041903,-
GFER,chr16,1984193,+
BTBD2,chr19,2034881,-
SYNGR3,chr16,1989660,+
ZNF598,chr16,2009821,-
NPW,chr16,2009926,+
GABRD,chr1,2019329,+
NHERF2,chr16,2025356,+
DPH1,chr17,2030137,+
MKNK2,chr19,2051244,-
NTHL1,chr16,2047866,-
NICOL1,chr4,2041995,+
OVCA2,chr17,2042022,+
MYOM2,chr8,2045046,+
TSC2,chr16,2047977,+
PRKCZ,chr1,2050411,+
HIC1,chr17,2054154,+
NAT8L,chr4,2059327,+
SMG6,chr17,2303785,-
MOB3A,chr19,2096673,-
POLN,chr4,2242121,-
ENSG00000290263,chr4,2242276,-
PKD1,chr16,2135898,-
IZUMO4,chr19,2096915,+
CNTN4,chr3,2098813,+
AP3D1,chr19,2164468,-
STK35,chr20,2101827,+
IGF2,chr11,2158391,-
ENSG00000284779,chr11,2149603,-
INS-IGF2,chr11,2161209,-
RAB26,chr16,2148144,+
TRAF7,chr16,2155698,+
INS,chr11,2161221,-
TH,chr11,2171815,-
DOT1L,chr19,2163933,+
CASKIN1,chr16,2196605,-
FAAP20,chr1,2212720,-
MLST8,chr16,2204248,+
ENSG00000286022,chr20,2207328,+
BRICD5,chr16,2210905,-
PGP,chr16,2214840,-
DHRSX,chrX,2502805,-
E4F1,chr16,2223580,+
SKI,chr1,2227388,+
HAUS3,chr4,2242133,-
PLEKHJ1,chr19,2237704,-
MRM2,chr7,2242205,-
DNASE1L2,chr16,2235816,+
SF3A2,chr19,2236824,+
ECI1,chr16,2252300,-
NUDT1,chr7,2242226,+
MXD4,chr4,2262109,-
AMH,chr19,2249309,+
SNX8,chr7,2354318,-
JSRP1,chr19,2269759,-
RNPS1,chr16,2268397,-
ASCL2,chr11,2270588,-
OAZ1,chr19,2269520,+
ENSG00000273734,chr19,2269525,+
ZFYVE28,chr4,2418651,-
PEAK3,chr19,2282175,-
ABCA3,chr16,2340746,-
LINGO3,chr19,2308154,-
C11orf21,chr11,2303049,-
TGM3,chr20,2296001,+
TSPAN32,chr11,2302013,+
SRR,chr17,2303383,+
MORN1,chr1,2391707,-
LSM7,chr19,2328611,-
TSR1,chr17,2336457,-
SPPL2B,chr19,2328615,+
SGSM2,chr17,2337501,+
EIF3B,chr7,2354086,+
TMPRSS9,chr19,2360238,+
CD81,chr11,2376177,+
TGM6,chr20,2380901,+
MNT,chr17,2401104,-
RER1,chr1,2391775,+
TSSC4,chr11,2400488,+
CHST12,chr7,2403588,+
PEX10,chr1,2413797,-
TRPM5,chr11,2444514,-
METTL16,chr17,2511891,-
CFAP99,chr4,2418955,+
TIMM13,chr19,2427586,-
PLCH2,chr1,2425980,+
LMNB2,chr19,2456959,-
CCNF,chr16,2429447,+
KCNQ1,chr11,2444654,+
TEDC2,chr16,2460086,+
SNRPB,chr20,2470853,-
RNF4,chr4,2462220,+
ENSG00000256566,chr20,2508907,-
NTN3,chr16,2471297,+
GRIFIN,chr7,2476398,-
TBC1D24,chr16,2475051,+
GADD45B,chr19,2476127,+
ZNF343,chr20,2524702,-
ZBED1,chrX,2500976,-
ENSG00000260272,chr16,2496032,+
PANK4,chr1,2526596,-
GNG7,chr19,2702694,-
ENSG00000290180,chr4,2512477,+
LFNG,chr7,2512529,+
ATP6V0C,chr16,2513952,+
ENSG00000259784,chr16,2513965,+
AMDHD2,chr16,2520357,+
HES5,chr1,2530263,-
CEMP1,chr16,2531417,-
TMC2,chr20,2536573,+
FAM193A,chr4,2536647,+
METTL4,chr18,2571509,-
BRAT1,chr7,2555524,-
PDPK1,chr16,2537979,+
TNFRSF14,chr1,2555639,+
IQCE,chr7,2558972,+
NDC80,chr18,2571557,+
PRXL2B,chr1,2586491,+
MMEL1,chr1,2633016,-
PAFAH1B1,chr17,2593183,+
VLDLR,chr9,2621182,+
TTYH3,chr7,2631961,+
TTC34,chr1,2801693,-
NOP56,chr20,2652632,+
SMCHD1,chr18,2655726,+
IDH3B,chr20,2664219,-
MYLK4,chr6,2770330,-
AMZ1,chr7,2679522,+
KCTD5,chr16,2682523,+
CLUH,chr17,2712663,-
CD99,chrX,2691187,+
EBF4,chr20,2692780,+
PRSS27,chr16,2720224,-
DIRAS1,chr19,2721372,-
KCNV2,chr9,2717510,+
ENSG00000267001,chr19,2740048,-
PUM3,chr9,2844095,-
CCDC92B,chr17,2749652,-
GNA12,chr7,2870786,-
SLC39A3,chr19,2740028,-
TNIP2,chr4,2756342,-
IRX2,chr5,2751677,-
XG,chrX,2752040,+
SRRM2,chr16,2752626,+
SGTA,chr19,2783327,-
RAP1GAP2,chr17,2755705,+
WRNIP1,chr6,2765393,+
ELOB,chr16,2777289,-
PRSS33,chr16,2787948,-
THOP1,chr19,2785503,+
SRY,chrY,2787682,-
SH3BP2,chr4,2793023,+
CPXM1,chr20,2800627,-
FKBP4,chr12,2794970,+
PRSS41,chr16,2798470,+
ITFG2,chr12,2812668,+
ENSG00000241690,chr20,2814968,+
C20orf141,chr20,2814987,+
TMEM239,chr20,2816302,+
PRSS21,chr16,2817180,+
ZNF554,chr19,2819868,+
NRIP2,chr12,2835544,-
GYG2,chrX,2828822,+
ZG16B,chr16,2830253,+
SERPINB1,chr6,2841959,-
PCED1A,chr20,2841190,-
VPS16,chr20,2840703,+
ZNF555,chr19,2841437,+
RPS4Y1,chrY,2841602,+
ADD1,chr4,2843844,+
EMILIN2,chr18,2847006,+
TEX52,chr12,2857039,-
PRSS22,chr16,2858170,-
FOXM1,chr12,2877174,-
ZNF556,chr19,2867335,+
PTPRA,chr20,2873420,+
RHNO1,chr12,2876258,+
TULP3,chr12,2890887,+
CDKN1C,chr11,2885775,-
FLYWCH2,chr16,2883213,+
LPIN2,chr18,3013144,-
SERPINB9,chr6,2903309,-
SLC22A18,chr11,2899721,+
ZNF57,chr19,2900928,+
ARSD,chrX,2929349,-
CARD11,chr7,3043867,-
FLYWCH1,chr16,2911931,+
PHLDA2,chr11,2929420,-
MFSD10,chr4,2934834,-
ZNF77,chr19,2944971,-
ARSL,chrX,2968475,-
ZFY,chrY,2935281,+
CSMD1,chr8,4994972,-
NOP14,chr4,2963406,-
NAP1L4,chr11,2992377,-
SERPINB6,chr6,2972165,-
TEAD4,chr12,2959330,+
GRK4,chr4,2963571,+
KREMEN2,chr16,2964216,+
PKMYT1,chr16,2980479,-
PAQR4,chr16,2969270,+
TLE6,chr19,2977538,+
NQO2,chr6,2987987,+
GREP1,chr16,2988256,+
TLE2,chr19,3047635,-
CARS1,chr11,3057613,-
ENSG00000289281,chr16,3004132,+
ARSH,chrX,3006546,+
CLDN9,chr16,3012923,+
CLDN6,chr16,3020071,-
TNFRSF12A,chr16,3018445,+
ACTRT2,chr1,3021467,+
HCFC1R1,chr16,3024286,-
THOC6,chr16,3024035,+
BICDL2,chr16,3036944,-
HTT,chr4,3041363,+
ARSF,chrX,3041471,+
GNRH2,chr20,3043622,+
MRPS26,chr20,3046052,+
MMP25,chr16,3046561,+
TLE5,chr19,3063107,-
OR1D5,chr17,3063607,-
RIPK1,chr6,3063862,+
IL32,chr16,3065297,+
IL5RA,chr3,3126613,-
PFKP,chr10,3066333,+
MYOM1,chr18,3219968,-
PRDM16,chr1,3069168,+
OXT,chr20,3071620,+
TSPAN9,chr12,3077355,+
AVP,chr20,3084724,-
OSBPL5,chr11,3165770,-
OR1D2,chr17,3104422,-
ZSCAN10,chr16,3099295,-
GNA11,chr19,3094362,+
UBOX5,chr20,3160196,-
ZNF205,chr16,3112560,+
BPHL,chr6,3118374,+
OR1G1,chr17,3127551,-
TRNT1,chr3,3126933,+
ZNF213,chr16,3129777,+
GNA15,chr19,3136033,+
PITRM1,chr10,3172841,-
CRBN,chr3,3179727,-
FASTKD5,chr20,3159865,-
TUBB2A,chr6,3157544,-
OR1P1,chr17,3154882,-
LZTS3,chr20,3173549,-
S1PR4,chr19,3172346,+
NCLN,chr19,3185563,+
OR1F1,chr16,3188204,+
EIPR1,chr2,3377830,-
DDRGK1,chr20,3204685,-
OR1A2,chr17,3197519,+
OR1A1,chr17,3207539,+
ITPA,chr20,3208868,+
MRGPRG,chr11,3218813,-
RFX3,chr9,3526004,-
ZNF200,chr16,3236221,-
TUBB2B,chr6,3231730,-
CELF5,chr19,3224661,+
MRGPRE,chr11,3232417,-
SLC4A11,chr20,3239559,-
PSMG4,chr6,3231807,+
MEFV,chr16,3256633,-
MSANTD1,chr4,3244369,+
MYL12A,chr18,3247481,+
DNAAF9,chr20,3407669,-
MYL12B,chr18,3261479,+
ZNF263,chr16,3263800,+
SLC22A23,chr6,3457050,-
OR3A2,chr17,3386317,-
OR3A1,chr17,3298360,-
RGS12,chr4,3293021,+
TIGD7,chr16,3305729,-
SDK1,chr7,3301252,+
ZNF75A,chr16,3305472,+
MXRA5,chrX,3346652,-
NFIC,chr19,3314403,+
ZNF195,chr11,3379222,-
OR2C1,chr16,3355889,+
ENSG00000285329,chr16,3365099,+
TRAPPC12,chr2,3379675,+
PRMT8,chr12,3381349,+
ZSCAN32,chr16,3401065,-
OR1R1P,chr17,3385930,+
OR1E1,chr17,3398410,-
ZNF174,chr16,3401215,+
OR3A3,chr17,3411370,+
TGIF1,chr18,3411608,+
ZNF597,chr16,3443504,-
OR1E2,chr17,3433841,-
SPATA22,chr17,3513852,-
HGFAC,chr4,3441968,+
NAA60,chr16,3443649,+
ARHGEF16,chr1,3454665,+
DOK7,chr4,3463306,+
ATRN,chr20,3471018,+
ASPA,chr17,3472374,+
SMIM24,chr19,3480525,-
SMIM44,chr19,3483441,-
MEGF6,chr1,3611508,-
DOHH,chr19,3500674,-
C16orf90,chr16,3495489,-
DLGAP1,chr18,4455307,-
ADI1,chr2,3519531,-
CLUAP1,chr16,3500981,+
LRPAP1,chr4,3532446,-
FZR1,chr19,3506311,+
TRPV3,chr17,3557812,-
ENSG00000286905,chr2,3558333,-
MFSD12,chr19,3574290,-
NLRC3,chr16,3577403,-
TEKTIP1,chr19,3539171,+
RNASEH1,chr2,3558333,-
TRPV1,chr17,3609411,-
HMG20B,chr19,3572777,+
RPS7,chr2,3575260,+
TGIF2LY,chrY,3579067,+
SLX4,chr16,3611606,-
ENSG00000262304,chr17,3636249,-
GIPC3,chr19,3585478,+
TBXA2R,chr19,3606875,-
COLEC11,chr2,3594832,+
IRX1,chr5,3595832,+
PRKX,chrX,3713649,-
CRACR2A,chr12,3764819,-
SHPK,chr17,3636250,-
CACTIN,chr19,3626815,-
DNASE1,chr16,3642938,+
TPRG1L,chr1,3625015,+
PIP5K1C,chr19,3700468,-
WRAP73,chr1,3652761,-
CTNS,chr17,3636459,+
ART5,chr11,3642316,-
ART1,chr11,3645128,+
TRAP1,chr16,3717553,-
TP73,chr1,3652516,+
ALLC,chr2,3658200,+
GFRA4,chr20,3663399,-
TAX1BP3,chr17,3668679,-
P2RX5-TAX1BP3,chr17,3696194,-
CHRNA10,chr11,3671384,-
ADAM33,chr20,3682246,-
EMC6,chr17,3668812,+
NUP98,chr11,3797792,-
P2RX5,chr17,3696216,-
SIGLEC1,chr20,3712600,-
SUMF1,chr3,4467273,-
DCDC2C,chr2,3703575,+
TJP3,chr19,3708362,+
ITGAE,chr17,3801188,-
PXDC1,chr6,3751713,-
HASPIN,chr17,3723903,+
CREBBP,chr16,3880713,-
HSPA12B,chr20,3732685,+
CCDC27,chr1,3752450,+
APBA3,chr19,3761692,-
ADISSP,chr20,3767781,-
MRPL54,chr19,3762682,+
ADRA2C,chr4,3766348,+
RAX2,chr19,3772228,-
SMIM1,chr1,3772749,+
KLF6,chr10,3785281,-
SPEF1,chr20,3781448,-
MATK,chr19,3802129,-
LRRC47,chr1,3796498,-
CENPB,chr20,3786740,-
CDC25B,chr20,3786772,+
PARP11,chr12,3873448,-
PGAP2,chr11,3797819,+
LRRN1,chr3,3799431,+
NCBP3,chr17,3846246,-
ZFR2,chr19,3869038,-
AP5S1,chr20,3811384,+
CEP104,chr1,3857396,-
GLIS3,chr9,4348392,-
RHOG,chr11,3840959,-
MAVS,chr20,3846799,+
FAM50B,chr6,3849373,+
STIM1,chr11,3854527,+
DFFB,chr1,3857267,+
CAMKK1,chr17,3893053,-
ATCAY,chr19,3879864,+
PANK2,chr20,3888839,+
C1orf174,chr1,3900272,-
P2RX1,chr17,3916465,-
ATP2A3,chr17,3964464,-
RNF24,chr20,4015558,-
NMRK2,chr19,3933069,+
ADCY9,chr16,4116442,-
DAPK3,chr19,3971123,-
EEF2,chr19,3985463,-
ZZEF1,chr17,4143030,-
PIAS4,chr19,4007736,+
PRP4K,chr6,4021300,+
ZBTB7A,chr19,4066899,-
FAM217A,chr6,4087344,-
TEX56P,chr6,4087534,+
MAP2K2,chr19,4124122,-
RRM1,chr11,4094707,+
ECI2,chr6,4135597,-
SMOX,chr20,4120980,+
CYB5D2,chr17,4143168,+
CREB3L3,chr19,4153631,+
ANKFY1,chr17,4263979,-
SIRT6,chr19,4182563,-
ANKRD24,chr19,4182689,+
OTOP1,chr4,4226929,-
SRL,chr16,4242080,-
ADRA1D,chr20,4249287,-
EBI3,chr19,4229523,+
SSU72L5,chr11,4233217,+
TMEM128,chr4,4248223,-
SSU72L2,chr11,4242706,-
YJU2,chr19,4247080,+
TFAP4,chr16,4273023,-
LYAR,chr4,4290154,-
UBE2G1,chr17,4366675,-
CCND2,chr12,4269771,+
ENSG00000285901,chr12,4273762,+
SHD,chr19,4279266,+
SSU72L4,chr11,4288185,-
ZBTB49,chr4,4290251,+
TMIGD2,chr19,4302431,-
SETMAR,chr3,4303361,+
FSD1,chr19,4304598,+
TIGAR,chr12,4307763,+
GLIS2,chr16,4314761,+
STAP2,chr19,4338827,-
SSU72L3,chr11,4329790,+
PAM16,chr16,4355607,-
SSU72L1,chr11,4339345,-
CORO7-PAM16,chr16,4416587,-
MPND,chr19,4343527,+
NSG1,chr4,4348140,+
CORO7,chr16,4425705,-
SH3GL1,chr19,4400547,-
OR52B4,chr11,4368386,-
FGF23,chr12,4379712,-
VASN,chr16,4371848,+
TRIM21,chr11,4393702,-
CHAF1A,chr19,4402640,+
STX18,chr4,4542346,-
DNAJA3,chr16,4425805,+
FGF6,chr12,4445815,-
SPNS3,chr17,4433940,+
UBXN6,chr19,4457794,-
OR52K2,chr11,4449295,+
NMRAL1,chr16,4495763,-
HDGFL2,chr19,4472297,+
HMOX2,chr16,4474690,+
OR52K1,chr11,4482646,+
FERRY3,chr12,4538508,-
SLC1A1,chr9,4490468,+
ITPR1,chr3,4493345,+
SPNS2,chr17,4498881,+
PLIN4,chr19,4518486,-
CDIP1,chr16,4538828,-
PLIN5,chr19,4535224,-
ENSG00000267385,chr19,4540067,-
LRG1,chr19,4540036,-
RAD51AP1,chr12,4538890,+
MYBBP1A,chr17,4555386,-
SEMA6B,chr19,4581776,-
OR52M1,chr11,4545191,+
SPATA6L,chr9,4666674,-
C16orf96,chr16,4556340,+
GGT6,chr17,4560818,-
DYRK4,chr12,4562208,+
OR52I2,chr11,4581743,+
SMTNL2,chr17,4583999,+
OR52I1,chr11,4594039,+
TRIM68,chr11,4608231,-
ENSG00000272921,chr12,4604944,+
UBALD1,chr16,4615027,-
AKAP3,chr12,4649051,-
MGRN1,chr16,4616493,+
ALOX15,chr17,4642294,-
OR51D1,chr11,4637477,+
TNFAIP8L1,chr19,4639516,+
MYDGF,chr19,4670362,-
OR51E1,chr11,4643420,+
NDUFA9,chr12,4649114,+
ENSG00000255639,chr12,4649101,+
AJAP1,chr1,4654609,+
PLPP6,chr9,4662294,+
PELP1,chr17,4704337,-
DPP9,chr19,4724673,-
CDC37L1,chr9,4679559,+
OR51E2,chr11,4697854,-
FOXK1,chr7,4682295,+
PRNP,chr20,4686350,+
OR51C1P,chr11,4697853,-
NUDT16L1,chr16,4693562,+
ANKS3,chr16,4734377,-
MMP26,chr11,4704784,+
CDYL,chr6,4706159,+
AK3,chr9,4742043,-
ARRB2,chr17,4710630,+
GALNT8,chr12,4720400,+
PRND,chr20,4721909,+
MED11,chr17,4731428,+
CXCL16,chr17,4739928,-
DNAAF8,chr16,4734344,+
ZMYND15,chr17,4739833,+
ZNF500,chr16,4767624,-
OR51F1,chr11,4769938,-
TM4SF5,chr17,4771886,+
AP5Z1,chr7,4775623,+
SEPTIN12,chr16,4788398,-
RASSF2,chr20,4823608,-
VMO1,chr17,4786433,-
AKR1E2,chr10,4786629,+
SMIM22,chr16,4788397,+
GLTPD2,chr17,4788964,+
FEM1A,chr19,4791734,+
RCL1,chr9,4792944,+
PSMB6,chr17,4796144,+
ROGDI,chr16,4802633,-
RADIL,chr7,4883716,-
C17orf114,chr17,4807013,-
GLYR1,chr16,4847288,-
OR52R1,chr11,4804380,-
PLD2,chr17,4807152,+
KCNA6,chr12,4809334,+
TICAM1,chr19,4831712,-
OR51F2,chr11,4821321,+
MINK1,chr17,4833340,+
PLIN3,chr19,4867694,-
UBN1,chr16,4846665,+
OR51S1,chr11,4849208,-
SLC23A2,chr20,5010293,-
PAPOLB,chr7,4862030,-
MSX1,chr4,4859665,+
OR51T1,chr11,4881819,+
PPL,chr16,4960741,-
ARRDC5,chr19,4902899,-
CHRNE,chr17,4934438,-
C17orf107,chr17,4899418,+
UHRF1,chr19,4903080,+
OR51A7,chr11,4903783,+
MMD2,chr7,4959212,-
KCNA1,chr12,4909905,+
OR51G2,chr11,4919350,-
OR51G1,chr11,4924339,-
GP1BA,chr17,4932277,+
SLC25A11,chr17,4940053,-
RNF167,chr17,4940008,+
OR51A4,chr11,4947605,-
PFN1,chr17,4949061,-
ENO3,chr17,4948092,+
OR51A2,chr11,4955713,-
SEC14L5,chr16,4958330,+
SPAG7,chr17,4967817,-
AKR1C1,chr10,4963253,+
CAMTA2,chr17,4987675,-
KDM4B,chr19,4969113,+
BHLHE40,chr3,4979437,+
RBAK-RBAKDN,chr7,4983718,+
JAK2,chr9,4984390,+
AKR1C2,chr10,5018031,-
INCA1,chr17,4997610,-
RPP40,chr6,5004063,-
OR51L1,chr11,4994851,+
KIF1C,chr17,4997950,+
PCDH11Y,chrY,5000226,+
CYTL1,chr4,5019458,-
NAGPA,chr16,5034141,-
SLC52A1,chr17,5052009,-
ALG1,chr16,5033923,+
AKR1C3,chr10,5035354,+
KCNA5,chr12,5043879,+
C16orf89,chr16,5066110,-
RBAK,chr7,5045821,+
OR52J3,chr11,5046526,+
STK32B,chr4,5051480,+
OR52E2,chr11,5059627,-
TMEM230,chr20,5113087,-
OR52E1,chr11,5069572,+
RBAKDN,chr7,5072125,+
ZFP3,chr17,5078467,+
EEF2KMT,chr16,5097795,-
PPP1R3G,chr6,5085341,+
LYRM4,chr6,5260950,-
ZNF232,chr17,5111891,-
PCNA,chr20,5126626,-
USP6,chr17,5116032,+
ARL8B,chr3,5122292,+
INSL6,chr9,5185647,-
CDS2,chr20,5126879,+
OR52A5,chr11,5138356,-
ADAMTS16,chr5,5140330,+
AKAIN1,chr18,5197503,-
OR52A1,chr11,5154757,-
AKR1C8,chr10,5185181,-
PTPRS,chr19,5340812,-
ZNF594,chr17,5191868,-
EDEM1,chr3,5187707,+
WIPI2,chr7,5190196,+
AKR1C4,chr10,5195463,+
OR51V1,chr11,5200682,-
SCIMP,chr17,5234860,-
HBB,chr11,5229395,-
INSL4,chr9,5231419,+
HBD,chr11,5243657,-
RBFOX1,chr16,5239802,+
HBG1,chr11,5249857,-
ENSG00000284931,chr11,5254783,-
HBG2,chr11,5505605,-
ENSG00000239920,chr11,5624894,-
FARS2,chr6,5261044,+
HBE1,chr11,5505652,-
SLC29A4,chr7,5274369,+
RABEP1,chr17,5282265,+
ZBTB14,chr18,5297053,-
PROKR2,chr20,5316954,-
RLN2,chr9,5304716,-
OR51B4,chr11,5301946,-
OR51B5,chr11,5505652,-
TNRC18,chr7,5425414,-
OR51B2,chr11,5324297,-
RLN1,chr9,5339876,-
OR51B6,chr11,5351508,+
PLGRKT,chr9,5437925,-
NUP88,chr17,5420164,-
UCN3,chr10,5364966,+
OR51M1,chr11,5383812,+
EPB41L3,chr18,5630700,-
TUBAL3,chr10,5404828,-
NET1,chr10,5412557,+
RPAIN,chr17,5419641,+
ICE1,chr5,5420664,+
OR51Q1,chr11,5422111,+
FBXL18,chr7,5513809,-
NTF3,chr12,5432108,+
C1QBP,chr17,5448830,-
OR51I1,chr11,5441514,-
DHX33,chr17,5468982,-
OR51I2,chr11,5449323,+
CD274,chr9,5450503,+
ZNRF4,chr19,5455417,+
DERL2,chr17,5486811,-
MIS12,chr17,5486285,+
OR52D1,chr11,5488685,+
CALML5,chr10,5499570,-
NLRP1,chr17,5619424,-
ENSG00000286190,chr17,5501006,-
UBQLN3,chr11,5509958,-
PDCD1LG2,chr9,5510531,+
UBQLNL,chr11,5518431,-
CALML3,chr10,5524961,+
ACTB,chr7,5563902,-
ANO2,chr12,5946232,-
EVC2,chr4,5709548,-
GPCPD1,chr20,5611006,-
OR52H1,chr11,5548540,-
TINCR,chr19,5578349,-
OR52B6,chr11,5580877,+
SAFB2,chr19,5624046,-
FSCN1,chr7,5592816,+
TRIM6,chr11,5596109,+
TRIM6-TRIM34,chr11,5596725,+
TRIM34,chr11,5619764,+
RNF216,chr7,5781696,-
SAFB,chr19,5623083,+
RIC1,chr9,5629025,+
ASB13,chr10,5666595,-
TRIM5,chr11,5938619,-
RPL36,chr19,5674947,+
MICOS13,chr19,5680516,-
HSD11B1L,chr19,5680604,+
TASOR2,chr10,5684731,+
TRIM22,chr11,5689697,+
LONP1,chr19,5720572,-
SOX11,chr2,5692384,+
EVC,chr4,5711201,+
CATSPERD,chr19,5720637,+
OR52P1,chr11,5726502,+
OR56B1,chr11,5736448,+
CRMP1,chr4,5893086,-
ERMP1,chr9,5879537,-
SHLD1,chr20,5750393,+
OR52N4,chr11,5754243,+
OR56B2P,chr11,5761153,+
GDI2,chr10,5842132,-
ENSG00000285471,chr17,5772926,+
OR52N5,chr11,5783355,-
PRR22,chr19,5784746,-
ENSG00000267157,chr19,5785619,-
DUS3L,chr19,5791206,-
OR52N1,chr11,5791265,-
NRTN,chr19,5805067,+
OR52N2,chr11,5808924,+
FUT6,chr19,5839717,-
NLGN4X,chrX,6228867,-
OR52E6,chr11,5841952,-
FUT3,chr19,5851471,-
OR52E8,chr11,5857690,-
ANKRD16,chr10,5889906,-
NPHP4,chr1,5992473,-
FUT5,chr19,5870540,-
ENSG00000267740,chr19,5903703,-
OCM,chr7,5879827,+
OR52E4,chr11,5880629,+
BRD10,chr9,6008482,-
TMEM200C,chr18,5895955,-
FBH1,chr10,5890203,+
MLANA,chr9,5890889,+
NDUFA11,chr19,5904006,-
OR52E5,chr11,5893208,+
C4orf50,chr4,6200555,-
CCZ1,chr7,5898733,+
ENSG00000267314,chr19,5904841,+
VMAC,chr19,5904872,+
CHGB,chr20,5911510,+
CAPS,chr19,5912339,+
RANBP3,chr19,5978142,-
RSPH10B,chr7,5970689,-
TRMT6,chr20,5950558,-
OR56A3,chr11,5938751,+
IL15RA,chr10,5978187,-
VWF,chr12,6124770,-
MCM8,chr20,5950652,+
ENSG00000286235,chr20,5950949,+
L3MBTL4,chr18,6415237,-
OR56A5,chr11,5968494,-
PMS2,chr7,6009130,-
OR52L1,chr11,5986985,-
KCNAB2,chr1,5990927,+
RFX2,chr19,6199572,-
NRN1,chr6,6007605,-
OR56A4,chr11,6006946,-
CRLS1,chr20,6006093,+
AIMP2,chr7,6009255,+
IL2RA,chr10,6062370,-
RANBP6,chr9,6015625,-
OR56A1,chr11,6034338,-
EIF2AK1,chr7,6059175,-
JAKMIP1,chr4,6200591,-
ANKRD61,chr7,6031376,+
LRRN4,chr20,6054060,-
WSCD1,chr17,6057807,+
ENSG00000284684,chr4,6070162,-
FERMT1,chr20,6123073,-
RBM17,chr10,6089034,+
CHD5,chr1,6180321,-
USP42,chr7,6104949,+
OR56B4,chr11,6107684,+
ACSBG2,chr19,6135247,+
F13A1,chr6,6321013,-
PFKFB3,chr10,6144934,+
ENSG00000285629,chr1,6197757,-
CYTH3,chr7,6272644,-
OR52B2,chr11,6170326,-
RPL22,chr1,6209389,-
OR52W1,chr11,6199224,+
CD9,chr12,6199715,+
RNF207,chr1,6206119,+
C11orf42,chr11,6205557,+
MLLT1,chr19,6279975,-
FHIP1B,chr11,6234711,-
IL33,chr9,6215786,+
ICMT,chr1,6235964,-
CNGA4,chr11,6234765,+
HES3,chr1,6244179,+
TSPY2,chrY,6246223,+
GPR153,chr1,6261098,-
CCKBR,chr11,6259806,+
ACOT7,chr1,6393767,-
WFS1,chr4,6269849,+
ACER1,chr19,6333612,-
PLEKHG6,chr12,6310436,+
CAVIN3,chr11,6320532,-
PPP2R2C,chr4,6563600,-
TPD52L3,chr9,6328375,+
TNFRSF1A,chr12,6342085,-
SMIM10L3,chr7,6348967,-
FAM220A,chr7,6348981,-
SCNN1A,chr12,6377730,-
CLPP,chr19,6361427,+
MED10,chr5,6378547,-
ALKBH7,chr19,6372794,+
RAC1,chr7,6374527,+
LTBR,chr12,6375045,+
PSPN,chr19,6379058,-
GTF2F1,chr19,6393981,-
SMPD1,chr11,6390440,+
AIPL1,chr17,6435199,-
APBB1,chr11,6419414,-
MCPH1,chr8,6406592,+
DAGLB,chr7,6484190,-
HES2,chr1,6424670,-
KHSRP,chr19,6424811,-
UHRF2,chr9,6413193,+
ESPN,chr1,6424776,+
SLC25A41,chr19,6433763,-
PRKCQ,chr10,6580301,-
HPX,chr11,6442617,-
SLC25A23,chr19,6465203,-
PIMREG,chr17,6444441,+
CD27,chr12,6444955,+
KDELR2,chr7,6484190,-
TRIM3,chr11,6474459,-
UBE2QL1,chr5,6448859,+
PITPNM3,chr17,6556555,-
TAPBPL,chr12,6451690,+
TNFRSF25,chr1,6466175,-
VAMP1,chr12,6470677,-
CRB3,chr19,6463777,+
PLEKHG5,chr1,6520074,-
DENND1C,chr19,6482557,-
ARFIP2,chr11,6481479,-
ENSG00000283977,chr11,6481485,+
TIMM10B,chr11,6481501,+
ENSG00000275895,chr21,6499248,-
MRPL51,chr12,6493841,-
NCAPD2,chr12,6493356,+
TUBB4A,chr19,6502848,-
GRID2IP,chr7,6551461,-
DNHD1,chr11,6497280,+
ANGPT2,chr8,6563409,-
NOL9,chr1,6554513,-
TNFSF9,chr19,6531026,+
GLDC,chr9,6645729,-
VCX3A,chrX,6535118,-
GAPDH,chr12,6534517,+
IFFO1,chr12,6556073,-
TAS1R1,chr1,6555307,+
NOP2,chr12,6568691,-
ENSG00000285238,chr12,6607367,-
CHD4,chr12,6614524,-
MAN2B2,chr4,6575189,+
ZDHHC4,chr7,6577434,+
KIAA0753,chr17,6640711,-
ENSG00000282936,chr17,6640711,-
ZBTB48,chr1,6579994,+
CD70,chr19,6604103,-
LY86,chr6,6588108,+
INTS15,chr7,6590021,+
KLHL21,chr1,6614607,-
RRP8,chr11,6603616,-
NSUN2,chr5,6633044,-
ILK,chr11,6603708,+
TAF10,chr11,6612539,-
TPP1,chr11,6619448,-
PHF13,chr1,6613731,+
ZNF853,chr7,6615610,+
LPAR5,chr12,6635960,-
DCHS1,chr11,6655809,-
THAP3,chr1,6624868,+
SRD5A1,chr5,6633440,+
DNAJC11,chr1,6701924,-
ZNF316,chr7,6637318,+
ACRBP,chr12,6647433,-
MRFAP1,chr4,6640091,+
TXNDC17,chr17,6640985,+
MED31,chr17,6651634,-
ING4,chr12,6663142,-
C17orf100,chr17,6651762,+
TNFSF14,chr19,6670588,-
MRFAP1L2,chr4,6663396,+
ZNF384,chr12,6689510,-
PUDP,chrX,7148158,-
C3,chr19,6730562,-
MRPL17,chr11,6683340,-
SLC13A5,chr17,6713377,-
ZNF12,chr7,6706947,-
PIANP,chr12,6700815,-
S100P,chr4,6693878,+
MRFAP1L1,chr4,6709865,-
AGPAT5,chr8,6708642,+
TENT4A,chr5,6713432,+
BLOC1S4,chr4,6716174,+
KDM4C,chr9,6720863,+
COPS7A,chr12,6724014,+
ARHGAP28,chr18,6729716,+
GPR108,chr19,6737580,-
TRIP10,chr19,6737925,+
MLF2,chr12,6767475,-
SH2D3A,chr19,6767463,-
RSPH10B2,chr7,6754103,+
XAF1,chr17,6755565,+
PTMS,chr12,6765516,+
OR2AG2,chr11,6771976,-
BMP2,chr20,6767686,+
GRM7,chr3,6770069,+
LAG3,chr12,6772519,+
VAV1,chr19,6772708,+
FBXO39,chr17,6776215,+
KIAA0232,chr4,6781375,+
OR2AG1,chr11,6783020,+
CAMTA1,chr1,6785454,+
CD4,chr12,6786858,+
TEKT1,chr17,6831729,-
OR6A2,chr11,6799689,-
CCZ1B,chr7,6826770,-
XKR5,chr8,6835524,-
GPR162,chr12,6821704,+
P3H3,chr12,6828407,+
GNB3,chr12,6840211,+
CMPK2,chr2,6866635,-
CDCA3,chr12,6851292,-
OR10A5,chr11,6845683,+
USP5,chr12,6852148,+
OR10A2,chr11,6863057,+
RSAD2,chr2,6865557,+
AMELY,chrY,6911752,-
TPI1,chr12,6867119,+
DEFB1,chr8,6877936,-
SPSB2,chr12,6889358,-
LRRC23,chr12,6873569,+
OR10A4,chr11,6876625,+
ADGRE1,chr19,6887566,+
OR2D2,chr11,6892500,-
TBC1D14,chr4,6909242,+
TBL1Y,chrY,6910686,+
ENO2,chr12,6913745,+
RNF144A,chr2,6917412,+
OR2D3,chr11,6921002,+
ATN1,chr12,6924463,+
DEFA6,chr8,6926076,-
ZNF215,chr11,6926404,+
DEFA4,chr8,6938306,-
LAMA1,chr18,7117797,-
C12orf57,chr12,6943433,+
PTPN6,chr12,6946468,+
PHB2,chr12,6970780,-
EMG1,chr12,6970913,+
ENSG00000290146,chr12,6970921,+
LPCAT3,chr12,7018476,-
DEFA1,chr8,6980092,-
C1S,chr12,6988259,+
ALOX12,chr17,6996049,+
DEFA1B,chr8,6999198,-
ZNF214,chr11,7020346,-
RNASEK,chr17,7012417,+
RNASEK-C17orf49,chr17,7013733,+
C17orf49,chr17,7014495,+
DEFA3,chr8,7018297,-
MBD3L2B,chr19,7021431,-
NLRP14,chr11,7020479,+
BCL6B,chr17,7023050,+
MBD3L5,chr19,7030578,+
SLC16A13,chr17,7036015,+
MBD3L4,chr19,7040179,-
CFAP184,chr4,7043001,-
SLC16A11,chr17,7044092,-
TADA2B,chr4,7041899,+
MBD3L2,chr19,7049321,+
DEFA5,chr8,7056739,-
MBD3L3,chr19,7069665,-
GRPEL1,chr4,7068085,-
ZNF557,chr19,7069703,+
CLEC10A,chr17,7080307,-
C1R,chr12,7092540,-
RBMXL2,chr11,7088998,+
C1RL,chr12,7109238,-
ASGR2,chr17,7115700,-
RREB1,chr6,7107597,+
INSR,chr19,7294414,-
RBP5,chr12,7128889,-
CLSTN3,chr12,7129698,+
STS,chrX,7147291,+
C1GALT1,chr7,7156934,+
SFMBT2,chr10,7411488,-
ASGR1,chr17,7179564,-
DLG4,chr17,7219836,-
PEX5,chr12,7188685,+
SORCS2,chr4,7192538,+
ACADVL,chr17,7217125,+
DVL2,chr17,7234517,-
LRRC30,chr18,7231089,+
PHF23,chr17,7239722,-
SYT9,chr11,7251904,+
GABARAP,chr17,7242449,-
ENSG00000262526,chr17,7244635,-
CTDNEP1,chr17,7252491,-
ENSG00000262302,chr17,7262089,-
ELP5,chr17,7251416,+
FAM90A15,chr8,7256904,+
CLDN7,chr17,7263983,-
FAM90A3,chr8,7264526,+
SSR1,chr6,7347446,-
FAM90A13,chr8,7279770,+
SLC2A4,chr17,7281718,+
FAM90A5,chr8,7287392,+
YBX2,chr17,7294639,-
FAM90A20,chr8,7295014,+
ACSM4,chr12,7304072,+
EIF5A,chr17,7306999,+
GPS2,chr17,7315360,-
ENSG00000261915,chr17,7319174,-
DEFB109B,chr8,7312722,+
NEURL4,chr17,7329393,-
CAGE1,chr6,7389742,-
USP17L1,chr8,7332387,+
ACAP1,chr17,7336529,+
USP17L4,chr8,7337115,+
CD163L1,chr12,7479897,-
ARHGEF18,chr19,7348937,+
KCTD11,chr17,7351889,+
TMEM95,chr17,7355123,+
ZNF705G,chr8,7385558,-
COL28A1,chr7,7535873,-
DEFB108C,chr8,7373114,+
TNK1,chr17,7380534,+
PLSCR3,chr17,7394807,-
TMEM256-PLSCR3,chr17,7404097,-
RIOK1,chr6,7389808,+
ADCY2,chr5,7396138,+
TMEM256,chr17,7404097,-
NLGN2,chr17,7404874,+
DEFB4B,chr8,7416863,-
SPEM1,chr17,7420324,+
SPEM2,chr17,7425616,+
SPEM3,chr17,7428857,+
ENSG00000286007,chr17,7428861,+
DEFB103B,chr8,7430348,-
PSAPL1,chr4,7434930,-
TMEM102,chr17,7435435,+
FGF11,chr17,7438273,+
SPAG11B,chr8,7463674,-
CHRNB1,chr17,7445061,+
ZBTB4,chr17,7484263,-
DEFB104B,chr8,7475082,-
CD163,chr12,7503893,-
PEX11G,chr19,7497449,-
SLC35G6,chr17,7481446,+
DEFB106B,chr8,7486400,-
POLR2A,chr17,7484366,+
OLFML1,chr11,7485388,+
DEFB105B,chr8,7487679,+
SAXO5,chr19,7492976,+
DEFB107B,chr8,7495911,+
ENSG00000267952,chr19,7507082,+
PPFIBP2,chr11,7513298,+
ZNF358,chr19,7515292,+
MCOLN1,chr19,7522624,+
ENSG00000268614,chr19,7533595,+
PNPLA6,chr19,7534004,+
PRR23D1,chr8,7539627,+
DSP,chr6,7541326,+
TNFSF12,chr17,7548508,+
TNFSF12-TNFSF13,chr17,7549099,+
FAM90A7,chr8,7559712,-
TNFSF13,chr17,7558292,+
ITIH5,chr10,7666998,-
SENP3,chr17,7561919,+
SENP3-EIF4A1,chr17,7563287,+
PTPRM,chr18,7566782,+
MIOS,chr7,7566875,+
FAM90A22,chr8,7575006,-
EIF4A1,chr17,7572825,+
CD68,chr17,7579491,+
FAM90A23,chr8,7582653,-
MPDU1,chr17,7583529,+
SOX15,chr17,7590094,-
SNRNP48,chr6,7590198,+
FXR2,chr17,7614897,-
CAMSAP3,chr19,7595863,+
SHBG,chr17,7614064,+
XAB2,chr19,7629545,-
SAT2,chr17,7627876,-
PET100,chr19,7629788,+
ENSG00000268400,chr19,7629800,+
PCP2,chr19,7633719,-
RPA3,chr7,7718607,-
STXBP2,chr19,7637105,+
UMAD1,chr7,7640711,+
ATP1B2,chr17,7646627,+
APOBEC1,chr12,7665908,-
TP53,chr17,7687546,-
CYB5R2,chr11,7677222,-
RETN,chr19,7669049,+
MCEMP1,chr19,7677088,+
ENSG00000269711,chr19,7678501,+
TRAPPC5,chr19,7680833,+
WRAP53,chr17,7686071,+
FCER2,chr19,7702146,-
OVCH2,chr11,7706477,-
GDF3,chr12,7695775,-
ITIH2,chr10,7703316,+
EFNB3,chr17,7705202,+
DPPA3,chr12,7711433,+
FAM90A14,chr8,7715443,+
DNAH2,chr17,7717744,+
FAM90A18,chr8,7723091,+
CLEC4C,chr12,7751620,-
BMP6,chr6,7726099,+
CLEC4G,chr19,7733906,-
ENSG00000288669,chr19,7742145,-
FAM90A16,chr8,7730739,+
FAM90A8,chr8,7738387,+
CD209,chr19,7747564,-
FAM90A17,chr8,7746034,+
KIN,chr10,7787993,-
FAM90A19,chr8,7753682,+
AFAP1,chr4,7939926,-
FAM90A9,chr8,7761330,+
CLEC4M,chr19,7763210,+
NANOGNB,chr12,7765216,+
FAM90A10,chr8,7768977,+
VAMP3,chr1,7771296,+
PRR23D2,chr8,7781413,-
PER3,chr1,7784291,+
NANOG,chr12,7787794,+
ATP5F1C,chr10,7788147,+
OR5P2,chr11,7796942,-
DMAC1,chr9,7888380,-
DEFB107A,chr8,7815716,-
SLC2A14,chr12,7891148,-
TAF3,chr10,7818505,+
DEFB105A,chr8,7823880,-
OR5P3,chr11,7830840,-
DEFB106A,chr8,7825139,+
EVI5L,chr19,7830218,+
CFAP90,chr5,7851151,-
KDM6B,chr17,7834217,+
DEFB104A,chr8,7836436,+
VCX,chrX,7842262,+
UTS2,chr1,7853512,-
SPAG11A,chr8,7847876,+
MTRR,chr5,7851186,+
TMEM88,chr17,7855066,+
NAA38,chr17,7885238,-
CYB5D1,chr17,7857746,+
FASTKD3,chr5,7869037,-
PRR36,chr19,7874390,-
DEFB103A,chr8,7881392,+
TXNDC5,chr6,7910788,-
BLOC1S5-TXNDC5,chr6,8064364,-
HAO1,chr20,7940458,-
CHD3,chr17,7884796,+
LRRC8E,chr19,7888505,+
DEFB4A,chr8,7894677,+
PNPLA4,chrX,7927739,-
MAP2K7,chr19,7903843,+
RNF227,chr17,7916289,-
TGFBR3L,chr19,7914830,+
TNFRSF9,chr1,7943165,-
SLC2A3,chr12,8019007,-
SNAPC2,chr19,7920338,+
KCNAB3,chr17,7929856,-
CTXN1,chr19,7926135,-
OR10A6,chr11,7931268,-
ENSG00000262730,chr17,7930622,-
ZNF705B,chr8,7926337,+
TIMM44,chr19,7943666,-
TRAPPC1,chr17,7932123,-
CNTROB,chr17,7932101,+
OR10A3,chr11,7941708,-
PARK7,chr1,7954291,+
NLRP10,chr11,7965447,-
ELAVL1,chr19,8005659,-
ABLIM2,chr4,8158832,-
GLCCI1,chr7,7968796,+
EIF3F,chr11,7970251,+
USP17L8,chr8,7973253,-
USP17L3,chr8,7977985,-
TMX4,chr20,8019805,-
DEFB109C,chr8,7997645,-
GUCY2D,chr17,8002615,+
ERRFI1,chr1,8026309,-
FAM90A11,chr8,8015352,-
BLOC1S5,chr6,8064389,-
EEF1E1-BLOC1S5,chr6,8102530,-
TUB,chr11,8019244,+
FAM90A24,chr8,8022998,-
FAM90A12,chr8,8030646,-
FOXJ2,chr12,8032716,+
ALOX15B,chr17,8039034,+
GATA3,chr10,8045378,+
CCL25,chr19,8052318,+
C3AR1,chr12,8066359,-
FBN3,chr19,8149592,-
ALOX12B,chr17,8087716,-
EEF1E1,chr6,8102559,-
NECAP1,chr12,8076939,+
PLCB1,chr20,8077251,+
ALOXE3,chr17,8119047,-
RIC3,chr11,8169055,-
ICA1,chr7,8262687,-
HES7,chr17,8124106,-
CLEC4A,chr12,8123617,+
ENSG00000284393,chr12,8138140,+
PER1,chr17,8156405,-
ENSG00000263620,chr17,8162975,-
ZNF705A,chr12,8157015,+
VAMP2,chr17,8163546,-
VCX2,chrX,8171267,-
TMEM107,chr17,8176399,-
SH3TC1,chr4,8182072,+
BORCS6,chr17,8190180,-
AURKB,chr17,8210584,-
CERS4,chr19,8206736,+
FAM90A1,chr12,8227618,-
LMO1,chr11,8268716,-
CTC1,chr17,8248058,-
PFAS,chr17,8247618,+
HTRA3,chr4,8269754,+
SLC25A35,chr17,8295400,-
RANGRF,chr17,8288654,+
CD320,chr19,8308358,-
ENSG00000167774,chr19,8321379,-
NDUFA7,chr19,8321375,-
ARHGEF15,chr17,8310241,+
PTPRD,chr9,10613002,-
PRAG1,chr8,8386439,-
SLC45A1,chr1,8318114,+
RPS28,chr19,8321496,+
KANK3,chr19,8343262,-
ODF4,chr17,8339840,+
RERE,chr1,8848921,-
KRBA2,chr17,8376704,-
ANGPTL4,chr19,8363289,+
ACOX3,chr4,8440723,-
ENSG00000263809,chr17,8383187,-
RPL26,chr17,8383213,-
RAB11B,chr19,8389981,+
RNF222,chr17,8397827,-
STK33,chr11,8594289,-
SLC35B3,chr6,8435545,-
NDEL1,chr17,8413131,+
MARCHF2,chr19,8413270,+
NXPH1,chr7,8433609,+
TRMT44,chr4,8438869,+
HNRNPM,chr19,8444767,+
CLEC6A,chr12,8455962,+
VCX3B,chrX,8464830,+
MYH10,chr17,8631376,-
PRAM1,chr19,8502640,-
LMCD1,chr3,8501807,+
CLEC4D,chr12,8509475,+
ZNF414,chr19,8514167,-
MYO1F,chr19,8577442,-
ANOS1,chrX,8732137,-
CLEC4E,chr12,8540905,-
TMEM114,chr16,8590511,-
GPR78,chr4,8558725,+
ADAMTS10,chr19,8610715,-
CPZ,chr4,8592660,+
AICDA,chr12,8613242,-
RAB12,chr18,8609437,+
TRIM66,chr11,8682694,-
SSUH2,chr3,8745040,-
METTL22,chr16,8621683,+
NFILZ,chr19,8630633,+
MFAP5,chr12,8662888,-
ABAT,chr16,8674596,+
ID2,chr2,8678845,+
RIMKLB,chr12,8697177,+
RPL27A,chr11,8682788,+
DENND2B,chr11,8910951,-
ACTL9,chr19,8698795,-
CLDN23,chr8,8701937,+
MTCL1,chr18,8705556,+
KIDINS220,chr2,8837630,-
OR2Z1,chr19,8721634,+
CCDC42,chr17,8745219,-
CAV3,chr3,8733802,+
SPDYE4,chr17,8758559,-
OXTR,chr3,8769628,-
RAD18,chr3,8963773,-
TMEM186,chr16,8797642,-
MFHAS1,chr8,8893630,-
PMM2,chr16,8788823,+
FAM9A,chrX,8801383,-
MFSD6L,chr17,8799365,-
PIK3R6,chr17,8867674,-
ZNF558,chr19,8832314,-
A2ML1,chr12,8822621,+
MBD3L1,chr19,8832377,+
HMX1,chr4,8871839,-
MUC16,chr19,9010390,-
MBOAT2,chr2,9003684,-
CARHSP1,chr16,8869012,-
ENO1,chr1,8879190,-
LITAFD,chr16,8875704,+
PIK3R5,chr17,8965712,-
USP7,chr16,8975328,-
AKIP1,chr11,8911139,+
PHC1,chr12,8913896,+
C11orf16,chr11,8932988,-
ASCL3,chr11,8943016,-
M6PR,chr12,8949761,-
CA6,chr1,8945867,+
TMEM9B,chr11,8965011,-
KLRG1,chr12,8950044,+
NRIP3,chr11,9005288,-
SRGAP3,chr3,9363053,-
ERI1,chr8,9002147,+
SLC2A7,chr1,9026423,-
SCUBE2,chr11,9138114,-
NTN1,chr17,9021510,+
FAM9B,chrX,9295682,-
SEMA5A,chr5,9546075,-
SLC2A5,chr1,9088478,-
A2M,chr12,9116229,-
PLCB4,chr20,9067825,+
OR1M1,chr19,9087061,+
HAPSTR1,chr16,9091644,+
GPR157,chr1,9129102,-
OR7G2,chr19,9107475,-
NDUFV2,chr18,9102695,+
OR7G1,chr19,9115763,-
OR7G3,chr19,9126950,-
ANKRD12,chr18,9136228,+
PPP1R3B,chr8,9151574,-
DENND5A,chr11,9265350,-
ZNF317,chr19,9140397,+
PZP,chr12,9208395,-
FAM90A26,chr4,9170409,+
OR7D2,chr19,9178979,+
ASAP2,chr2,9206765,+
OR7D4,chr19,9219589,-
USP17L10,chr4,9210657,+
USP17L11,chr4,9215405,+
USP17L12,chr4,9220152,+
USP17L13,chr4,9224896,+
USP17L15,chr4,9234385,+
H6PD,chr1,9234774,+
USP17L17,chr4,9243879,+
OR7E24,chr19,9247344,+
USP17L18,chr4,9248630,+
STX8,chr17,9576591,-
USP17L19,chr4,9253378,+
USP17L20,chr4,9258124,+
USP17L21,chr4,9262872,+
USP17L22,chr4,9267619,+
USP17L23,chr4,9272364,+
TMEM41B,chr11,9314633,-
ZNF699,chr19,9309838,-
SPSB1,chr1,9292894,+
ZNF559,chr19,9323772,+
ZNF559-ZNF177,chr19,9324174,+
USP17L24,chr4,9325165,+
USP17L25,chr4,9329911,+
USP17L26,chr4,9334658,+
TWSG1,chr18,9334773,+
TSPY4,chrY,9337464,+
USP17L5,chr4,9339403,+
USP17L27,chr4,9344148,+
USP17L28,chr4,9348893,+
USP17L29,chr4,9353638,+
TSPY8,chrY,9357797,+
THUMPD3,chr3,9362971,+
ZNF177,chr19,9363013,+
USP17L30,chr4,9363129,+
IPO7,chr11,9384652,+
SETD5,chr3,9397615,+
TSPY3,chrY,9398421,+
ITGB1BP1,chr2,9423528,-
ZNF266,chr19,9435573,-
CPSF3,chr2,9423651,+
DEFB131A,chr4,9444414,+
ZNF143,chr11,9460319,+
TBL1X,chrX,9463320,+
ZNF560,chr19,9498616,-
TSPY1,chrY,9466955,+
IAH1,chr2,9473658,+
RALBP1,chr18,9475009,+
TSPY9,chrY,9487267,+
ADAM17,chr2,9556732,-
LHFPL4,chr3,9553822,-
LAMP5,chr20,9514358,+
ZNF426,chr19,9538645,-
TSPY10,chrY,9527880,+
PAK5,chr20,9839076,-
SLC25A33,chr1,9539465,+
PPP4R1,chr18,9615240,-
TNKS,chr8,9555912,+
ZNF121,chr19,9584504,-
WEE1,chr11,9573670,+
CFAP52,chr17,9576627,+
YWHAQ,chr2,9630997,-
TMEM201,chr1,9588911,+
KLRB1,chr12,9607916,-
ZNF561,chr19,9621234,-
TAS2R1,chr5,9712378,-
PIK3CD,chr1,9629889,+
ZNF562,chr19,9675100,-
USP43,chr17,9644698,+
MTMR14,chr3,9649433,+
SWAP70,chr11,9664077,+
CLEC2D,chr12,9668637,+
CPNE9,chr3,9703826,+
RAB31,chr18,9708301,+
CLECL1P,chr12,9733030,-
GPR143,chrX,9786297,-
CLSTN1,chr1,9823984,-
BRPF1,chr3,9731729,+
OGG1,chr3,9749944,+
ZNF846,chr19,9793180,-
CD69,chr12,9760901,-
GRIN2A,chr16,10183337,-
CAMK1,chr3,9769992,-
SLC2A9,chr4,10054936,-
DHRS7C,chr17,9791592,-
SBF2,chr11,10304877,-
TADA3,chr3,9793011,-
DRD5,chr4,9781634,+
SHROOM2,chrX,9786429,+
ARPC4,chr3,9792495,+
ARPC4-TTLL3,chr3,9793114,+
GSG1L2,chr17,9822079,-
TTLL3,chr3,9808086,+
FBXL12,chr19,9827816,-
GLP2R,chr17,9822206,+
KLRF1,chr12,9827481,+
UBL5,chr19,9827892,+
PIN1,chr19,9835257,+
RPUSD3,chr3,9844602,-
TAF1B,chr2,9843443,+
CTNNBIP1,chr1,9910336,-
CLEC2B,chr12,9869354,-
OLFM2,chr19,9936515,-
CIDEC,chr3,9880255,-
KLRF2,chr12,9881489,+
TXNDC2,chr18,9885766,+
JAGN1,chr3,9890574,+
RCVRN,chr17,9905271,-
CLEC2A,chr12,9932370,-
IL17RE,chr3,9902619,+
GAS7,chr17,10198606,-
VAPA,chr18,9914016,+
IL17RC,chr3,9917074,+
ENSG00000288550,chr3,9924090,+
LZIC,chr1,9943407,-
CRELD1,chr3,9933805,+
PRRT3,chr3,9952408,-
NMNAT1,chr1,9943428,+
CLEC12A,chr12,9951316,+
GRHL1,chr2,9951693,+
COL5A3,chr19,10010504,-
EMC3,chr3,10011183,-
CLDN34,chrX,9967358,+
CLEC1B,chr12,10013424,-
ANKEF1,chr20,9986126,+
RBP7,chr1,9997228,+
CLEC12B,chr12,10010627,+
RDH8,chr19,10013249,+
WWC3,chrX,10015254,+
FANCD2,chr3,10026414,+
CLEC9A,chr12,10030678,+
UBE4B,chr1,10032832,+
KLF11,chr2,10042849,+
MSRA,chr8,10054292,+
CYS1,chr2,10080944,-
WDR1,chr4,10116950,-
CLEC1A,chr12,10111627,-
FANCD2OS,chr3,10108255,-
SHFL,chr19,10086317,+
ANGPTL6,chr19,10102678,-
PPAN-P2RY11,chr19,10106223,+
PPAN,chr19,10106362,+
P2RY11,chr19,10111693,+
EIF3G,chr19,10119899,-
BRK1,chr3,10115675,+
CLEC7A,chr12,10130257,-
RRM2,chr2,10120698,+
DNMT1,chr19,10231286,-
VHL,chr3,10141778,+
CLCN4,chrX,10156975,+
OLR1,chr12,10172138,-
IRAK2,chr3,10164919,+
TMEM52B,chr12,10170542,+
SNAP25,chr20,10172395,+
KIF1B,chr1,10210570,+
GABARAPL1,chr12,10212597,+
S1PR2,chr19,10231331,-
ATPSCKMT,chr5,10249897,-
KLRD1,chr12,10226058,+
TATDN2,chr3,10248023,+
ENSG00000289763,chr3,10249042,+
ENSG00000272410,chr3,10249372,+
CCT5,chr5,10249929,+
MRPL4,chr19,10251901,+
ICAM1,chr19,10271093,+
CMBL,chr5,10307902,-
GHRL,chr3,10292947,-
ICAM4,chr19,10286955,+
ICAM5,chr19,10289952,+
SEC13,chr3,10321112,-
MYH13,chr17,10373130,-
HPCAL1,chr2,10302889,+
ZGLP1,chr19,10309880,-
ADM,chr11,10305073,+
ENSG00000167807,chr19,10315768,-
AMPD3,chr11,10308313,+
FDX2,chr19,10316015,-
ENSG00000267303,chr19,10320678,-
RAVER1,chr19,10333529,-
ATP2B2,chr3,10708007,-
ATF7IP2,chr16,10326434,+
ICAM3,chr19,10339641,-
TYK2,chr19,10380608,-
MARCHF6,chr5,10353695,+
KLRK1,chr12,10390041,-
KLRC4-KLRK1,chr12,10410146,-
MYH8,chr17,10421950,-
CDC37,chr19,10420121,-
TFAP2A,chr6,10419659,-
PGD,chr1,10398592,+
MKKS,chr20,10434222,-
KLRC4,chr12,10409757,-
ENSG00000255641,chr12,10436001,-
KLRC3,chr12,10420595,-
ENSG00000285508,chr20,10434222,-
ENSG00000285723,chr20,10434222,-
PDE4A,chr19,10416773,+
KLRC2,chr12,10442300,-
CENPS-CORT,chr1,10430102,+
CENPS,chr1,10430433,+
SLX4IP,chr20,10435305,+
ZNF518B,chr4,10457426,-
ODC1,chr2,10448327,-
ROPN1L,chr5,10441524,+
KLRC1,chr12,10454685,-
MYH4,chr17,10469559,-
MID1,chrX,10833654,-
CORT,chr1,10450031,+
APCDD1,chr18,10454635,+
DFFA,chr1,10472529,-
PEX14,chr1,10474950,+
PRSS51,chr8,10547557,-
KEAP1,chr19,10503356,-
CLNK,chr4,10684768,-
GCNT2,chr6,10492223,+
MYH1,chr17,10518542,-
EIF2S3B,chr12,10505602,+
RNF141,chr11,10541190,-
S1PR5,chr19,10517931,-
MYH2,chr17,10549700,-
TPTE,chr21,10521553,+
PRSS55,chr8,10525532,+
NAPG,chr18,10526027,+
EMP2,chr16,10580598,-
ATG4D,chr19,10543904,+
KRI1,chr19,10566031,-
LYVE1,chr11,10611689,-
NOL10,chr2,10689987,-
ANKRD33B,chr5,10564070,+
CDKN2D,chr19,10569059,-
ENSG00000291314,chrX,10576955,-
AP1M2,chr19,10587315,-
IRAG1,chr11,10693988,-
SLC44A2,chr19,10602457,+
MAGOHB,chr12,10613609,-
RP1L1,chr8,10712187,-
STYK1,chr12,10674318,-
TEKT5,chr16,10694930,-
MYH3,chr17,10657309,-
CASZ1,chr1,10796650,-
JAG1,chr20,10673999,-
IGHV1OR21-1,chr21,10649835,-
ILF3,chr19,10654346,+
PIEZO2,chr18,11149569,-
C6orf52,chr6,10694797,-
SCO1,chr17,10698375,-
C8orf74,chr8,10672628,+
DAP,chr5,10761234,-
PAK1IP1,chr6,10694972,+
ADPRM,chr17,10697594,+
TMEM220,chr17,10730023,-
YBX3,chr12,10723323,-
QTRT1,chr19,10701439,+
DNM2,chr19,10718079,+
ATP6V1C2,chr2,10721100,+
TMEM14C,chr6,10722915,+
SOX7,chr8,10730511,-
PINX1,chr8,10839847,-
NUBP1,chr16,10743786,+
TMEM14B,chr6,10747759,+
ENSG00000272162,chr6,10747794,+
CTR9,chr11,10751018,+
TVP23A,chr16,10818794,-
MAK,chr6,10838541,-
PDIA6,chr2,10837977,-
TMEM238L,chr17,10804099,-
EIF4G2,chr11,10808940,-
CELF2,chr10,10798397,+
TAS2R7,chr12,10802627,-
TAS2R8,chr12,10807286,-
TAS2R9,chr12,10810168,-
ZBED5,chr11,10858796,-
SLC6A11,chr3,10816201,+
PIRT,chr17,10838087,-
PRH1,chr12,11171608,-
TAS2R10,chr12,10826358,-
TMED1,chr19,10836318,-
C19orf38,chr19,10836575,+
ENSG00000275778,chr12,11171598,-
PRR4,chr12,11171600,-
CIITA,chr16,10866222,+
CARM1,chr19,10871553,+
GCM2,chr6,10882041,-
SYCP2L,chr6,10887052,+
XKR6,chr8,11201833,-
TAS2R13,chr12,10909562,-
KCNF1,chr2,10911934,+
YIPF2,chr19,10928681,-
TIMM29,chr19,10928811,+
DEXI,chr16,10942468,-
PRH2,chr12,10929236,+
NDUFA4,chr7,10940153,-
TAS2R14,chr12,11171573,-
CLEC16A,chr16,10944539,+
C1orf127,chr1,10982076,-
SMARCA4,chr19,10960932,+
CTNND2,chr5,11904446,-
PHF14,chr7,10973336,+
ELOVL2,chr6,11044305,-
TAS2R50,chr12,10986912,-
SLC6A1,chr3,10992186,+
TAS2R20,chr12,10998304,-
TARDBP,chr1,11012344,+
TAS2R19,chr12,11022620,-
MASP2,chr1,11047239,-
TAS2R31,chr12,11031407,-
SRM,chr1,11060018,-
TAS2R46,chr12,11062294,-
EXOSC10,chr1,11099869,-
LDLR,chr19,11089462,+
TAS2R43,chr12,11092313,-
SMIM13,chr6,11093834,+
ENSG00000293642,chr6,11094194,+
ERVFRD-1,chr6,11111845,-
MTOR,chr1,11262551,-
HCCS,chrX,11111301,+
ARHGAP6,chrX,11665920,-
SPC24,chr19,11155782,-
TAS2R30,chr12,11134644,-
CIMIP5,chr2,11133128,+
HRH1,chr3,11137093,+
SLC66A3,chr2,11155198,+
KANK2,chr19,11197548,-
SMIM10L1,chr12,11171194,+
ROCK2,chr2,11348330,-
NEDD9,chr6,11382348,-
TAS2R42,chr12,11186937,-
ANGPTL7,chr1,11189355,+
DOCK6,chr19,11262524,-
ANGPTL8,chr19,11237502,+
SHISA6,chr17,11241213,+
RMI2,chr16,11249627,+
SOCS1,chr16,11256204,-
PRB3,chr12,11269707,-
TNP2,chr16,11269533,-
GALNT18,chr11,11622005,-
ATG7,chr3,11272309,+
UBIAD1,chr1,11273198,+
PRM3,chr16,11273629,-
PRM2,chr16,11276480,-
PRM1,chr16,11281330,-
MTMR9,chr8,11284816,+
AMELX,chrX,11293413,+
TSPAN16,chr19,11296139,+
PRB4,chr12,11310436,-
RAB3D,chr19,11346270,-
SLC35G5,chr8,11331012,+
TMEM205,chr19,11346518,-
CCDC159,chr19,11344684,+
PRB1,chr12,11355591,-
CSNK2A3,chr11,11353250,-
PLPPR2,chr19,11355386,+
ENSG00000188897,chr16,11527247,-
THSD7A,chr7,11832198,-
SWSAP1,chr19,11374666,+
EPOR,chr19,11384314,-
RGL3,chr19,11419328,-
PRB2,chr12,11501041,-
HS3ST1,chr4,11429564,-
ODAD3,chr19,11435782,-
FAM167A,chr8,11475908,-
PRKCSH,chr19,11435284,+
E2F6,chr2,11466177,-
ELAVL3,chr19,11481046,-
USP6NL,chr10,11611666,-
ENSG00000267477,chr19,11505698,-
DISP3,chr1,11479155,+
GREB1,chr2,11482341,+
ZNF653,chr19,11505839,-
BLK,chr8,11486894,+
ECSIT,chr19,11529172,-
TMEM170B,chr6,11537749,+
CNN1,chr19,11538767,+
LITAF,chr16,11636381,-
ELOF1,chr19,11559230,-
VGLL4,chr3,11771350,-
ZNF627,chr19,11559374,+
ACP5,chr19,11579107,-
DNAH9,chr17,11598470,+
SLC35G4,chr18,11609596,+
FBXO2,chr1,11655785,-
ETV6,chr12,11649674,+
FBXO44,chr1,11654375,+
MAD2L2,chr1,11691811,-
NTSR2,chr2,11670195,-
FBXO6,chr1,11664200,+
SNN,chr16,11668455,+
GATA4,chr8,11676959,+
LPIN1,chr2,11677595,+
TXNDC11,chr16,11742857,-
GNAL,chr18,11689264,+
DRAXIN,chr1,11691710,+
ADTRP,chr6,11807046,-
ZNF823,chr19,11739009,-
AGTRAP,chr1,11736084,+
ECHDC3,chr10,11742366,+
ZC3H7A,chr16,11797258,-
MSL3,chrX,11758159,+
C1orf167,chr1,11761787,+
ZNF441,chr19,11767000,+
NEIL2,chr8,11769639,+
MTHFR,chr1,11806103,-
TAMM41,chr3,11846919,-
FDFT1,chr8,11795573,+
ZNF491,chr19,11797667,+
CLCN6,chr1,11806096,+
ZNF440,chr19,11814273,+
FRMPD4,chrX,11822423,+
PROSER2,chr10,11823339,+
RSL1D1,chr16,11851544,-
USP47,chr11,11841423,+
CTSB,chr8,11869533,-
NPPA,chr1,11848345,-
ZNF439,chr19,11848726,+
CHMP1B,chr18,11851413,+
NPPB,chr1,11858945,-
GSPT1,chr16,11916082,-
MPPE1,chr18,11908366,-
ZNF69,chr19,11887782,+
BTBD3,chr20,11890723,+
KIAA2013,chr1,11926428,-
UPF2,chr10,12043170,-
ZNF700,chr19,11925068,+
ENSG00000267179,chr19,11925075,+
NPIPB2,chr16,11976643,-
PLOD1,chr1,11934205,+
DKK3,chr11,12009769,-
ZNF763,chr19,11965037,+
TNFRSF17,chr16,11965210,+
DEFB136,chr8,11974599,-
SNX29,chr16,11976734,+
ZNF18,chr17,11997475,-
MFN2,chr1,11980181,+
IMPA2,chr18,11981025,+
DEFB135,chr8,11982256,+
ENSG00000286098,chr19,11987641,+
DEFB134,chr8,12000752,-
SYN2,chr3,12004388,+
HIVEP1,chr6,12008762,+
ZNF433,chr19,12035741,-
ENSG00000257355,chr19,12052967,-
MIIP,chr1,12019466,+
MAP2K4,chr17,12020834,+
ZNF878,chr19,12052961,-
BCL2L14,chr12,12049844,+
TNFRSF8,chr1,12063303,+
DEFB130B,chr8,12071747,-
ZNF844,chr19,12064731,+
DHTKD1,chr10,12068954,+
ENSG00000286132,chr19,12075327,+
ZNF705D,chr8,12089338,+
ZNF20,chr19,12140355,-
ANKRD62,chr18,12093843,+
MICAL2,chr11,12094008,+
LRP6,chr12,12267044,-
SEC61A2,chr10,12129637,+
ZNF625-ZNF20,chr19,12156731,-
USP17L7,chr8,12134099,-
USP17L2,chr8,12138849,-
ZNF625,chr19,12156734,-
DEFB109D,chr8,12158033,-
TIMP4,chr3,12158912,-
ZNF136,chr19,12163064,+
NUDT5,chr10,12195891,-
TNFRSF1B,chr1,12166991,+
FAM86B1,chr8,12194127,-
CDC123,chr10,12195965,+
TMEM106B,chr7,12211294,+
ZNF44,chr19,12294883,-
VPS13D,chr1,12230030,+
CIDEA,chr18,12254361,+
PPARG,chr3,12287368,+
EDN1,chr6,12290361,+
TUBB6,chr18,12307669,+
DEFB130A,chr8,12318316,-
ZNF563,chr19,12333720,-
MANSC1,chr12,12350242,-
AFG3L2,chr18,12377227,-
VWDE,chr7,12403865,-
ZNF442,chr19,12365905,-
CAMK1D,chr10,12349547,+
BORCS5,chr12,12357078,+
PARVA,chr11,12377571,+
ZNF799,chr19,12401271,-
ENSG00000268870,chr19,12441082,-
PRELID3A,chr18,12407896,+
FAM86B2,chr8,12436400,-
ZNF443,chr19,12441021,-
ENSG00000269755,chr19,12484816,-
SPIRE1,chr18,12658107,-
ZNF709,chr19,12513854,-
ENSG00000196826,chr19,12551474,-
C7orf78,chr7,12469621,+
DUSP16,chr12,12562863,-
TSEN2,chr3,12484421,+
MKRN2OS,chr3,12561059,-
ZNF564,chr19,12551542,-
ENSG00000269693,chr19,12580975,-
USP9Y,chrY,12537650,+
MKRN2,chr3,12557087,+
DHRS3,chr1,12620133,-
SCIN,chr7,12570719,+
ZNF490,chr19,12640098,-
RAF1,chr3,12664187,-
ZNF791,chr19,12610918,+
CREBL2,chr12,12611827,+
ENSG00000269242,chr19,12648397,-
MAN2B1,chr19,12666742,-
AADACL4,chr1,12644085,+
PSMG2,chr18,12658043,+
CPPED1,chr16,12803887,-
GPR19,chr12,12696207,-
CEP76,chr18,12702777,-
ENSG00000269590,chr19,12669397,-
MYOCD,chr17,12665890,+
WDR83,chr19,12666807,+
ENSG00000285589,chr19,12681834,-
WDR83OS,chr19,12669415,-
TEAD1,chr11,12674421,+
DHPS,chr19,12681880,-
TYRP1,chr9,12685439,+
CDKN1B,chr12,12685498,+
ARL4A,chr7,12686856,+
GNG14,chr19,12687998,+
FBXW9,chr19,12696631,-
TNPO2,chr19,12724011,-
AADACL3,chr1,12716110,+
PHACTR1,chr6,12716554,+
TRIB2,chr2,12716910,+
LONRF1,chr8,12756073,-
APOLD1,chr12,12725931,+
TRIR,chr19,12734684,-
TMEM40,chr3,12769457,-
GET3,chr19,12737139,+
CFAP107,chr1,12746200,+
BEST2,chr19,12751702,+
HOOK2,chr19,12872740,-
PRAMEF12,chr1,12773738,+
LURAP1L,chr9,12775020,+
PTPN2,chr18,12929643,-
ARHGAP44,chr17,12789498,+
PRPS2,chrX,12791355,+
PRAMEF1,chr1,12791397,+
JUNB,chr19,12791486,+
CAND2,chr3,12796472,+
PRDX2,chr19,12801800,-
THSD8,chr19,12802031,+
RNASEH2A,chr19,12806584,+
DDX47,chr12,12813316,+
PRAMEF11,chr1,12831410,-
RTBDN,chr19,12835428,-
ENSG00000289809,chr3,12825768,+
MAST1,chr19,12833951,+
RPL32,chr3,12841582,-
HNRNPCL1,chr1,12848720,-
PRAMEF2,chr1,12857086,+
TLR7,chrX,12867072,+
DNASE2,chr19,12881466,-
PRAMEF4,chr1,12886201,-
KLF1,chr19,12887201,-
GPRC5A,chr12,12890782,+
GCDH,chr19,12891128,+
PRAMEF10,chr1,12898270,-
CCDC3,chr10,13099652,-
IQSEC1,chr3,13283281,-
SYCE2,chr19,12919293,-
SHISA9,chr16,12901598,+
DDX3Y,chrY,12904108,+
TLR8,chrX,12906620,+
PRAMEF7,chr1,12916610,+
FARSA,chr19,12934037,-
PRAMEF6,chr1,12947580,-
CALR,chr19,12938609,+
GPRC5D,chr12,12952170,-
TRMT9B,chr8,12945642,+
RAD23A,chr19,12945862,+
SEH1L,chr18,12947133,+
GADD45GIP1,chr19,12957223,-
DAND5,chr19,12965159,+
HEBP1,chr12,13000265,-
TMSB4X,chrX,12975110,+
CEP192,chr18,12991362,+
ELAC2,chr17,13018065,-
NFIX,chr19,12995475,+
SPTLC3,chr20,13008972,+
RASSF10,chr11,13009316,+
FAM9C,chrX,13044682,-
FAM234B,chr12,13044381,+
PRAMEF27,chr1,13056575,-
HNRNPCL3,chr1,13060769,+
PRAMEF25,chr1,13068677,+
DLC1,chr8,13604610,-
GSG1,chr12,13103683,-
ENSG00000289766,chr12,13103484,-
LYL1,chr19,13103161,-
OPTN,chr10,13099449,+
TRMT1,chr19,13117567,-
MPDZ,chr9,13279692,-
HNRNPCL2,chr1,13116854,-
NACC1,chr19,13116862,+
STX10,chr19,13150383,-
PRAMEF26,chr1,13158116,-
IER2,chr19,13150411,+
MCM10,chr10,13161558,+
HNRNPCL4,chr1,13165631,-
PRAMEF9,chr1,13171848,+
PRAMEF13,chr1,13201409,-
EMP1,chr12,13196723,+
CACNA1A,chr19,13624489,-
LDLRAD4,chr18,13217498,+
ISM1,chr20,13221274,+
UCMA,chr10,13234374,-
PRAMEF18,chr1,13226154,-
UTY,chrY,13480673,-
PRAMEF5,chr1,13254198,+
TBC1D7,chr6,13328583,-
BMAL1,chr11,13276652,+
PHYH,chr10,13302412,-
PRAMEF8,chr1,13285137,-
PRAMEF33,chr1,13303539,+
PRAMEF15,chr1,13315581,+
NUP210,chr3,13420322,-
SEPHS1,chr10,13348298,-
ATXN3L,chrX,13320053,-
PRAMEF14,chr1,13347134,-
GFOD1,chr6,13487662,-
RAB28,chr4,13484365,-
PRAMEF19,chr1,13371947,-
BTBD10,chr11,13463297,-
TASP1,chr20,13638932,-
PRAMEF17,chr1,13389632,+
PRAMEF20,chr1,13410450,+
GRIN2B,chr12,13982002,-
BEND7,chr10,13529014,-
LRRC38,chr1,13514003,-
HDAC11,chr3,13479724,+
PTH,chr11,13496181,-
HS3ST3A1,chr17,13601929,-
NKX3-2,chr4,13544508,-
FBLN2,chr3,13549125,+
C8orf48,chr8,13566869,+
BOD1L1,chr4,13627725,-
EGFL6,chrX,13569601,+
SIRT5,chr6,13574227,+
PDPN,chr1,13583465,+
PRPF18,chr10,13586939,+
POTED,chr21,13609777,+
NOL7,chr6,13615335,+
RANBP9,chr6,13711835,-
FRMD4A,chr10,14462142,-
TCEANC,chrX,13653112,+
FAM210A,chr18,13726663,-
FAR1,chr11,13668659,+
RAB9A,chrX,13689128,+
DNAH5,chr5,14011818,-
PRDM2,chr1,13700188,+
TMSB4Y,chrY,13703899,+
TRAPPC2,chrX,13734635,-
ESF1,chr20,13784919,-
RNMT,chr18,13726660,+
YJU2B,chr19,13731760,+
OFD1,chrX,13734748,+
MRI1,chr19,13764522,+
GPM6B,chrX,13938638,-
C19orf53,chr19,13774456,+
NDUFAF5,chr20,13785028,+
MCUR1,chr6,13814557,-
ZSWIM4,chr19,13795443,+
WNT7A,chr3,13880071,-
MC5R,chr18,13824149,+
SEL1L2,chr20,13996443,-
NANOS3,chr19,13862063,+
MC2R,chr18,13915707,-
BRME1,chr19,13906452,-
ETV1,chr7,13991425,-
KAZN,chr1,13892792,+
CC2D1A,chr19,13906201,+
ERCC4,chr16,13920138,+
RNF182,chr6,13924446,+
PODNL1,chr19,13953392,-
DCAF15,chr19,13952509,+
RFX1,chr19,14007039,-
SPON1,chr11,13962723,+
ENSG00000293563,chr12,13980895,-
VCY,chrY,13986473,-
MACROD2,chr20,13995369,+
GEMIN8,chrX,14029893,-
RLN3,chr19,14028148,+
IL27RA,chr19,14031762,+
PALM3,chr19,14062076,-
VCY1B,chrY,14056227,+
ZNF519,chr18,14132490,-
COX10,chr17,14069496,+
MRTFB,chr16,14071319,+
MISP3,chr19,14072536,+
C19orf67,chr19,14085875,-
NFIB,chr9,14398983,-
SGCZ,chr8,15238431,-
SAMD1,chr19,14091036,-
PRKACA,chr19,14118084,-
LIPI,chr21,14210955,-
CHCHD4,chr3,14124870,-
SMIM46,chr19,14112476,-
CD83,chr6,14117256,+
ASF1B,chr19,14136589,-
TMEM43,chr3,14125052,+
ENSG00000268279,chr3,14137144,+
TRIO,chr5,14143342,+
DGKB,chr7,14974777,-
XPC,chr3,14178621,-
ADGRL1,chr19,14206187,-
LSM3,chr3,14178817,+
RBM11,chr21,14216130,+
CDRT15,chr17,14236862,-
RRAS2,chr11,14364506,-
HS3ST3B1,chr17,14301081,+
FLRT3,chr20,14337614,-
ATF7IP,chr12,14365676,+
HSPA13,chr21,14383484,-
ADGRE5,chr19,14380501,+
SLC6A6,chr3,14402576,+
DDX39A,chr19,14419383,-
PKN1,chr19,14433053,+
PARN,chr16,14632728,-
COPB1,chr11,14500027,-
PTGER1,chr19,14475354,-
GIPC1,chr19,14496149,-
SAMSN1,chr21,14658821,-
GRIP2,chr3,14556075,-
ENSG00000256206,chr11,14520344,-
PLBD1,chr12,14567883,-
PSMA1,chr11,14643635,-
POTEC,chr18,14543600,-
DNAJB1,chr19,14560391,-
TECR,chr19,14529579,+
FAM107B,chr10,14774897,-
NLGN4Y,chrY,14522573,+
GLRA2,chrX,14529536,+
NDUFB7,chr19,14572066,-
OTULINL,chr5,14581792,+
CLEC17A,chr19,14583084,+
ZDHHC21,chr9,14693432,-
ADGRE3,chr19,14690027,-
GUCY2C,chr12,14696599,-
LRATD1,chr2,14632700,+
BFAR,chr16,14632931,+
PDE3B,chr11,14643804,+
CCDC174,chr3,14651762,+
OTULIN,chr5,14664718,+
PLA2G10,chr16,14694308,-
C3orf20,chr3,14675141,+
ZNF333,chr19,14690048,+
FANCB,chrX,14873255,-
NPIPA3,chr16,14703411,+
ANKH,chr5,14871778,-
CER1,chr9,14722733,-
ANKRD30B,chr18,14728272,+
ADGRE2,chr19,14778560,-
FREM1,chr9,14910428,-
NPIPA2,chr16,14742533,+
H4C16,chr12,14771131,-
H2AJ,chr12,14774405,+
WBP11,chr12,14803486,-
OR7C1,chr19,14835376,-
C12orf60,chr12,14803666,+
SMCO3,chr12,14814182,-
FGD5,chr3,14810853,+
CDNF,chr10,14838575,-
ART4,chr12,14843526,-
OR7A5,chr19,14835185,-
NOMO1,chr16,14833721,+
MSANTD7,chr10,14838302,+
HSPA14,chr10,14838306,+
OR7A10,chr19,14848922,-
MOSPD2,chrX,14873421,+
CYP2R1,chr11,14892231,-
OR7A17,chr19,14886132,-
SUV39H2,chr10,14878848,+
MGP,chr12,14885857,-
DCLRE1C,chr10,14954432,-
CALCB,chr11,14904997,+
ERP27,chr12,14938537,-
NPIPA1,chr16,14922802,+
OR7C2,chr19,14941489,+
ARHGDIB,chr12,14961728,-
NR2C2,chr3,14947583,+
SLC1A6,chr19,15022990,-
MEIG1,chr10,14959388,+
NRIP1,chr21,15065936,-
CALCA,chr11,14972354,-
PDE6H,chr12,14973042,+
PDXDC1,chr16,14974591,+
CPEB2,chr4,15002481,+
MRPS25,chr3,15065317,-
TEKTL1,chr19,15010726,+
OLAH,chr10,15032227,+
NTAN1,chr16,15056079,-
CASP14,chr19,15049480,+
RRN3,chr16,15094311,-
RBSN,chr3,15099163,-
ACBD7,chr10,15088776,-
OR1I1,chr19,15082211,+
RPP38,chr10,15097180,+
NMT2,chr10,15168693,-
SYDE1,chr19,15107401,+
RERG,chr12,15348675,-
INSC,chr11,15112424,+
ILVBL,chr19,15125786,-
TMEM51,chr1,15152532,+
NOTCH3,chr19,15200995,-
TTC39B,chr9,15307360,-
NBAS,chr2,15561334,-
AGMO,chr7,15562015,-
CAPN7,chr3,15206246,+
FAM171A1,chr10,15371289,-
EPHX3,chr19,15233435,-
PMP22,chr17,15272292,-
ASB9,chrX,15270467,-
BRD4,chr19,15332545,-
FHAD1,chr1,15236521,+
JARID2,chr6,15246069,+
SH3BP5,chr3,15341368,-
ASB11,chrX,15315640,-
TEKT3,chr17,15341632,-
PIGA,chrX,15335554,-
PTPRO,chr12,15322257,+
C1QTNF7,chr4,15339818,+
VEGFD,chrX,15384413,-
AKAP8,chr19,15379787,-
NPIPA5,chr16,15381047,-
AKAP8L,chr19,15419141,-
METTL6,chr3,15440566,-
PIR,chrX,15493564,-
MPV17L,chr16,15395754,+
ENSG00000261130,chr16,15395754,+
EFHD2,chr1,15409888,+
TUSC3,chr8,15417215,+
WIZ,chr19,15449956,-
SNAPC3,chr9,15422734,+
EAF1,chr3,15427598,+
BMERB1,chr16,15434475,+
CDRT4,chr17,15475728,-
TVP23C-CDRT4,chr17,15563561,-
CTRC,chr1,15438442,+
ENSG00000293553,chr3,15451499,-
COLQ,chr3,15521751,-
RASAL3,chr19,15464544,-
CELA2A,chr1,15456728,+
PSIP1,chr9,15510995,-
BMX,chrX,15464246,+
CELA2B,chr1,15465909,+
PGLYRP2,chr19,15498956,-
CC2D2A,chr4,15469865,+
CASP9,chr1,15526534,-
ACE2,chrX,15607236,-
FBXL7,chr5,15500180,+
TVP23C,chr17,15563595,-
CYP4F22,chr19,15508525,+
ITGA8,chr10,15719922,-
DTNBP1,chr6,15663058,-
DNAJC16,chr1,15526813,+
OR11H1,chr22,15528192,+
CCDC171,chr9,15553043,+
HACL1,chr3,15601852,-
ENSG00000285602,chrX,15675608,-
FBXW10B,chr17,15619704,-
ENSG00000251537,chr17,15651653,-
AGMAT,chr1,15585051,-
DDX1,chr2,15591178,+
MARF1,chr16,15643154,-
BTD,chr3,15601341,+
FBXL5,chr4,15681679,-
MEOX2,chr7,15686683,-
CYP4F8,chr19,15615218,+
DDI2,chr1,15617458,+
EPS8,chr12,15882329,-
CLTRN,chrX,15675012,-
TRIM16,chr17,15684311,-
CYP4F3,chr19,15640897,+
NDE1,chr16,15643267,+
RSC1A1,chr1,15659713,+
ANKRD28,chr3,15859771,-
CYP4F12,chr19,15673087,+
PLEKHM2,chr1,15681461,+
FAM200B,chr4,15681662,+
CA5B,chrX,15688830,+
POTEH,chr22,15690026,+
ZNF286A-TBC1D26,chr17,15699741,+
ZNF286A,chr17,15699577,+
BST1,chr4,15703065,+
MYH11,chr16,15858438,-
OR10H2,chr19,15728024,+
USP25,chr21,15729982,+
TBC1D26,chr17,15732247,+
SLC25A34,chr1,15736258,+
OR10H3,chr19,15737985,+
TMEM82,chr1,15742499,+
FBLIM1,chr1,15756607,+
MINDY3,chr10,15860507,-
CD38,chr4,15778328,+
OR10H5,chr19,15787661,+
ZRSR2,chrX,15790472,+
OR10H1,chr19,15815664,-
UQCRHL,chr1,15809348,-
AP1S2,chrX,15854931,-
SPEN,chr1,15836095,+
CEP20,chr16,15888625,-
CYP4F2,chr19,15898074,-
STRAP,chr12,15882387,+
DERA,chr12,15911329,+
CYP4F11,chr19,15934867,-
FGFBP1,chr4,15938740,-
MYCN,chr2,15940550,+
ZBTB17,chr1,15976132,-
OR10H4,chr19,15944299,+
ADORA2B,chr17,15945130,+
ABCC1,chr16,15949577,+
FGFBP2,chr4,15969309,-
PROM1,chr4,16084378,-
SOX6,chr11,16739591,-
ZSWIM7,chr17,15999713,-
TTC19,chr17,15999824,+
SRARP,chr1,16004236,+
HSPB7,chr1,16019594,-
CLCNKA,chr1,16018875,+
NCOR1,chr17,16218185,-
CLCNKB,chr1,16040252,+
FAM131C,chr1,16073651,-
TPM4,chr19,16067021,+
MARCHF11,chr5,16180762,-
CRPPA,chr7,16502504,-
MSR1,chr8,16567490,-
RAB8A,chr19,16111889,+
GRPR,chrX,16123565,+
EPHA2,chr1,16156069,-
MYLIP,chr6,16129086,+
HSH2D,chr19,16134028,+
ABCC6,chr16,16223494,-
TAPT1,chr4,16227410,-
CIB3,chr19,16173525,-
MAGEB17,chrX,16167481,+
GALNT15,chr3,16174680,+
FAM32A,chr19,16185380,+
SLC15A5,chr12,16277685,-
ARHGEF19,chr1,16212652,-
AP1M1,chr19,16197854,+
PIGL,chr17,16217209,+
CPLANE2,chr1,16237183,-
NOMO3,chr16,16232528,+
GMPR,chr6,16238587,+
FBXO42,chr1,16352480,-
DPH3,chr3,16264969,-
OXNAD1,chr3,16265160,+
KIF16B,chr20,16573448,-
ATXN1,chr6,16761491,-
RFTN1,chr3,16514026,-
NPIPA6,chr16,16317444,+
KLF2,chr19,16324826,+
ENSG00000288708,chr6,16328431,-
CENPV,chr17,16353469,-
MGST1,chr12,16347142,+
SZRD1,chr1,16352575,+
EPS15L1,chr19,16472085,-
NPIPA7,chr16,16379140,+
UBB,chr17,16380798,+
SPATA21,chr1,16437424,-
BNC2,chr9,16870843,-
TRPV2,chr17,16415571,+
PTER,chr10,16436943,+
NECAP2,chr1,16440721,+
LRRC75A,chr17,16492193,-
ZNF622,chr5,16465800,-
SOSTDC1,chr7,16530580,-
RETREG1,chr5,16617101,-
CALR3,chr19,16496167,-
ENSG00000141979,chr19,16628204,-
C19orf44,chr19,16496394,+
LDB2,chr4,16898678,-
C1QL3,chr10,16521879,-
CHERP,chr19,16542437,-
LRRC72,chr7,16526825,+
ZNF287,chr17,16569204,-
LMO3,chr12,16610594,-
CYRIA,chr2,16666331,-
SLC35E1,chr19,16572415,-
NBPF1,chr1,16613562,-
MED26,chr19,16629062,-
ENSG00000268790,chr19,16660104,-
DAZL,chr3,16670306,-
CTPS2,chrX,16712936,-
RSU1,chr10,16817463,-
CCT8L2,chr22,16592810,-
ANKMY2,chr7,16645817,-
C11orf58,chr11,16613132,+
ZNF624,chr17,16653856,-
SMIM7,chr19,16660144,-
BZW2,chr7,16646131,+
S100G,chrX,16650158,+
TMEM38A,chr19,16661139,+
MYO10,chr5,16936288,-
CCDC144A,chr17,16689537,+
ENSG00000266302,chr17,16690261,+
SYAP1,chrX,16719612,+
NWD1,chr19,16719847,+
SNRPB2,chr20,16729961,+
CROCC,chr1,16740273,+
OTOR,chr20,16748358,+
TSPAN13,chr7,16753755,+
PLEKHA7,chr11,17014415,-
XKR3,chr22,16825411,-
TXLNG,chrX,16786432,+
AGR2,chr7,16833433,-
PLCL2,chr3,16802651,+
CUBN,chr10,17129811,-
SIN3B,chr19,16829398,+
RBBP7,chrX,16870362,-
AGR3,chr7,16881987,-
F2RL3,chr19,16888999,+
CPAMD8,chr19,17026810,-
AHR,chr7,16916359,+
TNFRSF13B,chr17,16972118,-
REPS2,chrX,16946658,+
GAB4,chr22,17008222,-
MFAP2,chr1,16980632,-
ATP13A2,chr1,17011928,-
FGF20,chr8,17002345,-
ENSG00000288636,chr1,17011757,-
SDHB,chr1,17054151,-
MICU3,chr8,17027238,+
MPRIP,chr17,17042457,+
HAUS8,chr19,17075625,-
BASP1,chr5,17065598,+
PADI2,chr1,17119451,-
RPS13,chr11,17077706,-
MYO9B,chr19,17075777,+
PIK3C2A,chr11,17207986,-
IL17RA,chr22,17084994,+
XYLT1,chr16,17470960,-
STMND1,chr6,17102050,+
TMEM121B,chr22,17121367,-
CNTLN,chr9,17134982,+
TRDMT1,chr10,17202054,-
HDHD5,chr22,17165287,-
ZDHHC2,chr8,17156482,+
TBC1D5,chr3,18444817,-
ADA2,chr22,17258235,-
PLD6,chr17,17206333,-
ENSG00000264187,chr17,17237185,-
PADI1,chr1,17205128,+
NUCB2,chr11,17208153,+
FLCN,chr17,17237182,-
USE1,chr19,17215357,+
CNOT7,chr8,17246878,-
PCSK2,chr20,17226107,+
OCEL1,chr19,17226213,+
VIM,chr10,17228241,+
NR2F6,chr19,17245919,-
ENSG00000269095,chr19,17255448,-
COPS3,chr17,17281246,-
VPS37A,chr8,17246938,+
PADI3,chr1,17249098,+
USHBP1,chr19,17282786,-
BABAM1,chr19,17267376,+
ENSG00000269307,chr19,17267418,+
RBM24,chr6,17281361,+
ANKLE1,chr19,17281645,+
ABHD8,chr19,17310236,-
MRPL34,chr19,17292609,+
MTMR7,chr8,17413351,-
ENSG00000283321,chr7,17299295,+
NT5M,chr17,17303335,+
PADI4,chr1,17308195,+
DDA1,chr19,17309563,+
ST8SIA6,chr10,17454595,-
ANO8,chr19,17334855,-
GTPBP3,chr19,17334920,+
PLVAP,chr19,17377342,-
NCR3LG1,chr11,17351800,+
CECR2,chr22,17359949,+
KCNJ11,chr11,17389331,-
PADI6,chr1,17372196,+
NHS,chrX,17375200,+
CCDC194,chr19,17394196,-
ABCC8,chr11,17476872,-
CAP2,chr6,17393595,+
BST2,chr19,17405630,-
MVB12A,chr19,17405722,+
RCC2,chr1,17439677,-
TMEM221,chr19,17448668,-
ENSG00000269035,chr19,17460804,-
LINC02218,chr5,17444010,+
NXNL1,chr19,17460926,-
QDPR,chr4,17512090,-
SLC27A1,chr19,17470489,+
MED9,chr17,17476994,+
H3Y2,chr5,17492076,-
USH1C,chr11,17544416,-
BFSP1,chr20,17569220,-
RASD1,chr17,17496395,-
SLC7A2,chr8,17497088,+
TAF11L2,chr5,17498231,+
PEMT,chr17,17591708,-
RAD51AP2,chr2,17518440,-
PGLS,chr19,17511649,+
CXADR,chr21,17513043,+
CLRN2,chr4,17515165,+
TAF11L3,chr5,17518367,+
TAF11L4,chr5,17521801,+
NIBAN3,chr19,17523301,+
TAF11L5,chr5,17525235,+
TAF11L6,chr5,17528669,+
VSNL1,chr2,17539126,+
ARHGEF10L,chr1,17539698,+
OTOG,chr11,17547259,+
COLGALT1,chr19,17555649,+
SLC25A18,chr22,17563450,+
DSTN,chr20,17570075,+
PDGFRL,chr8,17576433,+
LAP3,chr4,17577198,+
SH3GL2,chr9,17579066,+
TAF11L7,chr5,17585758,-
HACD1,chr10,17617374,-
TAF11L8,chr5,17590960,-
ATP6V1E1,chr22,17628749,-
BTG3,chr21,17612945,-
TAF11L9,chr5,17594394,-
TAF11L10,chr5,17597828,-
FAM8A1,chr6,17600302,+
UNC13A,chr19,17688365,-
TAF11L11,chr5,17604177,+
TAF11L12,chr5,17610392,+
RRBP1,chr20,17682295,-
MED28,chr4,17614641,+
NUP153,chr6,17706925,-
BCL2L13,chr22,17628855,+
FAM184B,chr4,17781621,-
TAF11L13,chr5,17632088,+
TAF11L14,chr5,17634460,+
MTUS1,chr8,17801094,-
STAM,chr10,17644151,+
H3Y1,chr5,17655849,-
SMC6,chr2,17800242,-
RAI1,chr17,17681458,+
BANF2,chr20,17693672,+
MAP1S,chr19,17719242,+
MYOD1,chr11,17719571,+
BID,chr22,17774770,-
KCNC1,chr11,17734774,+
SCML1,chrX,17737449,+
FCHO1,chr19,17747718,+
TMEM236,chr10,17752201,+
GEN1,chr2,17753858,+
ACTL8,chr1,17755333,+
KIF13A,chr6,17987635,-
MICAL3,chr22,18024561,-
SERGEF,chr11,18013047,-
C21orf91,chr21,17819386,-
SNX13,chr7,17940494,-
DCAF16,chr4,17810758,-
B3GNT3,chr19,17794828,+
RAI2,chrX,17861337,-
MRC1,chr10,17809348,+
SREBF1,chr17,17837002,-
NCAPG,chr4,17810979,+
MSGN1,chr2,17816460,+
INSL3,chr19,17821574,-
JAK3,chr19,17848017,-
LCORL,chr4,18021876,-
TOM1L2,chr17,17972422,-
RPL18A,chr19,17859910,+
FGL1,chr8,17910365,-
SLC5A5,chr19,17871945,+
KCNS3,chr2,17877847,+
CDY2B,chrY,17880220,-
CHODL,chr21,17901263,+
ADAMTSL1,chr9,17906563,+
PCM1,chr8,17922842,+
CCDC124,chr19,17933015,+
SNX5,chr20,17968980,-
KCNN1,chr19,17951293,+
SLC39A12,chr10,17951839,+
OVOL2,chr20,18059188,-
MGME1,chr20,17969018,+
DRC3,chr17,17972813,+
ATPAF2,chr17,18039209,-
ARRDC2,chr19,18001132,+
TPH1,chr11,18046269,-
CDY2A,chrY,18025787,+
PRPS1L1,chr7,18027846,-
GID4,chr17,18039408,+
ASAH1,chr8,18084998,-
IL12RB1,chr19,18098944,-
SAAL1,chr11,18106087,-
PEX26,chr22,18077923,+
ENSG00000288683,chr22,18077989,+
RERGL,chr12,18320107,-
HDAC9,chr7,18086949,+
DRG2,chr17,18087925,+
MAST3,chr19,18097778,+
IGSF21,chr1,18107798,+
MYO15A,chr17,18108756,+
TUBA8,chr22,18110100,+
NHLRC1,chr6,18122677,-
MRGPRX3,chr11,18120955,+
TPMT,chr6,18155077,-
KAT14,chr20,18137228,+
PET117,chr20,18137863,+
CACNB2,chr10,18140424,+
USP18,chr22,18149843,+
ENSG00000268173,chr19,18153158,+
PIK3R2,chr19,18153163,+
KDM1B,chr6,18155329,+
BEND2,chrX,18220886,-
NAT1,chr8,18170477,+
MRGPRX4,chr11,18172837,+
IFI30,chr19,18173162,+
ALKBH5,chr17,18183078,+
MPV17L2,chr19,18193218,+
RAB3A,chr19,18204042,-
PDE4C,chr19,18255419,-
DEK,chr6,18264541,-
LLGL1,chr17,18225635,+
SAA4,chr11,18236802,-
SAA2-SAA4,chr11,18248635,-
SAA2,chr11,18248668,-
SCML2,chrX,18354688,-
PIK3C2G,chr12,18242961,+
FLII,chr17,18258738,-
CIST1,chr19,18255362,-
IQCN,chr19,18274500,-
MIEF2,chr17,18260597,+
SAA1,chr11,18266260,+
TMPRSS15,chr21,18485879,-
TOP3A,chr17,18314994,-
HPS5,chr11,18322198,-
JUND,chr19,18281622,-
ZNF133,chr20,18288283,+
LSM4,chr19,18323112,-
SMCR8,chr17,18315293,+
NPIPA8,chr16,18336736,-
GTF2H1,chr11,18322295,+
SHMT1,chr17,18363550,-
PGPEP1,chr19,18340598,+
SATB1,chr3,18445621,-
NPIPA9,chr16,18379331,-
GDF15,chr19,18374731,+
EVPLL,chr17,18377778,+
DZANK1,chr20,18467185,-
RNF144B,chr6,18387350,+
LRRC25,chr19,18397622,-
NAT2,chr8,18391282,+
LDHA,chr11,18394560,+
LDHC,chr11,18412318,+
NOMO2,chr16,18562211,-
SSBP4,chr19,18418864,+
CDKL5,chrX,18425583,+
ISYNA1,chr19,18438167,-
ELL,chr19,18522070,-
LDHAL6A,chr11,18455824,+
POLR3F,chr20,18467385,+
TSG101,chr11,18526951,-
LGALS9C,chr17,18476737,+
KLHDC7A,chr1,18480930,+
RBBP9,chr20,18497225,-
SEC23B,chr20,18507520,+
GGTLC3,chr22,18518161,-
PSD3,chr8,19084730,-
TMEM191B,chr22,18527802,+
UEVLD,chr11,18588747,-
FKBP8,chr19,18544077,-
NSUN6,chr10,18659267,-
HSFY1,chrY,18546691,+
RDH14,chr2,18560679,-
NT5C1B-RDH14,chr2,18589564,-
KXD1,chr19,18557762,+
NT5C1B,chr2,18589569,-
SMIM26,chr20,18567347,+
ENSG00000284776,chr20,18567453,+
UBA52,chr19,18571730,+
CRLF1,chr19,18607741,-
DTD1,chr20,18587964,+
REX1BD,chr19,18588796,+
MISFA,chr11,18588781,+
OR11H12,chr14,18601117,+
RIMBP3,chr22,18611919,-
SPTY2D1,chr11,18634791,-
TMEM59L,chr19,18607430,+
PAX7,chr1,18630846,+
FAM246B,chr22,18633984,+
TBC1D28,chr17,18644427,-
KLHL26,chr19,18637025,+
RS1,chrX,18672108,-
ARL5B,chr10,18659431,+
ZNF286B,chr17,18681846,-
FOXO3B,chr17,18682314,-
PPEF1,chrX,18675909,+
PLCZ1,chr12,18738100,-
CRTC1,chr19,18683678,+
TMEM86A,chr11,18693122,+
IGSF22,chr11,18726188,-
PTPN5,chr11,18792721,-
HSFY2,chrY,18773735,-
CAPZA3,chr12,18738119,+
FBXW10,chr17,18744026,+
TVP23B,chr17,18781155,+
RPS15A,chr16,18790383,-
COMP,chr19,18791305,-
ENSG00000260342,chr16,18801519,-
ARL6IP1,chr16,18801553,-
SMG1,chr16,18926408,-
SCP2D1,chr20,18813783,+
UPF1,chr19,18831959,+
TAS1R2,chr1,18859660,-
PRPSAP2,chr17,18840085,+
SAXO1,chr9,19049358,-
GDF1,chr19,18896158,-
CERS1,chr19,18896727,-
ALDH4A1,chr1,18902555,-
PHKA2,chrX,18984114,-
COPE,chr19,18919387,-
IFFO2,chr1,18956676,-
DGCR6,chr22,18906028,+
ENSG00000283809,chr22,18906238,+
ENSG00000268193,chr19,18934397,-
PRODH,chr22,18936553,-
DDX49,chr19,18919715,+
HOMER3,chr19,18941261,-
MRGPRX1,chr11,18939414,-
SLC5A10,chr17,18950345,+
POTEM,chr14,18967434,+
FAM83G,chr17,19004764,-
TMC7,chr16,18983934,+
ADGRG2,chrX,19122637,-
SUGP2,chr19,19034023,-
GRAP,chr17,19046997,-
TWIST1,chr7,19117636,-
FAM246C,chr22,19029524,+
ARMC6,chr19,19033575,+
DGCR2,chr22,19122454,-
MALRD1,chr10,19048801,+
RRAGA,chr9,19049427,+
HAUS6,chr9,19102904,-
MRGPRX2,chr11,19060717,-
SLC25A42,chr19,19063994,+
COQ7,chr16,19067614,+
UBR4,chr1,19210266,-
PLIN2,chr9,19149290,-
ITPRIPL2,chr16,19113932,+
ZDHHC13,chr11,19117099,+
TMEM161A,chr19,19138513,-
GRAPL,chr17,19127535,+
PLEKHA5,chr12,19129733,+
ESS2,chr22,19144651,-
TSSK2,chr22,19131308,+
FERD3L,chr7,19145421,-
MEF2B,chr19,19192131,-
BORCS8-MEF2B,chr19,19192147,-
GSC2,chr22,19150292,-
KCNH8,chr3,19148510,+
SYT17,chr16,19167971,+
TUBA3C,chr13,19181824,-
SLC25A1,chr22,19178736,-
BORCS8,chr19,19192589,-
CLTCL1,chr22,19291719,-
CSRP3,chr11,19210571,-
RFXANK,chr19,19192229,+
NR2C2AP,chr19,19203414,-
NCAN,chr19,19211958,+
SLC24A3,chr20,19212642,+
EPN2,chr17,19215615,+
EMC1,chr1,19251524,-
E2F8,chr11,19241620,-
DENND4C,chr9,19230435,+
MRTO4,chr1,19251805,+
HAPLN4,chr19,19262804,-
TM6SF2,chr19,19273391,-
AKR7L,chr1,19274194,-
SUGP1,chr19,19320509,-
AKR7A3,chr1,19288770,-
CLEC19A,chr16,19285731,+
AKR7A2,chr1,19312144,-
SLC66A1,chr1,19312326,+
SH2D4A,chr8,19313693,+
MAU2,chr19,19320829,+
HIRA,chr22,19431733,-
B9D1,chr17,19378193,-
CAPZB,chr1,19485539,-
PDHA1,chrX,19343893,+
NAV2,chr11,19350724,+
C22orf39,chr22,19447711,-
OSR1,chr2,19358623,-
MAP3K15,chrX,19515508,-
RPS6,chr9,19380236,-
MAPK7,chr17,19377721,+
MFAP4,chr17,19387190,-
GATAD2A,chr19,19385826,+
POTEG,chr14,19434341,-
AEBP2,chr12,19404045,+
CSGALNACT1,chr8,19758029,-
ACER2,chr9,19409009,+
TMC5,chr16,19410496,+
RNF112,chr17,19411125,+
TPTE2,chr13,19561625,-
MRPL40,chr22,19432545,+
UFD1,chr22,19479202,-
CDH18,chr5,20575873,-
CDC45,chr22,19479457,+
MICOS10,chr1,19484403,+
SLC47A1,chr17,19495385,+
GDE1,chr16,19522098,-
SLC24A2,chr9,19789037,-
TSSK6,chr19,19515548,-
NDUFA13,chr19,19516225,+
ENSG00000258674,chr19,19516227,+
CLDN5,chr22,19527545,-
CCP110,chr16,19523811,+
YJEFN3,chr19,19528861,+
SH3KBP1,chrX,19887600,-
CILP2,chr19,19538248,+
VPS35L,chr16,19555240,+
PBX4,chr19,19618687,-
NBL1,chr1,19596979,+
MICOS10-NBL1,chr1,19597067,+
LPAR2,chr19,19628930,-
GMIP,chr19,19643657,-
MPHOSPH8,chr13,19633659,+
ATP13A1,chr19,19663676,-
ALDH3A2,chr17,19648136,+
HTR6,chr1,19664875,+
ZNF101,chr19,19668796,+
PSPC1,chr13,19783019,-
SLC47A2,chr17,19718979,-
TMCO4,chr1,19799945,-
POLR1F,chr7,19709037,-
KNOP1,chr16,19718227,-
KDM5D,chrY,19744939,-
ZNF14,chr19,19733112,-
OR11H2,chr14,19713883,-
SEPTIN5,chr22,19714503,+
IQCK,chr16,19716456,+
ENSG00000284874,chr22,19717220,+
OR4N2,chr14,19719015,+
TMEM196,chr7,19773617,-
GP1BB,chr22,19723539,+
ALDH3A1,chr17,19748943,-
OR4Q3,chr14,19743571,+
TBX1,chr22,19756703,+
RIN2,chr20,19757606,+
ZNF506,chr19,19821750,-
ULK2,chr17,19867936,-
OR4M1,chr14,19773504,+
GNB1L,chr22,19854939,-
RNF186,chr1,19815283,-
PLXDC2,chr10,19816239,+
INTS10,chr8,19817416,+
ZMYM5,chr13,19863649,-
ID4,chr6,19837370,+
RTL10,chr22,19854896,-
GPRC5B,chr16,19886167,-
ZNF253,chr19,19865882,+
OR4K3,chr14,19869143,-
OR4K2,chr14,19875142,+
TXNRD2,chr22,19941820,-
EFHB,chr3,19947025,-
OTUD3,chr1,19882395,+
TTC32,chr2,19901983,-
ZNF93,chr19,19900913,+
LPL,chr8,19901717,+
AKAP10,chr17,19978343,-
WDR35,chr2,19990105,-
BCLAF3,chrX,19991061,-
PLA2G2E,chr1,19923617,-
OR4K5,chr14,19920607,+
OR4K1,chr14,19930917,+
COMT,chr22,19941371,+
RAB5A,chr3,19947097,+
ZMYM2,chr13,19958708,+
IGHV1OR15-9,chr15,19965101,-
ARVCF,chr22,20016823,-
PLA2G2A,chr1,19980416,-
OR4K15,chr14,19975591,+
PP2D1,chr3,20012264,-
IGHV3OR15-7,chr15,19988117,-
MATN3,chr2,20012668,-
ZNF682,chr19,20039505,-
OR4Q2,chr14,19999913,+
IGHD5OR15-5A,chr15,20003862,-
IGHD4OR15-4A,chr15,20004815,-
IGHD3OR15-3A,chr15,20005935,-
MAP7D2,chrX,20116907,-
IGHD2OR15-2A,chr15,20008432,-
SPECC1,chr17,20008865,+
IGHD1OR15-1A,chr15,20011169,-
OR4K14,chr14,20019307,-
TANGO2,chr22,20017014,+
NAA20,chr20,20017310,+
PLA2G5,chr1,20028179,+
GPR139,chr16,20073890,-
OR4K13,chr14,20036038,-
LAPTM4A,chr2,20051628,-
CRNKL1,chr20,20056046,-
KAT2B,chr3,20040446,+
CFAP61,chr20,20052514,+
OR4L1,chr14,20060045,+
ZNF90,chr19,20077994,+
DGCR8,chr22,20080221,+
MBOAT1,chr6,20212469,-
OR4K17,chr14,20110739,+
TRMT2A,chr22,20117392,-
PLA2G2D,chr1,20119566,-
RANBP1,chr22,20116104,+
EIF1AX,chrX,20141838,-
ZDHHC8,chr22,20129456,+
MACC1,chr7,20217404,-
GJA3,chr13,20161052,-
OR4N5,chr14,20138820,+
PLA2G2F,chr1,20139323,+
SLC18A1,chr8,20183206,-
CCDC188,chr22,20151055,-
RPS6KA3,chrX,20267519,-
DBX1,chr11,20160475,-
SGO1,chr3,20186206,-
PLA2G2C,chr1,20186518,-
ZNF486,chr19,20167214,+
UBXN10,chr1,20186096,+
GJB2,chr13,20192938,-
OR11G2,chr14,20190896,+
ATP6V1B2,chr8,20197381,+
SDC1,chr2,20225433,-
GJB6,chr13,20232365,-
OR11H6,chr14,20223710,+
OR11H7,chr14,20229402,+
OR11H4,chr14,20239286,+
RTN4R,chr22,20283246,-
LZTS1,chr8,20303963,-
PUM2,chr2,20352222,-
SLIT2,chr4,20251905,+
TTC5,chr14,20305960,-
VWA5B1,chr1,20290875,+
GP2,chr16,20327808,-
CCNB1IP1,chr14,20333312,-
DGCR6L,chr22,20320060,-
ITGB8,chr7,20330702,+
UMOD,chr16,20356301,-
MLLT3,chr9,20622499,-
PARP2,chr14,20343615,+
ENSG00000293570,chr19,20358163,+
PDILT,chr16,20404737,-
USP41P,chr22,20377251,-
HTATIP2,chr11,20363685,+
TEP1,chr14,20413501,-
INSM1,chr20,20368104,+
PDE3A,chr12,20368537,+
PRMT3,chr11,20387716,+
RALGAPA2,chr20,20712644,-
ZNF74,chr22,20394115,+
E2F3,chr6,20401879,+
CRYL1,chr13,20525873,-
ACSM5,chr16,20409534,+
SCARF2,chr22,20437826,-
KLHL33,chr14,20436166,-
ENSG00000277971,chr22,20446620,-
KLHL22,chr22,20495844,-
OSGEP,chr14,20455053,-
RHOB,chr2,20447074,+
LGALS9B,chr17,20467539,-
ACSM2A,chr16,20451461,+
APEX1,chr14,20455191,+
PIP4P1,chr14,20461465,-
PNP,chr14,20461992,+
CAMK2N1,chr1,20486210,-
MED15,chr22,20495913,+
MUL1,chr1,20508151,-
RNASE10,chr14,20505537,+
GOLGA6L6,chr15,20541800,-
CDKAL1,chr6,20534457,+
ZNF737,chr19,20565809,-
ACSM2B,chr16,20576427,-
FAM43B,chr1,20552573,+
RNASE9,chr14,20561047,-
HS1BP3,chr2,20651098,-
IFT88,chr13,20567138,+
EIF1AY,chrY,20575776,+
CDRT15L2,chr17,20579724,+
ENSG00000259060,chr14,20609795,-
RNASE11,chr14,20609884,-
MEIS3P2,chr17,20589058,+
CDA,chr1,20589086,+
RNASE12,chr14,20591376,-
SLC6A5,chr11,20599608,+
ACSM3,chr16,20610243,+
ABCB5,chr7,20615667,+
ZNF626,chr19,20661596,-
ACSM1,chr16,20698890,-
PINK1,chr1,20633458,+
OR6S1,chr14,20641691,-
DDOST,chr1,20661544,-
FOCAD,chr9,20658309,+
KIF17,chr1,20718017,-
GDF7,chr2,20667144,+
NELL1,chr11,20669551,+
LDAH,chr2,20823130,-
ANG,chr14,20684177,+
RNASE4,chr14,20684560,+
ENSG00000259171,chr14,20684587,+
SLCO1C1,chr12,20695332,+
PACRGL,chr4,20700413,+
IL17D,chr13,20702127,+
THUMPD1,chr16,20742084,-
PI4KA,chr22,20859417,-
SH2D5,chr1,20732837,-
KCNIP4,chr4,21948772,-
EEF1AKMT1,chr13,20773961,-
HP1BP3,chr1,20787323,-
EDDM3A,chr14,20745887,+
RPS4Y2,chrY,20756108,+
EDDM3B,chr14,20768404,+
SERPIND1,chr22,20774113,+
ZNF66,chr19,20776304,+
XPO4,chr13,20903048,-
NEBL,chr10,21293011,-
ERI2,chr16,20900349,-
RNASE6,chr14,20781268,+
SP8,chr7,20786886,-
RNASE1,chr14,20802855,-
EIF4G3,chr1,21177285,-
REXO5,chr16,20806429,+
SLCO1B3,chr12,20810702,+
SLCO1B3-SLCO1B7,chr12,20815674,+
POTEB2,chr15,20866314,-
DCUN1D3,chr16,20900358,-
SNAP29,chr22,20859007,+
RNASE3,chr14,20891385,+
LYRM1,chr16,20899868,+
CRKL,chr22,20917407,+
ZNF85,chr19,20923222,+
DNAH3,chr16,21159441,-
ROCK1,chr18,21111813,-
RNASE2,chr14,20955487,+
AIFM3,chr22,20965108,+
LATS2,chr13,21061586,-
LZTR1,chr22,20982290,+
METTL17,chr14,20989980,+
NCAM2,chr21,20998409,+
THAP7,chr22,21002196,-
SLC39A2,chr14,20999255,+
HACD4,chr9,21031640,-
USP22,chr17,21043760,-
APOB,chr2,21044073,-
TUBA3FP,chr22,21014292,-
ENSG00000291240,chr22,21032572,-
P2RX6,chr22,21009808,+
IGHD5OR15-5B,chr15,21010516,-
IGHD4OR15-4B,chr15,21011469,-
IGHD3OR15-3B,chr15,21012589,-
IGHD2OR15-2B,chr15,21015078,-
NDRG2,chr14,21070872,-
IGHD1OR15-1B,chr15,21017816,-
ZNF430,chr19,21020634,+
TPPP2,chr14,21030217,+
SLC7A4,chr22,21032840,-
RNASE13,chr14,21034807,-
RNASE7,chr14,21042362,+
LRRC74B,chr22,21045946,+
ENSG00000257062,chr12,21047179,+
RNASE8,chr14,21057822,+
ARHGEF40,chr14,21070273,+
IFNB1,chr9,21077942,-
ZNF714,chr19,21082159,+
ZNF219,chr14,21104722,-
TMEM253,chr14,21098937,+
ENSG00000293575,chr18,21111139,-
DHRS7B,chr17,21123364,+
TDRD15,chr2,21123968,+
KIZ,chr20,21125983,+
SLCO1B1,chr12,21131194,+
SAP18,chr13,21140119,+
IFNW1,chr9,21141832,-
ZNF431,chr19,21142024,+
OR5AU1,chr14,21159060,-
SKA3,chr13,21176552,-
LDAF1,chr16,21158661,+
IFNA21,chr9,21166660,-
MRPL57,chr13,21176658,+
IFNA4,chr9,21187587,-
ZP2,chr16,21214510,-
TMEM11,chr17,21214176,-
IFNA7,chr9,21202205,-
IFNA10,chr9,21207143,-
HNRNPC,chr14,21269494,-
IFNA16,chr9,21217311,-
ECE1,chr1,21345572,-
IFNA17,chr9,21228222,-
ANKS4B,chr16,21233699,+
NATD1,chr17,21253410,-
CRYM,chr16,21303083,-
IFNA14,chr9,21240005,-
GREB1L,chr18,21242232,+
SLCO1A2,chr12,21419594,-
RPGRIP1,chr14,21280083,+
ZNF708,chr19,21329410,-
MAP2K3,chr17,21284710,+
XRN2,chr20,21303331,+
IFNA5,chr9,21305313,-
KLHL9,chr9,21335404,-
ZDHHC20,chr13,21459370,-
IFNA6,chr9,21350956,-
SUPT16H,chr14,21384019,-
IAPP,chr12,21354959,+
ZNF738,chr19,21358930,+
FAM246A,chr22,21361299,-
IFNA13,chr9,21368057,-
CNKSR2,chrX,21372801,+
KCNJ12,chr17,21376357,+
RIMBP3B,chr22,21383751,+
IFNA2,chr9,21385398,-
CHD8,chr14,21456126,-
NKX2-4,chr20,21397526,-
ZNF493,chr19,21397119,+
NPIPB3,chr16,21448567,-
ENSG00000269237,chr19,21405159,+
POTEB3,chr15,21440499,-
IFNA8,chr9,21409117,+
ZNF385D,chr3,22373321,-
HIC2,chr22,21417371,+
SP4,chr7,21428043,+
LINC02693,chr17,21574517,-
PYROXD1,chr12,21437655,+
NBPF3,chr1,21440128,+
IFNA1,chr9,21440439,+
RAB2B,chr14,21476960,-
TMEM191C,chr22,21467319,+
RECQL,chr12,21501669,-
TOX4,chr14,21476597,+
IFNE,chr9,21482313,-
ENSG00000233974,chr5,21484011,-
MICU2,chr13,21604181,-
ZNF429,chr19,21496682,+
METTL3,chr14,21511342,-
GOLT1B,chr12,21501781,+
ALPL,chr1,21509397,+
NKX2-2,chr20,21514064,-
RBMY1B,chrY,21511338,+
SKIDA1,chr10,21526368,-
SALL2,chr14,21537216,-
MLLT10,chr10,21524646,+
SPX,chr12,21526296,+
ESCO1,chr18,21600704,-
RBMY1A1,chrY,21534879,+
GYS2,chr12,21604847,-
ENSG00000285854,chr12,21635644,-
DNAH11,chr7,21543039,+
RIMBP3C,chr22,21551461,-
ENSG00000289715,chr1,21547404,+
UBE2L3,chr22,21549447,+
LINC02203,chr15,21552795,+
OR10G3,chr14,21580076,-
SOX4,chr6,21593751,+
RAP1GAP,chr1,21669357,-
METTL9,chr16,21597218,+
SNRPD1,chr18,21612314,+
TRAV1-1,chr14,21621838,+
YDJC,chr22,21630035,-
CCDC116,chr22,21632716,+
OR10G2,chr14,21634940,-
LDHB,chr12,21757857,-
OR4M2B,chr15,21637909,+
IGSF6,chr16,21652608,-
SDF2L1,chr22,21642302,+
TRAV1-2,chr14,21642889,+
ABHD3,chr18,21704774,-
OR4N4C,chr15,21651844,+
OR4E2,chr14,21653835,+
KLHL34,chrX,21658330,-
OTOA,chr16,21663968,+
PPIL2,chr22,21666000,+
OR4E1,chr14,21673818,-
FGF9,chr13,21671073,+
USP48,chr1,21783606,-
GFRA2,chr8,21812357,-
KCNJ18,chr17,21692523,+
YPEL1,chr22,21735794,-
MIB1,chr18,21704957,+
PAX1,chr20,21705659,+
SMPX,chrX,21758116,-
TRAV2,chr14,21712321,+
ENSG00000281179,chr15,21718245,-
ZNF100,chr19,21767579,-
TRAV3,chr14,21723713,+
TRAV4,chr14,21736152,+
ENSG00000278263,chr15,21742799,-
TRAV5,chr14,21749178,+
CDH12,chr5,22853344,-
DNAJC1,chr10,22003730,-
MAPK1,chr22,21867680,-
KCNJ8,chr12,21775600,-
TRAV6,chr14,21768489,+
ANO5,chr11,21782659,+
TRAV7,chr14,21782993,+
TRAV8-1,chr14,21797287,+
ABCC9,chr12,21942543,-
MTAP,chr9,21802636,+
ZNF43,chr19,21852125,-
TRAV9-1,chr14,21811502,+
LDLRAD2,chr1,21812265,+
HSPG2,chr1,21937310,-
TRAV10,chr14,21825472,+
NPIPB4,chr16,21880827,-
MBTPS2,chrX,21839617,+
TRAV12-1,chr14,21841240,+
POTEB,chr15,21877735,-
TRAV8-2,chr14,21846537,+
TRAV8-3,chr14,21852558,+
YY2,chrX,21855987,+
ENSG00000289723,chr14,21861353,+
TRAV13-1,chr14,21868839,+
RBMY1D,chrY,21894526,-
TRAV12-2,chr14,21887857,+
TRAV8-4,chr14,21894433,+
CDCA7L,chr7,21945903,-
RBMY1E,chrY,21918032,-
DOK2,chr8,21913690,-
TRAV13-2,chr14,21918188,+
PPM1F,chr22,21952848,-
XPO7,chr8,21919662,+
TRAV14DV4,chr14,21924063,+
ZNF208,chr19,22010949,-
SMS,chrX,21940709,+
TRAV9-2,chr14,21941128,+
UQCRC2,chr16,21953288,+
TOP3B,chr22,21982813,-
TRAV12-3,chr14,21965451,+
CDKN2A,chr9,21995301,-
CELA3B,chr1,21977022,+
TRAV8-6,chr14,21978459,+
PDZD9,chr16,22001116,-
TRAV16,chr14,21990496,+
TRAV17,chr14,21997539,+
CELA3A,chr1,22001657,+
CDKN2B,chr9,22009305,-
TRAV18,chr14,22003106,+
TRAV19,chr14,22007512,+
MOSMO,chr16,22007638,+
OR4M2-OT1,chr15,22015233,+
NPM2,chr8,22024125,+
ENSG00000289694,chr1,22025142,+
IGLV4-69,chr22,22030934,+
PHEX,chrX,22032325,+
TRAV20,chr14,22040594,+
FGF17,chr8,22042398,+
CMAS,chr12,22046218,+
DMTN,chr8,22048995,+
ZNF257,chr19,22052430,+
TRAV21,chr14,22052514,+
CDC42,chr1,22052627,+
ST8SIA1,chr12,22437041,-
OR4M2,chr15,22070241,+
TRAV22,chr14,22070557,+
TRAV23DV6,chr14,22086407,+
FHIP2B,chr8,22089150,+
VWA3A,chr16,22092540,+
OR4N4,chr15,22094522,+
TRDV1,chr14,22096032,+
IGLV8-61,chr22,22098700,+
TRAV24,chr14,22105343,+
NUDT18,chr8,22109419,-
TRAV25,chr14,22112347,+
HR,chr8,22133384,-
WNT4,chr1,22143969,-
RAPGEF5,chr7,22357154,-
TRAV26-1,chr14,22123318,+
HRURF,chr8,22131010,-
TRAV8-7,chr14,22132553,+
REEP4,chr8,22141951,-
LGI3,chr8,22157084,-
TRAV27,chr14,22147995,+
SFTPC,chr8,22156913,+
IGHV1OR15-1,chr15,22160868,-
IGLV4-60,chr22,22162199,+
SDR42E2,chr16,22162503,+
TRAV29DV5,chr14,22163238,+
BMP1,chr8,22165140,+
TRAV30,chr14,22168429,+
RBMY1F,chrY,22182982,-
GATA6,chr18,22169589,+
ZNF676,chr19,22215801,-
IGHV4OR15-8,chr15,22185402,-
IGLV6-57,chr22,22195799,+
IGLV11-55,chr22,22201663,+
TRAV26-2,chr14,22202583,+
EEF2K,chr16,22206278,+
TRAV34,chr14,22207522,+
EBLN1,chr10,22218015,-
IGLV10-54,chr22,22214794,+
PHYHIP,chr8,22232101,-
TRAV36DV7,chr14,22226746,+
VPREB1,chr22,22244780,+
POLR3D,chr8,22245133,+
TRAV38-1,chr14,22271968,+
CBLL2,chrX,22272913,+
PIWIL2,chr8,22275316,+
TRAV38-2DV8,chr14,22281105,+
ZNF729,chr19,22286441,+
PRL,chr6,22302826,-
POLR3E,chr16,22297375,+
TRAV39,chr14,22304054,+
TRAV40,chr14,22314490,+
COMMD3,chr10,22316388,+
COMMD3-BMI1,chr10,22316388,+
IGLV5-52,chr22,22318727,+
TRAV41,chr14,22320188,+
BMI1,chr10,22321099,+
IGLV1-51,chr22,22322472,+
IGLV1-50,chr22,22327300,+
SLC17A6,chr11,22338381,+
IGLV9-49,chr22,22343187,+
ADGRA3,chr4,22516066,-
SPAG6,chr10,22345445,+
CDR2,chr16,22437165,-
IGLV5-48,chr22,22352940,+
IGLV1-47,chr22,22357739,+
SLC39A14,chr8,22367278,+
IGLV7-46,chr22,22369614,+
IGLV5-45,chr22,22375986,+
IGLV1-44,chr22,22380766,+
ZNF98,chr19,22532485,-
IGLV7-43,chr22,22395018,+
RBMY1J,chrY,22403410,+
IGLV1-40,chr22,22409766,+
CTAGE1,chr18,22417915,-
STEAP1B,chr7,22727613,-
TRDV2,chr14,22422371,+
IGLV5-37,chr22,22427540,+
ZBTB40,chr1,22428838,+
IGLV1-36,chr22,22431958,+
TRDD1,chr14,22438547,+
TRDD2,chr14,22439007,+
PPP3CC,chr8,22440819,+
DMRTA1,chr9,22446824,+
C2CD5,chr12,22544546,-
TRDD3,chr14,22449113,+
TRDJ1,chr14,22450089,+
TRDJ4,chr14,22455249,+
TRDJ2,chr14,22456689,+
GOLGA6L22,chr15,22458903,+
TRDJ3,chr14,22459098,+
TRDC,chr14,22462932,+
TRDV3,chr14,22469698,-
TRAJ61,chr14,22475316,+
TRAJ59,chr14,22476553,+
TRAJ58,chr14,22477707,+
TRAJ57,chr14,22478872,+
NPIPB5,chr16,22479121,+
TRAJ56,chr14,22479521,+
TRAJ54,chr14,22482287,+
TRAJ53,chr14,22483004,+
ZNF280B,chr22,22508742,-
TRAJ52,chr14,22486228,+
TRAJ50,chr14,22488593,+
TRAJ49,chr14,22489488,+
TRAJ48,chr14,22490491,+
TRAJ47,chr14,22492851,+
TRAJ46,chr14,22493403,+
TRAJ45,chr14,22493925,+
TRAJ44,chr14,22494821,+
TRAJ43,chr14,22495913,+
TRAJ42,chr14,22496887,+
TRAJ41,chr14,22497657,+
TRAJ40,chr14,22499689,+
TRAJ39,chr14,22501601,+
TRAJ38,chr14,22502231,+
TRAJ37,chr14,22503750,+
TRAJ36,chr14,22505110,+
TRAJ35,chr14,22506644,+
TRAJ34,chr14,22507666,+
TRAJ33,chr14,22508602,+
TRAJ32,chr14,22509341,+
TRAJ31,chr14,22510968,+
TRAJ30,chr14,22512852,+
ZNF280A,chr22,22520270,-
TRAJ29,chr14,22513939,+
TRAJ28,chr14,22515623,+
TRAJ27,chr14,22516273,+
TRAJ26,chr14,22518446,+
TRAJ25,chr14,22518812,+
TRAJ24,chr14,22519969,+
TRAJ23,chr14,22520416,+
TRAJ22,chr14,22522040,+
TRAJ21,chr14,22523600,+
TRAJ20,chr14,22524325,+
TRAJ19,chr14,22525263,+
TRAJ18,chr14,22525650,+
TRAJ17,chr14,22526844,+
TRAJ16,chr14,22528527,+
TRAJ14,chr14,22530327,+
TRAJ13,chr14,22531076,+
TRAJ12,chr14,22531939,+
TRAJ11,chr14,22532502,+
TRAJ10,chr14,22533497,+
PIP4K2A,chr10,22714578,-
TRAJ9,chr14,22535554,+
TRAJ7,chr14,22537622,+
TRAJ6,chr14,22539073,+
TRAJ5,chr14,22540247,+
TRAJ4,chr14,22542199,+
TRAJ3,chr14,22543179,+
TRAJ2,chr14,22544071,+
SORBS3,chr8,22544986,+
TRAJ1,chr14,22545037,+
TRAC,chr14,22547506,+
PRAME,chr22,22559340,-
EPHA8,chr1,22563489,+
DAD1,chr14,22589224,-
HDGFL1,chr6,22569566,+
PDLIM2,chr8,22578279,+
FOXA2,chr20,22585455,-
IGLV2-33,chr22,22588155,+
ENSG00000248235,chr8,22589274,+
IGLV3-32,chr22,22594528,+
ABHD4,chr14,22598294,+
C8orf58,chr8,22599599,+
CCAR2,chr8,22604757,+
BIN3,chr8,22669148,-
FANCF,chr11,22625823,-
ETNK1,chr12,22625075,+
GAS2,chr11,22625509,+
OR6J1,chr14,22644352,-
ZNF492,chr19,22634324,+
C1QA,chr1,22635077,+
ENSG00000289692,chr1,22636506,+
C1QC,chr1,22643014,+
GGTLC2,chr22,22644614,+
C1QB,chr1,22652762,+
IGLV3-27,chr22,22668288,+
IGLV3-25,chr22,22686726,+
EGR3,chr8,22693480,-
GBA3,chr4,22714092,+
IGLV2-23,chr22,22697789,+
IGLV3-22,chr22,22704265,+
EPHB2,chr1,22710839,+
IGLV3-21,chr22,22711689,+
PEBP4,chr8,23000000,-
IGLV3-19,chr22,22720623,+
IL6,chr7,22725884,+
IGLV2-18,chr22,22734607,+
IGLV3-16,chr22,22747383,+
ZNF99,chr19,22784151,-
IGLV2-14,chr22,22758700,+
OXA1L,chr14,22766522,+
IGLV3-12,chr22,22771824,+
NIPA1,chr15,22773063,+
SLC7A7,chr14,22829820,-
IGLV2-11,chr22,22792491,+
RBBP8,chr18,22798261,+
IGLV3-10,chr22,22811747,+
TOMM7,chr7,22822849,-
SVIP,chr11,22830299,-
HS3ST2,chr16,22814162,+
IGLV3-9,chr22,22819010,+
IGLV2-8,chr22,22822658,+
MRPL52,chr14,22829883,+
ZNF723,chr19,22832291,+
MMP14,chr14,22836576,+
NIPA2,chr15,22838644,+
CCDC179,chr11,22860474,-
CYFIP1,chr15,22981063,-
IGLV4-3,chr22,22871507,+
LRP10,chr14,22871740,+
IGLV3-1,chr22,22880706,+
REM2,chr14,22883222,+
IGLL5,chr22,22887780,+
HYCC1,chr7,23014130,-
RBM23,chr14,22919182,-
IGLJ1,chr22,22893692,+
IGLC1,chr22,22895375,+
IGLJ2,chr22,22899481,+
IGLC2,chr22,22900976,+
IGLJ3,chr22,22904850,+
IGLC3,chr22,22906342,+
IGLJ4,chr22,22910574,+
IGLJ5,chr22,22914272,+
IGLJ6,chr22,22918132,+
PRMT5,chr14,22929408,-
IGLJ7,chr22,22921390,+
IGLC7,chr22,22922594,+
ARMC3,chr10,22928024,+
HAUS4,chr14,22957161,-
ENSG00000259132,chr14,22982258,-
LACTBL1,chr1,22972866,-
AJUBA,chr14,22982551,-
BPY2,chrY,22973819,+
ZNF728,chr19,23003176,-
TUBGCP5,chr15,23039572,-
C14orf93,chr14,23010166,-
RHOBTB2,chr8,22987417,+
DDX53,chrX,22999960,+
TEX46,chr1,23019100,-
PSMB5,chr14,23035230,-
KDM1A,chr1,23019443,+
TNFRSF10B,chr8,23069031,-
SSTR4,chr20,23035312,+
PSMB11,chr14,23042212,+
THBD,chr20,23049672,-
CDH24,chr14,23057538,-
ACIN1,chr14,23095614,-
RSPH14,chr22,23145021,-
USP31,chr16,23149452,-
CD93,chr20,23086324,-
GNAZ,chr22,23070519,+
ZNF730,chr19,23075210,+
LUZP1,chr1,23178152,-
ENSG00000284956,chr8,23084403,+
ENSG00000293565,chr1,23094376,-
C14orf119,chr14,23095505,+
MSRB2,chr10,23095579,+
CIROP,chr14,23104989,-
TNFRSF10C,chr8,23102921,+
KLHL7,chr7,23105758,+
CEBPE,chr14,23120256,-
SLC7A8,chr14,23183674,-
GOLGA6L1,chr15,23136822,-
DAZ1,chrY,23199010,-
CABLES1,chr18,23134564,+
TNFRSF10D,chr8,23164027,-
RAB36,chr22,23145366,+
BCR,chr22,23179704,+
SGCG,chr13,23180979,+
NUP42,chr7,23182038,+
SCNN1G,chr16,23182745,+
RNF212B,chr14,23185316,+
TNFRSF10A,chr8,23225102,-
HTR1D,chr1,23217502,-
PTF1A,chr10,23192312,+
TMEM241,chr18,23437961,-
C10orf67,chr10,23344845,-
UBE2E2,chr3,23203020,+
DAZ2,chrY,23219447,+
ZNF724,chr19,23250394,-
ENSG00000283201,chr19,23274221,-
GPNMB,chr7,23235967,+
CHMP7,chr8,23243637,+
R3HCC1,chr8,23270120,+
HOMEZ,chr14,23299796,-
SCNN1B,chr16,23278231,+
SACS,chr13,23433752,-
PPP1R3E,chr14,23302859,-
LOXL2,chr8,23425328,-
MALSU1,chr7,23298739,+
BCL2L2,chr14,23298790,+
HNRNPR,chr1,23344336,-
ZNF91,chr19,23395471,-
BCL2L2-PABPN1,chr14,23306833,+
IGF2BP3,chr7,23470491,-
PABPN1,chr14,23321457,+
GOLGA6L26,chr15,23334196,-
PTCHD1,chrX,23334849,+
SLC22A17,chr14,23352912,-
NXT1,chr20,23350791,+
GOLGA8S,chr15,23354748,+
EFS,chr14,23365752,-
ZNF436,chr1,23369836,-
GZF1,chr20,23362182,+
IL25,chr14,23372809,+
NAPB,chr20,23421519,-
CMTM5,chr14,23376773,+
TCEA3,chr1,23424748,-
MYH6,chr14,23408273,-
KLHL29,chr2,23385179,+
ENTPD4,chr8,23457695,-
COG7,chr16,23453189,-
MYH7,chr14,23435660,-
CSTL1,chr20,23433776,+
ASAP3,chr1,23484637,-
GOLGA6L2,chr15,23447243,-
OTUD1,chr10,23439075,+
PRDM9,chr5,23443586,+
CST11,chr20,23452876,-
RIOK3,chr18,23453287,+
GGA2,chr16,23521995,-
NGDN,chr14,23469679,+
CST8,chr20,23491101,+
RMC1,chr18,23503496,+
TRA2A,chr7,23532041,-
NPC1,chr18,23586506,-
E2F2,chr1,23531233,-
EARS2,chr16,23557731,-
ZFHX2,chr14,23556192,-
ZNF675,chr19,23687220,-
SLC25A37,chr8,23528956,+
SOX5,chr12,24562544,-
THTPA,chr14,23555988,+
UBFD1,chr16,23557721,+
ID3,chr1,23559501,-
AP1G2,chr14,23568070,-
CST9L,chr20,23568484,-
MKRN3,chr15,23565674,+
JPH4,chr14,23578790,-
TNFRSF19,chr13,23570370,+
IGLL1,chr22,23580302,-
NDUFAB1,chr16,23596316,-
CCDC126,chr7,23597382,+
ANKRD29,chr18,23662911,-
CST9,chr20,23605917,-
PALB2,chr16,23641321,-
DRICH1,chr22,23632321,-
CST3,chr20,23638473,-
DHRS2,chr14,23630115,+
DCTN5,chr16,23641466,+
MAGEL2,chr15,23647867,-
PRDX4,chrX,23664262,+
PLK1,chr16,23678889,+
NKX3-1,chr8,23682938,-
FAM221A,chr7,23680130,+
NDN,chr15,23687305,-
CST4,chr20,23689038,-
RGL4,chr22,23688142,+
LAMA3,chr18,23689453,+
ELAVL2,chr9,23826337,-
ERN2,chr16,23713226,-
RPL11,chr1,23691742,+
KIAA1217,chr10,23694746,+
ACOT9,chrX,23766475,-
NKX2-6,chr8,23706756,-
STK31,chr7,23710203,+
MIPEP,chr13,23889400,-
ZNF70,chr22,23751112,-
ZNF681,chr19,23758891,-
ELOA,chr1,23743471,+
CST1,chr20,23751268,-
ATAD2B,chr2,23927123,-
VPREB3,chr22,23754425,-
CHP2,chr16,23755026,+
PPARGC1A,chr4,23899318,-
RPSA2,chr19,23762944,+
C22orf15,chr22,23762990,+
CHCHD10,chr22,23767972,-
MMP11,chr22,23768643,+
PITHD1,chr1,23778418,+
SAT1,chrX,23783173,+
ENSG00000288706,chrX,23783278,+
SMARCB1,chr22,23786931,+
LYPLA2,chr1,23791110,+
GALE,chr1,23800781,-
HMGCL,chr1,23838620,-
UBE2E1,chr3,23805955,+
CST2,chr20,23826729,-
APOO,chrX,23907938,-
DERL3,chr22,23839012,-
PRKCB,chr16,23835983,+
STC1,chr8,23854806,-
FUCA1,chr1,23868290,-
SLC2A11,chr22,23856703,+
ENSG00000251357,chr22,23862188,+
CNR2,chr1,23913362,-
CST5,chr20,23879748,-
NKIRAS1,chr3,23946591,-
C1QTNF9B,chr13,23897502,-
MIF,chr22,23894383,+
CXorf58,chrX,23908006,+
ZNF726,chr19,23914876,+
RPL15,chr3,23916591,+
UBXN2A,chr2,23927285,+
NR1D2,chr3,23945286,+
DHRS4,chr14,23953734,+
PNRC2,chr1,23956839,+
GSTT2B,chr22,23961195,-
SRSF10,chr1,23980927,-
DDTL,chr22,23966888,+
DHRS4L2,chr14,23969874,+
DDT,chr22,23980469,-
ENSG00000273167,chr13,23979700,+
SPATA13,chr13,23979805,+
GSTT2,chr22,23980058,+
KLHL15,chrX,24027186,-
GGTLC1,chr20,23988779,-
TTC39C,chr18,23992773,+
GSTT4,chr22,24005453,-
MFSD2B,chr2,24010081,+
CABIN1,chr22,24011192,+
WDCP,chr2,24049575,-
ZNF254,chr19,24033405,+
CDY1B,chrY,24048019,-
FKBP1B,chr2,24049701,+
CARMIL3,chr14,24052009,+
EIF2S3,chrX,24054946,+
MYOM3,chr1,24112135,-
SF3B6,chr2,24076326,-
CPNE6,chr14,24070837,+
FAM228B,chr2,24076526,+
TP53I3,chr2,24085861,-
NRL,chr14,24115010,-
PCK2,chr14,24094053,+
DCAF11,chr14,24114195,+
PFN4,chr2,24123464,-
THRB,chr3,24495756,-
IL22RA1,chr1,24143140,-
ENSG00000259371,chr14,24120956,+
ENSG00000276087,chr2,24172798,+
NRSN1,chr6,24126186,+
FITM1,chr14,24130659,+
PSME1,chr14,24136163,+
EMC9,chr14,24141591,-
CABYR,chr18,24138987,+
PSME2,chr14,24147570,-
RNF31,chr14,24146683,+
ENSG00000259529,chr14,24147548,+
ZFX,chrX,24149173,+
IFNLR1,chr1,24187959,-
IRF9,chr14,24161245,+
OSBPL1A,chr18,24397841,-
DCDC2,chr6,24358059,-
REC8,chr14,24171853,+
FAM228A,chr2,24175053,+
IPO4,chr14,24188816,-
ENSG00000259522,chr14,24190416,-
SUSD2,chr22,24181487,+
TM9SF1,chr14,24195687,-
ENSG00000254692,chr14,24213473,-
GRHL3,chr1,24199558,+
ITSN2,chr2,24360536,-
TSSK4,chr14,24205696,+
CHMP4A,chr14,24213489,-
MDP1,chr14,24216066,-
NEDD8-MDP1,chr14,24232352,-
NEDD8,chr14,24232367,-
GGT5,chr22,24245082,-
GMPR2,chr14,24232422,+
TINF2,chr14,24242663,-
TGM1,chr14,24264432,-
CACNG3,chr16,24256335,+
RABGGTA,chr14,24271611,-
SPECC1L,chr22,24270817,+
SPECC1L-ADORA2A,chr22,24270898,+
NPY,chr7,24284188,+
DHRS1,chr14,24299780,-
ADAM28,chr8,24294069,+
NOP9,chr14,24299850,+
CIDEB,chr14,24311430,-
LTB4R2,chr14,24305734,+
C1QTNF9,chr13,24307166,+
SUPT20HL2,chrX,24314069,-
LTB4R,chr14,24311450,+
ADCY4,chr14,24335071,-
RIPK3,chr14,24339991,-
STPG1,chr1,24416934,-
SUPT20HL1,chrX,24360639,+
NFATC4,chr14,24365673,+
ADAMDEC1,chr8,24384285,+
NYNRIN,chr14,24399003,+
MRS2,chr6,24402908,+
NIPAL3,chr1,24415802,+
ADORA2A,chr22,24417879,+
PARP4,chr13,24512778,-
GPLD1,chr6,24495205,-
CBLN3,chr14,24430954,-
IMPACT,chr18,24426634,+
KHNYN,chr14,24429286,+
SDR39U1,chr14,24442904,-
ADAM7,chr8,24440930,+
HRH4,chr18,24460637,+
PDK3,chrX,24465286,+
SYNDIG1,chr20,24469629,+
CDH10,chr5,24644978,-
NCOA1,chr2,24491254,+
UPB1,chr22,24495242,+
ALDH5A1,chr6,24494867,+
LUZP2,chr11,24496970,+
RCAN3,chr1,24502351,+
CMA1,chr14,24508265,-
DHX15,chr4,24584554,-
RBBP6,chr16,24537693,+
GUCD1,chr22,24555935,-
IZUMO3,chr9,24545946,-
KIAA0319,chr6,24646191,-
SNRPD3,chr22,24555999,+
ENSG00000286070,chr22,24583750,+
NCMAP,chr1,24556087,+
PCYT1B,chrX,24672677,-
PALS2,chr7,24573268,+
CTSG,chr14,24576250,-
ARHGAP21,chr10,24723887,-
LRRC75B,chr22,24593208,-
GGT1,chr22,24594811,+
GZMH,chr14,24609699,-
BPY2B,chrY,24607560,+
TNRC6A,chr16,24610209,+
GZMB,chr14,24634267,-
SRRM1,chr1,24631716,+
TDP2,chr6,24666930,-
ACOT13,chr6,24667035,+
NPAP1,chr15,24675775,+
ATP12A,chr13,24680408,+
RARB,chr3,24687887,+
POLA1,chrX,24693918,+
GSDME,chr7,24757940,-
C6orf62,chr6,24720825,-
PIWIL3,chr22,24774720,-
CLIC4,chr1,24745382,+
DAZ3,chrY,24813492,-
RNF17,chr13,24764169,+
GMNN,chr6,24774931,+
PTRHD1,chr2,24793391,-
SOD3,chr4,24789912,+
CENPO,chr2,24793136,+
OSBPL3,chr7,24981634,-
ARMH2,chr6,24798917,-
ENSG00000282804,chr6,24809798,-
CCDC149,chr4,24980148,-
RIPOR2,chr6,25042170,-
SGSM1,chr22,24806169,+
STXBP6,chr14,25050147,-
BCAT1,chr12,24949101,-
ADCY3,chr2,24920237,-
SNRPN,chr15,24823637,+
DAZ4,chrY,24833843,+
SLC5A11,chr16,24845841,+
PRTFDC1,chr10,24952606,-
CENPJ,chr13,24922861,-
RUNX3,chr1,24965121,-
NEFM,chr8,24913758,+
ARHGAP17,chr16,25015666,-
LHFPL7,chr22,24946695,-
DNAJC27,chr2,24972094,-
CST7,chr20,24949269,+
NEFL,chr8,24956612,-
KIAA1671,chr22,24952716,+
SNURF,chr15,24954987,+
ENSG00000214265,chr15,24955034,+
APMAP,chr20,24992751,-
ENKUR,chr10,25062279,-
LGI2,chr4,25030946,-
ARX,chrX,25016420,-
IRAG2,chr12,25004342,+
ACSS1,chr20,25058980,-
THNSL1,chr10,25016612,+
BPY2C,chrY,25062548,-
EFR3B,chr2,25042076,+
ZNF521,chr18,25352190,-
VSX1,chr20,25082141,-
PABPC3,chr13,25096136,+
DNAI7,chr12,25195160,-
LCMT1,chr16,25111735,+
CYCS,chr7,25125260,-
SEPSECS,chr4,25160546,-
SPMIP4,chr7,25180356,-
PI4K2B,chr4,25160663,+
POMC,chr2,25168903,-
AMER2,chr13,25172288,-
GPR158,chr10,25174802,+
DOCK5,chr8,25184689,+
ETFRF1,chr12,25195216,+
ENTPD6,chr20,25195693,+
CRYBB3,chr22,25199858,+
KRAS,chr12,25250936,-
CRYBB2,chr22,25212564,+
AQP8,chr16,25215731,+
SYF2,chr1,25232502,-
NPVF,chr7,25228486,-
DNMT3A,chr2,25342590,-
ZKSCAN2,chr16,25257845,-
RSRP1,chr1,25338213,-
MTMR6,chr13,25287510,-
PYGB,chr20,25248085,+
RHD,chr1,25272439,+
CARMIL1,chr6,25279078,+
ABHD12,chr20,25390835,-
NUP58,chr13,25301524,+
ZCCHC4,chr4,25312774,+
UBE3A,chr15,25439051,-
TMEM50A,chr1,25338317,+
LRP5L,chr22,25405274,-
RHCE,chr1,25430192,-
ATP8A2,chr13,25371974,+
DTNB,chr2,25673647,-
ANAPC4,chr4,25377263,+
GINS1,chr20,25391008,+
LMNTD1,chr12,25648579,-
GNRH1,chr8,25424654,-
KCTD9,chr8,25458433,-
MACO1,chr1,25430858,+
NINL,chr20,25585531,-
CDCA2,chr8,25459199,+
LDLRAP1,chr1,25543604,+
GRK3,chr22,25564675,+
MRPL39,chr21,25607517,-
TOP2B,chr3,25664909,-
NANP,chr20,25624014,-
MAN1C1,chr1,25616791,+
CDY1,chrY,25622117,+
JAM2,chr21,25639258,+
SLC34A2,chr4,25648011,+
SCGN,chr6,25652215,+
ENSG00000290217,chr6,25652210,+
ZNF337,chr20,25696853,-
TUSC1,chr9,25678444,-
ATP10A,chr15,25865172,-
HS3ST4,chr16,25691959,+
ATP5PF,chr21,25735673,-
NGLY1,chr3,25790039,-
H2AC1,chr6,25726562,-
H2BC1,chr6,25726777,+
ASXL2,chr2,25878487,-
GABPA,chr21,25734570,+
MYO18B,chr22,25742144,+
SEL1L3,chr4,25863760,-
SLC17A4,chr6,25754699,+
SLC17A1,chr6,25832052,-
OXSM,chr3,25782917,+
SELENON,chr1,25800193,+
ENSG00000255054,chr1,25811470,+
MTFR1L,chr1,25818640,+
AUNIP,chr1,25859458,-
SLC17A3,chr6,25882286,-
EBF2,chr8,26045413,-
PAQR7,chr1,25875708,-
SMIM20,chr4,25861830,+
APP,chr21,26171128,-
STMN1,chr1,25906991,-
SLC17A2,chr6,25930691,-
KIF3C,chr2,25982749,-
MYO3A,chr10,25934229,+
RASSF8,chr12,25958232,+
PAFAH2,chr1,25998117,-
TRIM38,chr6,25962802,+
SS18,chr18,26091217,-
H1-1,chr6,26017787,-
EXTL1,chr1,26019884,+
H3C1,chr6,26020451,+
H4C1,chr6,26021649,+
H4C2,chr6,26027283,-
H3C2,chr6,26032099,-
H2AC4,chr6,26033618,-
RAB10,chr2,26034084,+
SLC30A2,chr1,26046118,-
H2BC3,chr6,26043713,-
SHISA2,chr13,26052016,-
H3C3,chr6,26045384,+
TRIM63,chr1,26068436,-
H1-2,chr6,26056470,-
H2BC4,chr6,26123926,-
HFE,chr6,26087281,+
H4C3,chr6,26103933,+
H1-6,chr6,26108135,-
PDIK1L,chr1,26111165,+
BHLHE41,chr12,26125037,-
SSPN,chr12,26121991,+
H2AC6,chr6,26124172,+
RNF6,chr13,26222314,-
PSMA8,chr18,26133869,+
MAGEB18,chrX,26138343,+
NFE2L3,chr7,26152198,+
H1-4,chr6,26156329,+
H2BC5,chr6,26158122,+
FAM110D,chr1,26159079,+
MAGEB6B,chrX,26160601,+
RBPJ,chr4,26163455,+
C1orf232,chr1,26168963,-
SEZ6L,chr22,26169462,+
ZNF593OS,chr1,26171832,-
ZNF593,chr1,26169908,+
HNRNPA2B1,chr7,26201301,-
H2BC6,chr6,26172059,+
GAREM2,chr2,26173088,+
CNKSR1,chr1,26177490,+
H4C4,chr6,26189112,-
ANO3,chr11,26188842,+
CATSPER4,chr1,26190561,+
HADHA,chr2,26244632,-
MAGEB6,chrX,26192440,+
H3C4,chr6,26197286,-
ENSG00000282988,chr6,26199293,-
H2AC7,chr6,26199293,-
H2BC7,chr6,26199516,+
CBX3,chr7,26201162,+
H4C5,chr6,26204610,+
MAGEB5,chrX,26216169,+
H2BC8,chr6,26216688,-
GAD2,chr10,26216665,+
H2AC8,chr6,26216921,+
H3C6,chr6,26224199,+
TAF4B,chr18,26226445,+
CEP85,chr1,26234200,+
H1-3,chr6,26234987,-
H4C6,chr6,26240393,+
HADHB,chr2,26243170,+
H4C7,chr6,26246996,-
H3C7,chr6,26250635,-
H2BC9,chr6,26251614,+
CDK8,chr13,26254129,+
H3C8,chr6,26271413,-
H2BC10,chr6,26272931,+
H4C8,chr6,26285534,-
SH3BGRL3,chr1,26280086,+
UBXN11,chr1,26318363,-
PPP2R2A,chr8,26291508,+
SNX10,chr7,26291862,+
ADGRF3,chr2,26346817,-
SELENOI,chr2,26308547,+
CD52,chr1,26317958,+
CRYBG2,chr1,26360080,-
ITPR2,chr12,26833194,-
ZNF683,chr1,26374522,-
BTN3A2,chr6,26365159,+
BNIP3L,chr8,26383054,+
BTN2A2,chr6,26383096,+
DRC1,chr2,26401920,+
BTN3A1,chr6,26402237,+
LIN28A,chr1,26410817,+
ASPHD2,chr22,26429260,+
DHDDS,chr1,26432316,+
APBB1IP,chr10,26438341,+
BTN3A3,chr6,26440472,+
NOVA1,chr14,26598033,-
HPS4,chr22,26483931,-
KCTD1,chr18,26657401,-
OTOF,chr2,26558756,-
BTN2A1,chr6,26457904,+
CYYR1,chr21,26573286,-
HMGN2,chr1,26472440,+
CCKAR,chr4,26490484,-
SRRD,chr22,26483877,+
TFIP11,chr22,26512499,-
BTN1A1,chr6,26500303,+
PNMA2,chr8,26514092,-
DPYSL2,chr8,26514031,+
TPST2,chr22,26596717,-
RPS6KA1,chr1,26529761,+
HMGN4,chr6,26538366,+
GABRB3,chr15,26939539,-
WASF3,chr13,26557683,+
MUC15,chr11,26572263,-
CIMIP2C,chr2,26562585,+
TBC1D19,chr4,26576437,+
CIB4,chr2,26641366,-
ABT1,chr6,26596953,+
CRYBB1,chr22,26618027,-
CRYBA4,chr22,26621963,+
LRRC3B,chr3,26622772,+
ZNF322,chr6,26659752,-
SLC5A12,chr11,26723361,-
SKAP2,chr7,26995239,-
KCNK3,chr2,26692722,+
ARID1A,chr1,26693236,+
PDSS1,chr10,26697701,+
ABI1,chr10,26861087,-
ADRA1A,chr8,26867278,-
GPR12,chr13,26760786,-
SLC35F6,chr2,26764284,+
CENPA,chr2,26764289,+
PIGV,chr1,26787054,+
ZDHHC18,chr1,26826688,+
ADAMTS1,chr21,26845409,-
CAAP1,chr9,26892803,-
DPYSL5,chr2,26847747,+
AQP4,chr18,26865752,-
STIM2,chr4,26857678,+
SFN,chr1,26863149,+
GABRA5,chr15,26866911,+
GPN2,chr1,26890283,-
CDH9,chr5,27121150,-
GPATCH3,chr1,26900467,-
NUDC,chr1,26900238,+
PLAA,chr9,26947242,-
INTS13,chr12,26938326,-
CHST9,chr18,27185308,-
NR0B2,chr1,26913975,-
ADAMTS5,chr21,26967088,-
FGFR1OP2,chr12,26938470,+
IFT74,chr9,26947039,+
KDF1,chr1,26960468,-
MAPRE3,chr2,26970637,+
GABRG3,chr15,26971181,+
TM7SF3,chr12,27014434,-
ANKRD26,chr10,27100494,-
LRRC19,chr9,27005672,-
TRNP1,chr1,26993692,+
FIBIN,chr11,26994112,+
TENT5B,chr1,27012850,-
MED21,chr12,27022546,+
TMEM214,chr2,27032965,+
BBOX1,chr11,27040725,+
AGBL5,chr2,27042364,+
USP12,chr13,27171811,-
C16orf82,chr16,27066927,+
OST4,chr2,27071654,-
EMILIN1,chr2,27078615,+
C12orf71,chr12,27082578,-
KHK,chr2,27086772,+
HOXA1,chr7,27096000,-
SLC9A1,chr1,27166981,-
CGREF1,chr2,27119128,-
HOXA2,chr7,27102683,-
HOXA3,chr7,27152583,-
NEK10,chr3,27369460,-
TEK,chr9,27109141,+
YME1L1,chr10,27155266,-
H2BC11,chr6,27132795,-
ABHD1,chr2,27123789,+
HOXA4,chr7,27130780,-
PREB,chr2,27134636,-
H2AC11,chr6,27133043,+
PRR30,chr2,27139410,-
H2BC12,chr6,27146855,-
H4C9,chr6,27139282,+
HOXA5,chr7,27143681,-
HOXA6,chr7,27150603,-
H2AC12,chr6,27147106,+
TCF23,chr2,27149004,+
HOXA7,chr7,27157936,-
MASTL,chr10,27154824,+
HOXA9,chr7,27175180,-
ENSG00000257184,chr7,27180013,-
ACBD5,chr10,27243046,-
HOXA10,chr7,27180261,-
HOXA11,chr7,27185232,-
HOXA13,chr7,27200091,-
SLC5A6,chr2,27212958,-
KDM8,chr16,27203517,+
ATRAID,chr2,27212041,+
CAD,chr2,27217369,+
NSMCE1,chr16,27268772,-
WDTC1,chr1,27234632,+
STMN4,chr8,27258420,-
EVX1,chr7,27242700,+
STK38L,chr12,27243968,+
PRSS16,chr6,27247701,+
RPL21,chr13,27251558,+
SLC30A3,chr2,27275817,-
RASL11A,chr13,27270830,+
DNAJC5G,chr2,27275433,+
TRIM54,chr2,27282429,+
EQTN,chr9,27297150,-
TRIM35,chr8,27311272,-
POM121L2,chr6,27312273,-
WSB1,chr17,27294076,+
UCN,chr2,27308445,-
MPV17,chr2,27325680,-
PTK2B,chr8,27311482,+
IL4R,chr16,27313668,+
TMEM222,chr1,27322145,+
MOB3B,chr9,27529814,-
GTF3C2,chr2,27356999,-
CCDC34,chr11,27363234,-
BMAL2,chr12,27332836,+
SYTL1,chr1,27342020,+
MAP3K6,chr1,27366961,-
EIF2B4,chr2,27370338,-
LGR4,chr11,27472790,-
FCN3,chr1,27374824,-
SNX17,chr2,27370496,+
SLC4A7,chr3,27484396,-
ZNF391,chr6,27374615,+
ZNF513,chr2,27380790,-
CD164L2,chr1,27383333,-
PPM1G,chr2,27409591,-
GPR3,chr1,27392622,+
PTCHD3,chr10,27414368,-
IL21R,chr16,27402174,+
WASF2,chr1,27490167,-
GTF3A,chr13,27424619,+
NRBP1,chr2,27427790,+
MTIF3,chr13,27450591,-
KRTCAP3,chr2,27442366,+
IFT172,chr2,27489789,-
SMCO2,chr12,27446736,+
ZNF184,chr6,27473118,-
KSR1,chr17,27456448,+
GTF3C1,chr16,27549913,-
CHRNA2,chr8,27479883,-
PPP4R3C,chrX,27463341,-
EPHX2,chr8,27490781,+
FNDC4,chr2,27495200,-
LIN7C,chr11,27506769,-
GCKR,chr2,27496839,+
RAB18,chr10,27504234,+
PPFIBP1,chr12,27523431,+
IFNK,chr9,27524290,+
HIBADH,chr7,27662883,-
AHDC1,chr1,27604431,-
C9orf72,chr9,27573866,-
SPATA31H1,chr2,27537386,+
LNX2,chr13,27620529,-
KATNIP,chr16,27550144,+
ZNF512,chr2,27582969,+
DCAF8L2,chrX,27590344,+
CLU,chr8,27614700,-
FGR,chr1,27635185,-
POLR1D,chr13,27620742,+
ENSG00000266728,chr17,27623364,+
CCDC121,chr2,27629012,-
GPN1,chr2,27628247,+
LGALS9,chr17,27629798,+
SCARA3,chr8,27633868,+
SUPT7L,chr2,27663840,-
BDNF,chr11,27722058,-
SLC4A1AP,chr2,27663426,+
IFI6,chr1,27672212,-
MKX,chr10,27746060,-
REP15,chr12,27696447,+
MRPS35,chr12,27710832,+
EOMES,chr3,27722711,-
FAM76A,chr1,27725961,+
CCDC25,chr8,27772640,-
TAX1BP1,chr7,27739331,+
MN1,chr22,27801756,-
OCA2,chr15,28099315,-
NOS2,chr17,27800529,-
MANSC4,chr12,27780236,-
MRPL33,chr2,27771717,+
ESCO2,chr8,27771949,+
STX12,chr1,27773219,+
ODAD2,chr10,27999079,-
KLHL42,chr12,27780233,+
RBKS,chr2,27890387,-
GSG1L,chr16,28063714,-
GSX1,chr13,27792483,+
ENSG00000266202,chr17,27893365,-
H2BC13,chr6,27807929,-
MAGEB10,chrX,27807990,+
H2AC13,chr6,27808173,+
PBK,chr8,27838082,-
H3C10,chr6,27810051,+
H2AC14,chr6,27814777,-
H2BC14,chr6,27815022,+
H4C11,chr6,27824092,+
JAZF1,chr7,28180795,-
PPP1R8,chr1,27830782,+
H4C12,chr6,27831560,-
H2AC15,chr6,27838375,-
H2BC15,chr6,27838569,+
PITPNB,chr22,27920134,-
H2AC16,chr6,27865317,+
H1-5,chr6,27867588,-
SCARA5,chr8,27992673,-
H3C11,chr6,27872346,-
THEMIS2,chr1,27872543,+
H4C13,chr6,27873534,-
LYRM9,chr17,27893383,-
BABAM2,chr2,27889941,+
H3C12,chr6,27893106,-
RPA2,chr1,27914746,-
H2AC17,chr6,27893185,-
H2BC17,chr6,27893425,+
OR2B2,chr6,27912396,-
PDX1,chr13,27920000,+
CDH2,chr18,28177946,-
SMPDL3B,chr1,27935000,+
LINGO2,chr9,29213601,-
OR2B6,chr6,27957241,+
PTHLH,chr12,27972733,-
XKR8,chr1,27959651,+
CDX2,chr13,27969315,-
EYA3,chr1,28088637,-
URAD,chr13,27988693,-
DCAF8L1,chrX,27981449,-
TTC28,chr22,28679840,-
FLT3,chr13,28100576,-
KIF18A,chr11,28108156,-
NUGGC,chr8,28083936,-
NLK,chr17,28041737,+
MPP7,chr10,28334486,-
OR2B8P,chr6,28054165,-
ZNF165,chr6,28080568,+
ELP3,chr8,28089673,+
XPO6,chr16,28211965,-
ZSCAN16,chr6,28107689,+
METTL15,chr11,28108248,+
HERC2,chr15,28322179,-
CCDC91,chr12,28133249,+
PAN3,chr13,28138545,+
ZKSCAN8,chr6,28141883,+
PTAFR,chr1,28193936,-
ZKSCAN8P1,chr6,28161769,+
DNAJC8,chr1,28233029,-
ZSCAN9,chr6,28224886,+
ATP5IF1,chr1,28236109,+
CMC1,chr3,28241618,+
ZKSCAN4,chr6,28252269,-
SBK1,chr16,28259246,+
NKAPL,chr6,28259297,+
SESN2,chr1,28259518,+
ZSCAN26,chr6,28267058,+
ENSG00000276302,chr6,28267121,+
PGBD1,chr6,28281572,+
CREB5,chr7,28299321,+
FLT1,chr13,28495145,-
AZI2,chr3,28349050,-
PNOC,chr8,28316986,+
TMEM97,chr17,28319200,+
ZSCAN31,chr6,28356271,-
IFT20,chr17,28335489,-
MED18,chr1,28329002,+
TNFAIP1,chr17,28335602,+
NPIPB6,chr16,28363508,-
ZNF395,chr8,28402701,-
POLDIP2,chr17,28357527,-
GOLGA6L24,chr15,28358084,-
FBXO16,chr8,28490278,-
ZCWPW2,chr3,28348721,+
ENSG00000283563,chr3,28349178,+
ZKSCAN3,chr6,28349947,+
TMEM199,chr17,28357647,+
SEBOX,chr17,28365199,-
ENSG00000273171,chr17,28368012,-
SARM1,chr17,28364356,+
VTN,chr17,28373091,-
PHACTR4,chr1,28369582,+
GOLGA8F,chr15,28378664,+
ZSCAN12,chr6,28399747,-
EIF3CL,chr16,28403841,-
FOSL2,chr2,28392448,+
SLC46A1,chr17,28407197,-
ZSCAN23,chr6,28443502,-
RSKR,chr17,28614197,-
NPIPB7,chr16,28472336,-
ENSG00000261832,chr16,28482634,-
PLB1,chr2,28457145,+
SLC13A2,chr17,28473293,+
CLN3,chr16,28495575,-
FZD3,chr8,28494205,+
APOBR,chr16,28494643,+
IL27,chr16,28512051,-
GPX6,chr6,28528215,-
RCC1,chr1,28505943,+
FOXN1,chr17,28506243,+
GOLGA8G,chr15,28532971,-
GPX5,chr6,28525881,+
WAC,chr10,28532493,+
NUPR1,chr16,28539008,-
UNC119,chr17,28552631,-
TRNAU1AP,chr1,28553085,+
PIGS,chr17,28571794,-
GOLGA6L25,chr15,28553568,+
SGF29,chr16,28553920,+
SCAND3,chr6,28616212,-
ALDOC,chr17,28576948,-
RBMS3,chr3,28574791,+
SPAG5,chr17,28599025,-
ENSG00000258472,chr17,28614185,-
IL1RAPL1,chrX,28587446,+
TAF12,chr1,28648291,-
SULT1A2,chr16,28597050,-
RAB42,chr1,28592200,+
EXTL3,chr8,28600469,+
SULT1A1,chr16,28610044,-
BLTP2,chr17,28645454,-
NPIPB8,chr16,28637654,+
SDF2,chr17,28662189,-
POMP,chr13,28659065,+
SUPT6H,chr17,28662198,+
GMEB1,chr1,28668778,+
BAMBI,chr10,28677521,+
CHEK2,chr22,28741838,-
EIF3C,chr16,28688558,+
GOLGA8M,chr15,28738384,-
SLC46A3,chr13,28718970,-
PROCA1,chr17,28711888,-
RAB34,chr17,28718429,-
RPL23A,chr17,28719985,+
TLCD1,chr17,28727935,-
NEK8,chr17,28725897,+
YTHDF2,chr1,28736621,+
HSCB,chr22,28742039,+
TRAF4,chr17,28744011,+
PPP1CB,chr2,28751640,+
NPIPB9,chr16,28751787,+
FAM222B,chr17,28855232,-
FOXG1,chr14,28764329,+
INTS9,chr8,28890242,-
CCDC117,chr22,28772674,+
SPDYA,chr2,28782517,+
XBP1,chr22,28800597,-
OPRD1,chr1,28812170,+
MTUS2,chr13,28820339,+
ATXN2L,chr16,28822999,+
GOLGA6L7,chr15,28848644,-
TUFM,chr16,28846348,-
SH2B1,chr16,28846600,+
TRMT61B,chr2,28870309,-
ERAL1,chr17,28855016,+
N6AMT1,chr21,28885371,-
ATP2A1,chr16,28878405,+
FLOT2,chr17,28897733,-
ZNRF3,chr22,28883572,+
APBA2,chr15,28884483,+
EPB41,chr1,28887091,+
HMBOX1,chr8,28890395,+
WDR43,chr2,28894667,+
DHRS13,chr17,28903079,-
TRIM27,chr6,28923988,-
RABEP2,chr16,28936526,-
PHF12,chr17,28951606,-
LTN1,chr21,28992956,-
CD19,chr16,28931968,+
PIPOX,chr17,28950513,+
NFATC2IP,chr16,28950807,+
TRIL,chr7,28958330,-
SEZ6,chr17,29006440,-
TOGARAM2,chr2,28956611,+
SPNS1,chr16,28974221,+
LAT,chr16,28984826,+
ZNF311,chr6,29005315,-
CPVL,chr7,29195451,-
RWDD2B,chr21,29019360,-
USP16,chr21,29024629,+
OR2W1,chr6,29045175,-
CCT8,chr21,29073797,-
C22orf31,chr22,29061831,-
PCARE,chr2,29074523,-
KIF13B,chr8,29263097,-
MYO18A,chr17,29180398,-
KREMEN1,chr22,29073035,+
MAP3K7CL,chr21,29077471,+
OR2B3,chr6,29087313,-
CLIP4,chr2,29097705,+
OR2J1,chr6,29099490,+
OR2J3,chr6,29108058,+
TMEM200B,chr1,29123903,-
ENTREP2,chr15,29570979,-
CHN2,chr7,29146547,+
SRSF4,chr1,29181900,-
FAR2,chr12,29149082,+
OR2J2,chr6,29170907,+
MECR,chr1,29230942,-
ALK,chr2,29921586,-
BACH1,chr21,29194071,+
UQCRFS1,chr19,29213151,-
EMID1,chr22,29205896,+
PTPRU,chr1,29236516,+
CRYBA1,chr17,29246859,+
NUFIP2,chr17,29294148,-
RHBDD3,chr22,29268209,-
NSMCE3,chr15,29269822,-
EWSR1,chr22,29268009,+
LYZL1,chr10,29289061,+
OR14J1,chr6,29301701,+
GAS2L1,chr22,29306618,+
RASL10A,chr22,29319679,-
AP1B1,chr22,29388583,-
DUSP4,chr8,29350684,-
ERGIC2,chr12,29381189,-
OR5V1,chr6,29431967,-
OR12D3,chr6,29375291,-
NPIPB11,chr16,29406711,-
TAOK1,chr17,29390363,+
OR12D2,chr6,29395631,+
OVCH1,chr12,29497686,-
OR12D1,chr6,29414928,+
OR11A1,chr6,29457071,-
RFPL1,chr22,29438583,+
OR10C1,chr6,29439306,+
BOLA2-SMG1P6,chr16,29454347,-
BOLA2,chr16,29454351,-
SLX1B,chr16,29454533,+
OR2H1,chr6,29457155,+
SVIL,chr10,29736959,-
SULT1A4,chr16,29459913,+
NEFH,chr22,29480218,+
NPIPB12,chr16,29506408,-
MAS1L,chr6,29487956,-
TMTC1,chr12,29784759,-
THOC5,chr22,29555216,-
SLC7A1,chr13,29595688,-
VSTM2B,chr19,29525994,+
GRIK1,chr21,29940033,-
OR2I1P,chr6,29550407,+
NIPSNAP1,chr22,29581327,-
UBD,chr6,29559732,-
GABBR1,chr6,29633976,-
ABHD15,chr17,29567037,-
PRR15,chr7,29563835,+
TP53I13,chr17,29566052,+
GIT1,chr17,29594054,-
PRKD1,chr14,30191898,-
OR2H2,chr6,29585121,+
ANKRD13B,chr17,29589769,+
NF2,chr22,29603553,+
POP4,chr19,29606283,+
CORO6,chr17,29622912,-
SSH2,chr17,29930276,-
MOG,chr6,29657003,+
SPN,chr16,29662979,+
QPRT,chr16,29663279,+
PLEKHF1,chr19,29665459,+
ZFP57,chr6,29681155,-
C19orf12,chr19,29715789,-
TJP1,chr15,29968915,-
CABP7,chr22,29720003,+
HLA-F,chr6,29722775,+
ZMAT5,chr22,29767007,-
C16orf54,chr16,29745990,-
UBL3,chr13,29850617,-
UQCR10,chr22,29767369,+
ZG16,chr16,29778256,+
ASCC2,chr22,29838304,-
KIF22,chr16,29790727,+
MAZ,chr16,29806106,+
WIPF3,chr7,29806486,+
PRRT2,chr16,29811382,+
CCNE1,chr19,29811991,+
ENSG00000280893,chr16,29812261,+
PAGR1,chr16,29816152,+
ENSG00000281348,chr16,29817239,+
MVP,chr16,29820394,+
HLA-G,chr6,29826967,+
CDIPT,chr16,29863226,-
SEZ6L2,chr16,29899550,-
MTMR3,chr22,29883169,+
ASPHD1,chr16,29900375,+
KCTD13,chr16,29926236,-
SCRN1,chr7,29990289,-
URI1,chr19,29923644,+
EFCAB5,chr17,29929200,+
TMEM219,chr16,29940885,+
HLA-A,chr6,29941260,+
TAOK2,chr16,29973868,+
HIRIP3,chr16,29996063,-
INO80E,chr16,29995715,+
DOC2A,chr16,30023270,-
KCNA4,chr11,30017030,-
FKBP14,chr7,30026702,-
JCAD,chr10,30115494,-
C16orf92,chr16,30023198,+
TLCD3B,chr16,30052978,-
PLEKHA8,chr7,30027404,+
ENSG00000285043,chr16,30053123,+
POLR1H,chr6,30061257,+
SARAF,chr8,30083208,-
ALDOA,chr16,30064172,+
PPP1R11,chr6,30066709,+
RNF39,chr6,30075849,-
PPP4C,chr16,30075994,+
HORMAD2,chr22,30080464,+
GOLGA8J,chr15,30082955,+
TBX6,chr16,30091924,-
YPEL3,chr16,30096915,-
LEPROTL1,chr8,30095408,+
TRIM31,chr6,30113090,-
GDPD3,chr16,30113537,-
MAPK3,chr16,30123506,-
NSRP1,chr17,30115521,+
MBOAT4,chr8,30144665,-
MTURN,chr7,30134986,+
GOLGA8T,chr15,30135051,+
TRIM40,chr6,30136124,+
YPEL5,chr2,30146941,+
TRIM10,chr6,30161211,-
DCTN6,chr8,30156369,+
TRIM15,chr6,30163206,+
CLDN17,chr21,30166805,-
CORO1A,chr16,30182827,+
TRIM26,chr6,30213427,-
BOLA2B,chr16,30194306,-
SLX1A,chr16,30193875,+
SLC6A4,chr17,30236002,-
SULT1A3,chr16,30199255,+
KATNAL1,chr13,30307551,-
CLDN8,chr21,30216097,-
MAGEB2,chrX,30215563,+
NPIPB13,chr16,30255268,-
ZNF536,chr19,30224891,+
MAGEB3,chrX,30230657,+
FSHB,chr11,30231014,+
LBH,chr2,30231534,+
LIF,chr22,30246759,-
MAGEB4,chrX,30242000,+
MAGEB1,chrX,30243715,+
BLMH,chr17,30292042,-
OSM,chr22,30266851,-
KRTAP24-1,chr21,30282950,-
ZNRF2,chr7,30284597,+
CASTOR1,chr22,30289607,-
ENSG00000248751,chr22,30299482,-
KRTAP25-1,chr21,30289514,-
TBC1D10A,chr22,30326941,-
NR0B1,chrX,30309390,-
MTPAP,chr10,30374448,-
TMIGD1,chr17,30334059,-
KRTAP26-1,chr21,30320315,-
ARL14EP,chr11,30323104,+
TRIM39,chr6,30326479,+
TRIM39-RPP21,chr6,30328907,+
SF3A1,chr22,30356894,-
KRTAP27-1,chr21,30337694,-
RPP21,chr6,30345131,+
KRTAP23-1,chr21,30348606,-
CD2BP2,chr16,30355308,-
CCDC157,chr22,30356635,+
TBC1D10B,chr16,30370494,-
CHRFAM7A,chr15,30393849,-
ENSG00000281593,chr7,30362400,+
RNF215,chr22,30421771,-
MYL11,chr16,30370934,+
KRTAP13-2,chr21,30372271,-
ZNF48,chr16,30378106,+
SEPTIN1,chr16,30395991,-
CPD,chr17,30378927,+
MPPED2,chr11,30586872,-
RBPMS,chr8,30384511,+
KRTAP13-1,chr21,30396031,+
SEC14L2,chr22,30396941,+
GOLGA8R,chr15,30414260,-
ZNF771,chr16,30407414,+
ENSG00000249590,chr22,30409262,+
UBE2L5,chr13,30422488,+
DCTPP1,chr16,30430030,-
NOD1,chr7,30478784,-
KRTAP13-3,chr21,30425926,-
MTFP1,chr22,30425623,+
KRTAP13-4,chr21,30430220,+
MAP3K8,chr10,30434021,+
KRTAP15-1,chr21,30440275,+
SEPHS2,chr16,30445874,-
LCLAT1,chr2,30447226,+
SEC14L3,chr22,30472017,-
HMGB1,chr13,30617597,-
ITGAL,chr16,30472729,+
GOSR1,chr17,30477362,+
KRTAP19-1,chr21,30480367,-
KRTAP19-2,chr21,30487436,-
SEC14L4,chr22,30505695,-
HLA-E,chr6,30489509,+
KRTAP19-3,chr21,30492013,-
GGCT,chr7,30504841,-
KRTAP19-4,chr21,30497165,-
ENSG00000281039,chr7,30550761,-
KRTAP19-5,chr21,30502141,-
SEC14L6,chr22,30546741,-
ZNF768,chr16,30526821,-
ENSG00000261459,chr16,30534852,-
ZNF747,chr16,30535347,-
GNL1,chr6,30556489,-
KRTAP19-6,chr21,30541864,-
GOLGA8Q,chr15,30552050,+
ZNF764,chr16,30558374,-
GAL3ST1,chr22,30574665,-
PRR3,chr6,30557280,+
TASL,chrX,30577766,-
G2E3,chr14,30559158,+
KRTAP19-7,chr21,30561314,-
ZNF688,chr16,30572734,-
ABCF1,chr6,30571393,+
ZNF785,chr16,30585769,-
PES1,chr22,30607083,-
ENSG00000289710,chr1,30576825,-
GTF2E2,chr8,30658236,-
GARS1,chr7,30580533,+
KRTAP22-2,chr21,30590397,-
KRTAP6-3,chr21,30592440,+
KRTAP6-2,chr21,30598902,-
PPP1R10,chr6,30618612,-
KRTAP22-1,chr21,30601087,+
ZNF689,chr16,30624012,-
GOLGA8H,chr15,30604028,+
TGFBR2,chr3,30606478,+
TCN2,chr22,30607083,+
ENSG00000289491,chr16,30610351,-
LYZL2,chr10,30629762,-
KRTAP6-1,chr21,30613930,-
KRTAP20-1,chr21,30616425,+
USPL1,chr13,30617693,+
MRPS18B,chr6,30617840,+
KRTAP20-4,chr21,30620627,+
SCFD1,chr14,30622304,+
ARHGAP11B,chr15,30624494,+
ENSG00000284906,chr15,30624548,+
ATAT1,chr6,30626842,+
IPO8,chr12,30695869,-
KRTAP20-2,chr21,30635206,+
SLC35E4,chr22,30635781,+
SMIM18,chr8,30638580,+
KRTAP20-3,chr21,30642864,+
C6orf136,chr6,30647039,+
PRR14,chr16,30650729,+
CRHR2,chr7,30700129,-
DUSP18,chr22,30667887,-
DHX16,chr6,30673006,-
GK,chrX,30653359,+
FBRS,chr16,30658431,+
PPP1R18,chr6,30687895,-
GSR,chr8,30727846,-
NRM,chr6,30691420,-
OSBP2,chr22,30693782,+
INMT,chr7,30697985,+
SRCAP,chr16,30698209,+
MDC1,chr6,30717447,-
ENSG00000282034,chr16,30704067,+
CAPRIN2,chr12,30823302,-
MATN1,chr1,30723585,-
ALOX5AP,chr13,30713478,+
TUBB,chr6,30717435,+
KRTAP21-3,chr21,30718777,-
PCDH7,chr4,30720369,+
CAPN13,chr2,30820542,-
GADL1,chr3,30894661,-
FLOT1,chr6,30742732,-
UBXN8,chr8,30729131,+
LAPTM5,chr1,30757774,-
TMEM265,chr16,30740642,+
IER3,chr6,30744548,-
KRTAP21-2,chr21,30747259,-
PHKG2,chr16,30748293,+
INMT-MINDY4,chr7,30752137,+
KRTAP21-1,chr21,30755428,-
CFAP119,chr16,30762079,-
RNF40,chr16,30761745,+
CRLF3,chr17,30824692,-
MINDY4,chr7,30771417,+
PPP2CB,chr8,30814314,-
ZNF629,chr16,30787205,-
KRTAP8-1,chr21,30813274,-
ZNF438,chr10,31031937,-
TAB3,chrX,30975084,-
KRTAP7-1,chr21,30829759,-
DCDC1,chr11,31369774,-
TEX15,chr8,30913008,-
ATAD5,chr17,30831966,+
BCL7C,chr16,30894302,-
ENSG00000250424,chr7,30852273,+
SDC3,chr1,30908758,-
COCH,chr14,30874514,+
DDR1,chr6,30876421,+
KRTAP11-1,chr21,30881580,-
FAN1,chr15,30890559,+
STRN3,chr14,31026401,-
CTF1,chr16,30896614,+
TEFM,chr17,30906238,-
MEDAG,chr13,30906271,+
ADAP2,chr17,30906344,+
GTF2H4,chr6,30908207,+
GALNT14,chr2,31155202,-
AQP1,chr7,30911853,+
VARS2,chr6,30914205,+
FBXL19,chr16,30923055,+
MORC2,chr22,30968774,-
TSPAN11,chr12,30926428,+
SFTA2,chr6,30955636,-
PUM1,chr1,31065991,-
TEX26,chr13,30932656,+
ENSG00000310558,chr6,30934523,+
GHRHR,chr7,30938669,+
MTMR10,chr15,30991628,-
MUCL3,chr6,30940973,+
ORAI3,chr16,30949068,+
SETD1A,chr16,30957294,+
TUG1,chr22,30969245,+
RNF135,chr17,30970984,+
MUC21,chr6,30983718,+
HSD3B7,chr16,30985207,+
STX1B,chr16,31010638,-
DSC3,chr18,31042815,-
PURG,chr8,31033715,-
TRPM1,chr15,31161160,-
MUC22,chr6,31010474,+
AP4S1,chr14,31025106,+
STX4,chr16,31032889,+
WRN,chr8,31033810,+
KRTAP19-8,chr21,31038476,-
ADCYAP1R1,chr7,31052308,+
DSC2,chr18,31102600,-
ZNF668,chr16,31074240,-
SMTN,chr22,31064105,+
FTHL17,chrX,31072041,-
DDX11,chr12,31073860,+
ZNF646,chr16,31074422,+
PRSS53,chr16,31088943,-
ENSG00000255439,chr16,31094956,-
VKORC1,chr16,31095980,-
NF1,chr17,31094927,+
DMD,chrX,33339609,-
HECTD1,chr14,31207804,-
SELENOM,chr22,31120069,-
BCKDK,chr16,31106107,+
C6orf15,chr6,31112575,-
KAT8,chr16,31114489,+
PSORS1C1,chr6,31114750,+
CDSN,chr6,31120446,-
TIAM1,chr21,31558977,-
INPP5J,chr22,31122966,+
DSC1,chr18,31162856,-
PRSS8,chr16,31135727,-
PLA2G3,chr22,31140508,-
HSPH1,chr13,31162388,-
PSORS1C2,chr6,31139066,-
PRSS36,chr16,31150066,-
CCHCR1,chr6,31158238,-
TSHZ3,chr19,31349436,-
TCF19,chr6,31158331,+
RNF185,chr22,31160182,+
POU5F1,chr6,31180731,-
CAPN14,chr2,31217515,-
NKAIN1,chr1,31239887,-
FUS,chr16,31180139,+
CDH6,chr5,31193686,+
B3GLCT,chr13,31199975,+
PYCARD,chr16,31203450,-
LIMK2,chr22,31212274,+
TRIM72,chr16,31214119,+
PYDC1,chr16,31217135,-
EHD3,chr2,31234152,+
DEFB115,chr20,31257664,+
SNRNP40,chr1,31296788,-
ITGAM,chr16,31259967,+
HLA-C,chr6,31272092,-
OMG,chr17,31297239,-
SINHCAF,chr12,31327058,-
PIK3IP1,chr22,31292534,-
HEATR5A,chr14,31420550,-
ZCCHC17,chr1,31296982,+
DEFB116,chr20,31308585,-
EVI2B,chr17,31314105,-
ENSG00000265118,chr17,31318831,-
EVI2A,chr17,31321749,-
DSG1,chr18,31318160,+
ZEB1,chr10,31319125,+
PATZ1,chr22,31346346,-
KLF13,chr15,31326835,+
ENSG00000203546,chr14,31457407,-
XDH,chr2,31414742,-
NEUROD6,chr7,31340726,-
HLA-B,chr6,31367067,-
ITGAX,chr16,31355174,+
FABP3,chr1,31376850,-
DEFB118,chr20,31368601,+
DNAJC24,chr11,31369840,+
DSG4,chr18,31376777,+
DEFB119,chr20,31390590,-
DENND5B,chr12,31591136,-
RAB11FIP4,chr17,31391675,+
ITGAD,chr16,31393335,+
DRG1,chr22,31399604,+
MICA,chr6,31399784,+
DROSHA,chr5,31532196,-
DEFB121,chr20,31412838,-
SERINC2,chr1,31409565,+
COX6A2,chr16,31428360,-
IMMP1L,chr11,31509645,-
ZNF843,chr16,31443160,-
EIF4ENIF1,chr22,31496108,-
DEFB123,chr20,31440632,+
DTD2,chr14,31457506,-
DSG3,chr18,31447741,+
ARMC5,chr16,31458080,+
DEFB124,chr20,31476757,-
TGFB1I1,chr16,31471585,+
REM1,chr20,31475288,+
OTUD7A,chr15,31870677,-
GPR33,chr14,31488039,-
SLC5A2,chr16,31483002,+
SFI1,chr22,31488688,+
RUSF1,chr16,31509309,-
NUBPL,chr14,31489956,+
MICB,chr6,31494881,+
DSG2,chr18,31497624,+
ELP4,chr11,31509755,+
ITPRID1,chr7,31514090,+
HM13,chr20,31514428,+
SRD5A2,chr2,31580938,-
AHSP,chr16,31527900,+
MCCD1,chr6,31528962,+
DDX39B,chr6,31542448,-
ATP6V1G2-DDX39B,chr6,31546593,-
C5orf22,chr5,31532295,+
STT3B,chr3,31532638,+
ATP6V1G2,chr6,31548427,-
NFKBIL1,chr6,31546870,+
MCTS2,chr20,31547379,+
TTR,chr18,31557009,+
LTA,chr6,31572054,+
ID1,chr20,31573014,+
TNF,chr6,31575565,+
TINAGL1,chr1,31576485,+
LTB,chr6,31582522,-
LST1,chr6,31586124,+
NCR3,chr6,31593006,-
AK4P3,chr12,31652095,-
AIF1,chr6,31615227,+
HCRTR1,chr1,31617686,+
PISD,chr22,31662215,-
PRRC2A,chr6,31620715,+
B4GALT6,chr18,31685836,-
ENSG00000291302,chr6,31622774,+
ENSG00000289282,chr6,31623874,+
PEF1,chr1,31644896,-
COX4I2,chr20,31637912,+
BAG6,chr6,31652705,-
PDZD2,chr5,31639131,+
NRG1,chr8,31639222,+
ETFBKMT,chr12,31647160,+
COL16A1,chr1,31704319,-
APOM,chr6,31652416,+
OSBPL10,chr3,32077580,-
C6orf47,chr6,31660778,-
SOD1,chr21,31659666,+
GPANK1,chr6,31666283,-
BCL2L1,chr20,31723989,-
CSNK2B,chr6,31665234,+
ENSG00000263020,chr6,31666102,+
LY6G5B,chr6,31669976,+
SCAF4,chr21,31732118,-
AMN1,chr12,31729121,-
PRR14L,chr22,31750140,-
LY6G5C,chr6,31684040,-
ABHD16A,chr6,31703324,-
PPP1R17,chr7,31687215,+
LY6G6F,chr6,31706866,+
LY6G6F-LY6G6D,chr6,31706904,+
KRBOX5,chr16,31713232,+
LY6G6D,chr6,31715348,+
MPIG6B,chr6,31723344,+
LY6G6C,chr6,31721746,-
DDAH2,chr6,31730617,-
ADGRB2,chr1,31764893,-
CLIC1,chr6,31739763,-
TPX2,chr20,31739271,+
RXFP2,chr13,31739526,+
MSH5,chr6,31739677,+
MSH5-SAPCD1,chr6,31760720,+
ENSG00000300510,chr12,31749391,+
PDE1C,chr7,32428131,-
DEPDC5,chr22,31753867,+
ENSG00000285404,chr22,31754899,+
SLC25A52,chr18,31760880,-
SAPCD1,chr6,31762656,+
VWA7,chr6,31777328,-
VARS1,chr6,31795752,-
PAX6,chr11,31817961,-
SPOCD1,chr1,31816022,-
H3-5,chr12,31792298,-
LSM2,chr6,31806966,-
ARHGAP12,chr10,31928876,-
HSPA1L,chr6,31815283,-
ENSG00000285283,chr11,31812391,+
HSPA1A,chr6,31815543,+
MYLK2,chr20,31819308,+
SNHG32,chr6,31822094,+
HSPA1B,chr6,31827738,+
TRAPPC8,chr18,31953136,-
FOXS1,chr20,31845604,-
FRY,chr13,31846713,+
DUSP15,chr20,31870664,-
COPRS,chr17,31859244,-
NEU1,chr6,31862821,-
UTP6,chr17,31901708,-
SLC44A4,chr6,31879046,-
MEMO1,chr2,32011230,-
DPY30,chr2,32039805,-
TTLL9,chr20,31870634,+
HUNK,chr21,31873020,+
ZNF267,chr16,31873807,+
EHMT2,chr6,31897698,-
C2,chr6,31897785,+
ZBTB12,chr6,31902086,-
PTP4A2,chr1,31944856,-
ENSG00000288678,chr1,31938010,-
CHRNA7,chr15,31923438,+
ENSG00000244255,chr6,31927698,+
SUZ12,chr17,31937007,+
PDRG1,chr20,31952046,-
YWHAH,chr22,31944522,+
CFB,chr6,31945650,+
NELFE,chr6,31958971,-
SKIC2,chr6,31959116,+
RESF1,chr12,31959370,+
XKR7,chr20,31968151,+
DXO,chr6,31972290,-
STK19,chr6,31971091,+
ZNF860,chr3,31981750,+
C4A,chr6,31982057,+
LRRC37B,chr17,32007383,+
KIF5B,chr10,32056425,-
CCM2L,chr20,32010438,+
KHDRBS1,chr1,32013868,+
C4B,chr6,32014795,+
RNF125,chr18,32018825,+
CYP21A2,chr6,32038382,+
TNXB,chr6,32115334,-
SLC5A1,chr22,32043261,+
HCK,chr20,32052197,+
SPAST,chr2,32063556,+
IGHV3OR16-9,chr16,32066065,+
TMEM39B,chr1,32072031,+
ARHGAP5,chr14,32076114,+
RCN1,chr11,32091074,+
RNF138,chr18,32091874,+
GPD1L,chr3,32105689,+
BICD1,chr12,32106835,+
KPNA6,chr1,32108056,+
TM9SF4,chr20,32109714,+
ATF6B,chr6,32128253,-
GOLPH3,chr5,32174319,-
GAREM1,chr18,32470882,-
FKBPL,chr6,32130288,-
RHOT1,chr17,32142454,+
PRRT1,chr6,32153083,-
C22orf42,chr22,32159303,-
ENSG00000285085,chr6,32154373,-
PPT2,chr6,32153441,+
PPT2-EGFL8,chr6,32154464,+
EGFL8,chr6,32164595,+
SLC30A6,chr2,32165841,+
AGPAT1,chr6,32178096,-
RNF5,chr6,32178405,+
TXLNA,chr1,32179675,+
AGER,chr6,32184322,-
PBX2,chr6,32190202,-
MEP1B,chr18,32185069,+
ENSG00000293164,chr20,32190360,-
RFPL2,chr22,32205073,-
GPSM3,chr6,32195523,-
PLAGL2,chr20,32207743,-
NOTCH4,chr6,32224067,-
CCDC28B,chr1,32200595,+
IQCC,chr1,32205671,+
POFUT1,chr20,32207880,+
DCDC2B,chr1,32209089,+
TMEM234,chr1,32222359,-
SLC5A4,chr22,32255347,-
EIF3I,chr1,32221077,+
NLRC4,chr2,32265732,-
MTMR12,chr5,32312969,-
CMTM8,chr3,32238679,+
FAM167B,chr1,32247222,+
LCK,chr1,32251256,+
TP53TG3D,chr16,32253286,+
RHBDL3,chr17,32265832,+
EPC1,chr10,32378798,-
MIS18A,chr21,32279049,-
KIF3B,chr20,32277651,+
YIPF4,chr2,32277904,+
TSBP1,chr6,32371907,-
MRAP,chr21,32291813,+
HDAC1,chr1,32292083,+
ZAR1L,chr13,32315363,-
URB1,chr21,32393012,-
BRCA2,chr13,32315086,+
C17orf75,chr17,32350023,-
AKAP6,chr14,32329298,+
MARCKSL1,chr1,32336233,-
ZNF507,chr19,32345594,+
ZNF207,chr17,32350132,+
TSSK3,chr1,32351521,+
ZFR,chr5,32444740,-
RFPL3,chr22,32354885,+
BIRC6,chr2,32357023,+
ASXL1,chr20,32358330,+
FAM229A,chr1,32364278,-
BSDC1,chr1,32394441,-
ACO1,chr9,32384603,+
RTCB,chr22,32412247,-
WT1,chr11,32435564,-
GOLGA8K,chr15,32403292,-
CMTM7,chr3,32391698,+
BTNL2,chr6,32407181,-
FGD4,chr12,32399558,+
N4BP2L1,chr13,32428178,-
CFAP298-TCP10L,chr21,32612865,-
DPY19L3,chr19,32405543,+
EVA1C,chr21,32412042,+
BPIFC,chr22,32464484,-
N4BP2L2,chr13,32538885,-
HLA-DRA,chr6,32439878,+
GOLGA8O,chr15,32455634,-
NOL4L,chr20,32585333,-
PSMD11,chr17,32444379,+
CCDC7,chr10,32446140,+
RIGI,chr9,32526348,-
ENSG00000288684,chr9,32552568,-
ENSG00000254553,chr1,32465057,+
ZBTB8B,chr1,32465072,+
FBXO7,chr22,32474811,+
CMTM6,chr3,32502852,-
LSM5,chr7,32495283,-
CDK5R1,chr17,32486993,+
MYO1D,chr17,32877177,-
AVL9,chr7,32495426,+
TCP10L,chr21,32587373,-
SYN3,chr22,33058381,-
HLA-DRB5,chr6,32530287,-
DYNC1LI1,chr3,32570858,-
SUB1,chr5,32531633,+
ZBTB8A,chr1,32539427,+
TOPORS,chr9,32552586,-
SMIM27,chr9,32551144,+
NDUFB6,chr9,32573184,-
HLA-DRB1,chr6,32589848,-
PDCD5,chr19,32581190,+
EIF3M,chr11,32583831,+
PDS5B,chr13,32586452,+
CFAP298,chr21,32612586,-
GOLGA8N,chr15,32593456,+
ANKRD27,chr19,32676597,-
ZBTB8OS,chr1,32650565,-
CCDC73,chr11,32794662,-
ARHGAP11A-SCG5,chr15,32613860,+
ARHGAP11A,chr15,32615144,+
TTC27,chr2,32628032,+
HLA-DQA1,chr6,32628179,+
SYNJ1,chr21,32728040,-
TAF1L,chr9,32635669,-
C20orf203,chr20,32673941,-
ENSG00000285382,chr20,32743523,-
SCG5,chr15,32641676,+
ENSG00000286131,chr8,32647202,+
RBBP4,chr1,32651142,+
HLA-DQB1,chr6,32668383,-
KLHL14,chr18,32773023,-
TP53TG3,chr16,32676165,-
RGS9BP,chr19,32675848,+
DNM1L,chr12,32679200,+
SYNC,chr1,32703596,-
CNOT10,chr3,32685145,+
NPR3,chr5,32689070,+
NUDT19,chr19,32691821,+
COMMD7,chr20,32743467,-
GREM1,chr15,32718004,+
TDRD12,chr19,32719753,+
YARS2,chr12,32755897,-
PAXBP1,chr21,32771755,-
HLA-DQA2,chr6,32741391,+
NHSL3,chr1,32741830,+
HLA-DQB2,chr6,32763532,-
DNMT3B,chr20,32762385,+
FMN1,chr15,33194714,-
YARS1,chr1,32818031,-
TMEM215,chr9,32783540,+
EPCIP,chr21,32813743,-
PKP2,chr12,32896798,-
TIMP3,chr22,32801705,+
HLA-DOB,chr6,32820466,-
ENSG00000250264,chr6,32838822,-
S100PBP,chr1,32816767,+
TRIM71,chr3,32817997,+
MAPRE1,chr20,32819954,+
TAP2,chr6,32838739,-
PRRG4,chr11,32829927,+
SLC7A9,chr19,32869767,-
PSMB8,chr6,32844679,-
PSMB9,chr6,32844136,+
TAP1,chr6,32853816,-
IGHV2OR16-5,chr16,32847713,+
EFCAB8,chr20,32858923,+
FNDC5,chr1,32872482,-
KBTBD2,chr7,32894131,-
CEP89,chr19,32971991,-
HPCA,chr1,32885994,+
APTX,chr9,33025118,-
ITGB1,chr10,32992463,-
QSER1,chr11,32892811,+
TMEM54,chr1,32901438,-
H2BN1,chr17,32895433,+
TMEM98,chr17,32927910,+
NPAS3,chr14,32934396,+
HLA-DMB,chr6,32941028,-
RNF19B,chr1,32964809,-
ENSG00000248993,chr6,32953122,-
CCDC178,chr18,33441101,-
LTBP1,chr2,32946953,+
HLA-DMA,chr6,32969094,-
CCR4,chr3,32951644,+
FKBP9,chr7,32957404,+
BRD2,chr6,32968594,+
SPACA3,chr17,32970376,+
FAAP24,chr19,32972221,+
RHPN2,chr19,33064888,-
SUN5,chr20,33004433,-
IGHV3OR16-10,chr16,32995048,+
GLB1,chr3,33097202,-
HLA-DOA,chr6,33009591,-
BPIFB2,chr20,33007704,+
AK2,chr1,33080996,-
IGHV3OR16-8,chr16,33009175,+
ASIC2,chr17,34174964,-
NT5C3A,chr7,33062776,-
DEPDC7,chr11,33015878,+
KL,chr13,33016423,+
DNAJA1,chr9,33025273,+
OLIG2,chr21,33025935,+
BPIFB6,chr20,33031648,+
TCP11L1,chr11,33039417,+
SMU1,chr9,33076674,-
BPIFB3,chr20,33053903,+
HLA-DPA1,chr6,33080775,-
OLIG1,chr21,33070141,+
HLA-DPB1,chr6,33075936,+
CSTF3,chr11,33162371,-
BPIFB4,chr20,33079643,+
GPATCH1,chr19,33081181,+
AZIN2,chr1,33081104,+
TMPPE,chr3,33097146,-
RP9,chr7,33109404,-
B4GALT1,chr9,33167336,-
STARD13,chr13,33350630,-
BBS9,chr7,33109557,+
CRTAP,chr3,33114014,+
WDR88,chr19,33132090,+
TRIM62,chr1,33182059,-
SUSD5,chr3,33218810,-
BPIFA2,chr20,33161768,+
LARGE1,chr22,33922841,-
COL11A2,chr6,33192499,-
NRP1,chr10,33336262,-
LRP3,chr19,33177603,+
RXRB,chr6,33200665,-
TP53TG3C,chr16,33194226,+
SLC39A7,chr6,33200445,+
HSD17B8,chr6,33204655,+
IFNAR2,chr21,33205282,+
RING1,chr6,33208500,+
SLC7A10,chr19,33225850,-
BPIFA3,chr20,33217310,+
SPINK4,chr9,33218365,+
IFNAR2-IL10RB,chr21,33230131,+
BPIFA1,chr20,33235995,+
BAG1,chr9,33264708,-
VPS52,chr6,33272047,-
ZNF362,chr1,33256492,+
HIPK3,chr11,33256672,+
CHMP5,chr9,33264879,+
IL10RB,chr21,33266367,+
RPS18,chr6,33272075,+
BPIFB1,chr20,33273480,+
FBXL2,chr3,33277025,+
B3GALT4,chr6,33277123,+
WDR46,chr6,33289247,-
PFDN6,chr6,33289302,+
NFX1,chr9,33290516,+
RGL2,chr6,33298942,-
TAPBP,chr6,33314267,-
CEBPA,chr19,33302534,-
TP53TG3E,chr16,33304306,+
A3GALT2,chr1,33321098,-
RYR3,chr15,33310962,+
ZBTB22,chr6,33317941,-
DAXX,chr6,33323016,-
ENSG00000285064,chr6,33329286,-
PHC2,chr1,33431095,-
SMIM40,chr6,33329279,-
IFNAR1,chr21,33324387,+
CDK5RAP1,chr20,33401561,-
TP53TG3B,chr16,33360841,+
FUT10,chr8,33473146,-
CEBPG,chr19,33373709,+
SYT10,chr12,33439819,-
KIAA1549L,chr11,33376108,+
AQP7,chr9,33402680,-
PEPD,chr19,33521823,-
UBP1,chr3,33441371,-
KIFC1,chr6,33391823,+
IFNGR2,chr21,33403413,+
SNTA1,chr20,33443763,-
PHF1,chr6,33410399,+
CUTA,chr6,33418317,-
SYNGAP1,chr6,33419661,+
TMEM50B,chr21,33479974,-
RASGRP3,chr2,33436324,+
TARS1,chr5,33440696,+
AQP3,chr9,33447593,-
ZBTB9,chr6,33453970,+
TP53TG3F,chr16,33459612,+
NOL6,chr9,33473930,-
ZSCAN20,chr1,33472645,+
TTI2,chr8,33513185,-
MAK16,chr8,33485182,+
DNAJC28,chr21,33491716,-
CBFA2T2,chr20,33490075,+
CLASP2,chr3,33718356,-
GART,chr21,33543491,-
CSMD2,chr1,34165842,-
ADAMTS12,chr5,33892019,-
ANKRD18B,chr9,33524251,+
FAM98A,chr2,33599347,-
SON,chr21,33543038,+
RNF122,chr8,33567128,-
DONSON,chr21,33588706,-
BAK1,chr6,33580293,-
ASXL3,chr18,33578219,+
ENSG00000249209,chr21,33931607,-
CRYZL1,chr21,33643926,-
DUSP26,chr8,33600023,-
TRBV20OR9-2,chr9,33617845,+
ITPR3,chr6,33620365,+
CHST8,chr19,33621953,+
ITSN1,chr21,33642400,+
NECAB3,chr20,33674463,-
C20orf144,chr20,33662327,+
ACTL10,chr20,33666943,+
E2F1,chr20,33686385,-
UQCC2,chr6,33711727,-
C11orf91,chr11,33700826,-
ENSG00000284969,chr11,33722456,-
PXMP4,chr20,33720319,-
CD59,chr11,33736479,-
IP6K3,chr6,33746905,-
ZNF341,chr20,33731657,+
FBXO3,chr11,33774543,-
PRSS3,chr9,33750679,+
LEMD2,chr6,33789130,-
MLN,chr6,33804003,-
KCTD15,chr19,33795933,+
PDCD6IP,chr3,33798571,+
IGHV3OR16-12,chr16,33802764,+
CHMP4B,chr20,33811348,+
UBE2R2,chr9,33817160,+
RFC3,chr13,33818069,+
IGHV3OR16-13,chr16,33827214,+
IGHV3OR16-17,chr16,33845229,-
NOL4,chr18,34224952,-
LMO2,chr11,33892076,-
AVEN,chr15,34075155,-
HMGB4,chr1,33860475,+
ATP5PO,chr21,33915804,-
BMPER,chr7,33904308,+
UBAP2,chr9,34049388,-
EGLN3,chr14,34462774,-
RXFP3,chr5,33936386,+
SLC45A2,chr5,33984693,-
CHRM5,chr15,33968497,+
AMACR,chr5,34008104,-
C1QTNF3-AMACR,chr5,34124528,-
RALY,chr20,33993646,+
ENSG00000289791,chr5,34008084,-
C1QTNF3,chr5,34043213,-
GRM4,chr6,34155622,-
ALG10,chr12,34022468,+
CAPRIN1,chr11,34051731,+
MRPS6,chr21,34073224,+
ENSG00000293606,chr21,34073576,+
SLC5A3,chr21,34073578,+
EMC7,chr15,34101862,-
DCAF12,chr9,34127399,-
EIF2S2,chr20,34112243,-
PGBD4,chr15,34102083,+
NAT10,chr11,34105617,+
PARD3,chr10,34815325,-
FAM47A,chrX,34132314,-
KATNBL1,chr15,34210096,-
ABTB2,chr11,34358010,-
C1orf94,chr1,34166883,+
LSM14A,chr19,34172504,+
UBAP1,chr9,34179005,+
KCNE2,chr21,34180729,+
ENSG00000215156,chr5,34190156,+
ASIP,chr20,34194569,+
EMC4,chr15,34225013,+
SLC12A6,chr15,34338060,-
HMGA1,chr6,34236873,+
SMIM29,chr6,34249108,-
KIF24,chr9,34329268,-
GARRE1,chr19,34254552,+
CCL2,chr17,34255274,+
CCL7,chr17,34270221,+
NUDT3,chr6,34392669,-
AHCY,chr20,34311802,-
RPS10-NUDT3,chr6,34426071,-
CCL11,chr17,34285742,+
CCL8,chr17,34319435,+
NUDT2,chr9,34329506,+
NOP10,chr15,34343180,-
NUTM1,chr15,34343315,+
CCNYL1B,chr16,34381110,-
CCL13,chr17,34356480,+
LPCAT4,chr15,34367196,-
GPI,chr19,34359480,+
CCL1,chr17,34363233,-
ITCH,chr20,34363235,+
ENSG00000289720,chr20,34363271,+
MYORG,chr9,34376898,-
SMIM11,chr21,34375480,+
GOLGA8A,chr15,34437808,-
SPMIP6,chr9,34397828,-
ENSG00000266953,chr19,34396315,+
FAM219A,chr9,34458570,-
C21orf140,chr21,34401072,-
PDCD2L,chr19,34404399,+
SMIM34,chr21,34423951,-
RPS10,chr6,34426069,-
UBA2,chr19,34428373,+
SPTSSA,chr14,34462240,-
CAT,chr11,34438934,+
KCNE1,chr21,34512214,-
DNAI1,chr9,34457414,+
PACSIN1,chr6,34466061,+
ELF5,chr11,34525193,-
WTIP,chr19,34481758,+
DTNA,chr18,34493291,+
ENSG00000288711,chr21,34525523,-
RCAN1,chr21,34615113,-
EAPP,chr14,34539701,-
DYNLRB1,chr20,34516395,+
ENHO,chr9,34522990,-
GOLGA8B,chr15,34583651,-
SPDEF,chr6,34556333,-
MAP1LC3A,chr20,34546854,+
CNTFR,chr9,34590140,-
PIGU,chr20,34698790,-
SNX6,chr14,34630160,-
TMEM132E,chr17,34579487,+
ILRUN,chr6,34696859,-
SCGB2B2,chr19,34677159,-
RPP25L,chr9,34612104,-
DCTN3,chr9,34620523,-
ARID3C,chr9,34629066,-
EHF,chr11,34621093,+
TMEM47,chrX,34657285,-
SIGMAR1,chr9,34637809,-
GALT,chr9,34646589,+
ENSG00000258728,chr9,34646645,+
IL11RA,chr9,34652185,+
RAI14,chr5,34656328,+
NPSR1,chr7,34658218,+
CCL27,chr9,34664048,-
ENSG00000187186,chr9,34666112,-
CLIC6,chr21,34668994,+
ZNF302,chr19,34677639,+
NCOA6,chr20,34825651,-
CCL19,chr9,34691276,-
TP53INP2,chr20,34704339,+
CCL21,chr9,34710136,-
CFL2,chr14,34714593,-
SMIM12,chr1,34859755,-
SPATA31F1,chr9,34729488,-
ZNF181,chr19,34734155,+
GJD2,chr15,34754998,-
BAZ1A,chr14,34875647,-
GJB5,chr1,34755047,+
SNRPC,chr6,34757505,+
ZNF599,chr19,34773229,-
GJB4,chr1,34759740,+
GJB3,chr1,34781214,+
RUNX1,chr21,36004667,-
ACTC1,chr15,34795549,-
BLTP3A,chr6,34792083,+
GJA4,chr1,34792999,+
TTC23L,chr5,34838833,+
GGT7,chr20,34872856,-
AQR,chr15,34969742,-
APIP,chr11,34916379,-
DLGAP3,chr1,34929650,-
ACSS2,chr20,34872146,+
TAF11,chr6,34888071,-
SPATA31F3,chr9,34895764,-
ANKS1A,chr6,34889255,+
RAD1,chr5,34918989,-
BRIX1,chr5,34915711,+
PDHX,chr11,34915829,+
ZNF30,chr19,34926903,+
DPY19L1,chr7,35038271,-
CCT6B,chr17,34981078,-
GSS,chr20,34956027,-
DNAJC21,chr5,34929559,+
NBEA,chr13,34942270,+
FAM47B,chrX,34942796,+
MYH7B,chr20,34955868,+
ZNF792,chr19,34964229,-
PHF24,chr9,34957608,+
ZNF830,chr17,34961540,+
ENSG00000284773,chr1,34985313,-
MAPRE2,chr18,34976928,+
ZNF770,chr15,34988287,-
LIG3,chr17,34980512,+
TMEM35B,chr1,34985347,-
ENSG00000271741,chr1,35031741,-
SRP54,chr14,34981957,+
ZMYM6,chr1,35031945,-
DNAJB5,chr9,34989641,+
GRAMD1A,chr19,34994784,+
AGXT2,chr5,35048135,-
TRPC4AP,chr20,35092807,-
RFFL,chr17,35089319,-
CUL2,chr10,35127006,-
ENSG00000267618,chr17,35121493,-
SCN1B,chr19,35030470,+
ZMYM1,chr1,35032172,+
HPN,chr19,35040506,+
SPATA31G1,chr9,35041095,+
FAM177A1,chr14,35045117,+
PRLR,chr5,35230487,-
VCP,chr9,35072668,-
ENSG00000288699,chr9,35074175,-
ISX,chr22,35066136,+
FANCG,chr9,35079942,-
NANOGP8,chr15,35085295,-
PPP2R3C,chr14,35122473,-
PIGO,chr9,35096619,-
RAD51D,chr17,35121522,-
STOML2,chr9,35103195,-
ATOSB,chr9,35116341,-
ENSG00000285526,chr19,35106510,+
EDEM2,chr20,35147336,-
FXYD3,chr19,35115823,+
TCP11,chr6,35148610,-
FNDC8,chr17,35121615,+
PRORP,chr14,35121846,+
ENSG00000258790,chr14,35122549,+
LGI4,chr19,35142451,-
CREM,chr10,35126791,+
NLE1,chr17,35142303,-
FXYD1,chr19,35138824,+
CD44,chr11,35138882,+
FXYD7,chr19,35143250,+
UNC45B,chr17,35147817,+
FXYD5,chr19,35154730,+
UNC13B,chr9,35161992,+
PROCR,chr20,35172072,+
SFPQ,chr1,35193446,-
SLC35G3,chr17,35194393,-
MMP24OS,chr20,35278131,-
TBX20,chr7,35254100,-
SCUBE3,chr6,35213956,+
DPH6,chr15,35546192,-
FAM187B,chr19,35228739,-
MMP24,chr20,35226690,+
UNC5D,chr8,35235475,+
ZNF397,chr18,35241034,+
SLFN5,chr17,35243071,+
CCNY,chr10,35247025,+
LSR,chr19,35248330,+
ZSCAN30,chr18,35290245,-
SLC1A2,chr11,35420063,-
HMGXB4,chr22,35257452,+
ZNF76,chr6,35259471,+
ENSG00000261582,chr20,35280043,-
ZMYM4,chr1,35268709,+
USF2,chr19,35268962,+
PSMA6,chr14,35278633,+
EIF6,chr20,35284985,-
HAMP,chr19,35280716,+
FAM83C,chr20,35292425,-
MAG,chr19,35292125,+
DEF6,chr6,35297818,+
TOM1,chr22,35299275,+
UQCC1,chr20,35412031,-
CD22,chr19,35319261,+
ZNF24,chr18,35345482,-
PPARD,chr6,35342558,+
FFAR1,chr19,35347902,+
SLFN11,chr17,35373701,-
FFAR3,chr19,35358460,+
ZNF396,chr18,35377337,-
GPR42,chr19,35371068,+
HMOX1,chr22,35380361,+
KIAA0319L,chr1,35557655,-
MCM5,chr22,35400137,+
NFKBIA,chr14,35404749,-
SLFN12,chr17,35433475,-
PAMR1,chr11,35530300,-
GDF5,chr20,35454746,-
SLFN13,chr17,35448785,-
ENSG00000267140,chr18,35497940,-
FFAR2,chr19,35443907,+
INO80C,chr18,35497960,-
FANCE,chr6,35452338,+
CEP250,chr20,35455164,+
SLFN12L,chr17,35537683,-
RPL10A,chr6,35468401,+
MAB21L1,chr13,35478764,-
TEAD3,chr6,35497079,-
KRTDAP,chr19,35495558,-
RUSC2,chr9,35490111,+
DMKN,chr19,35513658,-
TULP1,chr6,35512896,-
C20orf173,chr20,35529652,-
SBSN,chr19,35528351,-
GAPDHS,chr19,35533456,+
INSM2,chr14,35534164,+
RALGAPA1,chr14,35809304,-
RASD2,chr22,35540831,+
ERGIC3,chr20,35542038,+
SLFN14,chr17,35560819,-
TMEM147,chr19,35545626,+
ATP4A,chr19,35563658,-
NCDN,chr1,35557473,+
CIMIP2B,chr9,35563899,-
TFAP2E,chr1,35573314,+
FKBP5,chr6,35728583,-
PEX12,chr17,35578863,-
AP2B1,chr17,35578046,+
GALNT1,chr18,35581117,+
PMIS2,chr19,35586161,+
PSMB2,chr1,35641526,-
TESK1,chr9,35605262,+
GJD4,chr10,35605341,+
MB,chr22,35637951,-
CD72,chr9,35646810,-
HAUS5,chr19,35612735,+
SPAG4,chr20,35615829,+
SPEF2,chr5,35617844,+
FJX1,chr11,35618460,+
CPNE1,chr20,35664956,-
RBM42,chr19,35629030,+
ENSG00000272897,chr20,35674544,-
HERPUD2,chr7,35697459,-
FZD8,chr10,35642296,-
ARPP21,chr3,35638945,+
ETV2,chr19,35641745,+
COX6B1,chr19,35648323,+
APOL6,chr22,35648446,+
RBM12,chr20,35664956,-
SIT1,chr9,35650931,-
CCDC107,chr9,35658290,+
ARHGEF39,chr9,35665195,-
TRIM44,chr11,35662775,+
UPK1A,chr19,35666517,+
NFS1,chr20,35699355,-
CA9,chr9,35673928,+
TPM2,chr9,35690056,-
TLN1,chr9,35732195,-
ROMO1,chr20,35699272,+
RBM39,chr20,35742312,-
ZBTB32,chr19,35704558,+
C1orf216,chr1,35718894,-
APOL5,chr22,35717872,+
KMT2B,chr19,35717973,+
CLSPN,chr1,35769978,-
RASL10B,chr17,35731639,+
CREB3,chr9,35732598,+
GBA2,chr9,35749228,-
ARMC12,chr6,35737032,+
RBFOX2,chr22,36028824,-
IGFLR1,chr19,35742453,-
ENSG00000267120,chr19,35745432,-
U2AF1L4,chr19,35745445,-
GAS2L2,chr17,35753239,-
PSENEN,chr19,35745600,+
ENSG00000188223,chr19,35745678,+
LIN37,chr19,35748567,+
RGP1,chr9,35749287,+
MSMP,chr9,35756613,-
HSPB6,chr19,35758079,-
MMP28,chr17,35795707,-
PROSER3,chr19,35758143,+
C17orf50,chr17,35760887,+
DCLK1,chr13,36131382,-
PHF20,chr20,35771974,+
ARHGAP33,chr19,35774532,+
CLPSL2,chr6,35776594,+
CLPSL1,chr6,35781019,+
NPR2,chr9,35791003,+
CLPS,chr6,35797344,-
LHFPL5,chr6,35797206,+
MAGEB16,chrX,35798342,+
PRODH2,chr19,35813299,-
SEPTIN7,chr7,35800932,+
AGO4,chr1,35808016,+
SPAG8,chr9,35812272,-
TAF15,chr17,35809484,+
HINT2,chr9,35815354,-
ENSG00000285645,chr9,35828732,-
TMEM8B,chr9,35814451,+
FAM221B,chr9,35828732,-
NPHS1,chr19,35869287,-
BRMS1L,chr14,35826338,+
SRPK1,chr6,35921147,-
IL7R,chr5,35852695,+
HEATR9,chr17,35868891,-
KIRREL2,chr19,35855861,+
APLP1,chr19,35867899,+
OR13J1,chr9,35870401,-
AGO1,chr1,35869808,+
CCL5,chr17,35880793,-
NFKBID,chr19,35902303,-
HCST,chr19,35902529,+
CAPSL,chr5,35938779,-
TYROBP,chr19,35908295,-
HRCT1,chr9,35906202,+
SPAAR,chr9,35909490,+
RDM1,chr17,35930773,-
CFAP47,chrX,35919734,+
AGO3,chr1,35930718,+
LYZL6,chr17,35943713,-
LRFN3,chr19,35935358,+
SLC26A8,chr6,36024868,-
LDLRAD3,chr11,35943981,+
ARAP2,chr4,36244514,-
UGT3A1,chr5,36001028,-
SCAND1,chr20,35959472,-
CNBD2,chr20,35954564,+
OR2S2,chr9,35958154,-
C18orf21,chr18,35972625,+
CCL16,chr17,35981497,-
CCL14,chr17,35987004,-
CCL15-CCL14,chr17,36001621,-
RPRD1A,chr18,36067559,-
SDHAF1,chr19,35995188,+
CCL15,chr17,36001553,-
OR13C7,chr9,36003867,-
SYNE4,chr19,36008813,-
ALKBH6,chr19,36014239,-
CCL23,chr17,36017972,-
CLIP3,chr19,36033343,-
MAPK14,chr6,36027752,+
SETD4,chr21,36079389,-
THAP8,chr19,36054739,-
UGT3A2,chr5,36071358,-
RECK,chr9,36036913,+
WDR62,chr19,36054881,+
CCL18,chr17,36064272,+
CBR1,chr21,36069941,+
TEKT2,chr1,36084094,+
CCL3,chr17,36090143,-
ADPRS,chr1,36088892,+
EPB41L1,chr20,36091504,+
COL8A2,chr1,36125222,-
LMBRD2,chr5,36151887,-
CCL4,chr17,36103827,+
SLC39A6,chr18,36129385,-
OVOL3,chr19,36111143,+
POLR2I,chr19,36114875,-
TBCB,chr19,36114289,+
MAPK13,chr6,36127809,+
ELP2,chr18,36129444,+
CBR3,chr21,36135079,+
GLIPR2,chr9,36136536,+
TRAPPC3,chr1,36156053,-
APOL3,chr22,36166177,-
CAPNS1,chr19,36139953,+
COX7A1,chr19,36152447,-
SKP2,chr5,36151989,+
EEPD1,chr7,36153254,+
MAP7D1,chr1,36155579,+
DOP1B,chr21,36156824,+
TBC1D3B,chr17,36176636,-
SOHLH2,chr13,36214588,-
CCDC169-SOHLH2,chr13,36297842,-
CCIN,chr9,36169388,+
ZNF565,chr19,36246257,-
MOCOS,chr18,36187497,+
APOL4,chr22,36204840,-
CLTA,chr9,36190856,+
NADK2,chr5,36242279,-
CCL3L3,chr17,36196758,-
BRPF3,chr6,36196744,+
CCL4L2,chr17,36210924,+
GNE,chr9,36277042,-
ZNF146,chr19,36214602,+
CCDC169,chr13,36297840,-
THRAP3,chr1,36224432,+
APOL2,chr22,36239954,-
AAR2,chr20,36236131,+
PNPLA1,chr6,36243203,+
RANBP3L,chr5,36302114,-
APOL1,chr22,36253071,+
TBC1D3I,chr17,36264570,-
COMMD9,chr11,36289449,-
MYH9,chr22,36388001,-
DTHD1,chr4,36281616,+
PRR5L,chr11,36296288,+
FHOD3,chr18,36297713,+
MBIP,chr14,36320637,-
SPART,chr13,36370180,-
DLGAP4,chr20,36306336,+
SH3D21,chr1,36306368,+
BNIP5,chr6,36336888,-
MORC3,chr21,36320197,+
EVA1B,chr1,36324154,-
TBC1D3G,chr17,36323884,+
MATCAP2,chr7,36390125,-
ZFP14,chr19,36379201,-
RNF38,chr9,36487548,-
STK40,chr1,36385924,-
ETV7,chr6,36387800,-
CRIM1,chr2,36355778,+
TBC1D3H,chr17,36388435,-
STAC,chr3,36380503,+
ZFP82,chr19,36418644,-
CHAF1B,chr21,36385392,+
ANLN,chr7,36389821,+
PXT1,chr6,36442854,-
LSM10,chr1,36397908,-
OSCP1,chr1,36450451,-
TBC1D3F,chr17,36439566,-
CCNA1,chr13,36431520,+
KCTD20,chr6,36442767,+
ZNF566,chr19,36489902,-
MRPS15,chr1,36464384,-
CLDN14,chr21,36576569,-
CSF3R,chr1,36483278,-
TXN2,chr22,36481640,-
SFTA3,chr14,36519521,-
TRAF6,chr11,36510272,-
ZNHIT3,chr17,36486629,+
FOXRED2,chr22,36507221,-
STK38,chr6,36547479,-
MYO19,chr17,36543435,-
AOAH,chr7,36724549,-
RAG1,chr11,36510372,+
ZNF260,chr19,36528271,-
EIF3D,chr22,36529166,-
NKX2-1,chr14,36521149,-
FEZ2,chr2,36646087,-
ZNF529,chr19,36605276,-
PIGW,chr17,36534987,+
MYL9,chr20,36541497,+
GGNBP2,chr17,36544912,+
CACNG2,chr22,36703752,-
MELK,chr9,36572862,+
TGIF2,chr20,36573488,+
TGIF2-RAB5IF,chr20,36574553,+
RAG2,chr11,36598279,-
CDIN1,chr15,36579626,+
NKX2-8,chr14,36582614,-
DHRS11,chr17,36591879,+
SRSF3,chr6,36594362,+
IFTAP,chr11,36594369,+
SLC1A3,chr5,36596588,+
MRM1,chr17,36601583,+
ZNF382,chr19,36604817,+
RAB5IF,chr20,36605779,+
SLA2,chr20,36646196,-
ZNF461,chr19,36666853,-
NDRG3,chr20,36746090,-
PAX9,chr14,36657568,+
SERTM1,chr13,36674020,+
CDKN1A,chr6,36676460,+
SLC25A21,chr14,37172606,-
ZNF567,chr19,36687612,+
VIT,chr2,36696690,+
RAB44,chr6,36697826,+
SIM2,chr21,36699115,+
DCLK3,chr3,36764553,-
ZNF850,chr19,36772825,-
H2AL1Q,chrX,36719829,+
CPNE5,chr6,36839444,-
HLCS,chr21,36990236,-
DSN1,chr20,36773818,-
IFT27,chr22,36776256,-
MTCL2,chr20,36863538,-
TPGS2,chr18,36829216,-
KCNU1,chr8,36784324,+
GRIK3,chr1,37034515,-
PVALB,chr22,36819479,-
ZNF790,chr19,36850787,-
RFXAP,chr13,36819222,+
TRANK1,chr3,36945057,-
KIAA1328,chr18,36829127,+
PAX5,chr9,37034268,-
STRN,chr2,36966536,-
SMAD9,chr13,36920887,-
ZNF345,chr19,36850361,+
ENSG00000291239,chr19,36850858,+
ELMO1,chr7,37449223,-
PPIL1,chr6,36874803,-
NCF4,chr22,36860988,+
C6orf89,chr6,36871870,+
TLDC2,chr20,36876121,+
NIPBL,chr5,36876769,+
ZNF829,chr19,36916291,-
MEIS2,chr15,37101299,-
SAMHD1,chr20,36951843,-
CSF2RB,chr22,36913628,+
ZNF568,chr19,36916316,+
LHX1,chr17,36936785,+
PI16,chr6,36948263,+
AATF,chr17,36948925,+
ALG5,chr13,37000741,-
MTCH1,chr6,36986298,-
HEATR5B,chr2,37084372,-
EPM2AIP1,chr3,36993131,-
CIMIP4,chr22,37007851,-
MLH1,chr3,36993226,+
RBL1,chr20,37095997,-
EXOSC8,chr13,36998816,+
FGD2,chr6,37005655,+
RIPPLY3,chr21,37006150,+
ZNF420,chr19,37007857,+
FAM47C,chrX,37008366,+
SUPT20H,chr13,37059713,-
TST,chr22,37020183,-
MPST,chr22,37019635,+
KCTD17,chr22,37051739,+
LRRFIP2,chr3,37176532,-
PIGP,chr21,37073170,-
TMPRSS6,chr22,37109713,-
TTC3,chr21,37073226,+
GPATCH11,chr2,37084518,+
ACACA,chr17,37406836,-
ENSG00000267360,chr19,37207074,-
EIF2AK2,chr2,37157522,-
MROH8,chr20,37179588,-
CSNK1A1L,chr13,37105664,-
CPLANE1,chr5,37249376,-
ZNF585A,chr19,37172741,-
IL2RB,chr22,37175118,-
ZCCHC7,chr9,37120574,+
ANKRD30A,chr10,37125598,+
SULT6B1,chr2,37196598,-
PIM1,chr6,37170152,+
RPN2,chr20,37178410,+
C1QTNF6,chr22,37199385,-
ZNF585B,chr19,37218153,-
CEBPZOS,chr2,37196488,+
MIPOL1,chr14,37197894,+
CEBPZ,chr2,37231596,-
SSTR3,chr22,37212477,-
TMEM217,chr6,37258155,-
TMEM217B,chr6,37258144,-
ZNF383,chr19,37217926,+
VPS26C,chr21,37267919,-
RAC2,chr22,37259594,-
NDUFAF7,chr2,37231658,+
CELF4,chr18,37565827,-
GOLGA4,chr3,37243191,+
NWD2,chr4,37244743,+
PRKD3,chr2,37324833,-
GHRH,chr20,37261819,-
TBC1D22B,chr6,37257772,+
CYTH4,chr22,37282027,+
NUP155,chr5,37371124,-
MANBAL,chr20,37289649,+
ZNF875,chr19,37312837,+
QPCT,chr2,37342827,+
SRC,chr20,37344685,+
PRRG1,chrX,37349309,+
ENSG00000250349,chrX,37349330,+
RNF8,chr6,37353983,+
DYRK1A,chr21,37365573,+
ELFN2,chr22,37427479,-
ZNF527,chr19,37371061,+
C17orf78,chr17,37375985,+
WDR70,chr5,37379285,+
TADA2A,chr17,37406886,+
ZNF569,chr19,37469275,-
GRHPR,chr9,37422666,+
CMTR1,chr6,37433219,+
ZBTB5,chr9,37465450,-
ITGA9,chr3,37452115,+
C4orf19,chr4,37453925,+
ZNF570,chr19,37467772,+
MFNG,chr22,37486393,-
ZC3H12A,chr1,37474580,+
CCDC167,chr6,37499893,-
POLR1E,chr9,37485948,+
DUSP14,chr17,37489891,+
MEAF6,chr1,37514766,-
CARD10,chr22,37519542,-
BLCAP,chr20,37527931,-
ZNF793,chr19,37506939,+
FBXO10,chr9,37576380,-
ENSG00000256966,chr9,37588874,-
SYNRG,chr17,37609472,-
NNAT,chr20,37521206,+
SNIP1,chr1,37554293,-
ZNF540,chr19,37551406,+
ZNF571,chr19,37594792,-
DNALI1,chr1,37556919,+
CDC42EP1,chr22,37560480,+
POSTN,chr13,37598844,-
GNL2,chr1,37595937,-
LGALS2,chr22,37582616,-
LANCL3,chrX,37571569,+
TOMM5,chr9,37592604,-
ENSG00000255872,chr9,38068687,-
FOXA1,chr14,37596059,-
RELL1,chr4,37686376,-
TTC6,chr14,37595629,+
KCNJ6,chr21,38121345,-
GGA1,chr22,37608474,+
DDX52,chr17,37643446,-
RSPO1,chr1,37634892,-
ZFP30,chr19,37692337,-
MDGA1,chr6,37699306,-
TRPC4,chr13,37869802,-
SH3BP1,chr22,37639669,+
ENSG00000285304,chr22,37639693,+
CDC42EP3,chr2,37738468,-
FRMPD1,chr9,37650954,+
PDXP,chr22,37658723,+
ZNF781,chr19,37676393,-
LGALS1,chr22,37675636,+
AIRIM,chr1,37692249,-
NOL12,chr22,37681673,+
GPR141,chr7,37683766,+
ENSG00000290149,chr7,37683843,+
XK,chrX,37685791,+
ENSG00000100101,chr22,37686414,+
HNF1B,chr17,37745059,-
ENSG00000267552,chr19,37719188,-
CDCA8,chr1,37692481,+
CTNNBL1,chr20,37694030,+
ZNF703,chr8,37695782,+
ZNF607,chr19,37719761,-
TRIOBP,chr22,37697048,+
EPHA10,chr1,37765133,-
ZNF573,chr19,37817300,-
ERLIN2,chr8,37736623,+
TRMT10B,chr9,37753803,+
EXOSC3,chr9,37801437,-
PLPBP,chr8,37762600,+
ZNF248,chr10,37858106,-
CYBB,chrX,37780059,+
ADGRA2,chr8,37784191,+
MANEAL,chr1,37793847,+
DCAF10,chr9,37800554,+
YRDC,chr1,37808208,-
H1-0,chr22,37805229,+
C1orf122,chr1,37806979,+
GCAT,chr22,37807905,+
MTF1,chr1,37859592,-
GDNF,chr5,37840041,-
ZFAND3,chr6,37819727,+
GALR3,chr22,37823382,+
PGM2,chr4,37826660,+
ANKRD54,chr22,37849327,-
DYNLT3,chrX,37847571,-
BRF2,chr8,37849861,-
NME8,chr7,37848597,+
EIF3L,chr22,37848868,+
RAB11FIP1,chr8,37899497,-
INPP5B,chr1,37947053,-
CTDSPL,chr3,37861880,+
SLC25A51,chr9,37904353,-
WDR87,chr19,37906677,-
TBC1D1,chr4,37891084,+
VSTM2L,chr20,37903111,+
MICALL1,chr22,37905657,+
SFRP4,chr7,38025695,-
SIPA1L3,chr19,37907208,+
SHB,chr9,38069227,-
EPDR1,chr7,37920640,+
TMCO5A,chr15,37921939,+
RMDN2,chr2,37923187,+
TBC1D3K,chr17,37924415,+
GOT1L1,chr8,37940124,-
ENSG00000285880,chr8,37965953,-
C22orf23,chr22,37953669,-
ZNF25,chr10,37976647,-
POLR2F,chr22,37952607,+
SF3A3,chr1,37990075,-
PTTG2,chr4,37960398,+
ADRB3,chr8,37966599,-
SOX10,chr22,37987422,-
TBC1D3L,chr17,37989060,-
TTI1,chr20,38033461,-
VILL,chr3,37988059,+
H2AP,chrX,37990779,+
H2AL3,chrX,37994272,+
FHL3,chr1,38005606,-
TBC1D3D,chr17,38003976,+
SYTL5,chrX,38006553,+
PLCD1,chr3,38029642,-
UTP11,chr1,38009258,+
ZNF33A,chr10,38010650,+
EIF4EBP1,chr8,38030534,+
RPRD1B,chr20,38033746,+
DLEC1,chr3,38039205,+
POU3F1,chr1,38046793,-
PICK1,chr22,38056311,+
TBC1D3C,chr17,38068634,-
CYP1B1,chr2,38109902,-
SLC16A8,chr22,38084184,-
BAIAP2L2,chr22,38110684,-
ZNF37A,chr10,38094334,+
PLD5P1,chr10,38094368,+
ACAA1,chr3,38137242,-
ASH2L,chr8,38105493,+
PLA2G6,chr22,38214778,-
TGM2,chr20,38166578,-
TBC1D3E,chr17,38127951,+
MYD88,chr3,38138552,+
STAR,chr8,38150952,-
SRPX,chrX,38220924,-
KCNJ15,chr21,38155549,+
LSM1,chr8,38176730,-
OXSR1,chr3,38165089,+
BTBD9,chr6,38640148,-
BAG4,chr8,38176533,+
STARD3NL,chr7,38178245,+
TBC1D3,chr17,38192555,-
MAFF,chr22,38201932,+
SSTR1,chr14,38207904,+
KIAA1755,chr20,38260772,-
DPF1,chr19,38229714,-
TMEM184B,chr22,38273010,-
DDHD2,chr8,38225218,+
TRGC2,chr7,38249572,-
SPINT2,chr19,38244035,+
PPP1R14A,chr19,38256532,-
SPRED1,chr15,38252836,+
TRGJ2,chr7,38253429,-
CLEC14A,chr14,38256093,-
TRGJP2,chr7,38256396,-
TRGC1,chr7,38265678,-
EGFLAM,chr5,38258409,+
TARP,chr7,38273636,-
BPI,chr20,38260141,+
PLPP5,chr8,38269243,-
SLC22A13,chr3,38265812,+
RPGR,chrX,38327544,-
TRGJ1,chr7,38269540,-
NSD3,chr8,38382272,-
TRGJP,chr7,38273647,-
TRGJP1,chr7,38276318,-
SLC22A14,chr3,38282294,+
ENSG00000267748,chr19,38289151,+
CSNK1E,chr22,38318084,-
TRGV11,chr7,38292078,-
TPTEP2-CSNK1E,chr22,38398522,-
ATL2,chr2,38377285,-
MRPL45,chr17,38297023,+
TRGV10,chr7,38300280,-
YIF1B,chr19,38317273,-
C19orf33,chr19,38304164,+
ALG10B,chr12,38316762,+
TRGV9,chr7,38318861,-
KCNK6,chr19,38319845,+
GPR179,chr17,38343956,-
OTC,chrX,38327598,+
TRGV8,chr7,38330935,-
CATSPERG,chr19,38335775,+
LBP,chr20,38346482,+
XYLB,chr3,38346760,+
TRGV5,chr7,38350022,-
UFM1,chr13,38349851,+
SOCS7,chr17,38351844,+
TRGV4,chr7,38354517,-
TRGV3,chr7,38359162,-
TRGV2,chr7,38363518,-
TRGV1,chr7,38368169,-
PSMD8,chr19,38374563,+
ERG,chr21,38661780,-
AMPH,chr7,38631420,-
GGN,chr19,38388082,-
LETM2,chr8,38386207,+
SPRED3,chr19,38388421,+
ALDH1B1,chr9,38392702,+
FGFR1,chr8,38468834,-
FAM98C,chr19,38403093,+
IGFBPL1,chr9,38424454,-
RASGRP4,chr19,38426305,-
ARHGAP23,chr17,38419280,+
KCNJ4,chr22,38455199,-
RYR1,chr19,38433691,+
ACVR2B,chr3,38453890,+
FAM98B,chr15,38454127,+
KDELR3,chr22,38468078,+
RALGAPB,chr20,38472816,+
LIFR,chr5,38608354,-
DDX17,chr22,38507660,-
RASGRP1,chr15,38565575,-
EXOG,chr3,38496340,+
DMC1,chr22,38570204,-
SRCIN1,chr17,38605952,-
ANKRD18A,chr9,38620596,-
SCN5A,chr3,38649687,-
TSPAN7,chrX,38561542,+
HNRNPLL,chr2,38603586,-
LINC02694,chr15,38577150,+
FAM227A,chr22,38656629,-
ADIG,chr20,38581195,+
MAP4K1,chr19,38618882,-
ARHGAP40,chr20,38601809,+
EIF3K,chr19,38619082,+
CPNE8,chr12,38907430,-
ACTN4,chr19,38647649,+
CBY1,chr22,38656638,+
KLF3,chr4,38664197,+
GALM,chr2,38666081,+
EPOP,chr17,38674957,-
GLO1,chr6,38703145,-
TOMM22,chr22,38681957,+
CFAP144P1,chr7,38687037,-
JOSD1,chr22,38701556,-
FREM2,chr13,38687077,+
FAM240B,chr9,38720133,-
SCN10A,chr3,38816286,-
MLLT6,chr17,38705273,+
GTPBP1,chr22,38705742,+
DNAH8,chr6,38715311,+
VPS41,chr7,38932394,-
SLC32A1,chr20,38724486,+
TACC1,chr8,38728186,+
CAPN12,chr19,38769904,-
CISD3,chr17,38730341,+
SUN2,chr22,38794143,-
PCGF2,chr17,38749817,-
SRSF7,chr2,38751494,-
ACTR5,chr20,38748460,+
GEMIN6,chr2,38751534,+
PSMB3,chr17,38752741,+
PIP4K2B,chr17,38800126,-
LGALS7,chr19,38773517,-
TLR10,chr4,38782990,-
DNAL4,chr22,38794198,-
TLR1,chr4,38856817,-
LGALS7B,chr19,38789200,+
DHX57,chr2,38875934,-
CWC25,chr17,38825355,-
MID1IP1,chrX,38801440,+
LGALS4,chr19,38812945,-
ETS2,chr21,38805183,+
PPP1R16B,chr20,38805697,+
ECH1,chr19,38831794,-
ENSG00000268083,chr19,38840178,-
NPTXR,chr22,38844028,-
TLR6,chr4,38856817,-
SPMAP1,chr17,38841438,-
HNRNPL,chr19,38852338,-
RRAGC,chr1,38859772,-
SCN11A,chr3,39051984,-
OSMR,chr5,38845858,+
RPL23,chr17,38868644,-
CBX6,chr22,38872216,-
MYCBP,chr1,38873368,-
ENSG00000274944,chr1,38881602,-
FAM114A1,chr4,38867677,+
RINL,chr19,38878275,-
LASP1,chr17,38869859,+
GJA9,chr1,38881587,-
MORN2,chr2,38875976,+
SIRT2,chr19,38899862,-
RHBDL2,chr1,38941830,-
ARHGEF33,chr2,38889875,+
NFKBIB,chr19,38899700,+
PLEKHA2,chr8,38901235,+
CCER2,chr19,38912186,-
SARS2,chr19,38930763,-
ENSG00000269547,chr19,38949855,-
LASP1NB,chr17,38925614,+
FAM83D,chr20,38926312,+
MRPS12,chr19,38930944,+
FBXO47,chr17,38967403,-
RICTOR,chr5,39074402,-
FBXO17,chr19,38975742,-
APOBEC3A,chr22,38952741,+
SOS1,chr2,39124345,-
DHX35,chr20,38962299,+
STOML3,chr13,38990859,-
TMEM156,chr4,39032922,-
HTRA4,chr8,38974228,+
POU6F2,chr7,38977909,+
APOBEC3B,chr22,38982347,+
TM2D2,chr8,38996824,-
FBXO27,chr19,39032785,-
AKIRIN1,chr1,38991276,+
ADAM9,chr8,38996766,+
PROSER1,chr13,39038089,-
APOBEC3C,chr22,39014257,+
ENSG00000284554,chr22,39014363,+
APOBEC3D,chr22,39021113,+
NDUFS5,chr1,39026318,+
SEC23A,chr14,39109646,-
NHLRC3,chr13,39038311,+
APOBEC3F,chr22,39040604,+
KLHL5,chr4,39045039,+
GLP1R,chr6,39048781,+
WDR48,chr3,39052016,+
PLXDC1,chr17,39154394,-
CNTNAP3,chr9,39288303,-
APOBEC3G,chr22,39077084,+
MACF1,chr1,39081316,+
ACP7,chr19,39084368,+
GORASP1,chr3,39108369,-
APOBEC3H,chr22,39097224,+
SAYSD1,chr6,39115186,-
FYB1,chr5,39274528,-
ADAM32,chr8,39106990,+
TTC21A,chr3,39107680,+
GEMIN2,chr14,39114306,+
CBX7,chr22,39152680,-
PAK4,chr19,39125770,+
CSRNP1,chr3,39154562,-
TRAPPC6B,chr14,39170393,-
ARL5C,chr17,39167065,-
CDKL4,chr2,39243970,-
CACNB1,chr17,39197702,-
PSMG1,chr21,39183488,-
PNN,chr14,39175183,+
WDR19,chr4,39182524,+
XIRP1,chr3,39192596,-
BRWD1,chr21,39321559,-
KCNK5,chr6,39229475,-
NCCRP1,chr19,39196964,+
RPL19,chr17,39200283,+
SYCN,chr19,39204263,-
LHFPL6,chr13,39603528,-
STAC2,chr17,39225945,-
PDGFB,chr22,39244982,-
MIA2,chr14,39230231,+
IFNL3,chr19,39245250,-
IFNL4,chr19,39248856,-
MAP4K3,chr2,39437301,-
FBXL20,chr17,39402523,-
CX3CR1,chr3,39281735,-
IFNL2,chr19,39268396,+
C9,chr5,39371324,-
RFC1,chr4,39366375,-
KIF21A,chr12,39443390,-
IFNL1,chr19,39296407,+
KCNK17,chr6,39314461,-
LRFN1,chr19,39320863,-
RPL3,chr22,39320389,-
KCNK16,chr6,39322968,-
GMFG,chr19,39342372,-
CCR8,chr3,39329709,+
KIF6,chr6,39725408,-
HMGN1,chr21,39349647,-
SAMD4B,chr19,39342421,+
SYNGR1,chr22,39349925,+
SPATA31A1,chr9,39355669,+
DAB2,chr5,39462300,-
GET1,chr21,39377698,+
GET1-SH3BGR,chr21,39380332,+
SLC25A38,chr3,39383370,+
PAF1,chr19,39391154,-
MED29,chr19,39391323,+
FBXO33,chr14,39432466,-
TAB1,chr22,39399780,+
MED1,chr17,39451268,-
LCA5L,chr21,39445803,-
RPSA,chr3,39406720,+
ZFP36,chr19,39406847,+
KLB,chr4,39406930,+
PLEKHG2,chr19,39412669,+
RPS16,chr19,39435949,-
SUPT5H,chr19,39436156,+
SH3BGR,chr21,39445855,+
RPL9,chr4,39458923,-
MGAT3,chr22,39457012,+
LIAS,chr4,39459045,+
CDK12,chr17,39461486,+
MOBP,chr3,39467198,+
TIMM50,chr19,39480412,+
BMP8A,chr1,39491636,+
UGDH,chr4,39528311,-
DLL3,chr19,39498947,+
MIEF1,chr22,39499432,+
MIURF,chr22,39504231,+
SELENOV,chr19,39515139,+
ATF4,chr22,39519695,+
RPS19BP1,chr22,39532748,-
EID2B,chr19,39532852,-
EID2,chr19,39540161,-
SMIM14,chr4,39638902,-
ABCD2,chr12,39619803,-
B3GALT5,chr21,39556442,+
PABPC4,chr1,39576790,-
YAE1,chr7,39566394,+
CACNA1I,chr22,39570753,+
THBS1,chr15,39581079,+
ADAM18,chr8,39584568,+
FSIP1,chr15,39782841,-
LGALS13,chr19,39602524,+
NEUROD2,chr17,39607920,-
HEYL,chr1,39639643,-
RALA,chr7,39623565,+
REDIC1,chr12,39626167,+
PPP1R1B,chr17,39626740,+
STARD3,chr17,39637090,+
NT5C1A,chr1,39672107,-
COG6,chr13,39655627,+
LGALS16,chr19,39655913,+
TMEM178A,chr2,39664982,+
TCAP,chr17,39665349,+
PNMT,chr17,39667981,+
PGAP3,chr17,39696797,-
HPCAL4,chr1,39691485,-
ERBB2,chr17,39687914,+
PPIE,chr1,39692182,+
UBE2K,chr4,39698109,+
LGALS14,chr19,39704481,+
MIEN1,chr17,39730532,-
CLC,chr19,39738029,-
THUMPD2,chr2,39779258,-
GRB7,chr17,39737927,+
ENTHD1,chr22,39893864,-
ADAM2,chr8,39838227,-
IGSF5,chr21,39745183,+
SLC2A13,chr12,40106089,-
BMP8B,chr1,39788865,-
IKZF3,chr17,39864312,-
OXCT2,chr1,39771348,-
LEUTX,chr19,39776595,+
DAAM2,chr6,39792298,+
GPR176,chr15,39920936,-
MYRIP,chr3,39808914,+
PDS5A,chr4,39977956,-
DYRK1B,chr19,39834201,-
ENSG00000291312,chr19,39831956,-
FBL,chr19,39846379,-
TRIT1,chr1,39883506,-
FCGBP,chr19,39934626,-
PCP4,chr21,39867438,+
ZPBP2,chr17,39868202,+
MYCL,chr1,39902256,-
MOCS1,chr6,39934551,-
GRAP2,chr22,39901084,+
IDO1,chr8,39902275,+
GSDMB,chr17,39918635,-
ORMDL3,chr17,39927601,-
LRRC3C,chr17,39927732,+
EIF2AK4,chr15,39934115,+
IDO2,chr8,39934614,+
CDK13,chr7,39950121,+
GSDMA,chr17,39953263,+
MFSD2A,chr1,39955112,+
TMA7B,chr22,39960397,+
PSMC4,chr19,39971165,+
PSMD3,chr17,39980807,+
ZNF546,chr19,39984134,+
FAM83F,chr22,39994954,+
DSCAM,chr21,40847158,-
CSF3,chr17,40015361,+
MED24,chr17,40061215,-
ZNF780B,chr19,40056231,-
SRP14,chr15,40039181,-
CAP1,chr1,40040233,+
TNRC6B,chr22,40044817,+
BCOR,chrX,40177329,-
N4BP2,chr4,40056850,+
THRA,chr17,40058290,+
ZNF780A,chr19,40090943,-
PPT1,chr1,40097260,-
BMF,chr15,40108892,-
NR1D1,chr17,40100589,-
SLC8A1,chr2,40611053,-
LRRC4C,chr11,41459773,-
MSL1,chr17,40121971,+
MPLKIP,chr7,40134622,-
SUGCT,chr7,40135005,+
CASC3,chr17,40140537,+
TCIM,chr8,40153482,+
BUB1B,chr15,40161023,+
RLF,chr1,40161387,+
RAPGEFL1,chr17,40177010,+
RHOH,chr4,40191011,+
MAP3K10,chr19,40191426,+
LRRK2,chr12,40196744,+
TTC9B,chr19,40218384,-
PAK6,chr15,40217428,+
BUB1B-PAK6,chr15,40218500,+
WIPF2,chr17,40219304,+
CCNP,chr19,40226697,-
AKT2,chr19,40285536,-
TMCO2,chr1,40245947,+
ZMPSTE24,chr1,40258236,+
PLCB2,chr15,40307935,-
ANKRD63,chr15,40283064,-
CDC6,chr17,40287879,+
COL9A2,chr1,40317286,-
RARA,chr17,40309180,+
EIF1B,chr3,40309707,+
ENSG00000291315,chr3,40312086,+
C19orf47,chr19,40348527,-
INAFM2,chr15,40323692,+
CCDC9B,chr15,40340939,-
CHRNA9,chr4,40335333,+
SMAP2,chr1,40344850,+
ADSL,chr22,40346461,+
ENSG00000284431,chr22,40346529,+
PLD3,chr19,40348456,+
PHGR1,chr15,40351033,+
DISP2,chr15,40358219,+
GJD3,chr17,40364737,-
SGSM3,chr22,40370591,+
HIPK4,chr19,40390181,-
KNSTRN,chr15,40382721,+
ENTPD3,chr3,40387184,+
TOP2A,chr17,40417896,-
LRFN2,chr6,40587364,-
MUC19,chr12,40393395,+
PRX,chr19,40414793,-
IVD,chr15,40405485,+
MRTFA,chr22,40636719,-
SERTAD1,chr19,40425992,-
RBM47,chr4,40630875,-
BAHD1,chr15,40439721,+
SERTAD3,chr19,40444335,-
IGFBP4,chr17,40443450,+
BLVRB,chr19,40465764,-
ZFP69B,chr1,40450107,+
RPL14,chr3,40457292,+
SPTBN4,chr19,40466241,+
CHST14,chr15,40470984,+
TNS4,chr17,40501623,-
ZNF619,chr3,40477113,+
ZNF620,chr3,40505992,+
ZFP69,chr1,40477290,+
EXO5,chr1,40508741,+
TTC33,chr5,40755963,-
ZNF621,chr3,40524878,+
CCDC32,chr15,40565054,-
ZMAT4,chr8,40897833,-
ZNF684,chr1,40531573,+
CCR7,chr17,40565472,-
FOXO1,chr13,40666641,-
RPUSD2,chr15,40569299,+
SHKBP1,chr19,40576855,+
ATP6AP2,chrX,40579372,+
LTBP4,chr19,40593166,+
KNL1,chr15,40594020,+
RIMS3,chr1,40665682,-
MPC1L,chrX,40623428,+
SMARCE1,chr17,40648654,-
CXorf38,chrX,40647561,-
ENSG00000264058,chr17,40665141,-
MED14,chrX,40735858,-
KRT222,chr17,40665177,-
NUMBL,chr19,40690972,-
MCHR1,chr22,40679273,+
PTGER4,chr5,40679915,+
MAFB,chr20,40689236,-
COQ8B,chr19,40718207,-
NFYC,chr1,40691689,+
CNTN1,chr12,40692439,+
RAD51,chr15,40694774,+
KRT24,chr17,40703752,-
ITPKC,chr19,40717112,+
MRPS31,chr13,40771190,-
RMDN3,chr15,40755851,-
ACTMAP,chr19,40750492,-
KRT25,chr17,40755331,-
NSUN7,chr4,40749925,+
SNRPA,chr19,40750637,+
PRKAA1,chr5,40798374,-
GCHFR,chr15,40764068,+
DNAJC17,chr15,40807478,-
KRT26,chr17,40772201,-
SLC25A17,chr22,40819399,-
C15orf62,chr15,40769980,+
MIA,chr19,40771648,+
MIA-RAB4B,chr19,40771648,+
KRT27,chr17,40782550,-
RAB4B,chr19,40778216,+
RAB4B-EGLN2,chr19,40778242,+
KCNQ4,chr1,40783787,+
SLC25A15,chr13,40789412,+
KRT28,chr17,40799959,-
EGLN2,chr19,40798996,+
ENSG00000268797,chr19,40801297,+
ZFYVE19,chr15,40807086,+
APBB2,chr4,41216714,-
PPP1R14D,chr15,40828709,-
KRT10,chr17,40822614,-
KRT10-AS1,chr17,40819071,+
ST13,chr22,40856639,-
RPL37,chr5,40835222,-
ENSG00000300293,chrX,40834445,+
CARD6,chr5,40841308,+
CYP2A6,chr19,40850447,-
SPINT1,chr15,40844018,+
XPNPEP3,chr22,40857097,+
DNAJB7,chr22,40862113,-
CITED4,chr1,40862363,-
KRT12,chr17,40867223,-
RHOV,chr15,40874234,-
CYP2A7,chr19,40882752,-
KRT20,chr17,40885242,-
VPS18,chr15,40894450,+
C7,chr5,40909492,+
KRT23,chr17,40937646,-
DLL4,chr15,40929340,+
ELF1,chr13,41061440,-
RBX1,chr22,40951378,+
CHAC1,chr15,40952962,+
KRT39,chr17,40966948,-
KRT40,chr17,40987135,-
INO80,chr15,41116280,-
CTPS1,chr1,40979696,+
CYP2B6,chr19,40991282,+
KRTAP3-3,chr17,40994164,-
MROH2B,chr5,41071342,-
KRTAP3-2,chr17,40999906,-
KRTAP3-1,chr17,41019324,-
SLFNL1,chr1,41023237,-
KRTAP1-5,chr17,41027208,-
UNC5CL,chr6,41039221,-
SCMH1,chr1,41242306,-
TOP1,chr20,41028822,+
KRTAP1-4,chr17,41030195,-
OARD1,chr6,41097787,-
KRTAP1-3,chr17,41034874,-
KRTAP1-1,chr17,41041450,-
TSPO2,chr6,41042467,+
KRTAP2-1,chr17,41047316,-
APOBEC2,chr6,41053202,+
KRTAP2-2,chr17,41055230,-
KRTAP2-3,chr17,41060114,-
WBP4,chr13,41061509,+
KRTAP2-4,chr17,41065879,-
NFYA,chr6,41072974,+
KRTAP4-7,chr17,41084150,+
USP9X,chrX,41085445,+
CYP2A13,chr19,41088451,+
EP300,chr22,41092510,+
KRTAP4-8,chr17,41098142,-
KRTAP4-16,chr17,41102209,-
KRTAP4-9,chr17,41105389,+
CYP2F1,chr19,41114432,+
KRTAP4-11,chr17,41118373,-
KRTAP4-12,chr17,41124182,-
FOXD4L6,chr9,41128681,-
KBTBD6,chr13,41132802,-
ZNG1F,chr9,41199261,-
PLCG1,chr20,41136960,+
KRTAP4-6,chr17,41140544,-
C6,chr5,41261438,-
ENSG00000289761,chr4,41143099,-
KRTAP4-5,chr17,41149825,-
TREML1,chr6,41154347,-
TREM2,chr6,41163186,-
KRTAP4-4,chr17,41160748,-
KRTAP4-3,chr17,41168221,-
BACE2,chr21,41167801,+
KRTAP4-2,chr17,41178221,-
ZHX3,chr20,41317731,-
EXD1,chr15,41230757,-
KRTAP4-1,chr17,41184911,-
PDZRN4,chr12,41188320,+
TREML2,chr6,41201149,-
KBTBD7,chr13,41194569,-
KRTAP9-1,chr17,41189887,+
CYP2S1,chr19,41193210,+
CTNNB1,chr3,41194741,+
L3MBTL2,chr22,41205302,+
MTRF1,chr13,41263577,-
AXL,chr19,41219223,+
KRTAP9-2,chr17,41226648,+
TREML4,chr6,41228339,+
CHADL,chr22,41240931,-
CHP1,chr15,41230839,+
KRTAP9-3,chr17,41232449,+
KRTAP9-8,chr17,41237999,+
RANGAP1,chr22,41286187,-
ULK4,chr3,41962130,-
KRTAP9-4,chr17,41249687,+
KRTAP9-9,chr17,41255384,+
UCHL1,chr4,41256413,+
SFRP1,chr8,41309473,-
HNRNPUL1,chr19,41262496,+
KRTAP9-6,chr17,41265378,+
TREM1,chr6,41286682,-
KRTAP9-7,chr17,41275698,+
ENSG00000285920,chr15,41284007,+
ZC3H7B,chr22,41301525,+
TGFB1,chr19,41353922,-
KRTAP29-1,chr17,41302851,-
FAM3B,chr21,41304212,+
PLCXD3,chr5,41510601,-
KRTAP16-1,chr17,41309309,-
OIP5,chr15,41332591,-
CCDC97,chr19,41310172,+
NAA16,chr13,41311267,+
KRTAP17-1,chr17,41315710,-
NUSAP1,chr15,41320794,+
DDX3X,chrX,41333348,+
NCR2,chr6,41335608,+
LPIN3,chr20,41340821,+
KRT33A,chr17,41350828,-
ENSG00000255730,chr19,41350853,+
TMEM91,chr19,41350911,+
B9D2,chr19,41364149,-
LIMCH1,chr4,41359607,+
EMILIN3,chr20,41366818,-
FOXO6,chr1,41361922,+
MX2,chr21,41361999,+
KRT33B,chr17,41369813,-
TEF,chr22,41367333,+
KRT34,chr17,41382306,-
EXOSC5,chr19,41397359,-
NDUFAF1,chr15,41409403,-
KRT31,chr17,41397608,-
BCKDHA,chr19,41397818,+
CHD6,chr20,41618384,-
RTF1,chr15,41408408,+
MX1,chr21,41420020,+
KRT37,chr17,41424585,-
B3GNT8,chr19,41428730,-
DMAC2,chr19,41440717,-
TOB2,chr22,41446801,-
KRT38,chr17,41440983,-
ERICH4,chr19,41443156,+
NYX,chrX,41447343,+
ACO2,chr22,41447830,+
RGCC,chr13,41457550,+
KRT32,chr17,41467386,-
PHF5A,chr22,41468692,-
TMPRSS2,chr21,41531116,-
KRT35,chr17,41481151,-
EDN2,chr1,41484683,-
KRT36,chr17,41492546,-
GOLGA7,chr8,41488200,+
ITPKA,chr15,41493393,+
KRT13,chr17,41505705,-
LTK,chr15,41513887,-
HIVEP3,chr1,42035925,-
KRT15,chr17,41522529,-
CASK,chrX,41923554,-
RPAP1,chr15,41544269,-
KRT19,chr17,41528308,-
POLR3H,chr22,41544606,-
GINS4,chr8,41529221,+
FOXP4,chr6,41546381,+
CEACAM21,chr19,41549518,+
TYRO3,chr15,41557675,+
CSDC2,chr22,41561010,+
KRT9,chr17,41572059,-
VWA8,chr13,41961120,-
PMM1,chr22,41589840,-
GPAT4,chr8,41577187,+
KRT14,chr17,41586895,-
ENSG00000284895,chr1,41628816,-
DESI1,chr22,41621043,-
LRFN5,chr14,41606876,+
KRT16,chr17,41615899,-
CEACAM4,chr19,41627074,-
KRT17,chr17,41624842,-
MGA,chr15,41621134,+
XRCC6,chr22,41621163,+
MDFI,chr6,41636882,+
NKX6-3,chr8,41650817,-
ANK1,chr8,41896741,-
INHBA,chr7,41705834,-
CEACAM7,chr19,41706976,-
SNU13,chr22,41690504,-
TFEB,chr6,41736259,-
C22orf46P,chr22,41688877,+
EIF1,chr17,41688885,+
GPR34,chrX,41688973,+
MEI1,chr22,41699503,+
CEACAM5,chr19,41708585,+
ENSG00000267881,chr19,41708657,+
GAST,chr17,41712331,+
HAP1,chr17,41734644,-
GPR82,chrX,41724181,+
OXCT1,chr5,41870425,-
PGC,chr6,41754109,-
RIPK4,chr21,41767089,-
PHOX2B,chr4,41748725,-
CEACAM6,chr19,41750977,+
JUP,chr17,41786931,-
FRS3,chr6,41786542,-
MAPKBP1,chr15,41774484,+
ENSG00000124593,chr6,41780349,+
PRICKLE4,chr6,41780782,+
TOMM6,chr6,41787662,+
USP49,chr6,41895375,-
ENSG00000288721,chr6,41921139,-
CEACAM3,chr19,41796587,+
PRDM15,chr21,41879482,-
CCDC134,chr22,41800679,+
P3H4,chr17,41812604,-
FKBP10,chr17,41812680,+
NT5C3B,chr17,41836260,-
JMJD7,chr15,41828092,+
JMJD7-PLA2G4B,chr15,41828116,+
SREBF2,chr22,41833105,+
KLHL10,chr17,41835685,+
LYPD4,chr19,41844697,-
PLA2G4B,chr15,41837775,+
DMRTC2,chr19,41844946,+
SPTBN5,chr15,41894053,-
KLHL11,chr17,41865423,-
RPS19,chr19,41860255,+
ACLY,chr17,41930542,-
CD79A,chr19,41877279,+
ARHGEF1,chr19,41883184,+
C2CD2,chr21,41954018,-
CNTNAP3B,chr9,42129510,-
EHD4,chr15,41972557,-
RIMOC1,chr5,41904188,+
MED20,chr6,41921139,-
ERFL,chr19,41928449,-
SHISA8,chr22,41915074,-
BYSL,chr6,41921229,+
TNFRSF13C,chr22,41926806,-
FBXO4,chr5,41925254,+
CENPM,chr22,41947152,-
KAT6A,chr8,42051994,-
ODAD4,chr17,41930617,+
CCND3,chr6,42050357,-
TMEM33,chr4,41935129,+
SMIM45,chr22,41947194,+
PIK3C3,chr18,41955234,+
RABAC1,chr19,41959321,-
ENSG00000285505,chr19,41994232,-
GLI3,chr7,42264100,-
ATP1A3,chr19,41997497,-
CNP,chr17,41966763,+
SEPTIN3,chr22,41969443,+
DNAJC7,chr17,42021376,-
PLA2G4E,chr15,42051190,-
DCAF4L1,chr4,41981756,+
ZBTB21,chr21,42010387,-
SLC30A9,chr4,41990530,+
GRIK5,chr19,42070206,-
WBP2NL,chr22,41998788,+
NKIRAS2,chr17,42011382,+
TRAK1,chr3,42013624,+
ZNF385C,chr17,42098479,-
C17orf113,chr17,42050601,-
DGKH,chr13,42040036,+
PKDCC,chr2,42048021,+
TAF8,chr6,42050513,+
NAGA,chr22,42070842,-
UMODL1,chr21,42062959,+
PLA2G4D,chr15,42094562,-
ZNF574,chr19,42068477,+
PTPRT,chr20,43189970,-
PHETA2,chr22,42074248,+
SMDT1,chr22,42079700,+
GXYLT1,chr12,42144874,-
NDUFA6,chr22,42090884,-
POU2F2,chr19,42196585,-
C6orf132,chr6,42142620,-
DHX58,chr17,42112714,-
BEND4,chr4,42152878,-
KAT2A,chr17,42121367,-
ENSG00000267261,chr17,42154916,-
HSPB9,chr17,42122804,+
RAB5C,chr17,42155044,-
CYP2D6,chr22,42130865,-
PLA2G4F,chr15,42156636,-
CYP2D7,chr22,42149500,-
CIMIP3,chr6,42142693,+
AP3M2,chr8,42152946,+
GUCA2B,chr1,42153410,+
GUCA1ANB-GUCA1A,chr6,42155406,+
KCNH4,chr17,42181142,-
YAF2,chr12,42238349,-
VPS39,chr15,42208307,-
TCF20,chr22,42343616,-
GUCA2A,chr1,42164745,-
EML4,chr2,42169353,+
GUCA1A,chr6,42173364,+
PLAT,chr8,42207709,-
FOXJ3,chr1,42335877,-
GUCA1B,chr6,42194956,-
SPATA31A6,chr9,42183659,+
HCRT,chr17,42185452,-
GHDC,chr17,42194513,-
DEDD2,chr19,42220140,-
STAT5B,chr17,42288633,-
ABCG1,chr21,42199689,+
MRPS10,chr6,42217861,-
TMEM87A,chr15,42273534,-
ENSG00000288671,chr19,42232149,-
ZNF526,chr19,42220292,+
TRERF1,chr6,42452051,-
GSK3A,chr19,42242602,-
ENSG00000268643,chr19,42255132,-
PPHLN1,chr12,42238447,+
ERF,chr19,42255128,-
CCK,chr3,42266185,-
CIC,chr19,42268537,+
IKBKB,chr8,42271302,+
AKAP11,chr13,42272152,+
GANC,chr15,42273201,+
STAT5A,chr17,42287547,+
PAFAH1B3,chr19,42303546,-
PRR19,chr19,42302098,+
TFF3,chr21,42315409,-
ZCRB1,chr12,42326257,-
TMEM145,chr19,42313309,+
STAT3,chr17,42388568,-
MEGF8,chr19,42325609,+
COX7A2L,chr2,42425088,-
POLB,chr8,42338454,+
TFF2,chr21,42350997,-
ENSG00000258461,chr15,42348103,+
CAPN3,chr15,42359498,+
TFF1,chr21,42366535,-
TMPRSS3,chr21,42396091,-
DKK4,chr8,42377229,-
NFAM1,chr22,42432403,-
RIMKLA,chr1,42380792,+
CNFN,chr19,42390297,-
VDAC3,chr8,42391624,+
LYZL4,chr3,42410610,-
SHISA3,chr4,42397488,+
LIPE,chr19,42427388,-
CAVIN1,chr17,42423256,-
UBASH3A,chr21,42403447,+
ATP8A1,chr4,42657121,-
ZNF106,chr15,42491141,-
SLC20A2,chr8,42541926,-
GHR,chr5,42423439,+
CXCL17,chr19,42442946,-
ZMYND12,chr1,42456022,-
KCNG3,chr2,42493982,-
PPCS,chr1,42456117,+
PRICKLE1,chr12,42590355,-
ATP6V0A1,chr17,42458844,+
CCDC30,chr1,42463221,+
RSPH1,chr21,42496224,-
VIPR1,chr3,42489299,+
SNAP23,chr15,42491244,+
MTA3,chr2,42494569,+
SLC37A1,chr21,42496008,+
ENSG00000285942,chr15,42548786,-
CEACAM1,chr19,42561234,-
RRP7A,chr22,42519800,-
NAGLU,chr17,42536241,+
LRRC57,chr15,42548802,-
SMIM19,chr8,42541155,+
SEC22C,chr3,42601080,-
HAUS2,chr15,42548828,+
HSD17B1,chr17,42552923,+
SERHL2,chr22,42553617,+
COASY,chr17,42561467,+
TNFSF11,chr13,42562736,+
UBR2,chr6,42564029,+
MLX,chr17,42567072,+
PSMC3IP,chr17,42577831,-
ZNF33B,chr10,42638570,-
STARD9,chr15,42575606,+
RETREG3,chr17,42610623,-
CEACAM8,chr19,42595055,-
SS18L2,chr3,42581840,+
POLDIP3,chr22,42614962,-
ENSG00000289517,chr22,42627688,-
NKTR,chr3,42600660,+
TUBG1,chr17,42609641,+
CYB5R3,chr22,42720870,-
ATP5MGL,chr22,42640601,-
PDE9A,chr21,42653621,+
ZBTB47,chr3,42653697,+
PPIH,chr1,42658335,+
TUBG2,chr17,42659284,+
PLEKHH3,chr17,42676994,-
CCR10,chr17,42683917,-
YBX1,chr1,42682418,+
CNTNAP1,chr17,42682531,+
KLHL40,chr3,42685537,+
A4GALT,chr22,42721298,-
HHATL,chr3,42702824,-
PRPH2,chr6,42722597,-
CHRNB3,chr8,42697366,+
EZH1,chr17,42745049,-
CCDC13,chr3,42773253,-
ENSG00000280571,chr3,42804493,-
PSG3,chr19,42740481,-
CDAN1,chr15,42737128,-
CLDN19,chr1,42740254,-
TTBK2,chr15,42920809,-
RIT2,chr18,43115691,-
TBCC,chr6,42746103,-
P3H1,chr1,42767084,-
CHRNA6,chr8,42796392,-
PSG8,chr19,42765678,-
CCDC152,chr5,42756818,+
RAMP2,chr17,42758447,+
OXER1,chr2,42764135,-
HAAO,chr2,42792583,-
C1orf50,chr1,42767249,+
ENSG00000283580,chr1,42767292,+
VPS25,chr17,42773449,+
PPP1R2C,chrX,42778163,-
WNK4,chr17,42780610,+
FAM216B,chr13,42781550,+
BICRAL,chr6,42782052,+
BMS1,chr10,42782795,+
HIGD1A,chr3,42804490,-
TMEM269,chr1,42784991,+
COA3,chr17,42798704,-
ARFGAP3,chr22,42858106,-
CNTD1,chr17,42798800,+
SELENOP,chr5,42887392,-
ACKR2,chr3,42804752,+
SVBP,chr1,42817397,-
ENSG00000273291,chr3,42809446,+
ENSG00000290317,chr3,42809483,+
BECN1,chr17,42833350,-
ERMAP,chr1,42817122,+
PSME3,chr17,42824385,+
PACSIN2,chr22,43015149,-
THAP1,chr8,42843325,-
WDR4,chr21,42879568,-
AOC2,chr17,42844580,+
ZNF691,chr1,42846573,+
RNF170,chr8,42897290,-
AOC3,chr17,42851184,+
CYP8B1,chr3,42875898,-
PSG1,chr19,42879822,-
RPL7L1,chr6,42879616,+
NDUFV3,chr21,42879644,+
EPSTI1,chr13,42992241,-
C6orf226,chr6,42890821,-
GRXCR1,chr4,42892713,+
HOOK3,chr8,42896978,+
G6PC1,chr17,42900797,+
PSG6,chr19,42919563,-
ZNF662,chr3,42906142,+
C7orf25,chr7,42912305,-
ENSG00000256646,chr7,42932214,-
PTCRA,chr6,42915989,+
ERVH48-1,chr21,42925630,-
PSMA2,chr7,42932185,-
PSG7,chr19,42937207,-
SLC2A1,chr1,42958893,-
CNPY3,chr6,42929480,+
MRPL32,chr7,42932376,+
KRBOX1,chr3,42936386,+
UBR1,chr15,43106113,-
AARSD1,chr17,42964498,-
PTGES3L-AARSD1,chr17,42980528,-
GNMT,chr6,42960754,+
PEX6,chr6,42979181,-
PTGES3L,chr17,42980433,-
PKNOX1,chr21,42974510,+
GASK1A,chr3,42979087,+
RUNDC1,chr17,42980565,+
PPP2R5D,chr6,42984553,+
RPL27,chr17,42998273,+
IFI35,chr17,43006740,+
PSG11,chr19,43026469,-
MEA1,chr6,43016868,-
KLHDC3,chr6,43014103,+
VAT1,chr17,43025123,-
ENSG00000254673,chr8,43018424,+
RRP36,chr6,43021623,+
DNAJC15,chr13,43023203,+
RND2,chr17,43025231,+
FNTA,chr8,43034194,+
CUL7,chr6,43053943,-
ANXA2R,chr5,43043170,-
TTLL1,chr22,43089391,-
KLC4,chr6,43059631,+
BRCA1,chr17,43170245,-
ENSG00000288564,chr6,43058185,-
CBS,chr21,43076943,-
MRPL2,chr6,43059438,-
PSG2,chr19,43083045,-
ZNF131,chr5,43067581,+
PTK7,chr6,43076307,+
RET,chr10,43077068,+
POMGNT2,chr3,43106085,-
U2AF1,chr21,43107570,-
POMK,chr8,43093498,+
BIK,chr22,43110750,+
HECW1,chr7,43112629,+
TMEM62,chr15,43123279,+
MCAT,chr22,43143398,-
CSGALNACT2,chr10,43138445,+
HGSNAT,chr8,43140464,+
CFAP144,chr1,43145153,+
TSPO,chr22,43151547,+
EBNA1BP2,chr1,43270936,-
PSG5,chr19,43186536,-
TTLL12,chr22,43187134,-
CRYAA,chr21,43169008,+
NBR1,chr17,43170481,+
SRF,chr6,43171269,+
CFAP57,chr1,43172330,+
ENSG00000285117,chr15,43206481,-
CUL9,chr6,43182185,+
CCNDBP1,chr15,43185403,+
NIM1K,chr5,43192071,+
PSG4,chr19,43205774,-
RASGEF1A,chr10,43267065,-
EPB42,chr15,43221018,-
SCUBE1,chr22,43343372,-
PSG9,chr19,43269530,-
TMEM106A,chr17,43211835,+
ENOX1,chr13,43786972,-
CCDC200,chr17,43305397,-
ZFP36L2,chr2,43226606,-
DNPH1,chr6,43229481,-
THADA,chr2,43596038,-
TGM5,chr15,43266928,-
TTBK1,chr6,43243481,+
SYT4,chr18,43277535,-
TMEM125,chr1,43269983,+
TGM7,chr15,43302255,-
C1orf210,chr1,43285617,-
SNRK,chr3,43286512,+
HMGCS1,chr5,43313512,-
POTEA,chr8,43292483,+
SLC22A7,chr6,43295791,+
CRIP3,chr6,43308826,-
TIE1,chr1,43300982,+
ZNF318,chr6,43369647,-
API5,chr11,43311963,+
LCMT2,chr15,43330582,-
MAPDA,chr15,43330672,+
MPL,chr1,43337818,+
CD177,chr19,43353686,+
ADAMTS20,chr12,43552203,-
ANO10,chr3,43691594,-
ZSCAN29,chr15,43371043,-
TTC17,chr11,43358920,+
CDC20,chr1,43358981,+
ELOVL1,chr1,43368074,-
TUBGCP4,chr15,43369221,+
FXYD4,chr10,43371636,+
CCL28,chr5,43412391,-
MED8,chr1,43389808,-
HNRNPF,chr10,43409186,-
SZT2,chr1,43389882,+
ARL4D,chr17,43398993,+
TEX101,chr19,43401496,+
TP53BP1,chr15,43510728,-
MPPED1,chr22,43411196,+
SIK1,chr21,43427131,-
ABCC10,chr6,43427366,+
ZNF487,chr10,43436841,+
TMEM267,chr5,43483893,-
DLK2,chr6,43456632,-
HYI,chr1,43453989,-
SRSF6,chr20,43457893,+
ENSG00000288000,chr20,43458054,+
LYPD3,chr19,43465608,-
PHLDB3,chr19,43504935,-
TJAP1,chr6,43477523,+
DHX8,chr17,43483963,+
C5orf34,chr5,43515148,-
L3MBTL1,chr20,43507678,+
ETHE1,chr19,43527201,-
LRRC73,chr6,43510346,-
POLR1C,chr6,43509702,+
MAP1A,chr15,43510958,+
YIPF3,chr6,43516953,-
XPO5,chr6,43576038,-
PTPRF,chr1,43525187,+
ZNF575,chr19,43525497,+
PAIP1,chr5,43557758,-
ETV4,chr17,43579620,-
EFCAB6,chr22,43812305,-
HSF2BP,chr21,43659488,-
PPIP5K1,chr15,43590208,-
ENSG00000277611,chr20,43540171,+
XRCC1,chr19,43580473,-
ENSG00000268361,chr19,43593036,-
ZNF239,chr10,43574618,-
SGK2,chr20,43558968,+
H2BC12L,chr21,43565182,+
PINLYP,chr19,43575801,+
POLH,chr6,43576185,+
STK17A,chr7,43582758,+
IRGQ,chr19,43596134,-
IFT52,chr20,43590937,+
CKMT1B,chr15,43593054,+
ZNF576,chr19,43596392,+
SRRM5,chr19,43596617,+
STRC,chr15,43618800,-
NNT,chr5,43602692,+
GTPBP2,chr6,43629264,-
ZNF485,chr10,43606419,+
ZNF428,chr19,43619629,-
COA1,chr7,43729523,-
ENSG00000284772,chr15,43632283,-
CADM4,chr19,43639850,-
CATSPER2,chr15,43668118,-
MAD2L1BP,chr6,43629540,+
PLEKHH2,chr2,43637260,+
MEOX1,chr17,43661922,-
ZNF32,chr10,43648881,-
RSPH9,chr6,43645036,+
PLAUR,chr19,43670547,-
KDM4A,chr1,43650149,+
ENSG00000284989,chr1,43650149,+
MAOA,chrX,43654907,+
RRP1B,chr21,43659560,+
MYBL2,chr20,43667019,+
MRPS18A,chr6,43687791,-
C1GALT1C1L,chr2,43676429,-
HSD17B12,chr11,43680709,+
ABHD5,chr3,43690108,+
CKMT1A,chr15,43692886,+
ST3GAL3,chr1,43707527,+
IRGC,chr19,43716076,+
PUS7L,chr12,43758793,-
PDXK,chr21,43719094,+
GTSF1L,chr20,43727002,-
SMG9,chr19,43754962,-
PDIA3,chr15,43746408,+
SOST,chr17,43758791,-
BLVRA,chr7,43758680,+
IRAK4,chr12,43758944,+
DUSP3,chr17,43778977,-
KCNN4,chr19,43780973,-
MAOB,chrX,43882450,-
VEGFA,chr6,43770211,+
CSTB,chr21,43776330,-
ELL3,chr15,43777315,-
ENSG00000262560,chr15,43799133,-
DYNC2LI1,chr2,43774039,+
SERF2,chr15,43777087,+
CFAP97D1,chr17,43780435,+
LYPD5,chr19,43827206,-
RRP1,chr21,43789513,+
TWF1,chr12,43806317,-
SERINC4,chr15,43800220,-
HYPK,chr15,43796142,+
MPP3,chr17,43833146,-
MFAP1,chr15,43824690,-
ABCG5,chr2,43838839,-
CCDC122,chr13,43879740,-
SULT4A1,chr22,43862513,-
WDR76,chr15,43826980,+
ZNF283,chr19,43827321,+
ABCG8,chr2,43831942,+
TMEM117,chr12,43836081,+
CD300LG,chr17,43847148,+
AGPAT3,chr21,43865223,+
MRPS24,chr7,43869893,-
URGCP-MRPS24,chr7,43906589,-
FRMD5,chr15,44195271,-
ZNF404,chr19,43901385,-
MPP2,chr17,43909711,-
URGCP,chr7,43926411,-
LACC1,chr13,43879284,+
PNPLA5,chr22,43892013,-
ALKBH3,chr11,43880831,+
ENSG00000281883,chr13,43883800,+
LRPPRC,chr2,43996226,-
ZNF45,chr19,43935282,-
TOX2,chr20,43914852,+
PNPLA3,chr22,43923803,+
UBE2D4,chr7,43926436,+
ARTN,chr1,43933320,+
ENSG00000288593,chr21,43939919,+
PPY,chr17,43942476,-
C11orf96,chr11,43942637,+
IPO13,chr1,43946950,+
NDP,chrX,43973395,-
ZNF221,chr19,43951223,+
PYY,chr17,44004469,-
SAMM50,chr22,43955442,+
ZNF155,chr19,43967862,+
DPH2,chr1,43970000,+
ATP6V0B,chr1,43974487,+
B4GALT2,chr1,43978943,+
CCDC24,chr1,43991599,+
SLC6A9,chr1,44031467,-
SPDYE1,chr7,43997897,+
PARVB,chr22,43999211,+
LINC03040,chr6,44000585,+
ZNF230,chr19,44002957,+
NAGS,chr17,44004622,+
TMEM101,chr17,44023946,-
TRAPPC10,chr21,44012309,+
ZNF222,chr19,44025342,+
ENSG00000267022,chr19,44025354,+
LSM12,chr17,44067619,-
DBNL,chr7,44044640,+
ACCSL,chr11,44047981,+
ZNF223,chr19,44051367,+
PGAM2,chr7,44065567,-
ACCS,chr11,44065925,+
G6PC3,chr17,44070620,+
POLM,chr7,44082530,-
ZNF284,chr19,44072159,+
HDAC5,chr17,44123702,-
ZNF224,chr19,44094361,+
EXT2,chr11,44095663,+
AEBP1,chr7,44104345,+
JPH2,chr20,44187188,-
PWP2,chr21,44107373,+
ZNF225,chr19,44112181,+
MRPL14,chr6,44127452,-
POLD2,chr7,44124358,-
KLF17,chr1,44118821,+
TMEM63B,chr6,44126914,+
GATD3,chr21,44133610,+
KLF18,chr1,44141631,-
MYL7,chr7,44141332,-
ZNF234,chr19,44141554,+
HROB,chr17,44141906,+
GCK,chr7,44198170,-
EFHC2,chrX,44343672,-
CAPN11,chr6,44158811,+
ZNF226,chr19,44165073,+
PPM1B,chr2,44167969,+
ENSG00000285542,chr2,44168851,+
ASB16,chr17,44170447,+
PARVG,chr22,44172956,+
KCTD8,chr4,44448809,-
TMUB2,chr17,44186970,+
ATXN7L3,chr17,44200113,-
OSER1,chr20,44210771,-
YKT6,chr7,44200968,+
UBTF,chr17,44221626,-
ZNF227,chr19,44207547,+
CAMK2B,chr7,44334577,-
DMAP1,chr1,44213455,+
ICOSLG,chr21,44241446,-
MYMX,chr6,44216926,+
SLC29A1,chr6,44219553,+
ERI3,chr1,44355260,-
ZNF235,chr19,44305046,-
TOPAZ1,chr3,44241886,+
SHISAL1,chr22,44312951,-
HSP90AB1,chr6,44246166,+
DNMT3L,chr21,44262216,-
GDAP1L1,chr20,44247099,+
SLC4A1,chr17,44268135,-
SLC35B2,chr6,44257890,-
NFKBIE,chr6,44265788,-
ZNF233,chr19,44259880,+
ALX4,chr11,44310139,-
TMEM151B,chr6,44270450,+
ENSG00000272442,chr6,44273194,+
SLC3A1,chr2,44275458,+
TCTE1,chr6,44297698,-
AIRE,chr21,44285876,+
GOLM2,chr15,44288719,+
AARS2,chr6,44313347,-
PFKL,chr21,44300053,+
FGF10,chr5,44389706,-
FITM2,chr20,44311202,-
RUNDC3A,chr17,44308583,+
PREPL,chr2,44361862,-
SLC25A39,chr17,44324870,-
ZNF112,chr19,44367217,-
CFAP410,chr21,44339402,-
ENSG00000267173,chr19,44401608,-
R3HDML,chr20,44337043,+
TCAIM,chr3,44338119,+
SPATS1,chr6,44342650,+
GRN,chr17,44345262,+
TRPM2,chr21,44350163,+
FAM171A2,chr17,44363853,-
HNF4A,chr20,44355699,+
CAMKMT,chr2,44361947,+
CXCL12,chr10,44386493,-
ITGA2B,chr17,44389649,-
SERP2,chr13,44373824,+
NUDCD3,chr7,44490658,-
ZNF285,chr19,44401608,-
CDC5L,chr6,44387706,+
GPATCH8,chr17,44503406,-
RNF220,chr1,44405194,+
ZNF229,chr19,44448578,-
CTDSPL2,chr15,44427622,+
ZNF445,chr3,44477670,-
TSC22D1,chr13,44577147,-
LRRC3,chr21,44455510,+
ZNF180,chr19,44500523,-
TTPAL,chr20,44475874,+
ZNF852,chr3,44510636,-
RTL6,chr22,44498233,-
SERINC3,chr20,44522085,-
TSPEAR,chr21,44711572,-
CEACAM20,chr19,44529788,-
FSCB,chr14,44507283,-
NELL2,chr12,44921848,-
NPC1L1,chr7,44541330,-
FUNDC1,chrX,44542859,-
PKIG,chr20,44531785,+
EIF3J,chr15,44537125,+
KRTAP10-1,chr21,44540195,-
KRTAP10-2,chr21,44551505,-
SPG11,chr15,44663678,-
ZKSCAN7,chr3,44555193,+
FZD2,chr17,44557484,+
KRTAP10-3,chr21,44558795,-
CD82,chr11,44564427,+
DDX56,chr7,44573925,-
KRTAP10-4,chr21,44573729,+
TMED4,chr7,44582287,-
ZNF660,chr3,44578223,+
KRTAP10-5,chr21,44580604,-
ZNF197,chr3,44584888,+
ADA,chr20,44652252,-
KRTAP10-6,chr21,44592505,-
KRTAP10-7,chr21,44600597,+
OGDH,chr7,44606572,+
KRTAP10-8,chr21,44612079,+
IGSF23,chr19,44613563,+
YIPF7,chr4,44678556,-
KRTAP10-9,chr21,44627093,+
TMEM53,chr1,44674481,-
KRTAP10-10,chr21,44637356,+
PVR,chr19,44643798,+
KRTAP10-11,chr21,44646414,+
ZNF35,chr3,44648732,+
KRTAP12-4,chr21,44654659,-
MEIOC,chr17,44656404,+
KRTAP12-3,chr21,44657932,+
CEACAM19,chr19,44662278,+
PATL2,chr15,44711323,-
KRTAP12-2,chr21,44666927,-
PRR5,chr22,44668547,+
CCDC43,chr17,44689779,-
ARMH1,chr1,44674713,+
GUF1,chr4,44678420,+
SETBP1,chr18,44680173,+
KRTAP12-1,chr21,44682163,-
GNPDA2,chr4,44726588,-
KRTAP10-12,chr21,44697172,+
CEACAM16,chr19,44699151,+
PRR5-ARHGAP8,chr22,44702233,+
DBF4B,chr17,44708608,+
B2M,chr15,44711358,+
ZNF502,chr3,44712643,+
CCN5,chr20,44714844,+
TSPAN18,chr11,44726465,+
TRIM69,chr15,44728988,+
ZNF501,chr3,44729596,+
KIAA1143,chr3,44761619,-
KIF2C,chr1,44739818,+
KCNK15,chr20,44745865,+
BCL3,chr19,44747836,+
ZMIZ2,chr7,44748581,+
RIMS4,chr20,44810546,-
ARHGAP8,chr22,44752558,+
ADAM11,chr17,44758988,+
KIF15,chr3,44761794,+
UBE2G2,chr21,44801820,-
RPS8,chr1,44775251,+
CBLC,chr19,44777869,+
BEST4,chr1,44788170,-
PPIA,chr7,44796680,+
GJC1,chr17,44830816,-
PLK3,chr1,44800377,+
SUMO3,chr21,44818779,-
DYNLT4,chr1,44807351,-
BTBD19,chr1,44808523,+
MRPS30,chr5,44808947,+
BCAM,chr19,44809071,+
SUPT3H,chr6,45377934,-
PTCH2,chr1,44843253,-
H2AZ2,chr7,44848087,-
DUSP21,chrX,44844021,+
NECTIN2,chr19,44846175,+
HIGD1B,chr17,44846353,+
PTTG1IP,chr21,44873903,-
EFTUD2,chr17,44899445,-
EIF2B3,chr1,44986722,-
TMEM42,chr3,44861912,+
KDM6A,chrX,44873188,+
TGM4,chr3,44874608,+
PURB,chr7,44885530,-
PHF21B,chr22,45010005,-
YWHAB,chr20,44885705,+
TP53I11,chr11,44951306,-
ITGB2,chr21,44931989,-
TOMM40,chr19,44890569,+
C14orf28,chr14,44897275,+
CCDC103,chr17,44899142,+
GFAP,chr17,44916937,-
FAM187A,chr17,44903433,+
APOE,chr19,44905791,+
PABPC1L,chr20,44910060,+
TMEM72,chr10,44911316,+
APOC1,chr19,44914247,+
ZDHHC3,chr3,44976185,-
KLHL28,chr14,45042322,-
KIF18B,chr17,44947773,-
NUFIP1,chr13,44989471,-
SLX9,chr21,44940025,+
SIX3,chr2,44941702,+
TOMM34,chr20,44960397,-
APOC4,chr19,44942237,+
APOC4-APOC2,chr19,44942256,+
APOC2,chr19,44946035,+
CLPTM1,chr19,44954591,+
TERB2,chr15,44956687,+
NMT1,chr17,44957992,+
RASSF4,chr10,44959802,+
C1QL1,chr17,44968303,-
TOGARAM1,chr14,44962190,+
MYO1G,chr7,44979033,-
STK4,chr20,44966512,+
DEPP1,chr10,44978809,-
EXOSC7,chr3,44975241,+
GPALPP1,chr13,44989529,+
CCM2,chr7,44999475,+
ZNF22,chr10,45000923,+
RELB,chr19,45001461,+
CLEC3B,chr3,45001548,+
HECTD3,chr1,45011324,-
SIX2,chr2,45009452,-
UROD,chr1,45010950,+
DBX2,chr12,45051099,-
ZSWIM5,chr1,45306209,-
SORD,chr15,45023147,+
DCAKD,chr17,45061131,-
CLASRP,chr19,45039045,+
ZNF296,chr19,45076478,-
ADARB1,chr21,45073853,+
GEMIN7,chr19,45079195,+
MARK4,chr19,45079288,+
NACAD,chr7,45088969,-
CDCP1,chr3,45146422,-
PRPF39,chr14,45084107,+
KCNS1,chr20,45101127,-
PPP1R37,chr19,45091396,+
DUOX2,chr15,45114172,-
PRDM11,chr11,45095806,+
TBRG4,chr7,45112047,-
PLCD3,chr17,45133354,-
WFDC5,chr20,45115174,-
DUOXA2,chr15,45114326,+
FKBP3,chr14,45135319,-
DUOXA1,chr15,45129938,-
GTF2F2,chr13,45120510,+
WFDC12,chr20,45124465,-
DUOX1,chr15,45129933,+
ACBD4,chr17,45132600,+
FANCM,chr14,45135930,+
DIPK2B,chrX,45200901,-
HEXIM1,chr17,45148475,+
NKPD1,chr19,45160982,-
RAMP3,chr7,45157791,+
HEXIM2,chr17,45160700,+
TRAPPC6A,chr19,45178237,-
NUP50,chr22,45163925,+
SHF,chr15,45201175,-
PI3,chr20,45174902,+
BLOC1S3,chr19,45178784,+
KIAA0930,chr22,45240894,-
KCTD4,chr13,45201045,-
MIS18BP1,chr14,45253540,-
SEMG1,chr20,45207033,+
EXOC3L2,chr19,45245407,-
SLC14A2,chr18,45212995,+
ANO6,chr12,45215987,+
SEMG2,chr20,45221373,+
FMNL1,chr17,45221444,+
TMEM158,chr3,45226287,-
SYT13,chr11,45286341,-
SLC28A2,chr15,45252234,+
SLPI,chr20,45254564,-
SPATA32,chr17,45262094,-
HCN1,chr5,45696498,-
MAP3K14,chr17,45317029,-
POFUT2,chr21,45287898,-
UPK3A,chr22,45284949,+
MATN4,chr20,45308529,-
OR13A1,chr10,45315608,-
CKM,chr19,45322875,-
RBPJL,chr20,45306840,+
FAM118A,chr22,45308968,+
SDC4,chr20,45348424,-
HPDL,chr1,45326895,+
RUNX2,chr6,45328317,+
MUTYH,chr1,45340470,-
ENSG00000288208,chr1,45491155,-
KLC3,chr19,45333434,+
TPT1,chr13,45341284,-
TOE1,chr1,45340052,+
TESK2,chr1,45491163,-
SMC1B,chr22,45413619,-
ERCC2,chr19,45370918,-
GATM,chr15,45402327,-
SYS1,chr20,45361937,+
SYS1-DBNDD2,chr20,45363216,+
TP53TG5,chr20,45407889,-
ALOX5,chr10,45374176,+
PPP1R13L,chr19,45406349,-
LARS2,chr3,45388561,+
SRBD1,chr2,45612165,-
SLC25A30,chr13,45418455,-
ARHGAP27,chr17,45434421,-
AFG2B,chr15,45402336,+
COL18A1,chr21,45405165,+
DBNDD2,chr20,45406057,+
POLR1G,chr19,45406644,+
ERCC1,chr19,45478828,-
RIBC2,chr22,45413693,+
PIGT,chr20,45416084,+
C15orf48,chr15,45430579,+
PLEKHM1,chr17,45490758,-
MARCHF8,chr10,45594906,-
COG3,chr13,45464898,+
FOSB,chr19,45467995,+
WFDC2,chr20,45469753,+
SLC30A4,chr15,45522755,-
RTN2,chr19,45497055,-
PPM1N,chr19,45488777,+
SLC19A1,chr21,45573365,-
CCDC163,chr1,45500073,-
MMACHC,chr1,45500300,+
FBLN1,chr22,45502238,+
VASP,chr19,45506579,+
PRDX1,chr1,45542732,-
SPINT3,chr20,45515622,-
OPA3,chr19,45602212,-
WFDC6,chr20,45539482,-
EPPIN-WFDC6,chr20,45547662,-
ERICH6B,chr13,45615739,-
EPPIN,chr20,45547752,-
AKR1A1,chr1,45550543,+
WFDC8,chr20,45579326,-
LIMD1,chr3,45555394,+
ADCY1,chr7,45574140,+
NASP,chr1,45583846,+
BLOC1S6,chr15,45587214,+
ENSG00000260170,chr15,45587351,+
GPR4,chr19,45602212,-
EML2,chr19,45645602,-
WFDC9,chr20,45631284,-
ZFAND4,chr10,45672780,-
CCDC17,chr1,45624054,-
LINC02210-CRHR1,chr17,45620344,+
GPBP1L1,chr1,45688113,-
WFDC10A,chr20,45629739,+
SQOR,chr15,45631148,+
PCBP3,chr21,45643694,+
CHST1,chr11,45665622,-
WFDC11,chr20,45670270,-
PRKCE,chr2,45651345,+
GIPR,chr19,45668221,+
ATXN10,chr22,45671798,+
WFDC10B,chr20,45705019,-
SLC14A1,chr18,45724127,+
SNRPD2,chr19,45692569,-
TMEM69,chr1,45688181,+
SACM1L,chr3,45689056,+
QPCTL,chr19,45692666,+
IPP,chr1,45750653,-
WFDC13,chr20,45702038,+
CBY2,chr13,45702320,+
FBXO46,chr19,45730896,-
SPINT4,chr20,45722347,+
WASHC2C,chr10,45727200,+
ARID2,chr12,45729706,+
ENSG00000310562,chrX,45730995,+
MEIOSIN,chr19,45733439,+
WFDC3,chr20,45791932,-
SLC6A20,chr3,45796574,-
SIX5,chr19,45769252,-
DMPK,chr19,45782496,-
SIAH3,chr13,45851753,-
ENSG00000268434,chr19,45785713,-
DMWD,chr19,45792845,-
CRHR1,chr17,45784277,+
MAST2,chr1,45786987,+
DNTTIP1,chr20,45791954,+
RSPH6A,chr19,45815308,-
EPG5,chr18,45967329,-
SLC35C1,chr11,45804072,+
UBE2C,chr20,45812576,+
SYMPK,chr19,45863225,-
TNNC2,chr20,45833745,-
LZTFL1,chr3,45915724,-
AGAP4,chr10,45853875,-
SIGLEC15,chr18,45825675,+
SNX21,chr20,45833799,+
ACOT8,chr20,45857405,-
SPPL2C,chr17,45844881,+
CRY2,chr11,45847118,+
ZSWIM3,chr20,45857614,+
CCDC201,chr7,45873082,-
FOXA3,chr19,45863989,+
CLIC5,chr6,46080348,-
ZSWIM1,chr20,45881227,+
IRF2BP1,chr19,45886141,-
CCR9,chr3,45884425,+
MAPK8IP1,chr11,45885651,+
SPATA25,chr20,45887622,-
IGFBP1,chr7,45888360,+
NEURL2,chr20,45891208,-
MYPOP,chr19,45902613,-
CTSA,chr20,45890254,+
MAPT,chr17,45894527,+
PLTP,chr20,45912155,-
FREY1,chr11,45907271,-
PEX16,chr11,45918812,-
IGFBP3,chr7,45921874,-
NANOS2,chr19,45914778,-
FYCO1,chr3,45995824,-
SCAF11,chr12,45990584,-
WNT7B,chr22,45977162,-
LARGE2,chr11,45921621,+
PHF21A,chr11,46121454,-
NOVA2,chr19,45974044,-
PCIF1,chr20,45934683,+
CXCR6,chr3,45940933,+
ZNF335,chr20,45972203,-
ZC3H13,chr13,46052759,-
TIMM23,chr10,45972489,+
COL6A1,chr21,45981770,+
PSTPIP2,chr18,46072260,-
CCDC61,chr19,45995461,+
STH,chr17,45999250,+
NCOA4,chr10,46030623,-
MMP9,chr20,46008908,+
XCR1,chr3,46085825,-
PGLYRP1,chr19,46023053,-
SLC12A5,chr20,46021690,+
KANSL1,chr17,46225389,-
MSMB,chr10,46048180,-
GABRG1,chr4,46124054,-
IGFL4,chr19,46077118,-
PIK3R3,chr1,46133036,-
P3R3URF-PIK3R3,chr1,46176488,-
PRR34,chr22,46054144,-
CPB2,chr13,46105033,-
NCOA5,chr20,46089962,-
ATP5F1A,chr18,46104334,-
COL6A2,chr21,46098112,+
HAUS1,chr18,46104378,+
CD40,chr20,46118285,+
IGFL3,chr19,46124688,-
LCP1,chr13,46211871,-
ENPP4,chr6,46129989,+
CCR3,chr3,46130890,+
FTCD,chr21,46155579,-
IGFL2,chr19,46143106,+
PPARA,chr22,46150521,+
ENPP5,chr6,46170980,-
SPATC1L,chr21,46184476,-
ARK2N,chr18,46173553,+
CDH22,chr20,46308498,-
TSPAN1,chr1,46175073,+
P3R3URF,chr1,46176488,-
SLC38A1,chr12,46270017,-
LSS,chr21,46228824,-
POMGNT1,chr1,46220305,-
CCR1,chr3,46208313,-
LURAP1,chr1,46203334,+
LRRC63,chr13,46211928,+
RCAN2,chr6,46491972,-
IGFL1,chr19,46229742,+
MCM3AP,chr21,46286297,-
GABRA2,chr4,46475230,-
CDPF1,chr22,46250311,-
RAD54L,chr1,46246461,+
PKDREJ,chr22,46263343,-
LRRC41,chr1,46303616,-
TTC38,chr22,46268008,+
ARL17B,chr17,46361766,-
CREB3L1,chr11,46277662,+
YBEY,chr21,46286342,+
ANTXRL,chr10,46286345,+
LRRC37A,chr17,46292733,+
EPAS1,chr2,46293667,+
GTSE1,chr22,46296870,+
HIF3A,chr19,46297042,+
C21orf58,chr21,46323875,-
UQCRH,chr1,46303698,+
PCNT,chr21,46324156,+
ENSG00000286224,chr21,46326288,+
ARK2C,chr18,46326809,+
TRMU,chr22,46330875,+
DGKZ,chr11,46332905,+
RUBCNL,chr13,46438190,-
NSUN4,chr1,46340807,+
SLC35C2,chr20,46364458,-
PPP5C,chr19,46347087,+
CCR2,chr3,46353864,+
SLC38A2,chr12,46372773,-
CELSR1,chr22,46537620,-
ELMO2,chr20,46432985,-
CCR5,chr3,46370946,+
ANXA8L1,chr10,46375627,+
MDK,chr11,46380756,+
CHRM4,chr11,46391776,-
FAAH,chr1,46394317,+
AMBRA1,chr11,46594125,-
CCRL2,chr3,46407166,+
CCDC8,chr19,46413564,-
PNMA8C,chr19,46428936,-
LTF,chr3,46485234,-
KRBOX4,chrX,46447292,+
DIP2A,chr21,46458891,+
ZNF840P,chr20,46459441,+
NPY4R,chr10,46465958,-
PNMA8A,chr19,46471563,-
LOXHD1,chr18,46657220,-
TMEM247,chr2,46479565,+
PNMA8B,chr19,46495879,-
DMBX1,chr1,46489836,+
ATP6V1E2,chr2,46542577,-
RTP3,chr3,46494611,+
ZNF674,chrX,46545457,-
ZNF334,chr20,46513559,-
ARL17A,chr17,46579695,-
LRRC37A2,chr17,46511508,+
LRRC2,chr3,46606948,-
TMEM275,chr1,46543969,-
OCSTAMP,chr20,46550654,-
GPRIN2,chr10,46556658,-
RHOQ,chr2,46541806,+
KNCN,chr1,46551647,-
CYP39A1,chr6,46652830,-
LRCH1,chr13,46553168,+
MKNK1,chr1,46616843,-
SLC13A3,chr20,46684467,-
CHST7,chrX,46573765,+
CRIPTO,chr3,46574534,+
GRAMD4,chr22,46576012,+
SYT15,chr10,46578217,+
SHCBP1,chr16,46621379,-
PIGF,chr2,46617051,-
ENSG00000283877,chr3,46581150,+
NSF,chr17,46590669,+
S100B,chr21,46605208,-
SLC9A7,chrX,46759118,-
CALM3,chr19,46601074,+
HARBI1,chr11,46617909,-
MOB3C,chr1,46616811,-
FAM240A,chr3,46612525,+
CRIPT,chr2,46616416,+
ATG13,chr11,46617527,+
PTGIR,chr19,46625089,-
ATPAF1,chr1,46673867,-
GNG8,chr19,46636541,-
PRMT2,chr21,46635595,+
DACT3,chr19,46661182,-
RPL10L,chr14,46651781,-
SLC25A27,chr6,46652915,+
VPS35,chr16,46689178,-
ST8SIA5,chr18,46757053,-
TEX38,chr1,46668855,+
ALS2CL,chr3,46693679,-
PRKD2,chr19,46717127,-
EFCAB14,chr1,46719136,-
ARHGAP1,chr11,46700619,-
TP53RK,chr20,46689444,-
CERK,chr22,46738252,-
TDRD6,chr6,46687875,+
ORC6,chr16,46689659,+
TMIE,chr3,46694528,+
SOCS5,chr2,46698952,+
ZNF408,chr11,46701031,+
MYLK3,chr16,46790407,-
PLA2G7,chr6,46735693,-
SLC2A10,chr20,46709649,+
ENSG00000206549,chr3,46812574,-
PRSS50,chr3,46717869,-
F2,chr11,46719213,+
STRN4,chr19,46746994,-
COX7B2,chr4,46909245,-
CKAP5,chr11,46846308,-
FKRP,chr19,46746046,+
ANKRD66,chr6,46746933,+
CYP4B1,chr1,46757838,+
WNT3,chr17,46833084,-
TBC1D22A,chr22,46762617,+
SLC38A4,chr12,46832408,-
ESD,chr13,46797420,-
SLC1A5,chr19,46788594,-
MEP1A,chr6,46793389,+
C16orf87,chr16,46831180,-
PIAS2,chr18,46920148,-
HTR2A,chr13,46897076,-
WNT9B,chr17,46833201,+
MYL3,chr3,46882178,-
RP2,chrX,46837043,+
AP2S1,chr19,46850846,-
MDGA2,chr14,47675605,-
ADGRF5,chr6,46954943,-
LRP4,chr11,46918642,-
ARHGAP35,chr19,46860997,+
PTH1R,chr3,46877721,+
GPT2,chr16,46884362,+
EYA2,chr20,46894624,+
MCFD2,chr2,46941855,-
PTPN20,chr10,46911396,+
JADE3,chrX,46912276,+
TTC7A,chr2,46916157,+
CCDC12,chr3,46982010,-
KATNAL2,chr18,46917492,+
GABRA4,chr4,46993581,-
GOSR2,chr17,46923075,+
ENSG00000262633,chr17,46923160,+
CYP4A11,chr1,46941476,-
CSTPP1,chr11,46936689,+
DNAJA2,chr16,46973674,-
RPRML,chr17,46979253,-
NBEAL2,chr3,46979666,+
GABRB1,chr4,46993723,+
ADGRF1,chr6,47042332,-
SETD2,chr3,47164113,-
NPAS1,chr19,47019837,+
CYP4X1,chr1,47023669,+
ELOA2,chr18,47035621,-
STPG4,chr2,47155308,-
TMEM160,chr19,47048624,-
ZC3H4,chr19,47113776,-
ENSG00000273269,chr2,47176511,-
CYP4Z1,chr1,47067231,+
AMIGO2,chr12,47079959,-
NETO2,chr16,47143945,-
RGN,chrX,47078355,+
PCED1B,chr12,47079603,+
HDHD2,chr18,47150500,-
ENSG00000267228,chr18,47176345,-
SAE1,chr19,47113274,+
CDC27,chr17,47189422,-
CYP4A22,chr1,47137435,+
NDUFB11,chrX,47145466,-
RBM10,chrX,47145221,+
IER3IP1,chr18,47176364,-
ITFG1,chr16,47464149,-
CALM2,chr2,47176921,-
ARFGAP2,chr11,47177125,-
PACSIN3,chr11,47186443,-
PDZK1IP1,chr1,47191044,-
SEMA6D,chr15,47184101,+
UBA1,chrX,47190861,+
MYL4,chr17,47209035,+
SKOR2,chr18,47251660,-
ZMYND8,chr20,47356889,-
DDB2,chr11,47214465,+
TAL1,chr1,47232225,-
CDK16,chrX,47217860,+
BBC3,chr19,47232766,-
KIF9,chr3,47283451,-
TNFRSF21,chr6,47309905,-
USP11,chrX,47232866,+
ACP2,chr11,47248906,-
NR1H3,chr11,47248300,+
STIL,chr1,47314892,-
ITGB3,chr17,47253827,+
ENSG00000259753,chr17,47253897,+
CCDC9,chr19,47255980,+
SPIDR,chr8,47260878,+
MADD,chr11,47269161,+
INAFM1,chr19,47274885,+
TNS3,chr7,47582558,-
KLHL18,chr3,47282944,+
C5AR1,chr19,47290023,+
GDF10,chr10,47300197,+
GDF2,chr10,47322454,+
EFCAB13,chr17,47323290,+
MYBPC3,chr11,47352702,-
C5AR2,chr19,47332175,+
CMPK1,chr1,47333790,+
EPCAM,chr2,47345158,+
RBP3,chr10,47348363,+
DHX34,chr19,47349315,+
SPI1,chr11,47409369,-
ZNF488,chr10,47384293,-
ZNF157,chrX,47370578,+
PTPN23,chr3,47381014,+
MSH2,chr2,47403067,+
MEIS3,chr19,47419527,-
SLC39A13,chr11,47407132,+
SCAP,chr3,47477126,-
FOXE3,chr1,47416285,+
PSMC3,chr11,47426473,-
SLC8A2,chr19,47471893,-
RAPSN,chr11,47449143,-
FOXD2,chr1,47438044,+
ZNF41,chrX,47483222,-
COMMD8,chr4,47463702,-
ANXA8,chr10,47484158,-
PHKB,chr16,47461123,+
CELF1,chr11,47565569,-
KPTN,chr19,47484265,-
CD2AP,chr6,47477789,+
ATP10D,chr4,47485275,+
FAM25G,chr10,47491700,-
NAPA,chr19,47515063,-
ELP6,chr3,47513712,-
AGAP9,chr10,47523638,-
NCOA3,chr20,47501887,+
KCNK12,chr2,47570985,-
ZNF541,chr19,47573148,-
NPEPPS,chr17,47522942,+
ARAF,chrX,47561205,+
CSPG5,chr3,47580792,-
NDUFS3,chr11,47565336,+
PTPMT1,chr11,47565430,+
SYN1,chrX,47619857,-
KBTBD4,chr11,47578976,-
TIMP1,chrX,47582408,+
SMARCC1,chr3,47782106,-
FAM180B,chr11,47586678,+
C1QTNF4,chr11,47594411,-
CORIN,chr4,47838106,-
BICRA,chr19,47608196,+
MTCH2,chr11,47642607,-
CFP,chrX,47630305,-
ELK1,chrX,47650604,-
KPNB1,chr17,47649476,+
UXT,chrX,47659180,-
SULF2,chr20,47786616,-
AGBL2,chr11,47715389,-
RPAP3,chr12,47706030,-
ADGRF4,chr6,47685864,+
TBKBP1,chr17,47694161,+
MSH6,chr2,47695530,+
ENDOU,chr12,47725567,-
EHD2,chr19,47713422,+
FNBP4,chr11,47767443,-
TBX21,chr17,47733236,+
RAPGEF3,chr12,47771040,-
CEBPD,chr8,47738164,-
PKD1L1,chr7,47948466,-
SYT15B,chr10,47763592,-
NOP53,chr19,47745546,+
SUCLA2,chr13,48037968,-
SLC48A1,chr12,47753916,+
TRABD2B,chr1,47997385,-
PRKDC,chr8,47960178,-
NUP160,chr11,47848555,-
SELENOW,chr19,47778677,+
OPN5,chr6,47781982,+
HDAC7,chr12,47833132,-
FBXO11,chr2,47906498,-
TPRX1,chr19,47819051,-
DHX30,chr3,47802950,+
OSBPL7,chr17,47821794,-
SMAD2,chr18,47931146,-
CRX,chr19,47819779,+
MRPL10,chr17,47831541,-
LRRC46,chr17,47831670,+
ZNF81,chrX,47836902,+
SCRN2,chr17,47841289,-
VDR,chr12,47943048,-
SP6,chr17,47855874,-
NFXL1,chr4,47914667,-
MAP4,chr3,48089272,-
PTCHD4,chr6,48111197,-
TPRX2,chr19,47859235,+
SULT2A1,chr19,47886315,-
SP2,chr17,47896150,+
NIPAL1,chr4,47914142,+
NPY4R2,chr10,47918662,+
CNGA1,chr4,48016681,-
PNPO,chr17,47941506,+
PRR15L,chr17,47957883,-
MCM4,chr8,47960185,+
HUS1,chr7,47979615,-
TMEM106C,chr12,47963584,+
CDK5RAP3,chr17,47967810,+
BSPH1,chr19,47992170,-
COL2A1,chr12,48004506,-
ZNF182,chrX,48003989,-
PTPRJ,chr11,47980425,+
ZNF630,chrX,48071658,-
SUN3,chr7,48029119,-
ELSPBP1,chr19,47994632,+
FAM25C,chr10,47999791,-
SPACA5,chrX,48004336,+
UBE2V2,chr8,48008415,+
COPZ2,chr17,48038030,-
ZBTB7C,chr18,48410752,-
CABP5,chr19,48044079,-
C7orf57,chr7,48035511,+
NUDT15,chr13,48037726,+
SENP1,chr12,48106079,-
PLA2G4C,chr19,48110817,-
NFE2L1,chr17,48048329,+
MED4,chr13,48095131,-
TXK,chr4,48134250,-
CBX1,chr17,48101478,-
ABCC12,chr16,48155993,-
UPP1,chr7,48088628,+
SNX11,chr17,48103357,+
PFKM,chr12,48105139,+
LIG1,chr19,48170603,-
SLC24A5,chr15,48120990,+
SPACA5B,chrX,48130626,+
SKAP1,chr17,48430219,-
MYEF2,chr15,48178353,-
TEC,chr4,48269838,-
ASB8,chr12,48181213,-
FRMPD2,chr10,48274696,-
CDC25A,chr3,48188417,-
ABCC11,chr16,48247568,-
ZSWIM9,chr19,48170680,+
ABCA13,chr7,48171458,+
CTXN2,chr15,48178122,+
SLC12A1,chr15,48178438,+
CARD8,chr19,48255946,-
CCDC184,chr12,48183644,+
SSX5,chrX,48196795,-
OR10AD1,chr12,48203292,-
OR4B1,chr11,48216810,+
SLC5A9,chr1,48222685,+
CAMP,chr3,48223347,+
ITM2B,chr13,48232612,+
ZNF589,chr3,48241100,+
LONP2,chr16,48244300,+
OR4X2,chr11,48245104,+
SSX1,chrX,48255392,+
OR4X1,chr11,48263861,+
ZNF114,chr19,48270081,+
NME6,chr3,48301685,-
SPATA6,chr1,48472208,-
ODAD1,chr19,48321971,-
RB1,chr13,48303744,+
OR4S1,chr11,48306223,+
MAPK8,chr10,48306639,+
SPINK8,chr3,48333661,-
FOXN2,chr2,48314637,+
EMP3,chr19,48321310,+
OR4C3,chr11,48324920,+
H1-7,chr12,48328980,+
DUT,chr15,48331011,+
TMEM143,chr19,48364059,-
ZNF641,chr12,48351414,-
SLAIN2,chr4,48341529,+
SSX3,chrX,48356707,-
SIAH1,chr16,48417319,-
SYNGR4,chr19,48364367,+
OR4C5,chr11,48366465,-
FBXW12,chr3,48372219,+
KDELR1,chr19,48391551,-
SSX4,chrX,48383516,+
LPAR6,chr13,48444704,-
GRIN2D,chr19,48393668,+
SSX4B,chrX,48411960,-
PLXNB1,chr3,48430086,-
FBN1,chr15,48645721,-
CCDC51,chr3,48440456,-
TMA7,chr3,48440257,+
PPP1R21,chr2,48440766,+
GRWD1,chr19,48445841,+
ARHGAP22,chr10,48652616,-
ATRIP,chr3,48446710,+
KCNJ14,chr19,48455574,+
SLC38A5,chrX,48470260,-
TREX1,chr3,48465811,+
ENSG00000268465,chr19,48465837,+
SHISA5,chr3,48504826,-
CYTH2,chr19,48469208,+
ANP32D,chr12,48472559,+
FTSJ1,chrX,48476021,+
C12orf54,chr12,48482498,+
SLC10A4,chr4,48483343,+
LMTK3,chr19,48513935,-
OR4A47,chr11,48488793,+
RCBTB2,chr13,48533256,-
TAFA5,chr22,48489553,+
ZAR1,chr4,48490252,+
FRYL,chr4,48780322,-
PORCN,chrX,48508962,+
PFKFB4,chr3,48562015,-
EBP,chrX,48521799,+
ENSG00000286268,chrX,48521806,+
OR8S1,chr12,48525632,+
HOXB1,chr17,48531011,-
STON1,chr2,48529546,+
STON1-GTF2A1L,chr2,48529925,+
AGBL4,chr1,50023954,-
N4BP1,chr16,48610180,-
CTIF,chr18,48539031,+
TBC1D25,chrX,48539714,+
HOXB2,chr17,48545109,-
HOXB3,chr17,48604912,-
SULT2B1,chr19,48552172,+
OR5BS1P,chr12,48559882,+
UCN2,chr3,48563781,-
COL7A1,chr3,48595329,-
LALBA,chr12,48570066,-
RBM3,chrX,48574449,+
HOXB4,chr17,48578350,-
WDR13,chrX,48590042,+
HOXB5,chr17,48593779,-
HOXB6,chr17,48604992,-
UQCRC1,chr3,48610976,-
FAM83E,chr19,48615076,-
SPACA4,chr19,48606742,+
HOXB7,chr17,48633572,-
HOXB8,chr17,48615292,-
RPL18,chr19,48619181,-
GTF2A1L,chr2,48617798,+
SPHK2,chr19,48619291,+
TMEM89,chr3,48621769,-
HOXB9,chr17,48626358,-
PREX1,chr20,48827999,-
SLC26A6,chr3,48635493,-
DBP,chr19,48637379,-
ENSG00000279956,chr2,48755724,-
CELSR3,chr3,48662886,-
CA11,chr19,48646187,-
KANSL2,chr12,48682238,-
CYSLTR2,chr13,48653711,+
NTN5,chr19,48673081,-
NCKIPSD,chr3,48686364,-
WAS,chrX,48676596,+
WDFY4,chr10,48684873,+
LHCGR,chr2,48755730,-
IP6K2,chr3,48717278,-
CCNT1,chr12,48716998,-
SUV39H1,chrX,48695554,+
FUT2,chr19,48695971,+
CLXN,chr8,48735311,-
MAMSTR,chr19,48719725,-
CEP152,chr15,48811069,-
RASIP1,chr19,48740610,-
PRAC1,chr17,48722518,-
PRAC2,chr17,48723185,+
HOXB13,chr17,48728750,-
SPMIP11,chr12,48727435,+
BEND5,chr1,48776969,-
IZUMO1,chr19,48746909,-
PRKAR2A,chr3,48847874,-
FUT1,chr19,48755390,-
FGF21,chr19,48755524,+
GLOD5,chrX,48761747,+
TTLL6,chr17,48817229,-
ADCY6,chr12,48789089,-
GATA1,chrX,48786540,+
BCAT2,chr19,48811029,-
HDAC6,chrX,48801377,+
OCIAD1,chr4,48805212,+
HSD17B14,chr19,48836510,-
CACNB3,chr12,48814451,+
SHC4,chr15,48963919,-
ERAS,chrX,48826513,+
DDX23,chr12,48852842,-
CALCOCO2,chr17,48831026,+
PCSK1N,chrX,48835610,-
PLEKHA4,chr19,48868617,-
SLC25A20,chr3,48898904,-
RND1,chr12,48865870,-
PPP1R15A,chr19,48872212,+
EID1,chr15,48878134,+
TULP2,chr19,48898744,-
OCIAD2,chr4,48906937,-
PQBP1,chrX,48890197,+
ATP5MC1,chr17,48892765,+
TIMM17B,chrX,48898143,-
NUCB1,chr19,48900050,+
SLC35A2,chrX,48911958,-
ENSG00000272822,chr12,48957365,-
CCDC65,chr12,48904110,+
UBE2Z,chr17,48908407,+
LRRC18,chr10,48939840,-
PIM2,chrX,48919024,-
SNAI2,chr8,48921740,-
ARIH2OS,chr3,48918829,-
ARIH2,chr3,48918821,+
SMAD7,chr18,48950965,-
FKBP11,chr12,48925520,-
ARFGEF2,chr20,48921711,+
OTUD5,chrX,48958386,-
CDC14C,chr7,48924547,+
SNF8,chr17,48944842,-
DHDH,chr19,48933699,+
ARF3,chr12,48957487,-
BAX,chr19,48954875,+
GIP,chr17,48968596,-
KCND1,chrX,48971844,-
FSHR,chr2,49154515,-
FTL,chr19,48965309,+
WNT10B,chr12,48971735,-
GYS1,chr19,48993310,-
GRIPAP1,chrX,49002264,-
TRIM51G,chr11,48983885,-
FNDC3A,chr13,48975912,+
WNT1,chr12,48978322,+
CWH43,chr4,48986275,+
SECISBP2L,chr15,49046447,-
P4HTM,chr3,48989889,+
RUVBL2,chr19,48993562,+
DDN,chr12,48999375,-
IGF2BP1,chr17,48997385,+
PRKAG1,chr12,49018807,-
ENSG00000288710,chr12,49024075,-
WDR6,chr3,49007062,+
VSTM4,chr10,49115522,-
DALRD3,chr3,49022293,-
LHB,chr19,49017091,-
SAXO3,chr19,49020549,-
KMT2D,chr12,49060794,-
NDUFAF3,chr3,49020459,+
CGB3,chr19,49024333,-
ENSG00000267335,chr19,49036895,-
IMPDH2,chr3,49029426,-
ENSG00000290315,chr3,49094071,-
TRIM49B,chr11,49027501,+
TFE3,chrX,49043357,-
QRICH1,chr3,49094363,-
CGB2,chr19,49031890,+
CGB1,chr19,49036895,-
DYM,chr18,49461347,-
CGB5,chr19,49043848,+
CSE1L,chr20,49046246,+
CGB8,chr19,49049111,-
CCDC120,chrX,49053572,+
TRIM64C,chr11,49059112,-
CGB7,chr19,49058860,-
PPDPFL,chr8,49054311,+
ENSG00000283663,chr19,49065076,-
NTF4,chr19,49065076,-
RHEBL1,chr12,49069979,-
KCNA7,chr19,49072699,-
PRAF2,chrX,49074002,-
ENSG00000288053,chrX,49079887,-
WDR45,chrX,49101170,-
SNRNP70,chr19,49085423,+
DHH,chr12,49094801,-
QARS1,chr3,49105130,-
LMBR1L,chr12,49110886,-
COPS2,chr15,49155661,-
USP19,chr3,49120938,-
STAU1,chr20,49188367,-
GPKOW,chrX,49123735,-
LIN7B,chr19,49114324,+
C19orf73,chr19,49119143,-
PPFIA3,chr19,49119544,+
LAMB2,chr3,49133118,-
TUBA1B,chr12,49131397,-
FAM170B,chr10,49134021,-
B4GALNT2,chr17,49132460,+
FOLH1,chr11,49208636,-
HRC,chr19,49155396,-
TMEM273,chr10,49188585,-
GALK2,chr15,49155765,+
TRPM4,chr19,49157741,+
CCDC71,chr3,49166331,-
MAGIX,chrX,49162564,+
KLHDC8B,chr3,49171598,+
PLP2,chrX,49171898,+
PRICKLE3,chrX,49186528,-
CIMIP7,chr3,49191858,-
TUBA1A,chr12,49189324,-
SYP,chrX,49200199,-
TUBA1C,chr12,49188736,+
IHO1,chr3,49198428,+
GNGT2,chr17,49210574,-
CACNA1F,chrX,49233371,-
ABI3,chr17,49210411,+
DDX27,chr20,49219416,+
MLNR,chr13,49220338,+
PHOSPHO1,chr17,49230787,-
CCDC22,chrX,49235470,+
ZNFX1,chr20,49278426,-
CDADC1,chr13,49247925,+
FOXP3,chrX,49264800,-
ENSG00000290184,chrX,49270477,-
C3orf62,chr3,49277232,-
PPP1R3F,chrX,49269793,+
USP4,chr3,49340712,-
CBLN1,chr16,49281838,-
ZNF652,chr17,49362473,-
SLC6A16,chr19,49325215,-
KCNB1,chr20,49484297,-
PRPH,chr12,49295147,+
C10orf71,chr10,49299170,+
GAGE10,chrX,49303646,+
CAB39L,chr13,49444064,-
GAGE12J,chrX,49322037,+
TROAP,chr12,49323236,+
FAM227B,chr15,49620929,-
GAGE13,chrX,49331582,+
C1QL4,chr12,49337188,-
CD37,chr19,49335205,+
TEAD2,chr19,49362457,-
GAGE2E,chrX,49341192,+
DNAJC22,chr12,49346888,+
GPX1,chr3,49358605,-
ENSG00000290318,chr3,49412051,-
RHOA,chr3,49412998,-
DKKL1,chr19,49361783,+
DRGX,chr10,49396089,-
SPATS2,chr12,49366584,+
C16orf78,chr16,49373804,+
KASH5,chr19,49388249,+
PHB1,chr17,49414905,-
TCTA,chr3,49412212,+
ENSG00000283189,chr3,49429310,-
AMT,chr3,49422685,-
NICN1,chr3,49429326,-
PTH2,chr19,49423441,-
FGF7,chr15,49423237,+
GFY,chr19,49423749,+
SLC17A7,chr19,49442360,-
MMUT,chr6,49463253,-
SETDB2,chr13,49444274,+
PIH1D1,chr19,49453497,-
ALDH16A1,chr19,49453225,+
ERCC6,chr10,49539538,-
ENSG00000269469,chr19,49462752,+
CENPQ,chr6,49463370,+
DAG1,chr3,49468713,+
FLT3LG,chr19,49474215,+
C18orf32,chr18,49487252,-
RPL17-C18orf32,chr18,49492479,-
RPL13A,chr19,49487510,+
ZNF423,chr16,49857919,-
RPL17,chr18,49492508,-
NGFR,chr17,49495293,+
PHF11,chr13,49495665,+
RPS11,chr19,49496432,+
GLYATL3,chr6,49499923,+
PTGIS,chr20,49568137,-
FCGRT,chr19,49512375,+
RCN3,chr19,49528003,+
GAGE12B,chrX,49529869,+
RCBTB1,chr13,49585558,-
GAGE12C,chrX,49532177,+
KCNH3,chr12,49539030,+
GAGE12D,chrX,49541733,+
C6orf141,chr6,49550668,+
GAGE12F,chrX,49551278,+
GAGE12E,chrX,49551289,+
BSN,chr3,49554477,+
NOSIP,chr19,49590262,-
MCRS1,chr12,49568145,-
LIPG,chr18,49560699,+
PRPF40B,chr12,49568218,+
GAGE12G,chrX,49570400,+
RPS29,chr14,49599164,-
NXPH3,chr17,49575871,+
GAGE12H,chrX,49579949,+
PRRG2,chr19,49580646,+
FAM186B,chr12,49605639,-
GAGE2A,chrX,49589496,+
PRR12,chr19,49591182,+
LRR1,chr14,49598761,+
SPOP,chr17,49678163,-
GAGE1,chrX,49599020,+
RHAG,chr6,49636839,-
CHAT,chr10,49609095,+
SLC18A3,chr10,49610310,+
RPL36AL,chr14,49620626,-
MGAT2,chr14,49620799,+
DTWD1,chr15,49621045,+
DNAAF2,chr14,49635244,-
ARL11,chr13,49628507,+
B4GALT5,chr20,49713878,-
RRAS,chr19,49640143,-
FMNL3,chr12,49708165,-
SCAF1,chr19,49642209,+
POLE2,chr14,49688422,-
IRF3,chr19,49665875,-
EBPL,chr13,49691486,-
BCL2L12,chr19,49665142,+
APEH,chr3,49674014,+
PRMT1,chr19,49675786,+
C10orf53,chr10,49679651,+
MST1,chr3,49689501,-
PAGE1,chrX,49695984,-
RNF123,chr3,49689538,+
ADM5,chr19,49689594,+
CPT1C,chr19,49691110,+
CRISP2,chr6,49713590,-
KLHDC1,chr14,49693120,+
KPNA3,chr13,49792682,-
SLC35B1,chr17,49709014,-
TMBIM6,chr12,49707725,+
FAM117A,chr17,49789180,-
AMIGO3,chr3,49719684,-
GMPPB,chr3,49723973,-
IP6K1,chr3,49786542,-
CRISP3,chr6,49744437,-
OGDHL,chr10,49762379,-
TSKS,chr19,49763306,-
AP2A1,chr19,49767001,+
KLHDC2,chr14,49768153,+
BRD1,chr22,49827873,-
VWC2,chr7,49773638,+
NEMF,chr14,49852821,-
ACAA2,chr18,49813953,-
PGK2,chr6,49787285,-
KAT7,chr17,49788624,+
CDHR4,chr3,49799873,-
NCKAP5L,chr12,49828750,-
PAGE4,chrX,49793653,+
ENSG00000266997,chr18,49837623,-
INKA1,chr3,49803261,+
UBA7,chr3,49813953,-
FUZ,chr19,49817376,-
SLC9A8,chr20,49812713,+
PARG,chr10,49970203,-
MED25,chr19,49818289,+
MYO5B,chr18,50195147,-
TRAIP,chr3,49856574,-
CRISP1,chr6,49877096,-
BCDIN3D,chr12,49843106,-
TAC4,chr17,49848069,-
ZPBP,chr7,50121329,-
PTOV1,chr19,49850735,+
ZBED4,chr22,49853844,+
CAMKV,chr3,49869935,-
ATP8B4,chr15,50182817,-
PNKP,chr19,49867909,-
FAIM2,chr12,49904217,-
AKT1S1,chr19,49878459,-
TBC1D17,chr19,49877666,+
USP27X,chrX,49879484,+
MST1R,chr3,49903873,-
IL4I1,chr19,49929539,-
ARF6,chr14,49893079,+
ALG12,chr22,49918438,-
SPATA2,chr20,49915529,-
NUP62,chr19,49929764,-
MON1A,chr3,49930173,-
ENSG00000269179,chr19,49958391,-
SNTG1,chr8,49909789,+
SPRYD7,chr13,49936490,-
CRELD2,chr22,49918167,+
NRXN1,chr2,51225575,-
CLCN5,chrX,49922596,+
ATF5,chr19,49928702,+
RNF114,chr20,49936397,+
RBM6,chr3,49940007,+
TIMM23B,chr10,49942053,+
TIMM23B-AGAP6,chr10,49972763,+
SIGLEC11,chr19,49961172,-
AQP2,chr12,49950737,+
OR4C13,chr11,49952391,+
DEFB114,chr6,49964164,-
PIM3,chr22,49960772,+
AQP5,chr12,49961872,+
AQP6,chr12,49967239,+
DLX4,chr17,49968588,+
DEFB113,chr6,49969625,-
SIGLEC16,chr19,49969600,+
VRK3,chr19,50025946,-
RACGAP1,chr12,50033136,-
OR4C12,chr11,49982535,-
AGAP6,chr10,49982190,+
SNAI1,chr20,49982980,+
DLX3,chr17,49995224,-
IL17REL,chr22,50012765,-
TRIM13,chr13,49995888,+
DEFB110,chr6,50021994,-
KCNRG,chr13,50015254,+
TTLL8,chr22,50058298,-
ELAVL4,chr1,50047607,+
CNEP1R1,chr16,50024410,+
ZNF473,chr19,50025714,+
OR4C45,chr11,50032874,+
DEFB112,chr6,50049929,-
ITGA3,chr17,50056110,+
ASIC1,chr12,50057548,+
MLC1,chr22,50085426,-
HEATR3,chr16,50065970,+
WASHC2A,chr10,50067888,+
UBE2V1,chr20,50115959,-
PEDS1-UBE2V1,chr20,50153637,-
SMARCD1,chr12,50085200,+
RBM5,chr3,50088919,+
MOV10L1,chr22,50090006,+
PDK2,chr17,50094737,+
SPMIP7,chr7,50095883,+
GPD1,chr12,50104008,+
VCPKMT,chr14,50116600,-
SAMD14,chr17,50130160,-
COX14,chr12,50112082,+
SOS2,chr14,50231578,-
PEDS1,chr20,50153734,-
CERS5,chr12,50167533,-
PPP1R9B,chr17,50150677,-
IZUMO2,chr19,50163281,-
TENT4B,chr16,50152911,+
SEMA3F,chr3,50155045,+
SGCA,chr17,50164214,+
PANX2,chr22,50170731,+
LIMA1,chr12,50283520,-
SLC27A2,chr15,50182196,+
ASAH2,chr10,50279720,-
COL1A1,chr17,50201631,-
TRABD,chr22,50185913,+
MYH14,chr19,50188186,+
CEBPB,chr20,50190734,+
AKAP4,chrX,50201007,-
GNAT1,chr3,50191610,+
SELENOO,chr22,50201011,+
CCNB3,chrX,50202713,+
SLC38A3,chr3,50205246,+
TUBGCP6,chr22,50245023,-
GNAI2,chr3,50226292,+
CFAP53,chr18,50266495,-
L2HGDH,chr14,50312229,-
HDC,chr15,50265726,-
HDAC10,chr22,50251405,-
MAPK12,chr22,50261716,-
ADCY7,chr16,50246137,+
MAPK11,chr22,50270767,-
MBD1,chr18,50281774,-
SEMA3B,chr3,50267558,+
TMEM92,chr17,50271406,+
PLXNB2,chr22,50307646,-
GABPB1,chr15,50355408,-
LSMEM2,chr3,50279087,+
CXXC1,chr18,50287839,-
IFRD2,chr3,50292918,-
HYAL3,chr3,50299405,-
NAA80,chr3,50299416,-
HYAL1,chr3,50312381,-
IKZF1,chr7,50304068,+
SGMS1,chr10,50625163,-
DENND6B,chr22,50327012,-
KCNC3,chr19,50333515,-
DMAC2L,chr14,50312324,+
BRD7,chr16,50368988,-
HYAL2,chr3,50322782,-
TUSC2,chr3,50328238,-
FAM186A,chr12,50396622,-
CDKL1,chr14,50416461,-
NR1H2,chr19,50329653,+
RASSF1,chr3,50340936,-
ZMYND10,chr3,50345732,-
PPP6R2,chr22,50343304,+
XYLT2,chr17,50346126,+
NPRL2,chr3,50350775,-
CYB561D2,chr3,50350845,+
ENSG00000272104,chr3,50350892,+
TMEM115,chr3,50359521,-
NAPSA,chr19,50365639,-
CACNA2D2,chr3,50504244,-
DGKK,chrX,50470825,-
MRPL27,chr17,50373207,-
EME1,chr17,50373220,+
SKA1,chr18,50375040,+
LRRC59,chr17,50397523,-
POLD1,chr19,50384323,+
LARP4,chr12,50392383,+
EMB,chr5,50443248,-
ENSG00000142539,chr19,50415799,+
DMRTA2,chr1,50423443,-
MAP4K5,chr14,50561126,-
SPIB,chr19,50418938,+
USP8,chr15,50424380,+
ACSF2,chr17,50426218,+
MYBPC2,chr19,50432892,+
FAF1,chr1,50960267,-
SBF1,chr22,50475071,-
FIGNL1,chr7,50450390,-
DDC,chr7,50565405,-
CHAD,chr17,50468906,-
GARIN5A,chr19,50476848,-
EMC10,chr19,50476496,+
RSAD1,chr17,50478860,+
ADM2,chr22,50481543,+
MIOX,chr22,50486784,+
USP50,chr15,50546708,-
LMF2,chr22,50507702,-
DIP2B,chr12,50504985,+
JOSD2,chr19,50511220,-
NCAPH2,chr22,50508224,+
MYCBPAP,chr17,50508439,+
PTPN1,chr20,50510321,+
ASPDH,chr19,50514690,-
LRRC4B,chr19,50568435,-
DLEU7,chr13,50843939,-
SCO2,chr22,50526461,-
TYMP,chr22,50530032,-
CIMAP1B,chr22,50532506,-
ATL1,chr14,50532509,+
EPN3,chr17,50532682,+
SPATA20,chr17,50547126,+
KLHDC7B,chr22,50545899,+
NKD1,chr16,50548396,+
SYCE3,chr22,50562919,-
TRPM7,chr15,50686797,-
C3orf18,chr3,50571027,-
MAPK4,chr18,50560087,+
CACNA1G,chr17,50560715,+
CPT1B,chr22,50578455,-
CHKB-CPT1B,chr22,50579999,-
HEMK1,chr3,50569152,+
CHKB,chr22,50601455,-
RIPOR3,chr20,50691542,-
SHROOM4,chrX,50814302,-
GRB10,chr7,50793462,-
MAPK8IP2,chr22,50600793,+
CISH,chr3,50611774,-
MAPKAPK3,chr3,50611520,+
SYT3,chr19,50639881,-
ARSA,chr22,50628173,-
SAV1,chr14,50668306,-
ABCC3,chr17,50634777,+
ENSG00000288645,chr15,50686717,-
C19orf81,chr19,50649445,+
SHANK1,chr19,50719802,-
PARP8,chr5,50665899,+
SNX20,chr16,50681353,-
SHANK3,chr22,50674408,+
DOCK3,chr3,50674927,+
ANKRD40,chr17,50707914,-
NOD2,chr16,50693603,+
SPPL2A,chr15,50765709,-
TFAP2D,chr6,50713526,+
LUC7L3,chr17,50719565,+
NIN,chr14,50831162,-
CLEC11A,chr19,50723364,+
PARD6B,chr20,50731580,+
ACR,chr22,50738204,+
ASAH2B,chr10,50739318,+
CYLD,chr16,50742050,+
ANKRD40CL,chr17,50767557,-
ATF1,chr12,50763710,+
RABL2B,chr22,50783662,-
GPR32,chr19,50770464,+
SMIM47,chr19,50793142,-
ACP4,chr19,50790415,+
BCAS4,chr20,50794894,+
MRO,chr18,50825402,-
C19orf48P,chr19,50804931,-
A1CF,chr10,50885675,-
TFAP2B,chr6,50818723,+
KLK1,chr19,50823787,-
KLK15,chr19,50837213,-
WFIKKN2,chr17,50834650,+
TMPRSS12,chr12,50842920,+
KLK3,chr19,50854915,+
PYGL,chr14,50944483,-
KLK2,chr19,50861568,+
TOB1,chr17,50867978,-
ABHD12B,chr14,50872053,+
ME2,chr18,50879118,+
ADNP,chr20,50931437,-
KLK4,chr19,50911395,-
AP4E1,chr15,50908683,+
RNASEH2B,chr13,50909747,+
BMP15,chrX,50910735,+
TMT1A,chr12,50923472,+
ENSG00000289695,chr12,50924969,+
DPM1,chr20,50959140,-
KLK5,chr19,50953093,-
HIGD1C,chr12,50952538,+
KLK6,chr19,50969591,-
MOCS3,chr20,50958818,+
CDKN2C,chr1,50960745,+
SPAG9,chr17,51120868,-
ELAC1,chr18,50967991,+
ENSG00000267699,chr18,50968023,+
TRIM9,chr14,51096061,-
KLK7,chr19,50984064,-
SLC11A2,chr12,51028566,-
PRKG1,chr10,50990888,+
KLK8,chr19,51002711,-
ENSG00000269741,chr19,51009581,-
KLK9,chr19,51009592,-
KCNG1,chr20,51023107,-
KLK10,chr19,51020175,-
COBL,chr7,51316818,-
KLK11,chr19,51028039,-
SMAD4,chr18,51028528,+
KLK12,chr19,51035002,-
LETMD1,chr12,51047962,+
KLK13,chr19,51065114,-
TNFAIP8L3,chr15,51105276,-
CSRNP2,chr12,51083664,-
KLK14,chr19,51084245,-
C13orf42,chr13,51200252,-
TFCP2,chr12,51173135,-
CTU1,chr19,51108409,-
C1orf185,chr1,51102221,+
SIGLEC9,chr19,51124906,+
SALL1,chr16,51152334,-
SIGLEC7,chr19,51142299,+
NME1,chr17,51153559,+
NME1-NME2,chr17,51153590,+
NME2,chr17,51165435,+
MEX3C,chr18,51218333,-
MBTD1,chr17,51260049,-
POU6F1,chr12,51218062,-
CYP19A1,chr15,51338601,-
FAM124A,chr13,51222334,+
CD33,chr19,51225064,+
RNF11,chr1,51236273,+
DAZAP2,chr12,51238724,+
TMX1,chr14,51240247,+
SMAGP,chr12,51270415,-
SIGLECL1,chr19,51246348,+
UTP18,chr17,51260546,+
BIN2,chr12,51324668,-
TTC39A,chr1,51345116,-
IGLON5,chr19,51311644,+
PXDNL,chr8,51809445,-
CELA1,chr12,51346679,-
VSIG10L,chr19,51342139,-
NUDT10,chrX,51332231,+
SERPINE3,chr13,51335773,+
GLDN,chr15,51341655,+
ETFB,chr19,51366388,-
ENSG00000269403,chr19,51368099,-
GALNT6,chr12,51392867,-
INTS6,chr13,51454264,-
EPS15,chr1,51519328,-
CLDND2,chr19,51369003,-
NKG7,chr19,51372701,-
LIM2,chr19,51387974,-
ISL1,chr5,51383448,+
MANF,chr3,51385291,+
NFATC2,chr20,51562831,-
C19orf84,chr19,51390591,-
RBM15B,chr3,51391285,+
SLC4A8,chr12,51391317,+
DCAF1,chr3,51500015,-
EZHIP,chrX,51406948,+
SIGLEC10,chr19,51417803,-
DMXL2,chr15,51622833,-
SIGLEC8,chr19,51458456,-
CEACAM18,chr19,51478539,+
FRMD6,chr14,51489100,+
NUDT11,chrX,51496592,-
SIGLEC12,chr19,51501800,-
SIGLEC6,chr19,51531856,-
RAD54L2,chr3,51538719,+
HNRNPA1L3,chr16,51553436,+
ZNF175,chr19,51571283,+
OSBPL9,chr1,51577179,+
WDFY2,chr13,51584455,+
SCN8A,chr12,51590266,+
ATP9A,chr20,51768390,-
SIGLEC5,chr19,51630401,-
PKHD1,chr6,52087613,-
CENPVL3,chrX,51618912,-
CA10,chr17,52160017,-
SIGLEC14,chr19,51646825,-
TEX264,chr3,51662693,+
CENPVL2,chrX,51682831,-
SCG3,chr15,51681492,+
SPACA6,chr19,51688346,+
CSTF2T,chr10,51699595,-
GRM2,chr3,51707068,+
CENPVL1,chrX,51710512,+
HAS1,chr19,51723991,-
LYSMD2,chr15,51751585,-
GSPT2,chrX,51743442,+
FPR1,chr19,51804115,-
TMOD2,chr15,51751597,+
FPR2,chr19,51752026,+
ENSG00000285444,chr13,51845159,-
DHRS12,chr13,51804163,-
IQCF6,chr3,51779241,-
SALL4,chr20,51802521,-
NRDC,chr1,51878805,-
FPR3,chr19,51795157,+
ENSG00000285749,chr3,51798803,+
MAGED1,chrX,51803007,+
ZNF577,chr19,51890950,-
TMEM272,chr13,51845177,-
TMDD1,chr12,51814925,-
PCMTD1,chr8,51899186,-
FIGNL2,chr12,51848718,-
GNG2,chr14,51826195,+
IQCF3,chr3,51826883,+
TMOD3,chr15,51829628,+
DCUN1D4,chr4,51843063,+
IQCF2,chr3,51861615,+
CCDC70,chr13,51861969,+
IQCF5,chr3,51875601,-
ANKRD33,chr12,51888103,+
ZNF649,chr19,51905040,-
IQCF1,chr3,51903353,-
ACVRL1,chr12,51906908,+
RAB3B,chr1,51990700,-
ZNF613,chr19,51927147,+
ATP7B,chr13,52012125,-
RRP9,chr3,51941904,-
LEO1,chr15,51971778,-
PARP3,chr3,51942345,+
ACVR1B,chr12,51951699,+
MAPK6,chr15,51952106,+
GPR62,chr3,51955381,+
PCBP4,chr3,51974016,-
ZNF350,chr19,51986856,-
ABHD14B,chr3,51983409,-
ABHD14A,chr3,51971426,+
ABHD14A-ACY1,chr3,51975060,+
ACY1,chr3,51983443,+
RTRAF,chr14,51989546,+
ZNF615,chr19,52008230,-
RPL29,chr3,51995895,-
LRRC66,chr4,52020363,-
NID2,chr14,52069059,-
TAMALIN,chr12,52006946,+
ALG11,chr13,52012391,+
ZNF614,chr19,52030240,-
TXNDC12,chr1,52055772,-
ENSG00000285839,chr1,52033350,-
SGCB,chr4,52038299,-
NR4A1,chr12,52022832,+
UTP14C,chr13,52024691,+
ZNF432,chr19,52095738,-
KTI12,chr1,52033810,-
NEK5,chr13,52129092,-
ENSG00000289025,chr15,52045846,+
DUSP7,chr3,52056571,-
SPATA18,chr4,52051304,+
ZFP64,chr20,52204308,-
BTF3L4,chr1,52056271,+
MAGED4B,chrX,52069219,-
ZNF841,chr19,52095765,-
ATG101,chr12,52069246,+
POC1A,chr3,52154690,-
SMIM41,chr12,52079704,+
BCL2L10,chr15,52112775,-
ST18,chr8,52409945,-
ZNF616,chr19,52139938,-
GNB5,chr15,52191392,-
NEK3,chr13,52159597,-
ZFYVE9,chr1,52142089,+
ZNF836,chr19,52171643,-
KRT80,chr12,52192014,-
PPP2R1A,chr19,52170936,+
MAGED4,chrX,52184876,+
IL17A,chr6,52186375,+
MYO5C,chr15,52295804,-
ALAS1,chr3,52198086,+
TLR9,chr3,52225645,-
ENSG00000173366,chr3,52231190,-
TWF2,chr3,52246788,-
KRT7,chr12,52232520,+
IL17F,chr6,52245689,-
PPM1M,chr3,52245759,+
KRT86,chr12,52249300,+
WDR82,chr3,52288020,-
MCM3,chr6,52284881,-
PTGDR,chr14,52267698,+
ZNF766,chr19,52269587,+
KRT81,chr12,52291534,-
GLYCTK,chr3,52287089,+
ZNF480,chr19,52297169,+
MYO5A,chr15,52529132,-
DKK1,chr10,52314281,+
KRT83,chr12,52321398,-
PTGER2,chr14,52314305,+
DNAH1,chr3,52316319,+
ZNF610,chr19,52336243,+
DCC,chr18,52340197,+
CC2D1B,chr1,52366205,-
KRT85,chr12,52367481,-
PAQR8,chr6,52361421,+
EFHC1,chr6,52362123,+
XAGE2,chrX,52369021,+
ZNF880,chr19,52369917,+
ORC1,chr1,52404423,-
THSD1,chr13,52416373,-
KRT84,chr12,52385652,-
KRT82,chr12,52406335,-
ZNF528,chr19,52397849,+
BAP1,chr3,52410008,-
PRPF38A,chr1,52404602,+
TUT4,chr1,52553487,-
PHF7,chr3,52410660,+
VPS36,chr13,52450634,-
KRT75,chr12,52434371,-
ZNF534,chr19,52429148,+
TXNDC16,chr14,52552522,-
SEMA3G,chr3,52445103,-
TOX3,chr16,52547802,-
KRT6B,chr12,52452146,-
TNNC1,chr3,52454041,-
ZNF578,chr19,52453553,+
NISCH,chr3,52455118,+
CKAP2,chr13,52455429,+
KRT6C,chr12,52473805,-
KRT6A,chr12,52493257,-
STAB1,chr3,52495338,+
XAGE1A,chrX,52495808,+
TRAM2,chr6,52577060,-
XAGE1B,chrX,52520803,-
KRT5,chr12,52520530,-
NT5DC2,chr3,52535054,-
ZNF808,chr19,52527663,+
UQCC5,chr3,52534013,+
ALKAL1,chr8,52565430,-
KRT71,chr12,52553145,-
PBRM1,chr3,52685917,-
ARPP19,chr15,52569883,-
GPR137C,chr14,52552836,+
ZNF701,chr19,52555822,+
KRT74,chr12,52573843,-
ATOSA,chr15,52709817,-
KRT72,chr12,52601538,-
USP46,chr4,52659301,-
ENSG00000269825,chr19,52690504,-
GPX7,chr1,52602371,+
KRT73,chr12,52618559,-
ZNF83,chr19,52638385,-
RB1CC1,chr8,52745843,-
SHISAL2A,chr1,52633168,+
ERO1A,chr14,52695705,-
HNRNPA1L2,chr13,52642431,+
SSX7,chrX,52654900,-
KRT2,chr12,52652211,-
SUGT1,chr13,52652709,+
TMEM14A,chr6,52671113,+
KRT1,chr12,52680407,-
GNL3,chr3,52681156,+
COA7,chr1,52698347,-
KRT77,chr12,52703524,-
GLT8D1,chr3,52706032,-
SSX2,chrX,52707178,-
ZNF611,chr19,52735073,-
CNMD,chr13,52739820,-
SPCS1,chr3,52704955,+
PSMC6,chr14,52707178,+
NEK4,chr3,52770940,-
ERVMER34-1,chr4,52751586,-
ZYG11B,chr1,52726453,+
STYX,chr14,52730166,+
ZNF600,chr19,52786807,-
GSTA2,chr6,52763475,-
SSX2B,chrX,52751132,+
ONECUT1,chr15,52791078,-
MBL2,chr10,52772784,-
KRT76,chr12,52777345,-
GNPNAT1,chr14,52791668,-
ITIH1,chr3,52777599,+
PELO,chr5,52787916,+
ITGA1,chr5,52787916,+
KRT3,chr12,52796117,-
GSTA1,chr6,52803860,-
ITIH3,chr3,52794796,+
SPANXN5,chrX,52797427,-
ZNF28,chr19,52857600,-
KRT4,chr12,52814116,-
XAGE5,chrX,52811287,+
ITIH4,chr3,52830673,-
ENSG00000243696,chr3,52833645,-
KRT79,chr12,52834311,-
GSTA5,chr6,52840813,-
MUSTN1,chr3,52835019,-
STIMATE-MUSTN1,chr3,52897562,-
STIMATE,chr3,52897548,-
KRT78,chr12,52849092,-
ZNF468,chr19,52857649,-
ZYG11A,chr1,52842511,+
PCDH8,chr13,52848641,-
FERMT2,chr14,52952435,-
ZNF320,chr19,52897693,-
RASL11B,chr4,52862317,+
XAGE3,chrX,52868083,-
SCFD2,chr4,53366066,-
FAM156B,chrX,52891306,+
ECHDC2,chr1,52921774,-
GSTA3,chr6,52909698,-
KRT8,chr12,52949920,-
SFMBT1,chr3,53046750,-
ZNF888,chr19,52923470,-
FAM156A,chrX,52995472,-
SCP2,chr1,52927276,+
ZNF816-ZNF321P,chr19,52962823,-
NPBWR1,chr8,52939182,+
KRT18,chr12,52948871,+
ZNF816,chr19,52962911,-
ENSG00000272305,chr3,53099453,-
TSHZ2,chr20,52972358,+
GSTA4,chr6,52995304,-
ITGA2,chr5,52989352,+
CILK1,chr6,53061824,-
EIF4B,chr12,53006282,+
ERVV-1,chr19,53013921,+
OLFM4,chr13,53028813,+
POM121L12,chr7,53035633,+
CHD9NB,chr16,53052897,-
DDHD1,chr14,53153323,-
ENSG00000288614,chr6,53041385,-
ERVV-2,chr19,53044740,+
TNS2,chr12,53046969,+
GPR173,chrX,53048789,+
FBXO9,chr6,53051991,+
CHD9,chr16,53054991,+
PODN,chr1,53062052,+
SPRYD3,chr12,53079390,-
ENSG00000288646,chr6,53065602,+
ZNF160,chr19,53103434,-
RFT1,chr3,53130453,-
TSPYL2,chrX,53082367,+
SLC1A7,chr1,53142638,-
KANTR,chrX,53094142,+
MOCS2,chr5,53110063,-
IGFBP6,chr12,53097436,+
SOAT2,chr12,53103486,+
ZNF415,chr19,53133077,-
ZNF347,chr19,53159060,-
GCM1,chr6,53148841,-
PRKCD,chr3,53156009,+
CSAD,chr12,53180925,-
ZNF665,chr19,53193386,-
KDM5C,chrX,53225422,-
ZNF740,chr12,53180722,+
ITGB7,chr12,53207282,-
CPT2,chr1,53196792,+
RARG,chr12,53232980,-
CZIB,chr1,53220634,-
TKT,chr3,53256022,-
OPRK1,chr8,53251637,-
IQSEC2,chrX,53321350,-
MAGOH,chr1,53238518,-
ZNF677,chr19,53254898,-
ENSG00000283536,chr12,53241900,+
LRP8,chr1,53328469,-
MFSD5,chr12,53251251,+
VN1R2,chr19,53258292,+
VN1R4,chr19,53267723,-
ELOVL5,chr6,53349179,-
ESPL1,chr12,53268299,+
FAM90A27P,chr19,53277462,+
DCP1A,chr3,53347586,-
PFDN5,chr12,53295291,+
MYG1,chr12,53299695,+
AAAS,chr12,53324864,-
SP7,chr12,53345315,-
CACNA1D,chr3,53328963,+
ZNF845,chr19,53333749,+
ZNF525,chr19,53365704,+
SMC1A,chrX,53422728,-
FIP1L1,chr4,53377569,+
ENSG00000282278,chr4,53377839,+
SP1,chr12,53380176,+
ZNF765,chr19,53389793,+
ENSG00000293253,chr1,53440018,-
RIBC1,chrX,53422690,+
AMHR2,chr12,53423855,+
HSD17B10,chrX,53434370,-
ZNF761,chr19,53431984,+
RBL2,chr16,53433977,+
PRR13,chr12,53441678,+
PCBP2,chr12,53452102,+
LNX1,chr4,53701405,-
DMRTB1,chr1,53459399,+
ZNF813,chr19,53467733,+
MAP3K12,chr12,53500063,-
FST,chr5,53480626,+
AKTIP,chr16,53504411,-
GCLC,chr6,53616970,-
TARBP2,chr12,53500953,+
GLIS1,chr1,53739164,-
NPFF,chr12,53507484,-
ATF7-NPFF,chr12,53625979,-
ATF7,chr12,53626410,-
WDR72,chr15,53762878,-
ZNF331,chr19,53519527,+
HUWE1,chrX,53686752,-
ASB3,chr2,53860160,-
NDUFS4,chr5,53560639,+
ZNF217,chr20,53609907,-
RPGRIP1L,chr16,53703938,-
DPRX,chr19,53600777,+
ATP5MC2,chr12,53677408,-
KLHL31,chr6,53665756,-
FTO,chr16,53701692,+
CALCOCO1,chr12,53727745,-
ATP6V1H,chr8,53843558,-
NDC1,chr1,53838463,-
CHAC2,chr2,53767804,+
ERLEC1,chr2,53787009,+
NLRP12,chr19,53824403,-
LRRC1,chr6,53795005,+
PCDH15,chr10,55627942,-
CHDH,chr3,53846419,-
KIF2B,chr17,53822927,+
IL17RB,chr3,53846568,+
YIPF1,chr1,53889798,-
RGS20,chr8,53851795,+
GPR75,chr2,53859967,-
PSME4,chr2,53970993,-
MYADM,chr19,53864763,+
ACTR8,chr3,53882152,-
PRKCG,chr19,53879190,+
ARL15,chr5,54310582,-
SELENOK,chr3,53891885,-
DIO1,chr1,53891239,+
CACNG7,chr19,53909278,+
IFT25,chr1,53945699,-
MLIP,chr6,53929982,+
PHF8,chrX,54048958,-
BCAS1,chr20,54070594,-
HOXC13,chr12,53938831,+
LRRC42,chr1,53946077,+
BMP4,chr14,53958761,-
HOXC12,chr12,53954903,+
CACNG8,chr19,53962937,+
TCEA1,chr8,54022448,-
ACYP2,chr2,53970838,+
HOXC11,chr12,53973126,+
UNC13C,chr15,53978201,+
HOXC10,chr12,53985065,+
ENSG00000273049,chr12,53985845,+
HOXC6,chr12,53990624,+
CACNG6,chr19,53991637,+
CHIC2,chr4,54064605,-
HOXC9,chr12,53994895,+
LDLRAD1,chr1,54018186,-
HOXC8,chr12,54008985,+
HOXC4,chr12,54016931,+
TMEM59,chr1,54053504,-
HOXC5,chr12,54033050,+
VSTM1,chr19,54063953,-
LYPLA1,chr8,54102017,-
TCEANC2,chr1,54053587,+
FAM120C,chrX,54183281,-
TARM1,chr19,54081365,-
OSCAR,chr19,54102692,-
GSX2,chr4,54099523,+
NDUFA3,chr19,54102852,+
TFPT,chr19,54115657,-
PRPF31,chr19,54115410,+
SMUG1,chr12,54188994,-
CACNA2D3,chr3,54122552,+
ENSG00000256407,chr1,54172694,-
CDCP2,chr1,54153770,-
MRPL15,chr8,54135241,+
CNOT3,chr19,54137749,+
MBD2,chr18,54224669,-
CYP24A1,chr20,54173986,-
LENG1,chr19,54159721,-
TMC4,chr19,54173250,-
CYB5RL,chr1,54200030,-
MBOAT7,chr19,54189882,-
MRPL37,chr1,54184041,+
TSEN34,chr19,54189938,+
WNK3,chrX,54358642,-
RPS9,chr19,54200858,+
PFDN4,chr20,54207921,+
LILRB3,chr19,54223506,-
SSBP3,chr1,54413479,-
PDGFRA,chr4,54229280,+
CBX5,chr12,54280133,-
LILRA6,chr19,54242790,-
LILRB5,chr19,54257301,-
TSPYL6,chr2,54256229,-
POLI,chr18,54269517,+
LILRB2,chr19,54281184,-
HNRNPA1,chr12,54280193,+
IRX3,chr16,54286787,-
NFE2,chr12,54301015,-
COPZ1,chr12,54301202,+
LILRA5,chr19,54313166,-
TINAG,chr6,54307859,+
STARD6,chr18,54357964,-
CIMIP6,chr2,54330034,+
LILRA4,chr19,54339162,-
LAIR1,chr19,54370558,-
C18orf54,chr18,54357906,+
GPR84,chr12,54364487,-
ZNF385A,chr12,54391298,-
ITGA5,chr12,54419266,-
CDKN3,chr14,54396849,+
TTYH1,chr19,54415219,+
CNIH1,chr14,54441391,-
TSR2,chrX,54440404,+
FGD1,chrX,54496234,-
LENG8,chr19,54449190,+
HSPB3,chr5,54455699,+
GTSF1,chr12,54473602,-
SPTBN1,chr2,54456327,+
SOX17,chr8,54457935,+
LENG9,chr19,54463778,-
CDC42EP5,chr19,54473296,-
GMFB,chr14,54489025,-
DOK5,chr20,54475593,+
NCKAP1L,chr12,54497752,+
LAIR2,chr19,54497879,+
RP1,chr8,54509422,+
CGRRF1,chr14,54509906,+
SNX18,chr5,54517759,+
GNL3L,chrX,54530183,+
ACOT11,chr1,54542257,+
VSTM2A,chr7,54542325,+
PDE1B,chr12,54549601,+
SAMD4A,chr14,54566117,+
LILRA2,chr19,54572920,+
PPP1R1A,chr12,54588659,-
DYNAP,chr18,54587757,+
LILRA1,chr19,54593582,+
OR4C46,chr11,54603998,-
FAM151A,chr1,54623556,-
LILRB1,chr19,54617158,+
LACRT,chr12,54634895,-
MROH7,chr1,54641754,+
MROH7-TTC4,chr1,54641786,+
LILRB4,chr19,54643889,+
DCD,chr12,54648493,-
KIT,chr4,54657267,+
OR4A8,chr11,54682877,+
OR4A5,chr11,54706832,+
TTC4,chr1,54715861,+
RAB27B,chr18,54717860,+
EML6,chr2,54723662,+
KIR3DL3,chr19,54724442,+
KIR2DL3,chr19,54738513,+
ITIH6,chrX,54798255,-
SEC61G,chr7,54759974,-
PARS2,chr1,54764523,-
KIR2DL1,chr19,54769793,+
TTC22,chr1,54801323,-
KIR2DL4,chr19,54803610,+
CIMAP2,chr1,54806063,+
MAGED2,chrX,54807599,+
KIR3DL1,chr19,54816468,+
MUCL1,chr12,54830518,+
KIR2DS4,chr19,54832676,+
GCH1,chr14,54902826,-
FAM83B,chr6,54846771,+
DHCR24,chr1,54887195,-
KIR3DL2,chr19,54850443,+
FCAR,chr19,54874235,+
TMEM61,chr1,54886833,+
TOM1L1,chr17,54899387,+
CCDC68,chr18,54959461,-
NCR1,chr19,54906148,+
LRTM1,chr3,54967088,-
TRO,chrX,54920462,+
NLRP7,chr19,54966312,-
IRX5,chr16,54930865,+
PFKFB1,chrX,54998534,-
WDHD1,chr14,55027105,-
TESPA1,chr12,54984762,-
COX11,chr17,54968703,-
NLRP2,chr19,54953130,+
STXBP4,chr17,54968765,+
RTN4,chr2,55112621,-
ESM1,chr5,55022671,-
BSND,chr1,54998933,+
APEX2,chrX,55000363,+
ALAS2,chrX,55030977,-
GP6,chr19,55038264,-
EGFR,chr7,55019017,+
NEUROD4,chr12,55019974,+
GZMK,chr5,55024256,+
SOCS4,chr14,55027230,+
RDH13,chr19,55071291,-
PCSK9,chr1,55039456,+
MAPK1IP1L,chr14,55051647,+
USP24,chr1,55215378,-
EPS8L1,chr19,55072020,+
PAGE2B,chrX,55075030,+
KDR,chr4,55125595,-
PAGE2,chrX,55089018,+
PPP1R12C,chr19,55117637,-
XKR4,chr8,55102028,+
GZMA,chr5,55102646,+
HCRTR2,chr6,55106460,+
CDC20B,chr5,55173177,-
LGALS3,chr14,55124110,+
OR9K2,chr12,55126406,+
TNNT1,chr19,55149206,-
VCF2,chrX,55161310,-
DLGAP5,chr14,55191608,-
TNNI3,chr19,55157732,-
ENSG00000267110,chr19,55160671,-
DNAAF3,chr19,55166722,-
GPX8,chr5,55160167,+
SYT5,chr19,55180289,-
CLHC1,chr2,55232563,-
RSL24D1,chr15,55197049,-
PTPRH,chr19,55209506,-
RAB27A,chr15,55319113,-
MCIDAS,chr5,55227315,-
PAGE5,chrX,55220346,+
OR10A7,chr12,55221025,+
TCF4,chr18,55664787,-
TMEM86B,chr19,55228763,-
PPP6R1,chr19,55259017,-
CCNO,chr5,55233608,-
RPS27A,chr2,55231903,+
MTIF2,chr2,55269347,-
OR6C74,chr12,55244609,+
DHX29,chr5,55307694,-
PAGE3,chrX,55264916,-
TRIM48,chr11,55262155,+
HSPBP1,chr19,55280381,-
HLF,chr17,55264960,+
FBXO34,chr14,55271344,+
CHMP4BP1,chr14,55271686,+
BRSK1,chr19,55282072,+
CCDC88A,chr2,55419895,-
OR6C6,chr12,55296569,-
MTREX,chr5,55307989,+
TMEM150B,chr19,55325341,-
OR6C1,chr12,55314343,+
PIGBOS1,chr15,55319161,-
PIGB,chr15,55319222,+
IRX6,chr16,55324203,+
GFRAL,chr6,55327469,+
OR6C3,chr12,55330043,+
KMT5C,chr19,55339876,+
CCPG1,chr15,55408510,-
OR4A16,chr11,55343201,+
SRD5A3,chr4,55346213,+
ENSG00000288695,chr4,55346228,+
COX6B2,chr19,55354719,-
ENSG00000267706,chr19,55359516,-
GARIN5B,chr19,55363260,-
OR6C75,chr12,55362975,+
IL11,chr19,55370463,-
LANCL2,chr7,55365337,+
ATG14,chr14,55411830,-
OR4A15,chr11,55367974,+
TMEM190,chr19,55376826,+
TMEM238,chr19,55384292,-
RPL28,chr19,55385932,+
MMP2,chr16,55389700,+
MMD,chr17,55421924,-
TMEM165,chr4,55395957,+
UBE2S,chr19,55407788,-
OR6C65,chr12,55400529,+
PIERCE2,chr15,55408495,+
DNAAF4,chr15,55508234,-
TBPL2,chr14,55456726,-
PLPP1,chr5,55534969,-
OR6C76,chr12,55426254,+
CLOCK,chr4,55546909,-
SHISA7,chr19,55443300,-
HMGCLL1,chr6,55579192,-
VOPP1,chr7,55572988,-
OR6C2,chr12,55444069,+
SMIM36,chr17,55511452,-
MAGEH1,chrX,55452127,+
ISOC2,chr19,55462343,-
C19orf85,chr19,55464751,-
WNT5A,chr3,55490539,-
OR6C70,chr12,55470138,-
ZNF628,chr19,55476617,+
USP51,chrX,55489848,-
NAT14,chr19,55485188,+
SSC5D,chr19,55488404,+
OR6C68,chr12,55492378,+
ERC2,chr3,56469095,-
LPCAT2,chr16,55509072,+
CFAP36,chr2,55519604,+
SBK2,chr19,55537133,-
PYGO1,chr15,55588947,-
SBK3,chr19,55545543,-
PPP4R3B,chr2,55618880,-
OR6C4,chr12,55549602,+
OR4C15,chr11,55554307,+
PDCL2,chr4,55592245,-
KTN1,chr14,55559072,+
CAPNS2,chr16,55566684,+
OR4C16,chr11,55572128,+
OR2AP1,chr12,55572468,+
ZNF579,chr19,55580848,-
FIZ1,chr19,55601970,-
NMU,chr4,55636698,-
ZNF524,chr19,55600022,+
OR4C11,chr11,55607645,-
ZNF865,chr19,55605647,+
PRTG,chr15,55743152,-
ZNF784,chr19,55624566,-
FOXR2,chrX,55623400,+
SLC38A9,chr5,55773194,-
PNPT1,chr2,55693844,-
ZNF580,chr19,55635016,+
OR4P4,chr11,55635113,+
ZNF581,chr19,55635459,+
OR10P1,chr12,55636892,+
CCDC106,chr19,55641062,+
OR4S2,chr11,55648327,+
U2AF2,chr19,55654146,+
SLC6A2,chr16,55655988,+
OR4C6,chr11,55662201,+
EPN1,chr19,55675226,+
TMT1B,chr12,55681736,+
ITGA7,chr12,55712411,-
TMEM68,chr8,55773407,-
NLRP9,chr19,55738402,-
ENSG00000258311,chr12,55716036,+
BLOC1S1,chr12,55716038,+
RRAGB,chrX,55717749,+
TMEM100,chr17,55732121,-
RDH5,chr12,55720367,+
OR5D3P,chr11,55723776,+
CD63,chr12,55729707,-
DDX4,chr5,55738017,+
GDF11,chr12,55743122,+
PCTP,chr17,55751051,+
SARNP,chr12,55817724,-
BMP5,chr6,55875590,-
ENSG00000257390,chr12,55827546,-
RFPL4A,chr19,55759097,+
RFPL4AL1,chr19,55769118,+
OR5D13,chr11,55773438,+
TGS1,chr8,55773446,+
NLRP11,chr19,55836800,-
SEPTIN14,chr7,55862755,-
OR5D14,chr11,55795556,+
CES1,chr16,55833337,-
OR5L1,chr11,55811367,+
ORMDL2,chr12,55818041,+
OR5D18,chr11,55819630,+
EXOC1L,chr4,55819790,+
DNAJC14,chr12,55830824,-
NEDD4,chr15,55993613,-
OR5L2,chr11,55827219,+
MMP19,chr12,55842960,-
NLRP4,chr19,55836540,+
OR5D16,chr11,55838752,+
CES5A,chr16,55956031,-
IL31RA,chr5,55851357,+
EXOC1,chr4,55853648,+
EFEMP1,chr2,55924139,-
LYN,chr8,55879835,+
ANKFN1,chr17,55882301,+
TRIM51,chr11,55883297,+
ENSG00000249773,chr7,55887277,+
ZNF713,chr7,55887456,+
NLRP13,chr19,55932336,-
PYM1,chr12,55932618,-
OR5W2,chr11,55914582,-
DGKA,chr12,55927319,+
IL6ST,chr5,55995018,-
OR5I1,chr11,55936400,-
NLRP8,chr19,55947832,+
CEP135,chr4,55948871,+
NIPSNAP2,chr7,55951793,+
MRPS17,chr7,55951877,+
PMEL,chr12,55973317,-
OR10AG1,chr11,55969945,-
CDK2,chr12,55966781,+
RAB5B,chr12,55973913,+
OR5F1,chr11,55994625,-
SUOX,chr12,55997180,+
CBLN4,chr20,56005519,-
NLRP5,chr19,55999726,+
IKZF4,chr12,56007659,+
PSPH,chr7,56051604,-
OR5AS1,chr11,56027654,+
RPS26,chr12,56041351,+
CRACD,chr4,56049098,+
CCT6A,chr7,56051685,+
COL21A1,chr6,56394094,-
SUMF2,chr7,56064002,+
RPS20,chr8,56074510,-
ERBB3,chr12,56076799,+
PHKG1,chr7,56092996,-
RFX7,chr15,56245082,-
ZNF787,chr19,56121295,-
OR8I2,chr11,56093308,+
CHCHD2,chr7,56106479,-
ANKRD55,chr5,56233330,-
ENSG00000257411,chr12,56101331,+
OR8H2,chr11,56103687,+
PA2G4,chr12,56104537,+
MOS,chr8,56113982,-
NUPR2,chr7,56116417,-
RPL41,chr12,56116590,+
PELI2,chr14,56117814,+
ESYT1,chr12,56118250,+
ZC3H10,chr12,56118260,+
OR8H3,chr11,56122373,+
ZNF444,chr19,56132599,+
OR8J3,chr11,56140201,-
MYL6B,chr12,56152256,+
MYL6,chr12,56158346,+
OR8K5,chr11,56160317,-
PLAG1,chr8,56211324,-
SMARCC2,chr12,56189567,-
ENSG00000284686,chr1,56524495,-
GALP,chr19,56176008,+
OR5J2,chr11,56176618,+
CCDC85A,chr2,56183990,+
GNAO1,chr16,56189660,+
ZSCAN5B,chr19,56197815,-
RNF41,chr12,56221933,-
ZSCAN5C,chr19,56202273,+
OR8J2,chr11,56215222,-
CHCHD7,chr8,56211686,+
ZSCAN5A,chr19,56368383,-
NABP2,chr12,56222015,+
SLC39A5,chr12,56230049,+
OR5T2,chr11,56234255,-
KLF8,chrX,56232356,+
ANKRD52,chr12,56258384,-
TEX9,chr15,56243971,+
MC3R,chr20,56248732,+
OR5T3,chr11,56252254,+
COQ10A,chr12,56266942,+
CS,chr12,56300391,-
EDDM13,chr19,56272748,+
OR5T1,chr11,56274154,+
ENSG00000144785,chr12,56316059,-
OR8H1,chr11,56292254,-
SDR16C5,chr8,56320776,-
CNPY2,chr12,56316119,-
OR8K3,chr11,56315144,+
PAN2,chr12,56334053,-
IL23A,chr12,56334174,+
AASDH,chr4,56387508,-
STAT2,chr12,56360203,-
OR8K1,chr11,56346039,+
OR8J1,chr11,56354291,+
ZWINT,chr10,56361273,-
FAM210B,chr20,56358974,+
APOF,chr12,56362857,-
AMFR,chr16,56425545,-
AURKA,chr20,56392337,-
OR8U1,chr11,56375624,+
ZNF582,chr19,56393534,-
CSTF1,chr20,56392371,+
PPAT,chr4,56435615,-
ZNF583,chr19,56397966,+
CASS4,chr20,56412112,+
OR5AL1,chr11,56412696,+
TIMELESS,chr12,56449426,-
OR8U3,chr11,56418232,-
MNS1,chr15,56465137,-
NUDT21,chr16,56452199,-
ENSG00000288725,chr16,56501497,-
PAICS,chr4,56435741,+
PENK,chr8,56446663,-
ZNF667,chr19,56478065,-
MIP,chr12,56469153,-
ENSG00000285528,chr12,56488170,-
OGFOD1,chr16,56451521,+
DST,chr6,56954830,-
ENSG00000284732,chr11,56473352,-
OR5M9,chr11,56463401,-
BBS2,chr16,56582667,-
SRP72,chr4,56467617,+
SPRYD4,chr12,56468578,+
RTF2,chr20,56468585,+
OR5M3,chr11,56473352,-
GLS2,chr12,56488414,-
TMEM260,chr14,56488354,+
OR5M8,chr11,56491370,-
GCNT7,chr20,56525925,-
PLPP3,chr1,56645301,-
ARL9,chr4,56505209,+
ZNF471,chr19,56507850,+
FAM209A,chr20,56517187,+
RBMS2,chr12,56521820,+
SPMAP2L,chr4,56530606,+
FAM209B,chr20,56533246,+
ZFP28,chr19,56538948,+
OR5M11,chr11,56543257,-
CCDC66,chr3,56557161,+
UBQLN2,chrX,56563627,+
MT4,chr16,56565073,+
ZNF470,chr19,56567468,+
OR5M10,chr11,56577721,-
MT3,chr16,56589074,+
NOG,chr17,56593699,+
ZNF71,chr19,56595265,+
ENSG00000293626,chr19,56595302,+
BAZ2A,chr12,56636816,-
TXNL1,chr18,56651600,-
MT2A,chr16,56608584,+
OR5M1,chr11,56614874,-
TASOR,chr3,56683265,-
MT1E,chr16,56625475,+
TFAP2C,chr20,56629306,+
ZNF280D,chr15,56734086,-
MT1M,chr16,56632659,+
ATP5F1B,chr12,56645984,-
MT1A,chr16,56638666,+
OR5AP2,chr11,56642439,-
SMIM17,chr19,56643159,+
PRKAA2,chr1,56645314,+
HOPX,chr4,56681877,-
WDR7,chr18,56651343,+
MT1B,chr16,56651886,+
ENSG00000285253,chr15,56918571,-
MT1F,chr16,56657959,+
ZNF835,chr19,56671783,-
PTGES3,chr12,56688408,-
OR5AR1,chr11,56663686,+
MT1G,chr16,56668065,-
MT1H,chr16,56669814,+
MT1X,chr16,56682470,+
OR9G1,chr11,56699095,+
NACA,chr12,56731628,-
ENSG00000285625,chr12,56741535,-
FYB2,chr1,56819696,-
ARHGEF3,chr3,57079308,-
NBDY,chrX,56729241,+
NUP93,chr16,56730118,+
PRIM1,chr12,56752374,-
OR9G4,chr11,56748697,-
HSD17B6,chr12,56752161,+
ZIM2,chr19,56840729,-
C17orf67,chr17,56838773,-
OTX2,chr14,56816693,-
SPINK2,chr4,56821742,-
PEG3,chr19,56840728,-
MAP3K1,chr5,56815549,+
SPIN3,chrX,56995827,-
OR5G3,chr11,56820516,-
DGKE,chr17,56834107,+
TRIM25,chr17,56914049,-
C8A,chr1,56854768,+
SLC12A3,chr16,56865207,+
REST,chr4,56907876,+
SETD9,chr5,56909260,+
TCF12,chr15,56918623,+
MIER3,chr5,56971675,-
SDR9C7,chr12,56934408,-
C8B,chr1,56974383,-
HERPUD1,chr16,56932142,+
COIL,chr17,56961050,-
RDH16,chr12,56959374,-
BEND6,chr6,56955107,+
BPNT2,chr8,56993867,-
CETP,chr16,56961923,+
NOA1,chr4,56977606,-
OR5AK3P,chr11,56971050,+
POLR2B,chr4,56977722,+
SCPEP1,chr17,56978131,+
OR5AK2,chr11,56988914,+
NLRC5,chr16,56989498,+
GPR182,chr12,56994492,+
DAB1,chr1,58546734,-
ZBTB39,chr12,57006546,-
TAC3,chr12,57028883,-
MYO1A,chr12,57051198,-
IGFBP7,chr4,57110385,-
KIAA1586,chr6,57046532,+
NEMP1,chr12,57088063,-
SPATA12,chr3,57060664,+
VAMP7,chrY,57067865,+
AKAP1,chr17,57085092,+
ZNF451,chr6,57086844,+
NAB2,chr12,57089043,+
IL17RD,chr3,57170306,-
CPNE2,chr16,57092583,+
STAT6,chr12,57132139,-
ZNF479,chr7,57139864,-
SPIN2B,chrX,57121548,-
USP29,chr19,57119138,+
LRP1,chr12,57128483,+
ZIM3,chr19,57145202,-
SPIN2A,chrX,57137523,-
PRR20A,chr13,57140918,+
PRR20C,chr13,57140918,+
BOD1L2,chr18,57147087,+
PRR20B,chr13,57147488,+
PSME3IP1,chr16,57186116,-
DUXA,chr19,57167485,-
PRR20D,chr13,57160632,+
PRR20E,chr13,57167197,+
BMP7,chr20,57266641,-
BAG2,chr6,57172326,+
GPBP1,chr5,57173948,+
LRRC55,chr11,57181747,+
IL9R,chrY,57184216,+
RSPRY1,chr16,57186137,+
RAB23,chr6,57222307,-
ZNF264,chr19,57191500,+
HESX1,chr3,57227606,-
EXOC5,chr14,57268905,-
WASH6P,chrY,57207346,+
NXPH4,chr12,57216794,+
APPL1,chr3,57227729,+
SHMT2,chr12,57229661,+
AURKC,chr19,57231009,+
APLNR,chr11,57237250,-
NDUFA4L2,chr12,57240715,-
ZNF805,chr19,57240632,+
STAC3,chr12,57251188,-
ARL2BP,chr16,57245259,+
PLLP,chr16,57284672,-
ENSG00000258830,chr12,57296484,-
R3HDM2,chr12,57431043,-
MSI2,chr17,57255851,+
ASB14,chr3,57292685,-
AP5M1,chr14,57268940,+
ZNF460,chr19,57280051,+
FAAH2,chrX,57286706,+
DNAH12,chr3,57544344,-
TNKS1BP1,chr11,57324952,-
PRIM2,chr6,57314805,+
ZNF543,chr19,57320472,+
SSRP1,chr11,57335892,-
SPO11,chr20,57329803,+
P2RX3,chr11,57338352,+
RAE1,chr20,57351223,+
ZNF304,chr19,57351271,+
ST8SIA3,chr18,57352557,+
CCL22,chr16,57358783,+
ZNF547,chr19,57363551,+
TRAPPC2B,chr19,57363551,+
ENSG00000268133,chr19,57363566,+
CX3CL1,chr16,57372477,+
CGNL1,chr15,57375967,+
PRG3,chr11,57381150,-
PRG2,chr11,57390650,-
ENSG00000254979,chr11,57410113,-
ZNF548,chr19,57389850,+
ENSG00000269533,chr19,57389884,+
NAA30,chr14,57390544,+
RBM38,chr20,57391396,+
ENSG00000268533,chr19,57394183,+
CCL17,chr16,57404767,+
SLC43A3,chr11,57427580,-
ZNF17,chr19,57411161,+
CIAPIN1,chr16,57447420,-
INHBC,chr12,57434784,+
ZNF749,chr19,57435325,+
ONECUT2,chr18,57435374,+
ENSG00000268163,chr19,57477536,-
COQ9,chr16,57447441,+
ZNF716,chr7,57450177,+
INHBE,chr12,57452323,+
VN1R1,chr19,57457140,-
GLI1,chr12,57459785,+
RTN4RL2,chr11,57460528,+
POLR2C,chr16,57462674,+
ZNF772,chr19,57477570,-
CCDC198,chr14,57493857,-
DOK4,chr16,57487327,-
ARHGAP9,chr12,57488814,-
MARS1,chr12,57475445,+
ACTBL2,chr5,57482811,-
SLC43A1,chr11,57515702,-
ZNF419,chr19,57487711,+
ENSG00000268107,chr19,57487718,+
HMGB1P1,chr20,57495366,-
CTCFL,chr20,57525652,-
ZNF773,chr19,57499915,+
CCDC102A,chr16,57536571,-
DDIT3,chr12,57521737,-
ENSG00000285133,chr12,57520480,-
MBD6,chr12,57520710,+
ZNF549,chr19,57527325,+
TIMM10,chr11,57530803,-
DCTN2,chr12,57547224,-
ZNF550,chr19,57559863,-
SMTNL1,chr11,57537595,+
ADGRG5,chr16,57542643,+
FECH,chr18,57586702,-
KIF5A,chr12,57546026,+
UBE2L6,chr11,57568284,-
PDE12,chr3,57556274,+
PCK1,chr20,57561110,+
SLC35F4,chr14,57982194,-
ARF4,chr3,57598220,-
ZNF416,chr19,57578911,-
ZIK1,chr19,57578456,+
PIP4K2C,chr12,57591174,+
MYZAP,chr15,57591904,+
GCOM1,chr15,57591908,+
ZXDB,chrX,57592011,+
SERPING1,chr11,57597387,+
ZNF530,chr19,57599885,+
NARS1,chr18,57622213,-
ZBP1,chr20,57620576,-
DTX3,chr12,57604622,+
ARHGEF25,chr12,57610180,+
ADGRG1,chr16,57610652,+
ZNF134,chr19,57614233,+
ENSG00000287908,chr12,57616383,+
B4GALNT1,chr12,57633239,-
DENND6A,chr3,57693077,-
ZNF211,chr19,57630395,+
PCDH17,chr13,57631744,+
YPEL4,chr11,57649944,-
ATP8B1,chr18,57803315,-
CLP1,chr11,57648188,+
PMEPA1,chr20,57711536,-
ZDHHC5,chr11,57667747,+
ADGRG3,chr16,57668306,+
ZSCAN4,chr19,57668935,+
NLRP2B,chrX,57680260,-
ZNF551,chr19,57681969,+
ENSG00000269026,chr19,57682045,+
OS9,chr12,57693841,+
DRC7,chr16,57694793,+
ZNF154,chr19,57709204,-
MED19,chr11,57712215,-
POLR2M,chr15,57706714,+
TMX2,chr11,57712580,+
ENSG00000288534,chr11,57712582,+
ZNF671,chr19,57727624,-
AGAP2,chr12,57742157,-
KATNB1,chr16,57735739,+
TSPAN31,chr12,57738013,+
SELENOH,chr11,57741491,+
ENSG00000254732,chr11,57741779,+
BTBD18,chr11,57752675,-
CCDC182,chr17,57745299,-
ZNF776,chr19,57746815,+
CDK4,chr12,57756013,-
CTNND1,chr11,57753243,+
MARCHF9,chr12,57755103,+
SLMAP,chr3,57755450,+
KIFC3,chr16,57863053,-
CYP27B1,chr12,57768986,-
METTL1,chr12,57772119,-
ZNF586,chr19,57769655,+
EEF1AKMT3,chr12,57771492,+
ENSG00000257921,chr12,57773052,+
TSFM,chr12,57782761,+
AVIL,chr12,57818734,-
ZNF552,chr19,57814913,-
ENSG00000268750,chr19,57819719,+
ZNF587B,chr19,57819721,+
CTDSP2,chr12,57846729,-
MRPS23,chr17,57850056,-
ZNF814,chr19,57889074,-
ZNF587,chr19,57849859,+
CUEDC1,chr17,57955412,-
ENSG00000269476,chr19,57916591,-
CNGB1,chr16,57971128,-
ZNF417,chr19,57916610,-
ZXDA,chrX,57910458,-
ATP23,chr12,57906039,+
VRK2,chr2,57907629,+
ZNF418,chr19,57935402,-
ZNF256,chr19,57947706,-
ALDH1A2,chr15,58497866,-
C19orf18,chr19,57974534,-
VEZF1,chr17,57988259,-
SPMIP8,chr16,57976435,+
ZNF606,chr19,58003349,-
ENSG00000266086,chr17,58005253,-
FAM110B,chr8,57994523,+
ZNF319,chr16,58000672,-
USB1,chr16,57999546,+
ARMH4,chr14,58298139,-
SRSF1,chr17,58007273,-
FLNB,chr3,58008400,+
OR9Q1,chr11,58023881,+
MMP15,chr16,58025754,+
OR6Q1,chr11,58030953,+
ZSCAN1,chr19,58034025,+
NEDD4L,chr18,58044226,+
ZNF135,chr19,58059239,+
DYNLL2,chr17,58083419,+
ZSCAN18,chr19,58118427,-
CFAP20,chr16,58129381,-
OR9I1,chr11,58125530,-
ZNF329,chr19,58155067,-
AQP9,chr15,58138169,+
OR4D1,chr17,58148384,+
CIMIP1,chr20,58150902,+
CSNK2A2,chr16,58198106,-
FANCL,chr2,58241410,-
OR4D2,chr17,58166982,+
ZNF274,chr19,58183029,+
OR9Q2,chr11,58189070,+
IPMK,chr10,58267894,-
DNASE1L3,chr3,58214697,-
EPX,chr17,58192726,+
ACTR10,chr14,58200149,+
OR1S2,chr11,58204142,-
MKS1,chr17,58219605,-
OR1S1,chr11,58212720,+
ANKRD60,chr20,58228653,-
LPO,chr17,58218548,+
OR10Q1,chr11,58228918,-
ZNF544,chr19,58228594,+
ENSG00000283515,chr19,58228914,+
CFAP263,chr16,58231157,+
ABHD6,chr3,58237532,+
PSMA3,chr14,58244843,+
OR10W1,chr11,58268260,-
CISD1,chr10,58269162,+
MPO,chr17,58280935,-
ZNF8,chr19,58278955,+
PRSS54,chr16,58295047,-
GINS3,chr16,58295080,+
ARID4A,chr14,58298504,+
TSPOAP1,chr17,58328795,-
ERVK3-1,chr19,58305374,+
RPP14,chr3,58306245,+
HTD2,chr3,58306262,+
RAB22A,chr20,58309715,+
ZSCAN22,chr19,58326994,+
PXK,chr3,58332880,+
UBE2D1,chr10,58334979,+
SUPT4H1,chr17,58353093,-
A1BG,chr19,58353492,-
ENSG00000285897,chr17,58417595,-
RNF43,chr17,58417595,-
ZNF497,chr19,58362848,-
OR5B17,chr11,58359069,-
ZNF837,chr19,58381030,-
TFAM,chr10,58385345,+
RPS5,chr19,58386400,+
VAPB,chr20,58389229,+
RNF225,chr19,58395656,+
TOMM20L,chr14,58395930,+
ZNF584,chr19,58401504,+
OR5B3,chr11,58406874,-
TIMM9,chr14,58427531,-
LIPC,chr15,58410569,+
UBXN2B,chr8,58411359,+
OMA1,chr1,58546802,-
HSF5,chr17,58488408,-
OR5B2,chr11,58428121,-
KIAA0586,chr14,58427385,+
PDHB,chr3,58433857,-
ZNF132,chr19,58440153,-
OR5B12,chr11,58442236,-
ZNF324B,chr19,58451611,+
PLK2,chr5,58460139,-
APCDD1L,chr20,58515399,-
NDRG4,chr16,58462846,+
ZNF324,chr19,58467056,+
ZNF446,chr19,58474017,+
SLC27A5,chr19,58511992,-
ALPK2,chr18,58629091,-
MTMR4,chr17,58517905,-
CYP7A1,chr8,58500163,-
GAPT,chr5,58491435,+
KCTD6,chr3,58492096,+
ACOX2,chr3,58537283,-
OR5B21,chr11,58508105,-
BICC1,chr10,58512872,+
ZBTB45,chr19,58538911,-
SETD6,chr16,58515479,+
CNOT1,chr16,58629885,-
SEPTIN4,chr17,58544368,-
LPXN,chr11,58578220,-
TRIM28,chr19,58544064,+
CHMP2A,chr19,58555105,-
SDCBP,chr8,58552924,+
UBE2M,chr19,58558954,-
TEX14,chr17,58692055,-
MZF1,chr19,58573575,-
FAM107A,chr3,58627610,-
TACSTD2,chr1,58577252,-
ZFP91,chr11,58579063,+
ZFP91-CNTF,chr11,58579172,+
RAB3C,chr5,58582221,+
NSMAF,chr8,58659853,-
ADAM10,chr15,58749791,-
CNTF,chr11,58622665,+
FAM3D,chr3,58666834,-
DACT1,chr14,58633967,+
GLYAT,chr11,58731974,-
MYSM1,chr1,58700090,-
STX16,chr20,58651272,+
STX16-NPEPL1,chr20,58651434,+
IGBP1C,chr17,58692045,-
SLC38A7,chr16,58684770,-
MALT1,chr18,58671465,+
NPEPL1,chr20,58689131,+
RAD51C,chr17,58692573,+
GOT2,chr16,58734342,-
CFAP20DC,chr3,59050084,-
PPM1E,chr17,58755854,+
MINDY2,chr15,58771302,+
JUN,chr1,58784047,-
TOX,chr8,59119147,-
GLYATL2,chr11,58904215,-
GNAS,chr20,58839718,+
ZNF532,chr18,58862600,+
RNF111,chr15,58865175,+
LRIG3,chr12,58920504,-
SLTM,chr15,58933679,-
GLYATL1,chr11,58905398,+
PDE4D,chr5,60488076,-
NELFCD,chr20,58981208,+
TRIM37,chr17,59106921,-
CTSZ,chr20,59008238,-
TUBB1,chr20,59019429,+
ATP5F1E,chr20,59032345,-
PRELID3B,chr20,59042805,-
GLYATL1B,chr11,59086307,+
CCNB2,chr15,59105146,+
FAM111B,chr11,59107185,+
SKA2,chr17,59155260,-
ZNF831,chr20,59123381,+
MYO1E,chr15,59372871,-
SEC11C,chr18,59139475,+
FAM111A,chr11,59142748,+
PRR11,chr17,59155732,+
DTX4,chr11,59171430,+
PHYHIPL,chr10,59176643,+
DAAM1,chr14,59188667,+
ENSG00000265303,chr17,59197566,+
LDHAL6B,chr15,59206843,+
MPEG1,chr11,59212927,-
SMG8,chr17,59209400,+
GRP,chr18,59220158,+
GDPD1,chr17,59220511,+
FAM13C,chr10,59363181,-
RAX,chr18,59274086,-
CPLX4,chr18,59318649,-
FGGY,chr1,59296638,+
EDN3,chr20,59300443,+
LMAN1,chr18,59359265,-
YPEL2,chr17,59331655,+
OR5AN1,chr11,59358895,+
FAM81A,chr15,59372693,+
OR5A2,chr11,59426413,-
GPR135,chr14,59465380,-
CCBE1,chr18,59697662,-
OR5A1,chr11,59436469,+
OR4D6,chr11,59456961,+
L3HYPDH,chr14,59484408,-
OR4D10,chr11,59473315,+
JKAMP,chr14,59484443,+
OR4D11,chr11,59503576,+
CCDC175,chr14,59576812,-
OR4D9,chr11,59511368,+
DHX40,chr17,59565610,+
OSBP,chr11,59615774,-
PHACTR3,chr20,59577509,+
GCNT3,chr15,59594875,+
RTN1,chr14,59870776,-
SLC16A7,chr12,59596029,+
CLTC,chr17,59619680,+
PATL1,chr11,59669037,-
GTF2A2,chr15,59657521,-
SLC16A9,chr10,59736002,-
BNIP2,chr15,59689330,-
DIAPH3,chr13,60163928,-
PTRH2,chr17,59707626,-
VMP1,chr17,59707192,+
OR10V1,chr11,59713845,-
STX3,chr11,59713456,+
MRLN,chr10,59756041,-
FHIT,chr3,61251459,-
CCDC6,chr10,59906556,-
MRPL16,chr11,59810778,-
HOOK1,chr1,59814786,+
CBLIF,chr11,59845499,-
TCN1,chr11,59866489,-
TUBD1,chr17,59892945,-
SYCP2,chr20,59933655,-
OOSP3,chr11,59878782,+
RPS6KB1,chr17,59893046,+
CYP2J2,chr1,59926773,-
PMAIP1,chr18,59899996,+
LRRC9,chr14,59919713,+
FAM217B,chr20,59933764,+
PPP1R3D,chr20,59940305,-
OOSP1,chr11,59938432,+
ENSG00000267318,chr17,59940908,+
RNFT1,chr17,59964740,-
CDH26,chr20,59958423,+
OOSP4A,chr11,59964033,+
OOSP4B,chr11,59978020,+
C1orf87,chr1,60073770,-
FOXB1,chr15,60004234,+
ANK3,chr10,60733490,-
OOSP2,chr11,60040409,+
HEATR6,chr17,60078922,-
MS4A3,chr11,60056587,+
MS4A2,chr11,60088261,+
PCNX4,chr14,60091911,+
DHRS7,chr14,60169856,-
CA4,chr17,60149942,+
MS4A6A,chr11,60184666,-
USP32,chr17,60422470,-
CA8,chr8,60281400,-
MS4A4A,chr11,60185657,+
MS4A4E,chr11,60243137,-
PPM1A,chr14,60245752,+
MS4A6E,chr11,60327255,+
ANXA2,chr15,60402883,-
MC4R,chr18,60372775,-
MS4A7,chr11,60378485,+
MS4A14,chr11,60378530,+
CHCT1,chr17,60392429,+
TDRD3,chr13,60396457,+
C14orf39,chr14,60515543,-
ICE2,chr15,60479142,-
MS4A5,chr11,60429572,+
APPBP2,chr17,60526242,-
BCL11A,chr2,60554467,-
MS4A1,chr11,60455846,+
RORA,chr15,61229302,-
MS4A12,chr11,60492778,+
SIX6,chr14,60509146,+
MS4A13,chr11,60515392,+
RAB2A,chr8,60516936,+
DEPDC1B,chr5,60700166,-
PPM1D,chr17,60600193,+
SIX1,chr14,60658259,-
BCAS3,chr17,60677453,+
CHD7,chr8,60678740,+
MS4A8,chr11,60699612,+
SIX4,chr14,60724351,-
MS4A18,chr11,60724720,+
MNAT1,chr14,60734742,+
ELOVL7,chr5,60844274,-
PAPOLG,chr2,60756268,+
MS4A15,chr11,60756867,+
CDK1,chr10,60778331,+
MS4A10,chr11,60785333,+
CCDC86,chr11,60842113,+
PTGDR2,chr11,60855950,-
NFIA,chr1,60865259,+
ERCC8,chr5,60945073,-
ZP1,chr11,60867542,+
RHOBTB1,chr10,61001440,-
REL,chr2,60881491,+
PRPF19,chr11,60906585,-
TMEM109,chr11,60913907,+
SPATA31A5,chr9,60914407,+
TMEM132A,chr11,60924460,+
SLC15A3,chr11,60952653,-
PUS10,chr2,61018255,-
NDUFAF2,chr5,60945205,+
TRMT5,chr14,60981170,-
CD6,chr11,60971680,+
SLC38A6,chr14,60981114,+
PEX13,chr2,61017225,+
CLVS1,chr8,61057158,+
SANBR,chr2,61065871,+
CD5,chr11,61102489,+
VPS37C,chr11,61161426,-
C2orf74,chr2,61145068,+
SMIM15,chr5,61162468,-
USP34,chr2,61471087,-
PRKCH,chr14,61187559,+
SPATA31A7,chr9,61190036,+
ADGRL3,chr4,61200326,+
PGA3,chr11,61203515,+
PGA4,chr11,61222347,+
PGA5,chr11,61241175,+
CDH4,chr20,61252261,+
VWCE,chr11,61295316,-
TMEM30B,chr14,61281761,-
DDB1,chr11,61333807,-
ENSG00000310561,chr14,61321954,+
CNTNAP3C,chr9,61330717,+
ZSWIM6,chr5,61332258,+
TKFC,chr11,61333221,+
CDH20,chr18,61333430,+
CYB561A3,chr11,61362283,-
TMEM138,chr11,61361964,+
TMEM216,chr11,61392393,+
TBX2,chr17,61399843,+
CPSF7,chr11,61430031,-
TMEM26,chr10,61453381,-
PCDH20,chr13,61415849,-
ENSG00000197991,chr13,61427849,-
ENSG00000256591,chr11,61429220,+
SDHAF2,chr11,61430050,+
TBX4,chr17,61452404,+
XPO1,chr2,61538741,-
SAXO4,chr11,61481120,+
ASPH,chr8,61714640,-
LRRC10B,chr11,61508749,+
SYT7,chr11,61581148,-
ENSG00000258989,chr14,61529128,+
PTPRG,chr3,61561569,+
NACA2,chr17,61591219,-
KHDRBS2,chr6,62286225,-
CDH8,chr16,62037035,-
CABCOCO1,chr10,61662929,+
BRIP1,chr17,61863559,-
DAGLA,chr11,61680391,+
TM2D1,chr1,61725423,-
HIF1A,chr14,61695513,+
TAFA2,chr12,62279150,-
PATJ,chr1,61742477,+
MYRF,chr11,61752636,+
SNAPC1,chr14,61762420,+
TMEM258,chr11,61792802,-
FEN1,chr11,61792911,+
FADS2,chr11,61792980,+
FADS1,chr11,61829318,-
RNF152,chr18,61894247,-
SYT16,chr14,61811974,+
FAM161A,chr2,61854143,-
VPS13C,chr15,62060473,-
INTS2,chr17,61928016,-
CCT4,chr2,61888671,-
FADS3,chr11,61892051,-
COMMD1,chr2,61888724,+
RAB3IL1,chr11,61920269,-
ARID5B,chr10,61901684,+
PIGN,chr18,62187118,-
MED13,chr17,62065278,-
BEST1,chr11,61950063,+
TAF4,chr20,62065881,-
FTH1,chr11,61967634,-
C2CD4A,chr15,62066977,+
ENSG00000289503,chr14,62075340,+
LSM14B,chr20,62122461,+
INCENP,chr11,62123998,+
PSMA7,chr20,62143440,-
SS18L1,chr20,62143769,+
C2CD4B,chr15,62165285,-
MTG2,chr20,62183028,+
RTKN2,chr10,62268844,-
RELCH,chr18,62187255,+
SCGB1D1,chr11,62190216,+
L1TD1,chr1,62194790,+
B3GNT2,chr2,62196115,+
SCGB2A1,chr11,62208673,+
HRH3,chr20,62220278,-
OSBPL2,chr20,62231922,+
KANK4,chr1,62319434,-
SCGB1D2,chr11,62242239,+
NKAIN3,chr8,62248591,+
USP15,chr12,62260338,+
SCGB2A2,chr11,62270158,+
SCGB1D4,chr11,62299075,-
ADRM1,chr20,62302093,+
KIF2A,chr5,62306162,+
ENSG00000288643,chr5,62306206,+
LAMA5,chr20,62367312,-
CEP15,chr3,62319015,+
TNFRSF11A,chr18,62325287,+
ASRGL1,chr11,62337448,+
EFCAB3,chr17,62343941,+
DIMT1,chr5,62403928,-
FEZF2,chr3,62374324,-
ZNF365,chr10,62374192,+
ENSG00000285837,chr10,62374192,+
RPS21,chr20,62387103,+
CABLES2,chr20,62407285,-
TLN2,chr15,62390526,+
CADPS,chr3,62875416,-
IPO11,chr5,62403972,+
SCGB1A1,chr11,62405103,+
RBBP8NL,chr20,62427539,-
METTL2A,chr17,62423891,+
AHNAK,chr11,62556235,-
USP1,chr1,62436297,+
DOCK7,chr1,62688386,-
TLK2,chr17,62458658,+
GATA5,chr20,62475995,-
MON2,chr12,62466817,+
TMEM17,chr2,62506195,-
ZCCHC2,chr18,62523025,+
EEF1G,chr11,62574086,-
ENSG00000255508,chr11,62591531,-
TUT1,chr11,62591637,-
LRRC70,chr5,62578819,+
MTA2,chr11,62601865,-
ANGPTL3,chr1,62597520,+
EML3,chr11,62612775,-
ROM1,chr11,62611722,+
B3GAT3,chr11,62622154,-
GANAB,chr11,62646726,-
MRC2,chr17,62627670,+
SLCO4A1,chr20,62642503,+
PPM1H,chr12,62935150,-
INTS5,chr11,62653302,-
ENSG00000255432,chr11,62665178,-
C11orf98,chr11,62665210,-
LBHD1,chr11,62672267,-
CSKMT,chr11,62665309,+
UQCC3,chr11,62670273,+
EHBP1,chr2,62673851,+
UBXN1,chr11,62679117,-
LRRN4CL,chr11,62689530,-
BSCL2,chr11,62709845,-
HNRNPUL2-BSCL2,chr11,62727384,-
KCNH5,chr14,63101866,-
MARCHF10,chr17,62808344,-
GNG3,chr11,62707676,+
NTSR1,chr20,62708836,+
HNRNPUL2,chr11,62727457,-
PHLPP1,chr18,62715541,+
TTC9C,chr11,62728069,+
ZBTB3,chr11,62754184,-
POLR2G,chr11,62761565,+
TAF6L,chr11,62771357,+
TMEM223,chr11,62792006,-
ATG4C,chr1,62784132,+
TMEM179B,chr11,62787402,+
NXF1,chr11,62806302,-
MRGBP,chr20,62796473,+
ADO,chr10,62804720,+
OGFR,chr20,62804835,+
STX5,chr11,62832051,-
EGR2,chr10,62818659,-
COL9A3,chr20,62816244,+
TEX54,chr11,62832841,-
WDR74,chr11,62841809,-
TCFL5,chr20,62861822,-
SLC3A2,chr11,62856004,+
DIDO1,chr20,62937952,-
CHRM1,chr11,62921807,-
SLC22A6,chr11,62984967,-
GID8,chr20,62938147,+
SLC17A9,chr20,62952707,+
TANC2,chr17,62966235,+
SLC22A8,chr11,63015841,-
BHLHE23,chr20,63007035,-
GGH,chr8,63038867,-
TPM1,chr15,63042632,+
TTPA,chr8,63086053,-
OTX1,chr2,63050057,+
SLC22A24,chr11,63144221,-
WDPCP,chr2,63827843,-
LACTB,chr15,63121833,+
BCL2,chr18,63320128,-
RPS27L,chr15,63158021,-
NRBF2,chr10,63133247,+
AVPR1A,chr12,63151201,-
SLC22A25,chr11,63243599,-
JMJD1C,chr10,63521850,-
YTHDF3,chr8,63168553,+
RAB8B,chr15,63189606,+
YTHDF1,chr20,63216139,-
RHOJ,chr14,63204443,+
FKBP1C,chr6,63211469,+
SYNPR,chr3,63228315,+
BIRC7,chr20,63235883,+
NKAIN4,chr20,63272694,-
SLC22A10,chr11,63268022,+
ARFGAP1,chr20,63272785,+
LGSN,chr6,63319983,-
APH1B,chr15,63276018,+
COL20A1,chr20,63293186,+
GPHB5,chr14,63318935,-
ITGB3BP,chr1,63593721,-
CA12,chr15,63381846,-
FOXD3,chr1,63322567,+
KDSR,chr18,63367206,-
CHRNA4,chr20,63378401,-
SPIN4,chrX,63351332,-
ALG6,chr1,63367627,+
SLC22A9,chr11,63369785,+
PPP2R5E,chr14,63543377,-
VPS4B,chr18,63422476,-
KCNQ2,chr20,63472677,-
CYB561,chr17,63446354,-
PLAAT5,chr11,63491194,-
SERPINB5,chr18,63476958,+
ACE,chr17,63477061,+
EEF1A2,chr20,63499184,-
ENSG00000264813,chr17,63484823,+
USP3,chr15,63504511,+
LGALS12,chr11,63506052,+
PPDPF,chr20,63520754,+
REEP3,chr10,63521401,+
PTP4A1,chr6,63521746,+
KCNH6,chr17,63523334,+
EFCAB7,chr1,63523372,+
PTK6,chr20,63537376,-
PLAAT4,chr11,63536808,+
SRMS,chr20,63547749,-
SERPINB12,chr18,63542369,+
FNDC11,chr20,63547891,+
DCAF7,chr17,63550477,+
ENSG00000288894,chr17,63550603,+
PLAAT2,chr11,63563379,-
HELZ2,chr20,63574239,-
DPY19L2,chr12,63668849,-
ENSG00000285976,chr6,63572480,+
PLAAT3,chr11,63616883,-
SERPINB13,chr18,63586989,+
GMEB2,chr20,63627101,-
MDH1,chr2,63588609,+
PGM1,chr1,63593411,+
WDR89,chr14,63641871,-
FBXL22,chr15,63597353,+
TACO1,chr17,63600895,+
HERC1,chr15,63833948,-
MAP3K3,chr17,63622415,+
ATL3,chr11,63671921,-
ARHGEF9,chrX,63809274,-
PHF3,chr6,63635802,+
SERPINB4,chr18,63644256,-
STMN3,chr20,63657682,-
SERPINB11,chr18,63647579,+
SNTN,chr3,63652675,+
SERPINB3,chr18,63661893,-
RTEL1,chr20,63657810,+
RTEL1-TNFRSF6B,chr20,63689766,+
RTN3,chr11,63681446,+
STRADA,chr17,63741986,-
SGPP1,chr14,63728065,-
LIMD2,chr17,63701172,-
TNFRSF6B,chr20,63696652,+
ARFRP1,chr20,63708025,-
ENSG00000125695,chr17,63752097,-
ZGPAT,chr20,63707465,+
ENSG00000273154,chr20,63733219,+
EYS,chr6,65707226,-
LIME1,chr20,63736283,+
ENSG00000273047,chr20,63738270,+
SLC2A4RG,chr20,63739776,+
ZBTB46,chr20,63831264,-
CCDC47,chr17,63776351,-
ENSG00000237378,chr13,63746741,+
SERPINB7,chr18,63752935,+
ENSG00000288661,chrX,63754664,-
ZFTA,chr11,63768775,-
SYNE2,chr14,63761899,+
DDX42,chr17,63773603,+
ROR1,chr1,63774017,+
RXYLT1,chr12,63779909,+
SPINDOC,chr11,63813456,+
C3orf49,chr3,63819299,+
FTSJ3,chr17,63830012,-
PSMC5,chr17,63827152,+
SMARCD2,chr17,63843065,-
ENSG00000285566,chr13,63833053,-
THOC7,chr3,63863868,-
MARK2,chr11,63838928,+
UGP2,chr2,63840954,+
SRGAP1,chr12,63843761,+
ABHD16B,chr20,63861498,+
ATXN7,chr3,63863155,+
TPD52L2,chr20,63865228,+
SERPINB2,chr18,63871692,+
CSH2,chr17,63873766,-
GH2,chr17,63881944,-
VPS54,chr2,64019428,-
CSH1,chr17,63896661,-
DNAJC5,chr20,63895126,+
ENSG00000289724,chr18,63897174,+
DAPK2,chr15,64072033,-
SERPINB10,chr18,63907958,+
CSHL1,chr17,63911341,-
RCOR2,chr11,63917164,-
GH1,chr17,63918839,-
ENSG00000285947,chr17,63931385,-
CD79B,chr17,63932336,-
SCN4A,chr17,63972918,-
NAA40,chr11,63938994,+
UCKL1,chr20,63956416,-
HMSD,chr18,63949301,+
ZNF512B,chr20,63969930,-
HTR1A,chr5,63962507,-
SERPINB8,chr18,63970029,+
SAMD10,chr20,63980008,-
COX8A,chr11,63974620,+
PRPF6,chr20,63981132,+
OTUB1,chr11,63985997,+
PRR29,chr17,63998351,+
MACROD1,chr11,64166113,-
ZNF722,chr7,63998849,+
ICAM2,chr17,64020634,-
PSMD6,chr3,64024010,-
C20orf204,chr20,64036182,+
FLRT1,chr11,64035931,+
ERN1,chr17,64130819,-
ZNF727,chr7,64045429,+
SOX18,chr20,64049639,-
TCEA2,chr20,64049836,+
CIAO2A,chr15,64094262,-
RGS19,chr20,64079988,-
OPRL1,chr20,64080082,+
LKAAEAR1,chr20,64084398,-
ESR2,chr14,64338112,-
PRICKLE2,chr3,64445476,-
PELI1,chr2,64144420,-
SNX1,chr15,64094123,+
MYT1,chr20,64102394,+
NPBWR2,chr20,64107565,-
TEX2,chr17,64263260,-
SNX22,chr15,64151731,+
PPIB,chr15,64163026,-
CSNK1G1,chr15,64356173,-
RNF180,chr5,64165843,+
ENSG00000259316,chr15,64381440,-
AMER1,chrX,64205708,-
STIP1,chr11,64185272,+
KICS2,chr12,64222296,-
UBE2U,chr1,64203623,+
FERMT3,chr11,64205926,+
ZNF735,chr7,64207203,+
TRPT1,chr11,64226254,-
ASB12,chrX,64230607,-
NUDT22,chr11,64225941,+
ZNF679,chr7,64228474,+
DNAJC4,chr11,64230278,+
VEGFB,chr11,64234584,+
FKBP2,chr11,64241095,+
ENSG00000286264,chr11,64241095,+
PPP1R14B,chr11,64246943,-
PLCB3,chr11,64251530,+
PCMTD2,chr20,64255741,+
C12orf56,chr12,64390758,-
MTMR8,chrX,64395452,-
BAD,chr11,64284665,-
GPR137,chr11,64270062,+
TECRL,chr4,64409468,-
KCNK4,chr11,64291302,+
CATSPERZ,chr11,64300358,+
ESRRA,chr11,64305497,+
ZNF736,chr7,64307459,+
TRMT112,chr11,64318074,-
PRDX5,chr11,64318121,+
PECAM1,chr17,64413776,-
CCDC88B,chr11,64340204,+
RPS6KA4,chr11,64359148,+
PCLAF,chr15,64387687,-
TRIP4,chr15,64387748,+
MTHFD1,chr14,64388031,+
XPOT,chr12,64404392,+
MILR1,chr17,64449037,+
ZBTB25,chr14,64505213,-
TBK1,chr12,64452090,+
LGALSL,chr2,64453969,+
ZNF609,chr15,64460578,+
AKAP5,chr14,64465499,+
CACHD1,chr1,64470129,+
POLG2,chr17,64497054,-
DDX5,chr17,64508199,-
ZBTB1,chr14,64503712,+
RGS7BP,chr5,64506015,+
CEP95,chr17,64506975,+
RASSF3,chr12,64507001,+
ADAMTS9,chr3,64688000,-
ZNF680,chr7,64563075,-
AFTPH,chr2,64524299,+
HSPA2,chr14,64535905,+
SMURF2,chr17,64662307,-
PPP1R36,chr14,64549961,+
SLC22A11,chr11,64555690,+
BHLHE22,chr8,64580365,+
CYP7B1,chr8,64798737,-
SLC22A12,chr11,64590641,+
NRXN2,chr11,64723197,-
SERTAD2,chr2,64751005,-
ZNF107,chr7,64666130,+
OAZ2,chr15,64703281,-
SHISAL2B,chr5,64690503,+
PLEKHG3,chr14,64704102,+
GNS,chr12,64759431,-
SREK1IP1,chr5,64768691,-
RASGRP2,chr11,64745456,-
RBPMS2,chr15,64775589,-
RAVER2,chr1,64745075,+
SPTB,chr14,64879907,-
PYGM,chr11,64759974,-
TBC1D30,chr12,64759484,+
ENSG00000288591,chr12,64759496,+
SF1,chr11,64778786,-
CWC27,chr5,64766368,+
MAP4K2,chr11,64803241,-
ZNF138,chr7,64794388,+
MEN1,chr11,64811294,-
PIF1,chr15,64825668,-
CDC42BPG,chr11,64844653,-
JAK1,chr1,65067754,-
PLEKHO2,chr15,64841883,+
ENSG00000249240,chr15,64841948,+
EHD1,chr11,64888296,-
LRRC37A3,chr17,64919480,-
ZNF273,chr7,64870172,+
ATG2A,chr11,64917209,-
ANKDD1A,chr15,64911902,+
CHURC1,chr14,64914361,+
CHURC1-FNTB,chr14,64914493,+
ZC4H2,chrX,65034713,-
PPP2R5B,chr11,64917553,+
GPHA2,chr11,64935893,-
MAJIN,chr11,64972108,-
GPX2,chr14,64942745,-
CDH11,chr16,65126112,-
RAB15,chr14,64972935,-
SPG21,chr15,64990310,-
ZNF117,chr7,65006687,-
FNTB,chr14,64986895,+
BATF2,chr11,64997018,-
SLC1A4,chr2,64988477,+
ERV3-1,chr7,65006743,-
MTFMT,chr15,65029639,-
MAX,chr14,65102695,-
GNA13,chr17,65056740,-
ARL2,chr11,65014160,+
ARL2-SNX15,chr11,65014182,+
SNX15,chr11,65027439,+
ZC3H12B,chrX,65034788,+
SAC3D1,chr11,65040901,+
NAALADL1,chr11,65058553,-
SLC51B,chr15,65045387,+
WIF1,chr12,65121305,-
RASL12,chr15,65076690,-
CEP68,chr2,65056354,+
CDCA5,chr11,65084047,-
RAB1A,chr2,65130106,-
KBTBD13,chr15,65076746,+
ZFPL1,chr11,65084222,+
TMEM262,chr11,65089375,-
VPS51,chr11,65089324,+
UBAP1L,chr15,65115200,-
RGS9,chr17,65100812,+
TM7SF2,chr11,65111845,+
ZNHIT2,chr11,65117701,-
PDCD7,chr15,65133808,-
FAU,chr11,65122177,-
SYVN1,chr11,65134532,-
MRPL49,chr11,65122183,+
AK4,chr1,65147549,+
CLPX,chr15,65185342,-
ADAMTS6,chr5,65481920,-
LEMD3,chr12,65169583,+
SPDYC,chr11,65170233,+
CAPN1,chr11,65180566,+
CILP,chr15,65211473,-
ACTR2,chr2,65227831,+
PARP16,chr15,65300618,-
DNAJC6,chr1,65248219,+
POLA2,chr11,65261913,+
ENSG00000285816,chr11,65261928,+
MSRB3,chr12,65278643,+
FOXD4L5,chr9,65285209,-
ZC3H11C,chr6,65301476,+
SPRED2,chr2,65432637,-
CDC42EP2,chr11,65314866,+
EPHA5,chr4,65670495,-
IGDCC3,chr15,65378002,-
DPF2,chr11,65333852,+
MAGI1,chr3,66038918,-
TIGD3,chr11,65354751,+
ZNF92,chr7,65373799,+
SLC25A45,chr11,65382674,-
IGDCC4,chr15,65422947,-
FRMD8,chr11,65386621,+
FUT8,chr14,65410592,+
LEPROT,chr1,65420587,+
LEPR,chr1,65420652,+
LAS1L,chrX,65534798,-
DPP8,chr15,65517704,-
CENPK,chr5,65563168,-
SCYL1,chr11,65525077,+
AXIN2,chr17,65561648,-
HACD3,chr15,65530418,+
ENSG00000266076,chr17,65641033,-
LTBP3,chr11,65558930,-
PPWD1,chr5,65563239,+
ZNRD2,chr11,65570460,+
FAM89B,chr11,65572349,+
EHBP1L1,chr11,65576046,+
INTS14,chr15,65611289,-
MSN,chrX,65588377,+
TRIM23,chr5,65625975,-
KCNK7,chr11,65595996,-
MAP3K11,chr11,65615382,-
ARMC1,chr8,65634217,-
SLC24A1,chr15,65611378,+
PCNX3,chr11,65615776,+
TRAPPC13,chr5,65624789,+
SHLD3,chr5,65625027,+
CEP112,chr17,66192133,-
SIPA1,chr11,65638101,+
MTFR1,chr8,65644734,+
RELA,chr11,65663090,-
DENND4A,chr15,65792293,-
SGTB,chr5,65723035,-
ZNG1E,chr9,65668805,+
KAT5,chr11,65711996,+
RNASEH2C,chr11,65720801,-
PDE7A,chr8,65842322,-
NLN,chr5,65722205,+
RAB11A,chr15,65726054,+
FOXD4L4,chr9,65737146,+
CDH7,chr18,65750252,+
AP5B1,chr11,65780976,-
OVOL1,chr11,65787063,+
PDE4B,chr1,65792514,+
CFL1,chr11,65862026,-
HMGA2,chr12,65824460,+
SNX32,chr11,65833943,+
MUS81,chr11,65857126,+
EFEMP2,chr11,65873592,-
VKORC1L1,chr7,65873074,+
CTSW,chr11,65879809,+
ERBIN,chr5,65883128,+
FIBP,chr11,65888531,-
CCDC85B,chr11,65890673,+
FOSL1,chr11,65900573,-
MEGF11,chr15,66253756,-
CTNNA3,chr10,67763637,-
C11orf68,chr11,65919062,-
DRAP1,chr11,65919274,+
TSGA10IP,chr11,65945480,+
GUSB,chr7,65982213,-
SART1,chr11,65961729,+
EIF1AD,chr11,66002176,-
BANF1,chr11,66002228,+
CST6,chr11,66012008,+
CATSPER1,chr11,66026479,-
DNAJC5B,chr8,66021553,+
VSIG4,chrX,66040125,-
GAL3ST3,chr11,66049161,-
SF3B2,chr11,66050729,+
PACS1,chr11,66070272,+
ASL,chr7,66075819,+
ENSG00000249319,chr7,66087761,+
CRCP,chr7,66114826,+
LLPH,chr12,66130750,-
ENSG00000228144,chr12,66169985,-
TRIM55,chr8,66126896,+
SLC25A26,chr3,66133610,+
TMBIM4,chr12,66170012,-
SREK1,chr5,66139971,+
HEPH,chrX,66162671,+
CRH,chr8,66178464,-
IRAK3,chr12,66189195,+
TPST1,chr7,66205317,+
APOH,chr17,66256525,-
KLC2,chr11,66257294,+
RAB1B,chr11,66268590,+
CNIH2,chr11,66278175,+
YIF1A,chr11,66289184,-
TMEM151A,chr11,66291894,+
DIS3L,chr15,66293217,+
HELB,chr12,66302493,+
PRKCA,chr17,66302613,+
PCDH9,chr13,67230445,-
CD248,chr11,66317044,-
RIN1,chr11,66336840,-
TIPIN,chr15,66386746,-
BRMS1,chr11,66345119,-
B4GAT1,chr11,66347629,-
GRIP1,chr12,67069162,-
SLC29A2,chr11,66372214,-
CDH5,chr16,66366691,+
LRIG1,chr3,66501263,-
MAP2K1,chr15,66386912,+
CCDC196,chr14,66411704,+
NPAS4,chr11,66421035,+
BEAN1,chr16,66427295,+
RRS1,chr8,66429014,+
ENSG00000285655,chr8,66430185,+
ENSG00000285791,chr8,66454097,+
ADHFE1,chr8,66432492,+
MEIS1,chr2,66433452,+
MRPL11,chr11,66466738,-
PELI3,chr11,66466327,+
ENSG00000260851,chr16,66513811,-
DPP3,chr11,66480013,+
SNAPC5,chr15,66497762,-
VXN,chr8,66492326,+
RPL4,chr15,66524532,-
CDH19,chr18,66604090,-
ZWILCH,chr15,66504959,+
GPHN,chr14,66507407,+
TK2,chr16,66552544,-
ENSG00000256349,chr11,66509079,+
BBS1,chr11,66510634,+
ZDHHC24,chr11,66546235,-
SGIP1,chr1,66533267,+
ACTN3,chr11,66546395,+
LCTL,chr15,66565998,-
CKLF,chr16,66552569,+
CKLF-CMTM1,chr16,66552613,+
MYBL1,chr8,66613294,-
CTSF,chr11,66568879,-
CMTM1,chr16,66566393,+
CMTM2,chr16,66579448,+
CCDC87,chr11,66593063,-
CCS,chr11,66593185,+
EDA2R,chrX,66639298,-
MAST4,chr5,66596380,+
CMTM3,chr16,66603874,+
CMTM4,chr16,66696743,-
RBM14,chr11,66616626,+
RBM14-RBM4,chr11,66616626,+
VCPIP1,chr8,66667231,-
KCTD7,chr7,66628881,+
ENSG00000284461,chr7,66628958,+
RBM4,chr11,66638667,+
RBM4B,chr11,66677887,-
C8orf44,chr8,66667475,+
C8orf44-SGK3,chr8,66667596,+
RABGEF1,chr7,66740733,+
SPTBN2,chr11,66744670,-
SMAD6,chr15,66702236,+
SGK3,chr8,66712734,+
DYNC1LI2,chr16,66751609,-
TOP6BL,chr11,66744451,+
DYNLT5,chr1,66752459,+
TERB1,chr16,66801611,-
INSL5,chr1,66801276,-
NAE1,chr16,66873256,-
DNAI4,chr1,66924856,-
CACNG5,chr17,66835117,+
RCE1,chr11,66843437,+
CA7,chr16,66844414,+
PC,chr11,66958386,-
ZNF658,chr9,66856426,+
LRFN4,chr11,66856647,+
MCMDC2,chr8,66870749,+
PDP2,chr16,66878589,+
CDH16,chr16,66918917,-
TMEM248,chr7,66921225,+
RRAD,chr16,66925535,-
MIER1,chr1,66924895,+
LRRTM3,chr10,66926036,+
ENSG00000289325,chr10,66926308,+
CIAO2B,chr16,66934402,-
CES2,chr16,66934444,+
TCF24,chr8,66962591,-
CES3,chr16,66961245,+
PPP1R42,chr8,67056604,-
CACNG4,chr17,66964707,+
C11orf86,chr11,66975277,+
SPATA31A3,chr9,66992550,-
SBDS,chr7,66995693,-
CES4A,chr16,66988589,+
TYW1,chr7,66995173,+
KBTBD8,chr3,66998307,+
SLC35D1,chr1,67054148,-
SYT12,chr11,67006778,+
CBFB,chr16,67028984,+
COPS5,chr8,67083783,-
CACNG1,chr17,67044554,+
RHOD,chr11,67056847,+
CSPP1,chr8,67062417,+
SMAD3,chr15,67063763,+
HELZ,chr17,67245989,-
C1orf141,chr1,67231853,-
PHAF1,chr16,67109941,+
KDM2A,chr11,67119263,+
IL23R,chr1,67138987,+
B3GNT9,chr16,67150998,-
TRADD,chr16,67159909,-
FBXL8,chr16,67159932,+
ENSG00000265690,chr16,67164141,+
HSF4,chr16,67164745,+
NOL3,chr16,67170154,+
ARFGEF1,chr8,67343781,-
MATCAP1,chr16,67184040,-
CD180,chr5,67196799,-
EXOC3L1,chr16,67190185,-
GARIN2,chr14,67189393,+
E2F4,chr16,67192155,+
ELMO3,chr16,67199111,+
AAGAB,chr15,67255195,-
FBXL9P,chr16,67226998,-
TMEM208,chr16,67227120,+
FHOD1,chr16,67247481,-
SLC9A5,chr16,67246915,+
PALS1,chr14,67240713,+
IQCH,chr15,67254786,+
GRK2,chr11,67266473,+
CAND1,chr12,67269358,+
SPDYE21,chr7,67276941,+
PLEKHG4,chr16,67277510,+
ANKRD13D,chr11,67289303,+
KCTD19,chr16,67326741,-
ATP6V1D,chr14,67360265,-
SSH3,chr11,67303478,+
IL12RB2,chr1,67307364,+
RAD9A,chr11,67317871,+
LRRC36,chr16,67326798,+
PSMD12,chr17,67366605,-
POLD4,chr11,67356972,-
ENSG00000256514,chr11,67373584,-
EIF2S1,chr14,67360328,+
SUCLG2,chr3,67654612,-
CLCF1,chr11,67374177,-
PITPNC1,chr17,67377281,+
PLEK2,chr14,67412167,-
TPPP3,chr16,67393518,-
ZDHHC1,chr16,67416477,-
ETAA1,chr2,67397324,+
PPP1CA,chr11,67421183,-
TBC1D10C,chr11,67403915,+
SERBP1,chr1,67430415,-
CARNS1,chr11,67414968,+
CPA6,chr8,67746360,-
RPS6KB2,chr11,67428494,+
HSD11B2,chr16,67430652,+
PTPRCAP,chr11,67437682,-
CORO1B,chr11,67443821,-
ATP6V0D1,chr16,67481157,-
TMEM229B,chr14,67533739,-
GPR152,chr11,67452729,-
CABP4,chr11,67452406,+
TMEM134,chr11,67469251,-
AIP,chr11,67468174,+
CENPC,chr4,67545503,-
AGRP,chr16,67483547,-
PITPNM1,chr11,67506263,-
CDK2AP2,chr11,67508162,-
DSEL,chr18,67516720,-
RIPOR1,chr16,67518418,+
CABP2,chr11,67524517,-
C15orf61,chr15,67521131,+
PLEKHH1,chr14,67533290,+
MAP2K5,chr15,67542703,+
AR,chrX,67544021,+
STAP1,chr4,67558727,+
CTCF,chr16,67562467,+
PIGH,chr14,67600268,-
GSTP1,chr11,67583742,+
NDUFV1,chr11,67605653,+
UBA6,chr4,67701155,-
ARG2,chr14,67619920,+
NUDT8,chr11,67629937,-
TBX10,chr11,67639763,-
ACY3,chr11,67650730,-
CARMIL2,chr16,67645004,+
VTI1B,chr14,67674632,-
DYRK2,chr12,67648338,+
ACD,chr16,67660810,-
ENSG00000258466,chr14,67690367,-
PARD6A,chr16,67660946,+
ALDH3B2,chr11,67681224,-
ENKD1,chr16,67666750,-
C16orf86,chr16,67666814,+
GFOD2,chr16,67719339,-
RDH11,chr14,67695764,-
GADD45A,chr1,67685201,+
GNG12,chr1,67833467,-
RDH12,chr14,67701886,+
NOL11,chr17,67717931,+
RANBP10,chr16,67806560,-
ZFYVE26,chr14,67816590,-
GNRHR,chr4,67754388,-
DNAJC12,chr10,67838188,-
TSNAXIP1,chr16,67806765,+
SKOR1,chr15,67819704,+
RAD51B,chr14,67819779,+
TMPRSS11D,chr4,67884002,-
BPTF,chr17,67825503,+
CENPT,chr16,67847811,-
ANKRD20A1,chr9,67832765,+
THAP11,chr16,67842320,+
NUTF2,chr16,67846882,+
EDC4,chr16,67873052,+
SIRT1,chr10,67884656,+
NRN1L,chr16,67884885,+
PSKH1,chr16,67893254,+
TMPRSS11A,chr4,67964140,-
HERC4,chr10,68075301,-
CTRL,chr16,67932113,-
ENSG00000261884,chr16,67936017,-
PSMB10,chr16,67936850,-
LCAT,chr16,67944120,-
SLC12A4,chr16,67969601,-
OPHN1,chrX,68433913,-
PREX2,chr8,67952046,+
DPEP3,chr16,67980549,-
DPEP2,chr16,68000564,-
DUS2,chr16,67987746,+
C17orf58,chr17,67996469,-
UNC93B1,chr11,68004982,-
TAFA1,chr3,68004247,+
ALDH3B1,chr11,68008578,+
DPEP2NB,chr16,68015911,-
DDX28,chr16,68023232,-
NDUFS8,chr11,68030665,+
KPNA2,chr17,68035636,+
TCIRG1,chr11,68039025,+
C1D,chr2,68110948,-
DIRAS3,chr1,68051717,-
CHKA,chr11,68121444,-
TMPRSS11F,chr4,68129869,-
PIAS1,chr15,68054315,+
NFATC3,chr16,68084751,+
MYPN,chr10,68087897,+
WLS,chr1,68233120,-
DNAAF10,chr2,68157546,-
ENSG00000273398,chr2,68261230,-
IFNG,chr12,68159740,-
KMT5B,chr11,68213852,-
PNO1,chr2,68157888,+
PPP3R1,chr2,68256237,-
ENSG00000260007,chr15,68229718,-
CALML4,chr15,68206079,-
IL26,chr12,68225810,-
AMZ2,chr17,68205481,+
CLN6,chr15,68257106,-
PIK3R1,chr5,68215741,+
TMPRSS11B,chr4,68245694,-
ESRP2,chr16,68238102,-
ATOH7,chr10,68232113,-
ZNG1C,chr9,68232003,+
PLA2G15,chr16,68245304,+
IL22,chr12,68253604,-
ARSG,chr17,68259182,+
C11orf24,chr11,68272001,-
SLC7A6,chr16,68264516,+
SLC16A6,chr17,68291267,-
MDM1,chr12,68332381,-
FEM1B,chr15,68277745,+
PBLD,chr10,68333049,-
CNRIP1,chr2,68320051,-
SLC7A6OS,chr16,68310946,-
ITGA11,chr15,68432163,-
FOXD4L3,chr9,68302867,+
YTHDC1,chr4,68350090,-
PRMT7,chr16,68310974,+
LRP5,chr11,68312591,+
PGM5,chr9,68328308,+
C8orf34,chr8,68330955,+
HNRNPH3,chr10,68331174,+
RUFY2,chr10,68407294,-
SMPD3,chr16,68448508,-
PLEK,chr2,68365282,+
DNA2,chr10,68471973,-
WIPI1,chr17,68457513,-
RPE65,chr1,68449954,-
TMPRSS11E,chr4,68447463,+
FBXO48,chr2,68467294,-
PPP6R3,chr11,68460731,+
APLF,chr2,68467585,+
DEPDC1,chr1,68497221,-
SLC25A16,chr10,68527523,-
YIPF6,chrX,68498562,+
PRKAR1A,chr17,68511780,+
ZFP90,chr16,68530090,+
FAM20A,chr17,68601367,-
TMEM252,chr9,68540883,-
UGT2B17,chr4,68576413,-
TET1,chr10,68560337,+
CORO2B,chr15,68578993,+
RAP1B,chr12,68610855,+
ADGRB3,chr6,68635282,+
ENSG00000288712,chr6,68635890,+
CDH3,chr16,68636189,+
PROKR1,chr2,68643579,+
UGT2B15,chr4,68670652,-
STARD8,chrX,68647666,+
TMX3,chr18,68715108,-
ARHGAP25,chr2,68679601,+
GAL,chr11,68683779,+
NUP107,chr12,68686951,+
PIP5K1B,chr9,68705240,+
TESMIN,chr11,68751520,-
CCDC102B,chr18,68715209,+
CCAR1,chr10,68721012,+
TAFA4,chr3,68953297,-
CDH1,chr16,68737292,+
SLC35E3,chr12,68746135,+
CPT1A,chr11,68844410,-
ANP32A,chr15,68820895,-
PABIR1,chr9,68780065,+
ZFP36L1,chr14,68796253,-
MDM2,chr12,68808177,+
UGT2B10,chr4,68815994,+
SPESP1,chr15,68818221,+
STOX1,chr10,68827531,+
EFNB1,chrX,68829021,+
CPM,chr12,68971570,-
TANGO6,chr16,68843531,+
BMP10,chr2,68871397,-
ABCA8,chr17,68955392,-
ACTN1,chr14,68979440,-
MRPL21,chr11,68903832,-
DDX50,chr10,68901315,+
IGHMBP2,chr11,68903863,+
UGT2A3,chr4,68951804,-
SPESP1-NOX5,chr15,68930504,+
GKN2,chr2,68952893,-
DDX21,chr10,68956135,+
ABCA9,chr17,69060949,-
GKN1,chr2,68974573,+
EOGT,chr3,69013684,-
MRGPRD,chr11,68980986,-
KIFBP,chr10,68988803,+
MRGPRF,chr11,69013246,-
PRKACG,chr9,69014113,-
ANTXR1,chr2,69013179,+
NOX5,chr15,69014695,+
TMF1,chr3,69052339,-
ENSG00000285130,chr9,69035750,+
FXN,chr9,69035752,+
TPCN2,chr11,69048932,+
DCAF5,chr14,69153119,-
UGT2B7,chr4,69051363,+
UBA3,chr3,69080408,-
ENSG00000287725,chr11,69072915,+
ABCA6,chr17,69141895,-
ARL6IP5,chr3,69084937,+
SRGN,chr10,69088103,+
SLC30A5,chr5,69093991,+
HAS3,chr16,69105653,+
LMOD3,chr3,69123032,-
CHTF8,chr16,69132588,-
DERPC,chr16,69132588,-
TJP2,chr9,69121264,+
VPS26A,chr10,69123512,+
UTP4,chr16,69131291,+
ABCA10,chr17,69244846,-
SMIM38,chr11,69155478,+
GLCE,chr15,69160584,+
PJA1,chrX,69165521,-
CCNB1,chr5,69167135,+
FRMD4B,chr3,69542583,-
SUPV3L1,chr10,69180234,+
SNTB2,chr16,69187164,+
CENPH,chr5,69189574,+
EXD2,chr14,69191498,+
UGT2B11,chr4,69214748,-
KGD4,chr5,69217760,+
HKDC1,chr10,69220332,+
CDK7,chr5,69234795,+
CPSF6,chr12,69239569,+
ABCA5,chr17,69327244,-
GALNT16,chr14,69259277,+
HK1,chr10,69269984,+
CCDC125,chr5,69332809,-
UGT2B28,chr4,69280475,+
MYEOV,chr11,69294151,+
PAQR5,chr15,69298912,+
ENSG00000260914,chr16,69299682,+
VPS4A,chr16,69311350,+
GFPT1,chr2,69387248,-
COG8,chr16,69339583,-
ENTREP1,chr9,69324567,+
PDF,chr16,69330588,-
ENSG00000272617,chr16,69334871,-
ENSG00000260371,chr16,69356306,-
ENSG00000259900,chr16,69351730,-
NIP7,chr16,69339568,+
TMED6,chr16,69351786,-
LYZ,chr12,69348381,+
AK6,chr5,69370013,-
TERF2,chr16,69408571,-
YEATS4,chr12,69359710,+
TAF9,chr5,69370013,-
RAD17,chr5,69369293,+
ERH,chr14,69398299,-
NFU1,chr2,69437628,-
SLC39A9,chr14,69398015,+
CYB5B,chr16,69398402,+
DOK6,chr18,69400888,+
TACR2,chr10,69416918,-
KIF23,chr15,69414246,+
MAP2K6,chr17,69414697,+
MARVELD2,chr5,69415065,+
APBA1,chr9,69672371,-
TSPAN15,chr10,69451465,+
RPLP1,chr15,69452814,+
AAK1,chr2,69674349,-
SULF1,chr8,69466624,+
FRS2,chr12,69470349,+
UGT2B4,chr4,69526014,-
PLEKHD1,chr14,69484728,+
OCLN,chr5,69492292,+
NALF2,chrX,69504326,+
GTF2H2C,chr5,69560191,+
NFAT5,chr16,69565966,+
LRRC7,chr1,69567922,+
CCDC177,chr14,69574871,-
NEUROG3,chr10,69573422,-
CCT2,chr12,69585459,+
UGT2A2,chr4,69639642,-
UGT2A1,chr4,69653249,-
AUTS2,chr7,69598296,+
LRRC10,chr12,69610907,-
SUSD6,chr14,69611596,+
EDA,chrX,69616067,+
FAM241B,chr10,69630247,+
ENSG00000250138,chr5,69632080,+
CCND1,chr11,69641156,+
BEST3,chr12,69699476,-
ANXA4,chr2,69644425,+
LTO1,chr11,69675416,-
SLCO5A1,chr8,69834978,-
LMBRD1,chr6,69867236,-
FGF19,chr11,69704022,-
KLHL1,chr13,70108493,-
NQO1,chr16,69726668,-
PTAR1,chr9,69760011,-
SULT1B1,chr4,69787961,-
SRSF5,chr14,69726900,+
RAB3IP,chr12,69738860,+
MITF,chr3,69739456,+
NOB1,chr16,69754926,-
WWP2,chr16,69762328,+
FGF4,chr11,69775341,-
SLC10A1,chr14,69797241,-
ENSG00000258052,chr12,69801669,+
COL13A1,chr10,69801880,+
FGF3,chr11,69819416,-
ENSG00000284695,chr4,69847786,-
CFAP95,chr9,69820817,+
MYRFL,chr12,69825227,+
GMCL1,chr2,69829660,+
CD226,chr18,69961803,-
SULT1E1,chr4,69860145,-
SMOC1,chr14,69854131,+
COL19A1,chr6,69866556,+
SNRNP27,chr2,69893956,+
MXD1,chr2,69897688,+
ENSG00000251158,chr5,69903085,-
CSN1S1,chr4,69931068,+
CLEC18A,chr16,69950705,+
CSN2,chr4,69965728,-
ASPRV1,chr2,69961631,-
ENSG00000293615,chr2,70087320,-
ANO1,chr11,69985907,+
STATH,chr4,69995966,+
RTTN,chr18,70205687,-
SERF1B,chr5,70025251,+
HTN3,chr4,70028455,+
AWAT2,chrX,70049938,-
MAMDC2,chr9,70043848,+
SLC8A3,chr14,70189480,-
TLE3,chr15,70098176,-
SMN2,chr5,70049638,+
HTN1,chr4,70050438,+
PRDM14,chr8,70071693,-
MACROH2A2,chr10,70052588,+
KCNJ16,chr17,70053429,+
OTUD6A,chrX,70062457,+
PCBP1,chr2,70087477,+
AIFM2,chr10,70132934,-
NCOA2,chr8,70403808,-
PDPR,chr16,70114332,+
IGBP1,chrX,70133447,+
PRR27,chr4,70133616,+
TYSND1,chr10,70146700,-
LRRC40,chr1,70205579,-
SAR1A,chr10,70170523,-
C2orf42,chr2,70248615,-
KCNJ2,chr17,70168673,+
CLEC18C,chr16,70173322,+
DGAT2L6,chrX,70177483,+
MDFIC2,chr3,70312638,-
ODAM,chr4,70195725,+
PPA1,chr10,70233911,-
FADD,chr11,70203296,+
SRSF11,chr1,70205682,+
TIA1,chr2,70248660,-
COL9A1,chr6,70303084,-
FDCSP,chr4,70226124,+
AWAT1,chrX,70234655,+
CSN3,chr4,70238382,+
CNOT2,chr12,70243002,+
EXOSC6,chr16,70251940,-
NPFFR1,chr10,70284004,-
AARS1,chr16,70289707,-
PCYOX1,chr2,70257386,+
P2RY4,chrX,70260204,-
SMC5,chr9,70258978,+
ANKRD13C,chr1,70354734,-
ARR3,chrX,70268305,+
PPFIA1,chr11,70270690,+
PDZD11,chrX,70290514,-
SNRPG,chr2,70293740,-
RAB41,chrX,70282093,+
SOCS6,chr18,70289045,+
DDX19B,chr16,70289663,+
KIF4A,chrX,70290104,+
FAM136A,chr2,70302067,-
LRRC20,chr10,70382650,-
ENSG00000260537,chr16,70299214,+
COX16,chr14,70416984,-
SYNJ2BP-COX16,chr14,70417074,-
CABS1,chr4,70334981,+
DDX19A,chr16,70346861,+
ANKRD13C-DT,chr1,70354780,+
SMR3A,chr4,70360760,+
KCNMB4,chr12,70366290,+
SYNJ2BP,chr14,70417090,-
SMR3B,chr4,70370093,+
ST3GAL2,chr16,70439237,-
KLF9,chr9,70414657,-
OPRPN,chr4,70397931,+
CTTN,chr11,70398404,+
EIF4EBP2,chr10,70404145,+
CTH,chr1,70411218,+
FAM135A,chr6,70412941,+
ADAM21,chr14,70417107,+
GDPD2,chrX,70423031,+
MUC7,chr4,70430492,+
NODAL,chr10,70447951,-
DLG3,chrX,70444835,+
TGFA,chr2,70554193,-
FCSK,chr16,70454595,+
SHANK2,chr11,71252577,-
PALD1,chr10,70478767,+
COG4,chr16,70523560,-
ENSG00000293691,chr5,70487719,+
ENSG00000293689,chr5,70508196,+
PTPRB,chr12,70637429,-
AMTN,chr4,70518569,+
ADAM20,chr14,70535015,-
SF3B3,chr16,70523791,+
TEX11,chrX,70908711,-
TRPM3,chr9,71446977,-
SDHAF4,chr6,70566917,+
TRAM1,chr8,70608416,-
IL34,chr16,70579895,+
MED6,chr14,70600690,-
AMBN,chr4,70592256,+
PRF1,chr10,70602759,-
ADD2,chr2,70768225,-
ENAM,chr4,70628744,+
LACTB2,chr8,70669185,-
PTPRR,chr12,70920738,-
TTC9,chr14,70641916,+
UACA,chr15,70763558,-
JCHAIN,chr4,70681817,-
MTSS2,chr16,70686053,-
SMAP1,chr6,70667776,+
XKR9,chr8,70669339,+
ADAMTS14,chr10,70672506,+
VAC14,chr16,70801158,-
UTP3,chr4,70688532,+
RUFY3,chr4,70704204,+
MAP3K9,chr14,70809534,-
TBATA,chr10,70785401,-
FIGLA,chr2,70790643,-
HYDIN,chr16,71230722,-
CLEC4F,chr2,70820599,-
GRSF1,chr4,70839890,-
SGPL1,chr10,70815927,+
LARP6,chr15,70854157,-
CD207,chr2,70835816,-
PTGER3,chr1,71047816,-
LRRC49,chr15,70853239,+
B3GAT2,chr6,70957060,-
THAP10,chr15,70892433,-
PCBD1,chr10,70888565,-
VAX2,chr2,70900576,+
SERF1A,chr5,70900669,+
MOB1B,chr4,70902326,+
PCNX1,chr14,70907459,+
SMN1,chr5,70925030,+
SLC7A3,chrX,70931125,-
ATP6V1B1,chr2,70935900,+
ENSG00000258881,chr2,70995336,-
FOXP1,chr3,71583978,-
ENSG00000285708,chr3,71754229,-
NAIP,chr5,71025339,-
TEX261,chr2,70994873,-
ANKRD53,chr2,70978380,+
DCK,chr4,70992538,+
GTF2H2,chr5,71067676,-
SNX12,chrX,71073426,-
SLC4A4,chr4,71062667,+
ZRANB2,chr1,71081289,-
NAGK,chr2,71064344,+
FOXO4,chrX,71095851,+
THSD4,chr15,71096952,+
CXorf65,chrX,71106740,-
ENSG00000285171,chrX,71111575,-
IL2RG,chrX,71112108,-
MCEE,chr2,71130239,-
MED12,chrX,71118543,+
TSPAN8,chr12,71441898,-
MPHOSPH10,chr2,71130310,+
GALNT17,chr7,71132144,+
NLGN3,chrX,71144821,+
PAIP2B,chr2,71227103,-
EYA1,chr8,71568767,-
UNC5B,chr10,71212570,+
GJB1,chrX,71212811,+
ZMYM3,chrX,71255146,-
NONO,chrX,71254814,+
ZNF638,chr2,71276561,+
CMTR2,chr16,71289715,-
OGFRL1,chr6,71288811,+
ITGB1BP2,chrX,71301750,+
SLC29A3,chr10,71319259,+
SIPA1L1,chr14,71320449,+
CALB2,chr16,71358713,+
TAF1,chrX,71366136,+
NEGR1,chr1,72282539,-
CDH23,chr10,71396920,+
DHCR7,chr11,71452868,-
TLE7,chr16,71442054,-
DACH1,chr13,71867204,-
LGR5,chr12,71439798,+
ZNF23,chr16,71463095,-
ENSG00000261611,chr16,71489311,-
NADSYN1,chr11,71453203,+
DYSF,chr2,71453561,+
BDP1,chr5,71455651,+
ZNF19,chr16,71565089,-
CHST4,chr16,71525233,+
KRTAP5-7,chr11,71527267,+
OGT,chrX,71533101,+
KRTAP5-8,chr11,71538025,+
KRTAP5-9,chr11,71548420,+
KRTAP5-10,chr11,71565563,+
TAT,chr16,71577092,-
GCNA,chrX,71578437,+
MCCC2,chr5,71579531,+
KRTAP5-11,chr11,71603353,-
ZFC3H1,chr12,71667725,-
CXCR3,chrX,71618511,-
MARVELD3,chr16,71626161,+
PHLPP2,chr16,71724701,-
THAP2,chr12,71664301,+
ENSG00000283599,chrX,71667542,+
ENSG00000258064,chr12,71674204,+
EIF4E3,chr3,71754773,-
CEMIP2,chr9,71816690,-
TMEM19,chr12,71686082,+
C10orf105,chr10,71737824,-
CXorf49,chrX,71718285,-
CARTPT,chr5,71719275,+
AP1G1,chr16,71809201,-
GC,chr4,71804041,-
VSIR,chr10,71773520,-
GPR27,chr3,71753855,+
RAB21,chr12,71754863,+
CXorf49B,chrX,71763349,+
PROK2,chr3,71785206,-
CALN1,chr7,72447151,-
FAM86C1P,chr11,71787537,+
NR2E3,chr15,71792638,+
XNDC1N-ZNF705EP-ALG1L9P,chr11,71818238,-
ATXN1L,chr16,71808439,+
PSAP,chr10,71851251,-
ZNF705EP,chr11,71821548,-
MYO9A,chr15,72118577,-
DEFB108B,chr11,71833200,+
TBC1D15,chr12,71839707,+
MSC,chr8,71844412,-
IST1,chr16,71845996,+
ZNF821,chr16,71895336,-
ABHD17B,chr9,71911193,-
XNDC1N,chr11,71928654,-
DEFB131B,chr11,71878453,+
RIMS1,chr6,71886550,+
NHSL2,chrX,71910845,+
C9orf85,chr9,71911545,+
RNF121,chr11,71929032,+
PKD1L3,chr16,72000402,-
RGS6,chr14,71932429,+
TPH2,chr12,71938845,+
CHST3,chr10,71964395,+
IL18BP,chr11,71998613,+
NUMA1,chr11,72080693,-
DHODH,chr16,72008588,+
TRPA1,chr8,72075584,-
NPFFR2,chr4,72031902,+
ENSG00000310525,chr16,72093557,-
C9orf57,chr9,72072721,-
HP,chr16,72054505,+
SPOCK2,chr10,72089032,-
HPR,chr16,72063226,+
LRTOMT,chr11,72080331,+
LRRC51,chr11,72080337,+
TXNL4B,chr16,72094431,-
LAMTOR1,chr11,72103297,-
TRHDE,chr12,72087266,+
DHX38,chr16,72093613,+
ASCC1,chr10,72217134,-
TOMT,chr11,72105924,+
ANAPC15,chr11,72112780,-
MAP1B,chr5,72107234,+
PMFBP1,chr16,72176878,-
SENP8,chr15,72114258,+
GDA,chr9,72114595,+
FOLR3,chr11,72114869,+
SOX9,chr17,72121020,+
RTL5,chrX,72131915,-
CYP26B1,chr2,72147862,-
GRAMD2A,chr15,72197787,-
EXOC6B,chr2,72826041,-
PIN4,chrX,72181676,+
FOLR1,chr11,72189558,+
PKM,chr15,72231819,-
ERCC6L,chrX,72239027,-
MRPS27,chr5,72321717,-
ANAPC16,chr10,72216000,+
FOLR2,chr11,72216601,+
INPPL1,chr11,72223701,+
PHOX2A,chr11,72245664,-
PARP6,chr15,72272999,-
RPS4X,chrX,72277248,-
ENSG00000273025,chr15,72319946,-
DDIT4,chr10,72273924,+
ADAMTS3,chr4,72569221,-
CELF6,chr15,72320157,-
ENSG00000260729,chr15,72375981,-
CLPB,chr11,72434629,-
CITED1,chrX,72307187,-
ENSG00000285547,chrX,72572843,-
PTCD2,chr5,72320367,+
HDAC8,chrX,72573101,-
DNAJB12,chr10,72355149,-
HEXA,chr15,72376420,-
ZFAND5,chr9,72365235,-
MICU1,chr10,72626131,-
RYBP,chr3,72446621,-
TMEM202,chr15,72398302,+
ZNF366,chr5,72507410,-
ARIH1,chr15,72474330,+
TMC1,chr9,72521608,+
CBLN2,chr18,72638521,-
KCNB2,chr8,72537225,+
TYW1B,chr7,72828200,-
PDE2A,chr11,72674591,-
PHKA1,chrX,72714319,-
DPF3,chr14,72894101,-
KCNQ5,chr6,72621792,+
SLC39A11,chr17,73092712,-
GOLGA6B,chr15,72654697,+
HIGD2B,chr15,72686182,-
ARAP1,chr11,72793599,-
BBS4,chr15,72686186,+
MCU,chr10,72692143,+
MZT1,chr13,72727629,-
BORA,chr13,72727749,+
NETO1,chr18,72868146,-
SHQ1,chr3,72861914,-
ADPGK,chr15,72785846,-
DIS3,chr13,72782096,-
STARD10,chr11,72794047,-
DMRTC1B,chrX,72776890,+
FAM236B,chrX,72782660,-
PIBF1,chr13,72782133,+
ZFHX3,chr16,73891871,-
FAM236D,chrX,72808210,-
ATG16L2,chr11,72814406,+
TNPO1,chr5,72816312,+
FCHSD2,chr11,73142318,-
DMRTC1,chrX,72943837,-
POM121,chr7,72879349,+
SPR,chr2,72887408,+
GXYLT2,chr3,72888046,+
OIT3,chr10,72893584,+
ALDH1A1,chr9,73080442,-
FAM236C,chrX,72912615,+
EMX1,chr2,72916260,+
DCAF4,chr14,72926377,+
PLA2G12B,chr10,72954806,-
FAM236A,chrX,72938163,+
SFXN5,chr2,73075619,-
FCHO2,chr5,72956041,+
TRIM74,chr7,72969466,-
ZFYVE1,chr14,73027131,-
PPP4R2,chr3,72996811,+
PABPC1L2B,chrX,73002939,+
P4HA1,chr10,73096974,-
TERF1,chr8,73008860,+
SPDYE8,chr7,73029766,-
SPDYE11,chr7,73057911,-
NEO1,chr15,73051710,+
COX18,chr4,73069755,-
KLF5,chr13,73054976,+
RBM25,chr14,73058532,+
EBLN2,chr3,73061659,+
SBSPON,chr8,73124088,-
ANKRD17,chr4,73258798,-
RAB11FIP5,chr2,73156721,-
SPDYE9,chr7,73086038,-
PABPC1L2A,chrX,73079512,-
SPDYE10,chr7,73155431,-
NUDT13,chr10,73110375,+
TMEM171,chr5,73120569,+
ECD,chr10,73169055,-
PSEN1,chr14,73136418,+
ANXA1,chr9,73151865,+
SSTR2,chr17,73165010,+
FAM149B1,chr10,73168119,+
TMEM174,chr5,73173193,+
DNAJC9,chr10,73247255,-
COG1,chr17,73193055,+
NOTO,chr2,73202574,+
VCF1,chr17,73236753,-
ENSG00000243501,chr6,73263196,-
NAP1L2,chrX,73214851,-
SMYD5,chr2,73214245,+
P2RY2,chr11,73218281,+
KHDC1L,chr6,73225770,-
PRADC1,chr2,73233239,-
MTNAP1,chr17,73232233,+
CCT7,chr2,73233420,+
PAPLN,chr14,73237497,+
KHDC1,chr6,73310365,-
C8orf89,chr8,73259530,-
CPSF4L,chr17,73262352,-
MRPS16,chr10,73252693,-
CFAP70,chr10,73358864,-
FBXO41,chr2,73284478,-
P2RY6,chr11,73264498,+
NUMB,chr14,73466167,-
CDC42EP4,chr17,73312005,-
RPL7,chr8,73295789,-
EGR4,chr2,73293701,-
RDH10,chr8,73294602,+
NSUN5,chr7,73308826,-
ARHGEF17,chr11,73308276,+
TRIM50,chr7,73328082,-
HCN4,chr15,73368958,-
FKBP6,chr7,73328161,+
SDK2,chr17,73644445,-
DPPA5,chr6,73354276,-
KHDC3L,chr6,73362658,+
OOEP,chr6,73395133,-
ANXA7,chr10,73414076,-
RELT,chr11,73376399,+
PDZRN3,chr3,73624941,-
ALMS1,chr2,73385758,+
DDX43,chr6,73394828,+
ALB,chr4,73397114,+
FAM168A,chr11,73598189,-
CGAS,chr6,73452297,-
STAU2,chr8,73747708,-
MSS51,chr10,73433561,-
AFP,chr4,73431138,+
FZD9,chr7,73433778,+
PPP3CB,chr10,73496024,-
BAZ1B,chr7,73522293,-
REC114,chr15,73443164,+
FOXD1,chr5,73448777,-
CDX4,chrX,73447053,+
MTO1,chr6,73461578,+
HEATR4,chr14,73558947,-
AFM,chr4,73481745,+
EEF1A1,chr6,73525587,-
RIOX1,chr14,73490933,+
USP54,chr10,73626117,-
BTF3,chr5,73498408,+
BCL7B,chr7,73557690,-
ACOT1,chr14,73537143,+
ANKRA2,chr5,73565639,-
NPTN,chr15,73634134,-
CHIC1,chrX,73563197,+
UTP15,chr5,73565443,+
TBL2,chr7,73578791,-
ACOT2,chr14,73569213,+
RASSF6,chr4,73620631,-
ACOT4,chr14,73591873,+
MLXIPL,chr7,73624543,-
SLC17A5,chr6,73653992,-
ACOT6,chr14,73610945,+
ARHGEF28,chr5,73626158,+
MYOZ1,chr10,73641474,-
NAT8,chr2,73642422,-
DNAL1,chr14,73644875,+
SYNPO2L,chr10,73663803,-
PLEKHB1,chr11,73646178,+
VPS37D,chr7,73667831,+
AGAP5,chr10,73698109,-
BMS1P4-AGAP5,chr10,73730466,-
RAB6A,chr11,73761137,-
DNAJC30,chr7,73683453,-
BUD23,chr7,73683597,+
CD276,chr15,73683966,+
KLF12,chr13,74134404,-
ENSG00000258677,chr8,73878854,-
CD109,chr6,73695785,+
STX1A,chr7,73719669,-
NAT8B,chr2,73701340,-
PNMA1,chr14,73714384,-
MIDEAS,chr14,73790285,-
TPRKB,chr2,73737400,-
INSYN1,chr15,73753351,-
ABHD11,chr7,73738852,-
CXCL8,chr4,73740541,+
SEC24C,chr10,73744372,+
DUSP11,chr2,73780173,-
CLDN3,chr7,73770270,-
FUT11,chr10,73772276,+
UBE2W,chr8,73878910,-
CHCHD1,chr10,73782047,+
C2orf78,chr2,73784183,+
ZSWIM8,chr10,73785606,+
MRPL48,chr11,73787874,+
ENSG00000272916,chr10,73811651,-
CLDN4,chr7,73799542,+
NDST2,chr10,73811798,-
CAMK2G,chr10,73874591,-
STAMBP,chr2,73828916,+
METTL27,chr7,73842516,-
CXCL6,chr4,73836640,+
PTGR2,chr14,73851831,+
ENSG00000258653,chr14,73851971,+
PF4V1,chr4,73853296,+
TMEM270,chr7,73861159,+
CXCL1,chr4,73869393,+
COA4,chr11,73876901,-
TBC1D21,chr15,73873564,+
PAAF1,chr11,73876699,+
ZNF410,chr14,73886617,+
ACTG2,chr2,73892967,+
PLAU,chr10,73909177,+
LOXL1,chr15,73926462,+
DGUOK,chr2,73926826,+
FAM161B,chr14,73950414,-
ELOC,chr8,73972307,-
COQ6,chr14,73949926,+
DNAJB13,chr11,73951026,+
ENTPD5,chr14,74019399,-
TMEM70,chr8,73972437,+
UCP2,chr11,73982843,-
STOML1,chr15,73994622,-
PF4,chr4,73982027,-
ENSG00000288796,chr4,73988160,-
TET3,chr2,73984910,+
PPBP,chr4,73988276,-
LY96,chr8,73991392,+
PML,chr15,73994673,+
VCL,chr10,73995193,+
CXCL5,chr4,73998677,-
UCP3,chr11,74009085,-
C2CD3,chr11,74171210,-
BBOF1,chr14,74019349,+
LRRIQ3,chr1,74198176,-
ELN,chr7,74027789,+
CXCL3,chr4,74038807,-
ALDH6A1,chr14,74084453,-
GOLGA6A,chr15,74082550,-
FBXO15,chr18,74147843,-
LIMK1,chr7,74082933,+
LIN52,chr14,74084956,+
CXCL2,chr4,74099195,-
ISLR2,chr15,74100311,+
MTHFD2L,chr4,74114174,+
AP3M1,chr10,74150842,-
BOLA3,chr2,74147912,-
TIMM21,chr18,74148523,+
ADK,chr10,74151202,+
MOB1A,chr2,74178898,-
PPME1,chr11,74171267,+
ISLR,chr15,74173710,+
EIF4H,chr7,74174356,+
STRA6,chr15,74212267,-
MTHFD2,chr2,74186172,+
FPGT-TNNI3K,chr1,74198235,+
FPGT,chr1,74198238,+
LAT2,chr7,74199652,+
CCDC33,chr15,74202705,+
RPL38,chr17,74203582,+
ENSG00000264324,chr2,74363377,-
TTYH2,chr17,74213571,+
SLC4A5,chr2,74343416,-
RFC2,chr7,74254458,-
JPH1,chr8,74321540,-
TNNI3K,chr1,74235387,+
P4HA3,chr11,74311640,-
VSX2,chr14,74239449,+
CYB5A,chr18,74291973,-
CNTN3,chr3,74614659,-
DNAI2,chr17,74274234,+
ABCD4,chr14,74302997,-
CLIP2,chr7,74289407,+
PSMD7,chr16,74296814,+
VRTN,chr14,74303069,+
ZCCHC13,chrX,74304180,+
EPGN,chr4,74308470,+
C18orf63,chr18,74315839,+
GDAP1,chr8,74320613,+
KIF19,chr17,74326210,+
PGM2L1,chr11,74398433,-
CYP11A1,chr15,74367646,-
BTBD17,chr17,74361868,-
DCTN1,chr2,74392087,-
EREG,chr4,74365145,+
GPR142,chr17,74367458,+
NPIPB15,chr16,74376306,+
ENSG00000159239,chr2,74421662,-
SYNDIG1L,chr14,74426210,-
CLEC18B,chr16,74421478,-
SEMA7A,chr15,74433958,-
C2orf81,chr2,74421619,-
SLC16A2,chrX,74421493,+
WDR54,chr2,74421678,+
GPRC5C,chr17,74424851,+
RTKN,chr2,74442422,-
DIPK1C,chr18,74457944,-
AREG,chr4,74445136,+
UBL7,chr15,74461182,-
GLG1,chr16,74607144,-
GTF2IRD1,chr7,74453790,+
KCNE3,chr11,74467729,-
INO80B,chr2,74455087,+
INO80B-WBP1,chr2,74455088,+
WBP1,chr2,74458400,+
MOGS,chr2,74465410,-
CD300A,chr17,74466399,+
LRRC53,chr1,74512611,-
MRPL53,chr2,74472687,-
CCDC142,chr2,74483408,-
NPC2,chr14,74494177,-
TTC31,chr2,74483081,+
LIPT2,chr11,74493724,-
ISCA2,chr14,74493756,+
POLD3,chr11,74493851,+
CNDP2,chr18,74495816,+
RORB,chr9,74497335,+
LBX2,chr2,74503316,-
LTBP2,chr14,74612237,-
PCGF1,chr2,74507695,-
TLX2,chr2,74513463,+
DQX1,chr2,74526231,-
CD300LB,chr17,74531475,-
AUP1,chr2,74529706,-
HTRA2,chr2,74529596,+
LOXL3,chr2,74555690,-
CD300C,chr17,74546115,-
CNDP1,chr18,74534500,+
ATXN7L3B,chr12,74537835,+
ARID3B,chr15,74541206,+
DOK1,chr2,74549026,+
M1AP,chr2,74648338,-
CD300H,chr17,74567343,-
ERICH3,chr1,74673792,-
CD300LD,chr17,74592283,-
RLIM,chrX,74614624,-
ZNF407,chr18,74597870,+
CLK3,chr15,74598500,+
CD300E,chr17,74623738,-
RFWD3,chr16,74666877,-
ENC1,chr5,74641424,-
EDC3,chr15,74696292,-
HEXB,chr5,74640023,+
GTF2I,chr7,74650231,+
AREL1,chr14,74713108,-
SEMA4F,chr2,74654228,+
RAB37,chr17,74670578,+
MLKL,chr16,74700960,-
CD300LF,chr17,74712978,-
CHRDL2,chr11,74731426,-
CRYZ,chr1,74733408,-
FA2H,chr16,74774820,-
FCF1,chr14,74713144,+
CYP1A1,chr15,74725536,-
GFM2,chr5,74767147,-
TRPM6,chr9,74888094,-
NEXMIF,chrX,74925472,-
TYW3,chr1,74733152,+
BTC,chr4,74794523,-
NHERF1,chr17,74748628,+
CYP1A2,chr15,74748845,+
RNF169,chr11,74748849,+
YLPM1,chr14,74763316,+
NSA2,chr5,74766991,+
NAT9,chr17,74776367,-
NCF1,chr7,74774011,+
TMEM104,chr17,74776499,+
FAM169A,chr5,74866966,-
CSK,chr15,74782080,+
ENSG00000289346,chr7,74890585,-
GTF2IRD2,chr7,74851605,-
XRRA1,chr11,74949187,-
LMAN1L,chr15,74812816,+
PI15,chr8,74824534,+
KAT6B,chr10,74824927,+
CPLX3,chr15,74826627,+
HK2,chr2,74834127,+
ULK3,chr15,74843193,-
GRIN2C,chr17,74861504,-
SCAMP2,chr15,74873365,-
PROX2,chr14,74876154,-
FDXR,chr17,74873031,-
WDR59,chr16,75000173,-
FADS6,chr17,74893781,-
DLST,chr14,74881916,+
MPI,chr15,74890005,+
FAM219B,chr15,74906883,-
RPS6KL1,chr14,74923302,-
SPDYE12,chr7,74915078,-
USH1G,chr17,74923255,-
COX5A,chr15,74938083,-
OTOP2,chr17,74922950,+
PARM1,chr4,74933095,+
OTOP3,chr17,74935898,+
PGF,chr14,74955626,-
C9orf40,chr9,74952912,-
SPCS2,chr11,74949261,+
HID1,chr17,74973166,-
RPP25,chr15,74956772,-
SCAMP5,chr15,74995542,+
POLE4,chr2,74958643,+
CASTOR2,chr7,74964705,+
CARNMT1,chr9,75028423,-
CRISPLD1,chr8,74984505,+
CDR2L,chr17,74987632,+
NEU3,chr11,74988279,+
ZNRF1,chr16,74999024,+
EIF2B2,chr14,75002921,+
MRPL58,chr17,75012670,+
MLH3,chr14,75051532,-
PPCDC,chr15,75023587,+
GCNT4,chr5,75052558,-
RCC1L,chr7,75074228,-
KCTD2,chr17,75032575,+
DUSP29,chr10,75073642,-
ATP5PD,chr17,75046985,-
KCNC2,chr12,75209839,-
TACR1,chr2,75199520,-
ABCB7,chrX,75156732,-
ACYP1,chr14,75069483,-
NMRK1,chr9,75088217,-
ZC2HC1C,chr14,75064109,+
ANKRD31,chr5,75236878,-
NEK9,chr14,75127344,-
OR2AT4,chr11,75096876,-
COL12A1,chr6,75206053,-
SLC16A5,chr17,75087727,+
OSTF1,chr9,75088514,+
GTF2IRD2B,chr7,75092573,+
DUSP13B,chr10,75106499,-
DUSP13A,chr10,75109221,-
SAMD8,chr10,75099586,+
SLCO2B1,chr11,75100563,+
ARMC7,chr17,75109952,+
LDHD,chr16,75116780,-
LHX8,chr1,75128434,+
NT5C,chr17,75131744,-
TMED10,chr14,75176612,-
JPT1,chr17,75168281,-
ZFP1,chr16,75148494,+
UPRT,chrX,75156388,+
SUMO2,chr17,75182959,-
PTGR3,chr18,75209139,-
C15orf39,chr15,75195643,+
SLC44A5,chr1,75611114,-
CTRB2,chr16,75207161,-
NUP85,chr17,75205659,+
VDAC2,chr10,75210154,+
TSHZ1,chr18,75210755,+
CTRB1,chr16,75218988,+
BCAR1,chr16,75268053,-
COMTD1,chr10,75236030,-
GGA3,chr17,75262363,-
COX7A2,chr6,75250323,-
TPBGL,chr11,75240774,+
TMEM30A,chr6,75284948,-
GOLGA6C,chr15,75258334,+
ARRB1,chr11,75351705,-
MRPS7,chr17,75261674,+
MIF4GD,chr17,75271231,-
SLC25A19,chr17,75289510,-
CAPS2,chr12,75390928,-
FOS,chr14,75278826,+
SPDYE13,chr7,75280790,+
GOLGA6D,chr15,75282835,+
TBC1D4,chr13,75482169,-
FILIP1,chr6,75493800,-
CFDP1,chr16,75433503,-
SPDYE14,chr7,75307376,+
GRB2,chr17,75405709,-
GLIPR1L1,chr12,75334670,+
SPDYE15,chr7,75335343,+
COMMD4,chr15,75336020,+
HMGCR,chr5,75336329,+
NEIL1,chr15,75346955,+
MAN2C1,chr15,75368612,-
CERT1,chr5,75512138,-
ZDHHC15,chrX,75523502,-
SIN3A,chr15,75455842,-
GLIPR1L2,chr12,75391089,+
TRIM73,chr7,75395063,+
ZNF503,chr10,75401764,-
RPS3,chr11,75399518,+
HNF4G,chr8,75407914,+
SMIM21,chr18,75427703,-
ENSG00000261717,chr16,75464706,-
POM121C,chr7,75486299,-
KLHL35,chr11,75433203,-
JDP2,chr14,75427716,+
LRMDA,chr10,75431624,+
GDPD5,chr11,75525941,-
TMEM94,chr17,75441159,+
TMEM170A,chr16,75465497,-
PTPN9,chr15,75579315,-
EVA1A,chr2,75569722,-
CHST6,chr16,75495441,-
RCHY1,chr4,75514764,-
GLIPR1,chr12,75480755,+
KRR1,chr12,75511609,-
SPDYE5,chr7,75492320,+
CASKIN2,chr17,75515537,-
POLK,chr5,75511891,+
THAP6,chr4,75513946,+
TSEN54,chr17,75516060,+
BATF,chr14,75522455,+
LLGL2,chr17,75525080,+
COMMD6,chr13,75549439,-
CHST5,chr16,75536108,-
ENSG00000260092,chr16,75545428,-
HIP1,chr7,75738962,-
TMEM231,chr16,75556269,-
UCHL3,chr13,75549483,+
ODAPH,chr4,75556048,+
SERPINH1,chr11,75562056,+
GABARAPL2,chr16,75566375,+
CDKL2,chr4,75630716,-
FLVCR2,chr14,75578620,+
MAP6,chr11,75669038,-
MYO15B,chr17,75587800,+
ADAT1,chr16,75623300,-
SNUPN,chr15,75626469,-
SENP6,chr6,75601509,+
ANKDD1B,chr5,75611182,+
LMO7,chr13,75620434,+
RECQL5,chr17,75667189,-
KARS1,chr16,75647665,-
SMIM5,chr17,75633434,+
TTLL5,chr14,75633625,+
IMP3,chr15,75648706,-
G3BP2,chr4,75724589,-
SMIM6,chr17,75646243,+
MRPL19,chr2,75646783,+
TERF2IP,chr16,75647773,+
SNX33,chr15,75647912,+
ERG28,chr14,75660876,-
GCFC2,chr2,75710985,-
CPHXL2,chr16,75677009,-
FRG2C,chr3,75664328,+
SAP30BP,chr17,75667338,+
POC5,chr5,75717448,-
CSPG4,chr15,75712848,-
ZNF717,chr3,75785583,-
DUXB,chr16,75701461,-
CPHXL,chr16,75726490,-
MOGAT2,chr11,75717838,+
ITGB4,chr17,75721328,+
CIMAP1C,chr15,75724041,+
ACADM,chr1,75724431,+
USO1,chr4,75724577,+
MYO6,chr6,75749235,+
GALK1,chr17,75765236,-
DGAT2,chr11,75759512,+
CCL26,chr7,75789896,-
H3-3B,chr17,75785486,-
MAGEE2,chrX,75785254,-
UNK,chr17,75784806,+
RABGGTB,chr1,75786197,+
MSH4,chr1,75796882,+
CCL24,chr7,75823356,-
UVRAG,chr11,75815210,+
UNC13D,chr17,75844773,-
RHBDD2,chr7,75842602,+
UBE2Q2,chr15,75843307,+
WBP2,chr17,75856507,-
PPEF2,chr4,75902571,-
TRIM47,chr17,75878581,-
TRIM65,chr17,75896951,-
PCSK5,chr9,75890644,+
MRPL38,chr17,75905093,-
ENSG00000267426,chr17,75930129,-
POR,chr7,75899200,+
IFT43,chr14,75985753,+
FBXO22,chr15,75903878,+
ROBO2,chr3,75906695,+
FBF1,chr17,75941056,-
NAAA,chr4,75941013,-
ASB17,chr1,75932404,-
IMPG1,chr6,76072678,-
NRG4,chr15,76059795,-
SDAD1,chr4,75990962,-
ACOX1,chr17,75979177,-
TGFB3,chr14,75983011,-
TEN1-CDK3,chr17,75979231,+
TEN1,chr17,75979240,+
TMEM120A,chr7,75994638,-
STYXL1,chr7,76048004,-
CDK3,chr17,76000855,+
CXCL9,chr4,76007509,-
EVPL,chr17,76027306,-
ART3,chr4,76011184,+
CXCL10,chr4,76023497,-
PHLDA1,chr12,76031776,-
CXCL11,chr4,76041415,-
NAP1L1,chr12,76084735,-
SRP68,chr17,76072517,-
MDH2,chr7,76048051,+
TMEM266,chr15,76059985,+
ZACN,chr17,76079182,+
ST6GALNAC3,chr1,76074746,+
GALR2,chr17,76074781,+
EXOC7,chr17,76121576,-
SV2C,chr5,76083383,+
NUP54,chr4,76148445,-
FOXJ1,chr17,76141245,-
RNF157,chr17,76240493,-
GPATCH2L,chr14,76151919,+
SCARB2,chr4,76234536,-
PBDC1,chrX,76173040,+
WNT11,chr11,76210736,-
ETFA,chr15,76311730,-
SRRM3,chr7,76201896,+
FAM47E,chr4,76214040,+
FAM47E-STBD1,chr4,76251721,+
UBALD2,chr17,76265348,+
QRICH2,chr17,76308276,-
CNTNAP4,chr16,76277278,+
ENSG00000287694,chr16,76277288,+
HSPB1,chr7,76302673,+
STBD1,chr4,76306733,+
PRPSAP1,chr17,76384521,-
ESRRB,chr14,76310712,+
CCDC158,chr4,76421868,-
YWHAG,chr7,76358991,-
ISL2,chr15,76336773,+
BBS10,chr12,76348415,-
SCAPER,chr15,76905444,-
THAP12,chr11,76381132,-
OSBPL8,chr12,76559809,-
ZNF516,chr18,76495242,-
SPHK1,chr17,76376584,+
GVQW3,chr11,76381303,+
RFK,chr9,76394517,-
SSC4D,chr7,76409697,-
UBE2O,chr17,76453152,-
ZP3,chr7,76397518,+
IQGAP2,chr5,76403285,+
GCNT1,chr9,76419850,+
MAGEE1,chrX,76427710,+
SHROOM3,chr4,76435229,+
EMSY,chr11,76445018,+
AANAT,chr17,76453351,+
DTX2,chr7,76461676,+
RHBDF2,chr17,76501790,-
UPK3B,chr7,76510525,+
CYGB,chr17,76551175,-
PRCD,chr17,76527586,+
SPDYE16,chr7,76543297,-
ENSG00000284526,chr17,76569671,-
ST6GALNAC2,chr17,76586956,-
POMZP3,chr7,76627279,-
PRUNE2,chr9,76906114,-
F2RL2,chr5,76623413,-
ST6GALNAC1,chr17,76643774,-
LRRC32,chr11,76670747,-
MXRA7,chr17,76711004,-
ZFHX4,chr8,76681239,+
JMJD6,chr17,76726799,-
F2R,chr5,76716126,+
METTL23,chr17,76726830,+
ENSG00000267168,chr17,76732978,+
SRSF2,chr17,76737333,-
MFSD11,chr17,76735865,+
LRRTM4,chr2,77593319,-
VASH1,chr14,76761468,+
ZDHHC17,chr12,76764115,+
ANGEL1,chr14,76826246,-
TSKU,chr11,76782251,+
F2RL1,chr5,76818933,+
ZNF236,chr18,76822557,+
LRRC74A,chr14,76826372,+
S100Z,chr5,76850001,+
CSRP2,chr12,76879023,-
ACER3,chr11,76860859,+
ST6GALNAC5,chr1,76867480,+
MGAT5B,chr17,76868404,+
KCNMA1,chr10,77638369,-
KCTD12,chr13,76886405,-
SOWAHB,chr4,76898144,-
RCN2,chr15,76931738,+
ACOD1,chr13,76948511,+
SEPTIN11,chr4,76949751,+
CRHBP,chr5,76953045,+
MBP,chr18,77133683,-
PEX2,chr8,77001044,-
CLN5,chr13,76990660,+
ENSG00000283208,chr13,76992078,+
FBXL3,chr13,77027195,-
PSTPIP1,chr15,76993359,+
FOXB2,chr9,77019655,+
E2F7,chr12,77065569,-
SPDYE17,chr7,77032361,-
IRF2BPL,chr14,77028708,-
AGGF1,chr5,77029251,+
ENSG00000285000,chr5,77030902,+
B3GNT6,chr11,77034398,+
TSPAN3,chr15,77083984,-
MYCBP2,chr13,77327094,-
CCNI,chr4,77076309,-
SPDYE18,chr7,77062558,-
CAPN5,chr11,77066971,+
ZBED3,chr5,77087285,-
PDE8B,chr5,77086732,+
SEC14L1,chr17,77088749,+
PIGK,chr1,77219430,-
CIPC,chr14,77098126,+
ENSG00000259164,chr14,77098311,+
PEAK1,chr15,77420144,-
OMP,chr11,77102840,+
TMEM63C,chr14,77116568,+
CCDC146,chr7,77122434,+
MYO7A,chr11,77128246,+
ZDHHC22,chr14,77142734,-
CCNG2,chr4,77157207,+
VPS13A,chr9,77177445,+
MON1B,chr16,77190835,+
FGL2,chr7,77199819,-
SYCE1L,chr16,77199408,+
GDPD4,chr11,77301686,-
ADAMTS18,chr16,77435034,-
GALR1,chr18,77249848,+
NGB,chr14,77271206,-
POMT2,chr14,77320883,-
SEPTIN9,chr17,77280569,+
AK5,chr1,77282019,+
GSAP,chr7,77416349,-
GSTZ1,chr14,77320996,+
PAK1,chr11,77474635,-
NAV3,chr12,77324641,+
ENSG00000288716,chr13,77326988,-
TMED8,chr14,77377094,-
SAMD15,chr14,77376689,+
NOXRED1,chr14,77423523,-
HMG20A,chr15,77420412,+
GNA14,chr9,77648322,-
WDR41,chr5,77620611,-
VIPAS39,chr14,77457952,-
FGF16,chrX,77447389,+
AHSA1,chr14,77457870,+
HTR1B,chr6,77463491,-
ISM2,chr14,77498816,-
ATRX,chrX,77786233,-
SPTLC2,chr14,77616637,-
CXCL13,chr4,77511753,+
CLNS1A,chr11,77637794,-
SCEL,chr13,77535674,+
PTPN12,chr7,77537295,+
ZZZ3,chr1,77683419,-
AQP11,chr11,77589391,+
LINGO1,chr15,77820900,-
OTP,chr5,77638713,-
MEI4,chr6,77650274,+
RSF1,chr11,77820722,-
ALKBH1,chr14,77708023,-
TBCA,chr5,77868780,-
USP33,chr1,77759852,-
RSBN1L,chr7,77696459,+
SLAIN1,chr13,77697687,+
SLIRP,chr14,77708071,+
CNOT6L,chr4,77819615,-
GNAQ,chr9,78031811,-
SNW1,chr14,77761156,-
NUDT7,chr16,77722492,+
MIGA1,chr1,77779624,+
VAT1L,chr16,77788564,+
DLG5,chr10,77926755,-
TMEM60,chr7,77798434,-
PHTF2,chr7,77798773,+
ADCK1,chr14,77800109,+
AAMDC,chr11,77821109,+
MAGT1,chrX,77895593,-
MRPL1,chr4,77862830,+
INTS4,chr11,77994715,-
NEXN,chr1,77888513,+
EDNRB,chr13,77975529,-
COX7B,chrX,77899440,+
ATP7A,chrX,77910690,+
PGK1,chrX,77910739,+
FUBP1,chr1,77979110,-
POLR3A,chr10,78029515,-
TNRC6C,chr17,77958703,+
PGAM4,chrX,77969638,-
DNAJB4,chr1,77979175,+
GIPC2,chr1,77979542,+
TBC1D2B,chr15,78077724,-
AP3B1,chr5,78294762,-
KCTD14,chr11,78046191,-
NDUFC2-KCTD14,chr11,78079865,-
MAGI2,chr7,79453667,-
CLEC3A,chr16,78022546,+
RPS24,chr10,78033760,+
FRAS1,chr4,78057323,+
THRSP,chr11,78063861,+
NDUFC2,chr11,78079862,-
SH2D7,chr15,78077808,+
ALG8,chr11,78139648,-
WWOX,chr16,78099400,+
CIB2,chr15,78131535,-
TMC6,chr17,78132407,-
TAF9B,chrX,78139650,-
TMC8,chr17,78130770,+
IDH3A,chr15,78131498,+
C17orf99,chr17,78146385,+
ACSBG1,chr15,78245688,-
SYNGR2,chr17,78168581,+
NRXN3,chr14,78170373,+
KCTD21,chr11,78188626,-
TK1,chr17,78187233,-
AFMID,chr17,78187358,+
USP35,chr11,78188812,+
BIRC5,chr17,78214186,+
GAB2,chr11,78418348,-
TMEM235,chr17,78231310,+
CEP78,chr9,78236062,+
DNAJA4,chr15,78264086,+
CYSLTR1,chrX,78327691,-
SKIC8,chr15,78299636,-
PSAT1,chr9,78297125,+
PTGFR,chr1,78303884,+
CRABP1,chr15,78340353,+
SOCS3,chr17,78360077,-
SCAMP1,chr5,78360611,+
PGS1,chr17,78378649,+
DNAH17,chr17,78577396,-
NARS2,chr11,78574874,-
IREB2,chr15,78437431,+
LHFPL2,chr5,78770021,-
HYKK,chr15,78507564,+
PKIA,chr8,78516340,+
PSMA4,chr15,78540405,+
ANXA3,chr4,78551747,+
CHRNA5,chr15,78565520,+
CHRNA3,chr15,78621295,-
ROBO1,chr3,79767998,-
POU4F1,chr13,78603552,-
OBI1,chr13,78659155,-
IFI44L,chr1,78619902,+
CHRNB4,chr15,78727754,-
IFI44,chr1,78649796,+
TENM4,chr11,79441030,-
RTL3,chrX,78659328,-
ZC2HC1A,chr8,78666050,+
CYTH1,chr17,78782297,-
IL7,chr8,78805523,-
LPAR4,chrX,78747709,+
ADAMTS7,chr15,78811464,-
BMP2K,chr4,78776350,+
ARSB,chr5,78986087,-
USP36,chr17,78841441,-
MORF4L1,chr15,78810487,+
TIMP2,chr17,78925387,-
SYT1,chr12,78863993,+
IRAK1BP1,chr6,78867551,+
PAQR3,chr4,78939438,-
ADGRL4,chr1,79282124,-
CEP295NL,chr17,78903217,-
CTSH,chr15,78949574,-
PHIP,chr6,79078269,-
P2RY10,chrX,78945332,+
RASGRF1,chr15,79090780,-
LGALS3BP,chr17,78979935,-
SALL3,chr18,78979818,+
CANT1,chr17,79009867,-
DMGDH,chr5,79236038,-
C1QTNF1,chr17,79022814,+
REG3G,chr2,79025686,+
ZMIZ1,chr10,79068966,+
ATP9B,chr18,79069285,+
BHMT2,chr5,79069767,+
ENGASE,chr17,79074824,+
REG1B,chr2,79087993,-
RBFOX3,chr17,79611051,-
BHMT,chr5,79111809,+
REG1A,chr2,79120488,+
GPR174,chrX,79144688,+
REG3A,chr2,79159753,-
CTNNA2,chr2,79185231,+
HMGN3,chr6,79234689,-
NAA11,chr4,79326061,-
JMY,chr5,79236131,+
ANKRD34C,chr15,79282722,+
TMED3,chr15,79311112,+
RBM26,chr13,79406255,-
PPIF,chr10,79347469,+
ITM2A,chrX,79367667,-
HOMER1,chr5,79514134,-
ZCCHC24,chr10,79445624,-
NFATC1,chr18,79395856,+
GK2,chr4,79408228,-
MINAR1,chr15,79432336,+
NDFIP2,chr13,79481155,+
LCA5,chr6,79537458,-
EIF5AL1,chr10,79512533,+
SH3BGRL2,chr6,79537185,+
SFTPA2,chr10,79560407,-
TLE4,chr9,79571773,+
PAWR,chr12,79690964,-
MAF,chr16,79600737,-
SFTPA1,chr10,79610939,+
STMN2,chr8,79611117,+
TENT2,chr5,79612433,+
CTDP1,chr18,79679803,+
CMYA5,chr5,79689836,+
NUTM2B,chr10,79703227,+
ENPP7,chr17,79730943,+
HEY1,chr8,79767857,-
GNAI1,chr7,79768028,+
PPP1R12A,chr12,79935460,-
CBX2,chr17,79778148,+
CBX8,chr17,79801683,-
KCNG2,chr18,79797938,+
NUTM2E,chr10,79826739,+
CBX4,chr17,79839440,-
MTHFS,chr15,79897379,-
ST20-MTHFS,chr15,79923754,-
ST20,chr15,79923702,-
ANTXR2,chr4,80125454,-
SLC66A2,chr18,79951653,-
ELOVL4,chr6,79947553,-
MRPS28,chr8,80030289,-
ENSG00000276418,chr8,80080775,-
TBC1D16,chr17,80035872,-
SFTPD,chr10,79982614,-
BCL2A1,chr15,79971196,-
HSBP1L1,chr18,79964643,+
TXNL4A,chr18,80033949,-
MTX3,chr5,79991262,-
THBS4,chr5,79991311,+
TTK,chr6,80003887,+
TBX22,chrX,80014753,+
ENSG00000267127,chr18,80045943,+
RBFA,chr18,80034389,+
TPD52,chr8,80231232,-
CCDC40,chr17,80036632,+
ZFAND6,chr15,80059568,+
TMEM254,chr10,80078646,+
OTOGL,chr12,80099537,+
GAA,chr17,80101533,+
BCKDHB,chr6,80106647,+
ADNP2,chr18,80109262,+
SERINC5,chr5,80256048,-
PLAC9,chr10,80131682,+
EIF4A3,chr17,80147151,-
ANXA11,chr10,80205572,-
FAH,chr15,80152490,+
PARD6G,chr18,80247514,-
CARD14,chr17,80170003,+
PRDM8,chr4,80183879,+
CTXND1,chr15,80252213,-
DIO2,chr14,80387757,-
SGSH,chr17,80220923,-
SLC26A11,chr17,80219699,+
RNF213,chr17,80260852,+
FGF5,chr4,80266639,+
MAT1A,chr10,80289658,-
LRRTM1,chr2,80304752,-
SPZ1,chr5,80319625,+
TENT5D,chrX,80335504,+
CFAP299,chr4,80335730,+
SPRY2,chr13,80341126,-
DYDC1,chr10,80356755,-
DYDC2,chr10,80344745,+
CD36,chr7,80369575,+
PTPRQ,chr12,80402178,+
ARNT2,chr15,80404382,+
PRXL2A,chr10,80407829,+
ZFYVE16,chr5,80408013,+
ENDOV,chr17,80415167,+
TSPAN14,chr10,80454265,+
GNAT3,chr7,80512064,-
NPTX1,chr17,80477843,-
CEP128,chr14,80959517,-
ZBTB10,chr8,80485619,+
FAM151B,chr5,80487986,+
SH2D4B,chr10,80537902,+
DYNLRB2,chr16,80540734,+
RPTOR,chr17,80544831,+
ENSG00000289764,chr17,80545075,+
ANKRD34B,chr5,80570280,-
CDYL2,chr16,80804598,-
DHFR,chr5,80654983,-
ZNF704,chr8,80874781,-
MSH3,chr5,80654652,+
BRWD3,chrX,80809877,-
ABHD17C,chr15,80679684,+
MYF6,chr12,80707634,+
MYF5,chr12,80716912,+
SEMA3C,chr7,80922359,-
CEMIP,chr15,80779343,+
LIN7A,chr12,80937934,-
ENSG00000286221,chr16,81006894,-
ACSS3,chr12,80936414,+
MESD,chr15,80989828,-
TSHR,chr14,80954989,+
RASGRF2,chr5,80960363,+
CMC2,chr16,81020270,-
PAG1,chr8,81112068,-
CHMP6,chr17,80991598,+
TLNRD1,chr15,81000923,+
ENSG00000288625,chr15,81002142,+
CENPN,chr16,81006552,+
CFAP161,chr15,81007033,+
ENSG00000284512,chr16,81096284,-
BMP3,chr4,81030708,+
BAIAP2,chr17,81035122,+
ATMIN,chr16,81035842,+
C16orf46,chr16,81077267,-
ENSG00000260643,chr16,81096296,-
GCSH,chr16,81096395,-
PRKG2,chr4,81215222,-
PKD1L2,chr16,81198786,-
AATK,chr17,81166221,-
HMGN5,chrX,81201913,-
IL16,chr15,81159575,+
PVALEF,chr17,81165507,+
GTF2A1,chr14,81221231,-
CEP131,chr17,81222999,-
SH3BGRL,chrX,81202102,+
TEPSIN,chr17,81239091,-
CKMT2,chr5,81233320,+
BCO1,chr16,81238689,+
NDUFAF8,chr17,81239305,+
SLC38A10,chr17,81295547,-
PPFIA2,chr12,81759553,-
STON2,chr14,81436465,-
FABP5,chr8,81280536,+
ZCCHC9,chr5,81301587,+
ADGRL2,chr1,81306147,+
STARD5,chr15,81324141,-
GAN,chr16,81314962,+
ACOT12,chr5,81394179,-
TMC3,chr15,81374213,-
BAHCC1,chr17,81395457,+
SSBP2,chr5,81751797,-
RASGEF1B,chr4,82044244,-
PMP2,chr8,81447439,-
CMIP,chr16,81444808,+
FABP9,chr8,81461579,-
SEL1L,chr14,81533853,-
FABP4,chr8,81483236,-
GBE1,chr3,81761645,-
TENT5A,chr6,81752774,-
ACTG1,chr17,81523847,-
FABP12,chr8,81590139,-
FSCN2,chr17,81528377,+
FAAP100,chr17,81553961,-
NPLOC4,chr17,81648465,-
TLE1,chr9,81689547,-
TSPAN10,chr17,81637171,+
PDE6G,chr17,81663112,-
IMPA1,chr8,81686331,-
OXLD1,chr17,81666605,-
CCDC137,chr17,81666737,+
ARL16,chr17,81683797,-
HGS,chr17,81683326,+
SLC10A5,chr8,81695058,-
HGF,chr7,81770438,-
ZFAND1,chr8,81732881,-
MRPL12,chr17,81703367,+
ENSG00000262660,chr17,81703371,+
SLC25A10,chr17,81712236,+
CHMP4C,chr8,81732448,+
PLCG2,chr16,81738248,+
SNX16,chr8,81842866,-
GCGR,chr17,81804149,+
MCRIP1,chr17,81833302,-
PPP1R27,chr17,81835050,-
P4HB,chr17,81860856,-
ARHGDIA,chr17,81871376,-
NRG3,chr10,81875194,+
ALYREF,chr17,81891586,-
ANAPC11,chr17,81890790,+
NPB,chr17,81900745,+
PCYT2,chr17,81911432,-
SIRT7,chr17,81921323,-
MAFG,chr17,81927735,-
SPATA31D4,chr9,81928428,+
PYCR1,chr17,81942412,-
MYADML2,chr17,81947233,-
SPATA31D3,chr9,81943500,+
CACNA2D1,chr7,82443956,-
NOTUM,chr17,81961840,-
ATG10,chr5,81972023,+
ASPSCR1,chr17,81976807,+
SPATA31D1,chr9,81988772,+
SDR42E1,chr16,82011481,-
CENPX,chr17,82024107,-
LRRC45,chr17,82023305,+
RAC3,chr17,82031678,+
HSD17B2,chr16,82035004,+
DCXR,chr17,82037697,-
MEX3B,chr15,82046119,-
RFNG,chr17,82051811,-
GPS1,chr17,82050691,+
DUS1L,chr17,82065887,-
FASN,chr17,82098294,-
CCDC57,chr17,82212842,-
EFL1,chr15,82262773,-
MPHOSPH6,chr16,82170224,-
IBTK,chr6,82247754,-
SLC16A3,chr17,82217934,+
CCDC59,chr12,82358786,-
CSNK1D,chr17,82273700,-
SAXO2,chr15,82262810,+
RPS23,chr5,82278396,-
CD7,chr17,82317608,-
SECTM1,chr17,82334074,-
GOLGA6L10,chr15,82349475,-
HNRNPD,chr4,82374503,-
METTL25,chr12,82358528,+
TEX19,chr17,82359247,+
TPBG,chr6,82363206,+
UTS2R,chr17,82371765,+
OGFOD3,chr17,82418601,-
HEXD,chr17,82418318,+
HNRNPDL,chr4,82430462,-
GOLGA6L9,chr15,82429816,+
ENOPH1,chr4,82430590,+
CYBC1,chr17,82450829,-
NARF,chr17,82458180,+
TMEM150C,chr4,82562357,-
FOXK2,chr17,82519732,+
RPS17,chr15,82540459,-
ENSG00000260836,chr15,82571741,-
CPEB1,chr15,82648861,-
WDR45B,chr17,82648553,-
CDH13,chr16,82626965,+
SCD5,chr4,82798796,-
RAB40B,chr17,82698698,-
AP3B2,chr15,82709919,-
TMTC2,chr12,82686906,+
FN3KRP,chr17,82716706,+
FAM181B,chr11,82733864,-
FN3K,chr17,82735615,+
TBCD,chr17,82752042,+
PCLO,chr7,83162930,-
FSD2,chr15,82806070,-
WHAMM,chr15,82809628,+
SEC31A,chr4,82901166,-
PRCP,chr11,82970584,-
ZNF750,chr17,82840022,-
HOMER2,chr15,82986153,-
UBE3D,chr6,83065841,-
DDIAS,chr11,82899975,+
THAP9,chr4,82900735,+
LIN54,chr4,83012926,-
B3GNTL1,chr17,83051770,-
RAB30,chr11,83071923,-
RASEF,chr9,83063177,-
RAMAC,chr15,82986210,+
C15orf40,chr15,83011641,-
BTBD1,chr15,83067252,-
COPS4,chr4,83034447,+
TMEM167A,chr5,83077863,-
PLAC8,chr4,83137075,-
DOP1A,chr6,83067666,+
XRCC4,chr5,83077498,+
METRNL,chr17,83079609,+
TM6SF1,chr15,83107572,+
HDGFL3,chr15,83207875,-
PGM3,chr6,83193936,-
PCF11,chr11,83156988,+
RWDD2A,chr6,83193357,+
ANKRD42,chr11,83193712,+
ME1,chr6,83431051,-
FRMD3,chr9,83538546,-
BNC1,chr15,83284664,-
CCDC90B,chr11,83286390,-
COQ2,chr4,83284914,-
HPSE,chr4,83335153,-
SEMA3E,chr7,83649139,-
HELQ,chr4,83455855,-
SH3GL3,chr15,83447341,+
DLG2,chr11,85628335,-
MRPS18C,chr4,83455983,+
ABRAXAS1,chr4,83523348,-
VCAN,chr5,83471674,+
POU3F4,chrX,83508290,+
PRSS35,chr6,83512534,+
GPAT3,chr4,83535914,+
SNAP91,chr6,83709691,-
IDNK,chr9,83623049,+
HAPLN1,chr5,83720855,-
ADAMTSL3,chr15,83654088,+
UBQLN1,chr9,83707958,-
HSBP1,chr16,83719311,+
GKAP1,chr9,83818121,-
KIF27,chr9,83921465,-
RIPPLY2,chr6,83853360,+
CYB5R4,chr6,83859656,+
CYLC1,chrX,83861126,+
TTLL7,chr1,83999150,-
SLITRK1,chr13,83882474,-
MLYCD,chr16,83899115,+
OSGIN1,chr16,83931311,+
QNG1,chr9,83956986,-
EDIL3,chr5,84384880,-
SEMA3A,chr7,84492724,-
HNRNPK,chr9,83980631,-
NECAB2,chr16,83968244,+
RMI1,chr9,83980798,+
SLC38A8,chr16,84042795,-
MRAP2,chr6,84033772,+
MBTPS1,chr16,84116942,-
RPS6KA6,chrX,84206356,-
PRKACB,chr1,84078062,+
HSDL1,chr16,84145177,-
CEP162,chr6,84227643,-
GHITM,chr10,84139482,+
DNAAF1,chr16,84145308,+
GPR15LG,chr10,84173801,+
TAF1C,chr16,84187070,-
RALYL,chr8,84182787,+
ADAD2,chr16,84191138,+
CDHR1,chr10,84194537,+
KCNG4,chr16,84240012,-
LRIT2,chr10,84225544,-
RGR,chr10,84230666,+
LRIT1,chr10,84241546,-
GOLGA6L4,chr15,84235773,+
SLC28A3,chr9,84340758,-
WFDC1,chr16,84294846,+
SAMD13,chr1,84298366,+
HDX,chrX,84502479,-
CCSER2,chr10,84328586,+
ATP2C2,chr16,84368527,+
DNASE2B,chr1,84398484,+
SUCLG1,chr2,84460045,-
MEAK7,chr16,84554033,-
RPF1,chr1,84479259,+
NKX6-1,chr4,84499292,-
GNG5,chr1,84506581,-
SPATA1,chr1,84506300,+
DNAH6,chr2,84516498,+
CTBS,chr1,84574480,-
COTL1,chr16,84618078,-
CDS1,chr4,84583127,+
ZSCAN2,chr15,84600986,+
WDR73,chr15,84654343,-
SSX2IP,chr1,84690803,-
KLHL36,chr16,84648511,+
NMB,chr15,84658563,-
NTRK2,chr9,84668375,+
WDFY3,chr4,84966690,-
SEC11A,chr15,84716460,-
TBX18,chr6,84764598,-
USP10,chr16,84699986,+
ZNF592,chr15,84748592,+
LPAR3,chr1,84893206,-
ALPK3,chr15,84817356,+
CRISPLD2,chr16,84819985,+
TRABD2A,chr2,84907008,-
SLC6A15,chr12,84913629,-
SLC28A1,chr15,84884654,+
TMSB10,chr2,84905656,+
MCOLN2,chr1,84997113,-
CADM2,chr3,84958989,+
KCMF1,chr2,84971093,+
ZDHHC7,chr16,85011535,-
PDE8A,chr15,84980440,+
SEMA3D,chr7,85187056,-
DNAI3,chr1,84999147,+
APOOL,chrX,85003877,+
TSPAN19,chr12,85036277,-
MCOLN3,chr1,85048500,-
KIAA0513,chr16,85027782,+
LRRIQ1,chr12,85036351,+
SATL1,chrX,85243911,-
CIBAR2,chr16,85112472,-
LRRCC1,chr8,85107238,+
TCF7L1,chr2,85133392,+
SYDE2,chr1,85201724,-
GSE1,chr16,85169525,+
E2F5,chr8,85177154,+
RBIS,chr8,85220421,-
CA13,chr8,85220587,+
ZNF711,chrX,85243991,+
C1orf52,chr1,85259672,-
BCL10,chr1,85276632,-
POF1B,chrX,85379717,-
ALX1,chr12,85280220,+
TGOLN2,chr2,85328251,-
DDAH1,chr1,85578363,-
CA1,chr8,85379014,-
RETSAT,chr2,85354528,-
ELMOD3,chr2,85354394,+
CA3,chr8,85373436,+
AKAP13,chr15,85380571,+
CAPG,chr2,85418432,-
SH2D6,chr2,85418714,+
NT5E,chr6,85449584,+
CA2,chr8,85464007,+
ARHGAP24,chr4,85475150,+
SNX14,chr6,85594156,-
ENSG00000271793,chr6,85678733,-
FLRT2,chr14,85530144,+
MAT2A,chr2,85539168,+
GGCX,chr2,85561532,-
AGTPBP1,chr9,85742029,-
VAMP8,chr2,85561562,+
CCN1,chr1,85580761,+
VAMP5,chr2,85584431,+
RNF181,chr2,85595725,+
TMEM150A,chr2,85602698,-
GRID1,chr10,86366795,-
USP39,chr2,85602856,+
C2orf68,chr2,85612066,-
SYNCRIP,chr6,85644063,-
TMEM126B,chr11,85628573,+
TMEM126A,chr11,85647967,+
ZNHIT6,chr1,85708433,-
SFTPB,chr2,85668741,-
CREBZF,chr11,85682908,-
GINS2,chr16,85690073,-
CCDC89,chr11,85686195,-
GNLY,chr2,85694358,+
C16orf74,chr16,85751129,-
SYTL2,chr11,85811159,-
COL24A1,chr1,86156943,-
ATOH8,chr2,85751344,+
KLHL25,chr15,85794925,-
EMC8,chr16,85799608,-
SLITRK6,chr13,85806683,-
COX4I1,chr16,85798633,+
RASSF9,chr12,85836409,-
ST3GAL5,chr2,85905199,-
CCDC83,chr11,85855101,+
CHM,chrX,86047561,-
NTS,chr12,85874295,+
IRF8,chr16,85899162,+
NAA35,chr9,85941146,+
MGAT4C,chr12,86838904,-
PICALM,chr11,86069882,-
ATP6V0D2,chr8,85987323,+
MAPK10,chr4,86594625,-
POLR1A,chr2,86106155,-
GOLM1,chr9,86100173,-
PSKH2,chr8,86088621,-
AGBL1,chr15,86079871,+
PTCD3,chr2,86106223,+
IMMT,chr2,86195472,-
DACH2,chrX,86148451,+
MRPL35,chr2,86199355,+
EED,chr11,86201212,+
REEP1,chr2,86338083,-
SLC7A13,chr8,86321146,-
C9orf153,chr9,86259657,-
ISCA1,chr9,86283102,-
TUT7,chr9,86354454,-
HIKESHI,chr11,86302211,+
WWP1,chr8,86342547,+
ODF2L,chr1,86396342,-
CCDC81,chr11,86374736,+
CLCA2,chr1,86424171,+
WAPL,chr10,86521792,-
KDM3A,chr2,86440647,+
ME3,chr11,86672618,-
RMDN1,chr8,86514338,-
CLCA1,chr1,86468368,+
CHMP3,chr2,86563479,-
RNF103-CHMP3,chr2,86721122,-
FOXF1,chr16,86510527,+
CPNE3,chr8,86514435,+
MTHFSD,chr16,86555235,-
CLCA4,chr1,86547078,+
CNGB3,chr8,86743634,-
FOXC2,chr16,86566829,+
FOXL1,chr16,86576368,+
PTPN13,chr4,86594315,+
RNF103,chr2,86623866,-
COX7C,chr5,86617928,+
GRM3,chr7,86643909,+
OPN4,chr10,86654518,+
ENSG00000289258,chr10,86654518,+
LDB3,chr10,86666787,+
SH3GLB1,chr1,86704570,+
RMND5A,chr2,86720291,+
BMPR1A,chr10,86755786,+
CD8A,chr2,86808396,-
PRSS23,chr11,86791059,+
CD8B,chr2,86861924,-
SLC10A6,chr4,86849384,-
SELENOF,chr1,86914424,-
CNBD1,chr8,86866415,+
C4orf36,chr4,86892422,-
VGLL3,chr3,86991149,-
ELAPOR2,chr7,87059654,-
RGPD1,chr2,86913812,+
HS2ST1,chr1,86914635,+
AFF1,chr4,86935011,+
MMRN2,chr10,86969481,-
HTR1E,chr6,86937528,+
GAS1,chr9,86947506,-
FZD4,chr11,86955395,-
SNCG,chr10,86958599,+
ADIRF,chr10,86968432,+
ENSG00000267561,chr1,86993009,+
PLGLB1,chr2,87021852,-
FAM25A,chr10,87020294,+
TMEM135,chr11,87037844,+
GLUD1,chr10,87094843,-
C16orf95,chr16,87317420,-
CGA,chr6,87095106,-
SHLD2,chr10,87094161,+
ZNF292,chr6,87151803,+
DMTF1,chr7,87152409,+
KLHL8,chr4,87240314,-
TMEM243,chr7,87220587,-
NUTM2A,chr10,87225448,+
CHMP2B,chr3,87227271,+
POU1F1,chr3,87276584,-
RASA1,chr5,87267883,+
GJB7,chr6,87329278,-
ENSG00000131152,chr16,87334273,-
HSD17B13,chr4,87322886,-
CCNH,chr5,87413029,-
SMIM8,chr6,87322583,+
FBXO31,chr16,87392142,-
LMO4,chr1,87328880,+
HSD17B11,chr4,87391188,-
IGKV3OR2-268,chr2,87338511,+
C6orf163,chr6,87344813,+
CROT,chr7,87345664,+
NUTM2D,chr10,87357720,+
MAP1LC3B,chr16,87383953,+
ABCB4,chr7,87480435,-
ZCCHC14,chr16,87493024,-
CFAP206,chr6,87407972,+
ENSG00000213204,chr6,87436691,+
NUDT9,chr4,87422573,+
SCPPPQ1,chr4,87471050,-
SLC35A1,chr6,87470623,+
SPARCL1,chr4,87531061,-
DAPK1,chr9,87497228,+
ABCB1,chr7,87713323,-
MINPP1,chr10,87504875,+
RARS2,chr6,87590028,-
KLHL4,chrX,87517802,+
ORC3,chr6,87590067,+
JPH3,chr16,87601835,+
DSPP,chr4,87608529,+
RUNDC3B,chr7,87627548,+
DMP1,chr4,87650280,+
PAPSS2,chr10,87659613,+
SLITRK5,chr13,87671371,+
AKIRIN2,chr6,87702233,-
KLHDC4,chr16,87765992,-
CTSL,chr9,87724051,+
PLGLB2,chr2,87748087,+
ATAD1,chr10,87841343,-
RGPD2,chr2,87825796,-
HTR1F,chr3,87792706,+
IBSP,chr4,87799554,+
MEPE,chr4,87821398,+
SLC7A5,chr16,87869507,-
SLC25A40,chr7,87876360,-
GALC,chr14,87993665,-
KLLN,chr10,87863533,-
NTRK3,chr15,88256791,-
PTEN,chr10,87862638,+
MLDHR,chr10,87863559,+
DCAF4L2,chr8,87874015,-
DBF4,chr7,87876493,+
CA5A,chr16,87936580,-
SPATA31E1,chr9,87882877,+
SPATA31C1,chr9,87914488,+
ADAM22,chr7,87934143,+
BANP,chr16,87949244,+
ENSG00000283205,chr9,87956214,+
CDK20,chr9,87974753,-
SPP1,chr4,87975667,+
C12orf50,chr12,88034037,-
GPR65,chr14,88005135,+
PKD2,chr4,88007635,+
KRCC1,chr2,88064252,-
MMP16,chr8,88328025,-
RLIG1,chr12,88033846,+
SPACA1,chr6,88047841,+
CEP290,chr12,88142099,-
CGGBP1,chr3,88149885,-
ENSG00000288654,chr3,88058216,-
ZNF654,chr3,88059255,+
SMYD1,chr2,88067825,+
ABCG2,chr4,88231628,-
RAB38,chr11,88175443,-
FABP1,chr2,88128062,-
SPATA31C2,chr9,88138475,-
CNR1,chr6,88166347,-
TMTC3,chr12,88142296,+
C3orf38,chr3,88149959,+
THNSL2,chr2,88170295,+
KCNK10,chr14,88326907,-
TMEM161B,chr5,88269476,-
SRI,chr7,88226993,-
PPM1K,chr4,88284769,-
CTSC,chr11,88359684,-
STEAP4,chr7,88306894,-
RNLS,chr10,88584530,-
CSNK2A2IP,chr3,88338416,+
HERC6,chr4,88378739,+
ZNF469,chr16,88382959,+
SPATA7,chr14,88384924,+
SPIN1,chr9,88388430,+
FOXI3,chr2,88452693,-
ZFPM1,chr16,88453280,+
HERC5,chr4,88457119,+
MRPL46,chr15,88467390,-
ENSG00000173867,chr15,88546585,-
PTPN21,chr14,88555007,-
MRPS11,chr15,88467705,+
KITLG,chr12,88580851,-
DET1,chr15,88546681,-
GRM5,chr11,89065982,-
PYURF,chr4,88523776,-
PIGY,chr4,88523776,-
HERC3,chr4,88523810,+
SPMIP9,chr2,88524649,+
NXNL2,chr9,88534033,+
EIF2AK3,chr2,88691518,-
ZC3H14,chr14,88562970,+
ZC3H18,chr16,88570403,+
LIPJ,chr10,88586762,+
RNGTT,chr6,88963618,-
EML5,chr14,88792953,-
AEN,chr15,88621340,+
ISG20,chr15,88635670,+
IL17C,chr16,88638572,+
CYBA,chr16,88651083,-
MVD,chr16,88663161,-
LIPF,chr10,88664441,+
SNAI3,chr16,88686507,-
PKN2,chr1,88684222,+
RPIA,chr2,88691673,+
NAP1L5,chr4,88697829,-
RNF166,chr16,88706408,-
LIPK,chr10,88706249,+
CTU2,chr16,88706483,+
PIEZO1,chr16,88785220,-
MEF2C,chr5,88904257,-
FAM13A,chr4,89111398,-
CPXCR1,chrX,88747225,+
ZNF804B,chr7,88759700,+
LIPN,chr10,88760020,+
TEX47,chr7,88795737,-
LIPM,chr10,88802730,+
ACAN,chr15,88803436,+
CDT1,chr16,88803789,+
APRT,chr16,88811928,-
GALNS,chr16,88856970,-
ANKRD22,chr10,88851844,-
TTC8,chr14,88824624,+
GTF2B,chr1,88891944,-
TRAPPC2L,chr16,88856220,+
IGKC,chr2,88857683,-
IGKJ5,chr2,88860605,-
IGKJ4,chr2,88860922,-
IGKJ3,chr2,88861258,-
IGKJ2,chr2,88861563,-
IGKJ1,chr2,88861923,-
PABPN1L,chr16,88866660,-
CBFA2T3,chr16,88977207,-
HAPLN3,chr15,88895597,-
STAMBPL1,chr10,88879734,+
IGKV4-1,chr2,88885397,+
IGKV5-2,chr2,88897232,+
MFGE8,chr15,88913411,-
ACTA2,chr10,88991339,-
KYAT3,chr1,88992953,-
IGKV1-5,chr2,88947957,-
FAS,chr10,88953813,+
IGKV1-6,chr2,88966767,-
IGKV3-7,chr2,88979081,-
RBMXL1,chr1,88992960,-
S1PR3,chr9,88990863,+
IGKV1-8,chr2,88992931,-
SHC3,chr9,89178818,-
GBP3,chr1,89022866,-
IGKV1-9,chr2,89010515,-
IGKV3-11,chr2,89027731,-
IGKV1-12,chr2,89040745,-
GBP1,chr1,89065360,-
PNRC1,chr6,89080751,+
IGKV3-15,chr2,89085787,-
ABHD2,chr15,89087459,+
ACSF3,chr16,89088375,+
SRSF12,chr6,89118071,-
IGKV1-16,chr2,89100361,-
GBP2,chr1,89126114,-
EPHA3,chr3,89107621,+
TIGD2,chr4,89111533,+
IGKV1-17,chr2,89117844,-
FOXN3,chr14,89619149,-
GBP7,chr1,89176009,-
IGKV3-20,chr2,89143160,-
PM20D2,chr6,89146055,+
IGKV6-21,chr2,89160366,-
CDH15,chr16,89171748,+
IGKV2-24,chr2,89177160,-
GABRR1,chr6,89231278,-
TYR,chr11,89177875,+
GBP4,chr1,89198942,-
SLC22A31,chr16,89201651,-
CH25H,chr10,89207317,-
RLBP1,chr15,89221579,-
IGKV1-27,chr2,89213928,-
LIPA,chr10,89414557,-
ZNF778,chr16,89217703,+
IGKV2-28,chr2,89222461,-
GPRIN3,chr4,89307937,-
FANCI,chr15,89243945,+
IGKV2-30,chr2,89245596,-
GABRR2,chr6,89315299,-
GBP5,chr1,89272860,-
ANKRD11,chr16,89490561,-
IGKV1-33,chr2,89268506,-
IFIT2,chr10,89283694,+
IGKV1-37,chr2,89297785,-
POLG,chr15,89334861,-
CKS2,chr9,89311195,+
ENSG00000288715,chr16,89418292,-
SECISBP2,chr9,89318500,+
IGKV1-39,chr2,89320146,-
NOX4,chr11,89498187,-
UBE2J1,chr6,89352722,-
IFIT3,chr10,89327307,+
IGKV2-40,chr2,89330429,-
POLGARF,chr15,89333809,-
DUSP6,chr12,89352501,-
SEMA4D,chr9,89498130,-
GBP6,chr1,89364059,+
RRAGD,chr6,89412273,-
IFIT1B,chr10,89378056,+
IFIT1,chr10,89392546,+
IFIT5,chr10,89414568,+
POC1B,chr12,89526047,-
SLC16A12,chr10,89556641,-
ANKRD6,chr6,89433152,+
RHCG,chr15,89496583,-
SPG7,chr16,89490719,+
POC1B-GALNT4,chr12,89526262,-
GALNT4,chr12,89524796,-
LRRC8B,chr1,89524829,+
RPL13,chr16,89560681,+
LYRM2,chr6,89638749,-
TICRR,chr15,89575469,+
CPNE7,chr16,89575758,+
PANK1,chr10,89645242,-
ENSG00000288629,chr1,89579592,+
ATP2B1,chr12,89709366,-
GADD45G,chr9,89605012,+
KIF7,chr15,89663086,-
DPEP1,chr16,89613308,+
LRRC8C,chr1,89633072,+
ENSG00000271949,chr1,89633140,+
CHMP1A,chr16,89657738,-
MDN1,chr6,89819794,-
SPATA33,chr16,89657740,+
PLIN1,chr15,89679427,-
PEX11A,chr15,89690783,-
CDK10,chr16,89680737,+
WDR93,chr15,89690811,+
SPATA2L,chr16,89701705,-
SNCA,chr4,89838315,-
KIF20B,chr10,89701590,+
VPS9D1,chr16,89720898,-
TRIM77,chr11,89710299,+
ZNF276,chr16,89720985,+
FANCA,chr16,89816658,-
MESP1,chr15,89751249,-
RIPK2,chr8,89757816,+
MESP2,chr15,89760591,+
ANPEP,chr15,89815401,-
EFCAB11,chr14,89954777,-
TRIM49,chr11,89808575,-
SPIRE2,chr16,89818179,+
LRRC8D,chr1,89821014,+
CASP8AP2,chr6,89829894,+
AP3S2,chr15,89894638,-
ARPIN-AP3S2,chr15,89912882,-
IGKV2D-40,chr2,89851758,+
IGKV1D-39,chr2,89862482,+
TRIM64B,chr11,89878487,-
TCF25,chr16,89873586,+
MMRN1,chr4,89879532,+
IGKV1D-37,chr2,89884740,+
GJA10,chr6,89894469,+
ARPIN,chr15,89912952,-
OSGIN2,chr8,89901849,+
TRIM49D1,chr11,89922245,-
MC1R,chr16,89913418,+
IGKV1D-33,chr2,89913982,+
ENSG00000198211,chr16,89919165,+
TUBB3,chr16,89921392,+
TGIF2LX,chrX,89921908,+
TRIM49D2,chr11,89924064,+
NBN,chr8,89984724,-
BACH2,chr6,90296843,-
IGKV2D-30,chr2,89936859,+
IGKV2D-29,chr2,89947512,+
DEF8,chr16,89948697,+
TDP1,chr14,89955902,+
IGKV2D-28,chr2,89959979,+
TRIM64,chr11,89966037,+
CENPBD1P,chr16,89971922,-
IGKV2D-26,chr2,89985922,+
ZNF326,chr1,89995110,+
ZNF710,chr15,90001324,+
DECR1,chr8,90001463,+
IGKV2D-24,chr2,90004797,+
DBNDD1,chr16,90019890,-
GAS8,chr16,90019629,+
IGKV6D-21,chr2,90021567,+
TRIM49C,chr11,90031106,+
IGKV3D-20,chr2,90038848,+
PRDM7,chr16,90092072,-
CALB1,chr8,90095475,-
KCNK13,chr14,90061994,+
IGKV6D-41,chr2,90069662,+
IGKV1D-17,chr2,90082635,+
IDH2,chr15,90102477,-
UBTFL1,chr11,90085950,+
IGKV1D-16,chr2,90100236,+
IGKV3D-15,chr2,90114838,+
CCSER1,chr4,90127394,+
NAALAD2,chr11,90131515,+
IGKV1D-13,chr2,90154073,+
STEAP1,chr7,90154469,+
IGKV1D-12,chr2,90159840,+
SEMA4B,chr15,90160604,+
STEAP2,chr7,90167590,+
IGKV3D-11,chr2,90172802,+
IGKV1D-42,chr2,90190193,+
CHORDC1,chr11,90223077,-
IGKV1D-43,chr2,90209873,+
IGKV1D-8,chr2,90220727,+
CIB1,chr15,90234047,-
GDPGP1,chr15,90233808,+
ENSG00000284626,chr15,90234227,+
IGKV3D-7,chr2,90234812,+
CFAP69,chr7,90245174,+
TTLL13,chr15,90249530,+
ENSG00000261147,chr15,90249556,+
PSMC1,chr14,90256527,+
NGRN,chr15,90265659,+
ENSG00000275674,chr15,90266317,+
NRDE2,chr14,90331969,-
FAM237B,chr7,90321304,-
GTPBP10,chr7,90335223,+
ZNF774,chr15,90352284,+
CLDN12,chr7,90383721,+
IQGAP1,chr15,90388242,+
CETN3,chr5,90409766,-
CALM1,chr14,90396502,+
MBLAC2,chr5,90474771,-
CDK14,chr7,90466424,+
PTTG1IP2,chr7,90469639,+
POLR3G,chr5,90471748,+
MAP3K7,chr6,90587072,-
LYSMD3,chr5,90529584,-
TTC7B,chr14,90816479,-
ADGRV1,chr5,90529344,+
CRTC3,chr15,90529923,+
DIRAS2,chr9,90642862,-
TMEM64,chr8,90791632,-
BARHL2,chr1,90717302,-
BLM,chr15,90717346,+
HTR7,chr10,90858039,-
NECAB1,chr8,90791775,+
SYK,chr9,90801787,+
RPS6KA5,chr14,91060641,-
FURIN,chr15,90868588,+
RPP30,chr10,90871952,+
FES,chr15,90883695,+
MAN2A2,chr15,90902218,+
CCER1,chr12,90955176,-
ANKRD1,chr10,90921087,-
ZNF644,chr1,91022272,-
HDDC3,chr15,90935130,-
UNC45A,chr15,90930180,+
RCCD1,chr15,90954881,+
C8orf88,chr8,90985238,-
EPYC,chr12,91005026,-
PRC1,chr15,90995629,-
ENSG00000284946,chr15,91022566,-
PIP4P2,chr8,91040859,-
VPS33B,chr15,91022596,-
KERA,chr12,91058024,-
DGLUCY,chr14,91060333,+
OTUD6B,chr8,91070196,+
SV2B,chr15,91099950,+
LRRC69,chr8,91101832,+
LUM,chr12,91111494,-
DCN,chr12,91182824,-
PCGF5,chr10,91163012,+
SLC26A7,chr8,91209495,+
AUH,chr9,91361918,-
GPR68,chr14,91253925,-
HFM1,chr1,91404856,-
FZD1,chr7,91264433,+
CCDC88C,chr14,91417844,-
ARRDC3,chr5,91383317,-
GPC5,chr13,91398621,+
NFIL3,chr9,91424626,-
HECTD2,chr10,91409280,+
PABPC5,chrX,91434595,+
PPP4R3A,chr14,91510554,-
CDC7,chr1,91500851,+
ROR2,chr9,91950228,-
CATSPERB,chr14,91780707,-
PPP1R3C,chr10,91633071,-
TGFBR3,chr1,91906335,-
MTERF1,chr7,91880702,-
PCDH11X,chrX,91779261,+
TC2N,chr14,91867536,-
TNKS2,chr10,91798426,+
SLCO3A1,chr15,91853708,+
FBLN5,chr14,91947987,-
FGFBP3,chr10,91909486,-
BTAF1,chr10,91923770,+
AKAP9,chr7,91940840,+
BRDT,chr1,91949343,+
RUNX1T1,chr8,92103385,-
TRIP11,chr14,92040896,-
SPTLC1,chr9,92115413,-
EPHX4,chr1,92029985,+
ATXN3,chr14,92106621,-
CPEB3,chr10,92291078,-
SETSIP,chr1,92075411,-
BTBD8,chr1,92080336,+
CYP51A1,chr7,92134803,-
ENSG00000285772,chr7,92179511,-
ENSG00000289027,chr7,92245924,-
NDUFB1,chr14,92121917,-
CPSF2,chr14,92121969,+
BTG1,chr12,92145846,-
LRRD1,chr7,92179531,-
ENSG00000285953,chr7,92245943,-
KRIT1,chr7,92246166,-
IARS1,chr9,92293716,-
C1orf146,chr1,92217915,+
FAT3,chr11,92224818,+
ANKIB1,chr7,92245974,+
GLMN,chr1,92298987,-
MARCHF5,chr10,92291167,+
NOL8,chr9,92325636,-
RPAP2,chr1,92299059,+
GRID2,chr4,92303966,+
SLC24A4,chr14,92322581,+
CENPP,chr9,92325953,+
OGN,chr9,92404696,-
ST8SIA2,chr15,92393881,+
OMD,chr9,92424471,-
GATAD1,chr7,92447482,+
IDE,chr10,92574096,-
ASPN,chr9,92482506,-
ERVW-1,chr7,92477986,-
GFI1,chr1,92486925,-
PEX1,chr7,92528520,-
ECM2,chr9,92536655,-
EVI5,chr1,92792404,-
RIN3,chr14,92513781,+
RBM48,chr7,92528773,+
FAM133B,chr7,92590393,-
KIF11,chr10,92574105,+
CDK6,chr7,92836573,-
IPPK,chr9,92670131,-
FAM174B,chr15,92809884,-
ENSG00000293569,chr14,92627966,-
HHEX,chr10,92689955,+
PLEKHG7,chr12,92702843,+
LGMN,chr14,92748679,-
BICD2,chr9,92764833,-
EEA1,chr12,92929331,-
GOLGA5,chr14,92794305,+
EXOC6,chr10,92826831,+
RPL5,chr1,92832013,+
DIPK1A,chr1,92961522,-
ZNF484,chr9,92878038,-
TRIQK,chr8,93017673,-
CHD2,chr15,92900189,+
CHGA,chr14,92923150,+
ITPK1,chr14,93116320,-
FGD3,chr9,92947523,+
MTNR1B,chr11,92969651,+
RGMA,chr15,93089211,-
SUSD3,chr9,93058688,+
CYP26C1,chr10,93060798,+
CYP26A1,chr10,93073475,+
MTF2,chr1,93079235,+
CARD19,chr9,93096217,+
SAMD9,chr7,93118023,-
NINJ1,chr9,93134251,-
SAMD9L,chr7,93148385,-
SLC36A4,chr11,93197991,-
TMED5,chr1,93180413,-
CCDC18,chr1,93179919,+
MOAP1,chr14,93184923,-
WNK2,chr9,93184122,+
LYSET,chr14,93184951,+
ENSG00000259066,chr14,93184974,+
HEPACAM2,chr7,93226469,-
GON7,chr14,93207065,-
UBR7,chr14,93207241,+
GPC6,chr13,93226807,+
VPS50,chr7,93232340,+
BTBD7,chr14,93333092,-
EPHA7,chr6,93419588,-
MYOF,chr10,93482334,-
DEUP1,chr11,93329990,+
UNC79,chr14,93333219,+
DR1,chr1,93345907,+
COX8C,chr14,93347182,+
NUDT4,chr12,93377883,+
UBE2N,chr12,93441947,-
CALCR,chr7,93574730,-
FAM120AOS,chr9,93453581,-
FNBP1L,chr1,93448118,+
FAM120A,chr9,93451685,+
MRPL42,chr12,93467514,+
SMCO4,chr11,93543391,-
CEP55,chr10,93496612,+
BCAR3,chr1,93847150,-
FFAR4,chr10,93566665,+
SOCS2,chr12,93569814,+
PHF2,chr9,93576584,+
NR2F1,chr5,93583222,+
GNGT1,chr7,93591573,+
RBP4,chr10,93601744,-
PDE6C,chr10,93612537,+
ARB2A,chr5,94111676,-
CEP295,chr11,93661682,+
FRA10AC1,chr10,93702592,-
NAP1L3,chrX,93673578,-
FAM133A,chrX,93674013,+
CRADD,chr12,93677375,+
CIBAR1,chr8,93698561,+
PRIMA1,chr14,93788485,-
RBM12B,chr8,93741017,-
TAF1D,chr11,93784391,-
POU5F2,chr5,93741600,-
C11orf54,chr11,93741591,+
ENSG00000284057,chr11,93741664,+
TMEM67,chr8,93754844,+
LGI1,chr10,93757851,+
MED17,chr11,93784282,+
VSTM5,chr11,93850618,-
ATOH1,chr4,93828753,+
PDP1,chr8,93857807,+
DNTTIP2,chr1,93879918,-
PROS1,chr3,93980003,-
GCLM,chr1,93909456,-
TFPI2,chr7,93890753,-
SLC35G1,chr10,93893973,+
FAM181A,chr14,93918894,+
GNG11,chr7,93921735,+
ASB2,chr14,93976739,-
BARX1,chr9,93955355,-
BET1,chr7,94004382,-
ARL13B,chr3,93980139,+
CCDC197,chr14,93987225,+
ABCA4,chr1,94121148,-
PLCE1,chr10,93993931,+
STX19,chr3,94028597,-
HEPHL1,chr11,94021354,+
OTUB2,chr14,94026340,+
PTPDC1,chr9,94030794,+
DHFR2,chr3,94063389,-
DDX24,chr14,94081202,-
NSUN3,chr3,94062980,+
IFI27L1,chr14,94081301,+
IFI27,chr14,94104836,+
CDH17,chr8,94217303,-
IFI27L2,chr14,94130253,-
PANX1,chr11,94128841,+
PPP4R4,chr14,94146128,+
PLXNC1,chr12,94148577,+
ARHGAP29,chr1,94237633,-
KIAA0825,chr5,94618604,-
SMARCAD1,chr4,94207611,+
MCTP2,chr15,94231538,+
GEM,chr8,94262350,-
ZNF169,chr9,94259298,+
SERPINA10,chr14,94293268,-
HPGDS,chr4,94342865,-
SERPINA6,chr14,94323389,-
IZUMO1R,chr11,94304580,+
CEP83,chr12,94459988,-
NUTM2F,chr9,94328644,-
NOC3L,chr10,94362959,-
SERPINA2,chr14,94366698,-
RAD54B,chr8,94475115,-
MFSD14B,chr9,94374569,+
SERPINA1,chr14,94390693,-
GPR83,chr11,94401419,-
FSBP,chr8,94436944,-
COL1A2,chr7,94394895,+
TBC1D12,chr10,94402541,+
MRE11,chr11,94493885,-
ABCD3,chr1,94418389,+
DCT,chr13,94479682,-
SERPINA11,chr14,94452800,-
PDLIM5,chr4,94451857,+
SERPINA9,chr14,94479689,-
SERPINA12,chr14,94517844,-
VIRMA,chr8,94553529,-
ANKRD49,chr11,94493979,+
CASD1,chr7,94509219,+
C11orf97,chr11,94512461,+
SGCE,chr7,94656572,-
F3,chr1,94541759,-
PIWIL4,chr11,94567368,+
FUT4,chr11,94543921,+
HELLS,chr10,94545329,+
FBP2,chr9,94593824,-
SERPINA4,chr14,94561442,+
SERPINA5,chr14,94561442,+
TMCC3,chr12,94650557,-
TGDS,chr13,94596242,-
AQP7B,chr2,94587101,+
ENSG00000273259,chr14,94592058,+
GPR180,chr13,94601857,+
FBP1,chr9,94640249,-
SERPINA3,chr14,94612384,+
SLF1,chr5,94618669,+
ESRP1,chr8,94641074,+
PEG10,chr7,94656325,+
CYP2C18,chr10,94683729,+
ENSG00000276490,chr10,94688154,+
MCTP1,chr5,95285094,-
AMOTL1,chr11,94706431,+
SOX21,chr13,94712545,-
DPY19L4,chr8,94719703,+
AOPEP,chr9,94726699,+
BMPR1B,chr4,94757955,+
CYP2C19,chr10,94762681,+
GSC,chr14,94770113,-
INTS8,chr8,94813311,+
SLC44A3,chr1,94820342,+
TEKT4,chr2,94871430,+
CCNE2,chr8,94896678,-
NDUFA12,chr12,95003713,-
NDUFAF6,chr8,94895533,+
CNN3,chr1,94927223,-
PPP1R9A,chr7,94907202,+
TP53INP1,chr8,94949378,-
CYP2C9,chr10,94938658,+
CWC15,chr11,94973556,-
KDM4D,chr11,94973709,+
ALG14,chr1,95072951,-
ABCC4,chr13,95301451,-
NR2C1,chr12,95073628,-
KDM4E,chr11,95025258,+
MAL,chr2,95025677,+
CYP2C8,chr10,95069497,-
KDM4F,chr11,95048142,+
SRSF8,chr11,95066919,+
FGD6,chr12,95217467,-
MRPS5,chr2,95121978,-
ENSG00000289685,chr2,95165391,-
DICER1,chr14,95158010,-
ENDOD1,chr11,95089846,+
FANCC,chr9,95426796,-
PLEKHF2,chr8,95115642,+
TLCD4,chr1,95117355,+
TLCD4-RWDD3,chr1,95117923,+
ZNF514,chr2,95165668,-
UNC5C,chr4,95549206,-
ZNF2,chr2,95165432,+
SESN3,chr11,95232541,-
CLMN,chr14,95319908,-
ACSM6,chr10,95194238,+
ZNF892,chr2,95207521,+
VEZT,chr12,95217746,+
RWDD3,chr1,95234210,+
PDLIM1,chr10,95291012,-
CFAP418,chr8,95269201,-
PROM2,chr2,95274449,+
KCNIP3,chr2,95297327,+
PON1,chr7,95324532,-
SORBS1,chr10,95561414,-
PON3,chr7,95396375,-
FAM81B,chr5,95391366,+
FAHD2A,chr2,95402708,+
PON2,chr7,95435329,-
SYNE3,chr14,95516650,-
CLDN10,chr13,95433604,+
PTCH1,chr9,95517057,-
SKIC3,chr5,95554998,-
METAP2,chr12,95474081,+
TRIM43B,chr2,95484754,-
ASB4,chr7,95478444,+
USP44,chr12,95551476,-
GLRX5,chr14,95533503,+
ARSK,chr5,95555101,+
MANEA,chr6,95577485,+
DZIP1,chr13,95644706,-
PDK4,chr7,95596516,-
TRIM43,chr2,95592001,+
ALDH18A1,chr10,95656711,-
GPR150,chr5,95620087,+
RFESD,chr5,95646777,+
SPATA9,chr5,95698711,-
NTN4,chr12,95791152,-
TCTN3,chr10,95694143,-
DNAJC3,chr13,95677139,+
TCL1B,chr14,95686426,+
TCL1A,chr14,95714196,-
ENTPD1,chr10,95711779,+
RHOBTB3,chr5,95713522,+
GLRX,chr5,95822726,-
FAM76B,chr11,95790409,-
DYNC1I1,chr7,95772506,+
CEP57,chr11,95789965,+
UGGT2,chr13,96053482,-
MTMR2,chr11,95925315,-
ANKRD36C,chr2,95991831,-
PDHA2,chr4,95840093,+
SNRPF,chr12,95858952,+
ENSG00000270099,chr10,95860548,+
TUNAR,chr14,95866587,+
CCDC38,chr12,95942635,-
ERCC6L2,chr9,95871264,+
ELL2,chr5,95961851,-
CC2D2B,chr10,95907603,+
AMDHD1,chr12,95943331,+
CAST,chr5,95962001,+
HAL,chr12,95996365,-
MAML2,chr11,96343195,-
LTA4H,chr12,96043520,-
FUT9,chr6,96015974,+
GPAT2,chr2,96039451,-
C14orf132,chr14,96039362,+
CCNJ,chr10,96043394,+
HS6ST3,chr13,96090107,+
ADRA2B,chr2,96116571,-
SLC25A13,chr7,96322147,-
ASTL,chr2,96138502,-
ZNF518A,chr10,96129715,+
GDF6,chr8,96160806,-
DUSP2,chr2,96145440,-
STARD7,chr2,96208827,-
BLNK,chr10,96271569,-
ELK3,chr12,96194375,+
BDKRB2,chr14,96204679,+
ENSG00000258691,chr14,96204844,+
UQCRB,chr8,96235546,-
HSD17B3,chr9,96302176,-
ENSG00000285269,chr9,96314276,-
MTERF3,chr8,96261610,-
TMEM127,chr2,96266047,-
BDKRB1,chr14,96256210,+
PTDSS1,chr8,96261902,+
CIAO1,chr2,96266159,+
SNRNP200,chr2,96321271,-
CDK17,chr12,96400480,-
ATG2B,chr14,96363341,-
DNTT,chr10,96304409,+
SLC35D2,chr9,96383711,-
ITPRIPL1,chr2,96325317,+
NR2F2,chr15,96325938,+
NCAPH,chr2,96335766,+
OPALIN,chr10,96359365,-
CCDC82,chr11,96389956,-
GSKIP,chr14,96363452,+
TLL2,chr10,96513926,-
ZNF367,chr9,96418370,-
JRKL,chr11,96389989,+
PCSK1,chr5,96434143,-
AK7,chr14,96392128,+
HABP4,chr9,96450169,+
SEM1,chr7,96709873,-
CFAP54,chr12,96489577,+
CDC14B,chr9,96619843,-
SDC2,chr8,96493813,+
NEURL3,chr2,96508109,-
PAPOLA,chr14,96501433,+
TM9SF3,chr10,96587452,-
UFL1,chr6,96521595,+
ARID5A,chr2,96536752,+
FHL5,chr6,96562548,+
KANSL3,chr2,96638324,-
PIK3AP1,chr10,96720514,-
PRXL2C,chr9,96655317,-
FER1L5,chr2,96642764,+
CPQ,chr8,96645242,+
DIAPH2,chrX,96684712,+
LMAN2L,chr2,96740064,-
PTBP2,chr1,96721777,+
ZNF510,chr9,96778087,-
ERAP1,chr5,96808100,-
CNNM4,chr2,96760902,+
GPR63,chr6,96837477,-
VRK1,chr14,96797304,+
EPHA6,chr3,96814581,+
CNNM3,chr2,96816245,+
ZNF782,chr9,96875623,-
ANKRD23,chr2,96857934,-
LCOR,chr10,96832260,+
ANKRD39,chr2,96858016,-
SEMA4C,chr2,96870757,-
FAM178B,chr2,96986580,-
ERAP2,chr5,96875986,+
RPA4,chrX,96883908,+
NDUFAF4,chr6,96897891,-
NEDD1,chr12,96907224,+
KLHL32,chr6,96924620,+
NUTM2G,chr9,96928310,+
LNPEP,chr5,96935394,+
OXGR1,chr13,96994730,-
SLIT1,chr10,97185959,-
DLX6,chr7,97005553,+
DLX5,chr7,97024950,-
CTSV,chr9,97089428,-
DPYD,chr1,97995000,-
FAHD2B,chr2,97094898,-
LIX1,chr5,97142753,-
ANKRD36,chr2,97113153,+
SDHAF3,chr7,97117698,+
MMS22L,chr6,97283216,-
ARHGAP19-SLIT1,chr10,97292637,-
RIOK2,chr5,97183247,-
STPG2,chr4,98143476,-
MBNL2,chr13,97221434,+
ARHGAP19,chr10,97292673,-
TSPYL5,chr8,97277928,-
CCDC180,chr9,97307361,+
FRAT1,chr10,97319271,+
FRAT2,chr10,97334729,-
RRP12,chr10,97426076,-
TDRD7,chr9,97412096,+
PGAM1,chr10,97426191,+
RAP2A,chr13,97434169,+
EXOSC1,chr10,97446017,-
ZDHHC16,chr10,97446170,+
MMS19,chr10,97498794,-
ANKRD36B,chr2,97589877,-
UBTD1,chr10,97498924,+
TMOD1,chr9,97501180,+
ANKRD2,chr10,97572499,+
HOGA1,chr10,97584343,+
ENSG00000249967,chr10,97584374,+
C10orf62,chr10,97589721,+
TSTD2,chr9,97633368,-
MORN4,chr10,97633500,-
NCBP1,chr9,97633821,+
PI4K2A,chr10,97640671,+
MTDH,chr8,97644184,+
COX5B,chr2,97646062,+
ACTR1B,chr2,97664044,-
C2orf92,chr2,97664217,+
XPA,chr9,97697340,-
AVPI1,chr10,97687241,-
MARVELD1,chr10,97713173,+
ZAP70,chr2,97713576,+
TAC1,chr7,97732084,+
ZFYVE27,chr10,97737121,+
TMEM131,chr2,97995948,-
ARL6,chr3,97764521,+
SFRP5,chr10,97771999,-
LAPTM4B,chr8,97775057,+
CRYBG3,chr3,97822011,+
GOLGA7B,chr10,97849843,+
ASNS,chr7,97872542,-
FOXE1,chr9,97853226,+
CRTAC1,chr10,98030828,-
MATN2,chr8,97868840,+
TRMO,chr9,97922500,-
HEMGN,chr9,97944856,-
RIOX2,chr3,97972457,-
IPO5,chr13,97953658,+
ARRDC4,chr15,97960703,+
ANP32B,chr9,97983341,+
OCM2,chr7,97991169,-
GABRR3,chr3,98035315,-
RPL30,chr8,98046469,-
NANS,chr9,98056732,+
OR5AC1,chr3,98064472,+
ERICH5,chr8,98064522,+
TRIM14,chr9,98119222,-
VWA3B,chr2,98087167,+
OR5AC2,chr3,98087173,+
RIDA,chr8,98117171,-
LMTK2,chr7,98106862,+
POP1,chr8,98117293,+
CORO2A,chr9,98192637,-
OR5H1,chr3,98130721,+
R3HCC1L,chr10,98134624,+
FARP1,chr13,98142562,+
OR5H14,chr3,98147479,+
OR5H15,chr3,98166696,+
RNF113B,chr13,98177269,-
NIPAL2,chr8,98294393,-
TBC1D2,chr9,98255649,-
BHLHA15,chr7,98211439,+
TECPR1,chr7,98252232,-
LOXL4,chr10,98268194,-
BRI3,chr7,98252379,+
RAP1GDS1,chr4,98261384,+
OR5H6,chr3,98263252,+
OR5H2,chr3,98282505,+
GABBR2,chr9,98708935,-
BAIAP2L1,chr7,98401090,-
OR5H8,chr3,98306752,+
CNGA3,chr2,98346188,+
OR5K4,chr3,98353854,+
STK3,chr8,98942827,-
PYROXD2,chr10,98415182,-
OR5K3,chr3,98390666,+
HPS1,chr10,98446961,-
ENSG00000289758,chr10,98446920,-
KCNS2,chr8,98426958,+
INPP4A,chr2,98444854,+
STK24,chr13,98577940,-
HPSE2,chr10,99235862,-
OR5K1,chr3,98463201,+
TSPAN5,chr4,98658611,-
OR5K2,chr3,98497681,+
CLDND1,chr3,98523066,-
TMPO,chr12,98515561,+
ENSG00000285635,chr3,98585498,-
GPR15,chr3,98531978,+
CPOX,chr3,98593611,-
SLC25A3,chr12,98593591,+
COA5,chr2,98608515,-
UNC50,chr2,98608579,+
IKBIP,chr12,98645113,-
NPTX2,chr7,98617285,+
MGAT4A,chr2,98731132,-
APAF1,chr12,98645149,+
IGF1R,chr15,98648539,+
SNX7,chr1,98661701,+
SLC15A1,chr13,98752672,-
ANKS1B,chr12,99984936,-
ANKS6,chr9,98796965,-
ST3GAL6,chr3,98732255,+
RGMB,chr5,98768650,+
DOCK9,chr13,99086625,-
CRACDL,chr2,98936259,-
DCBLD2,chr3,98901695,-
GALNT12,chr9,98807670,+
POU3F2,chr6,98834574,+
TMEM130,chr7,98870771,-
CHD1,chr5,98929007,-
FBXL4,chr6,98948006,-
TRRAP,chr7,98877933,+
EIF4E,chr4,98929133,-
PLPPR5,chr1,99227929,-
COL15A1,chr9,98943179,+
OSR2,chr8,98944403,+
PGPEP1L,chr15,99007792,-
METAP1,chr4,98995659,+
TSGA10,chr2,99154964,-
VPS13B,chr8,99013274,+
CNTN5,chr11,99020949,+
SMURF1,chr7,99144108,-
ADH5,chr4,99088801,-
SYNM,chr15,99098217,+
TGFBR1,chr9,99104038,+
ADH4,chr4,99157792,-
TTC23,chr15,99251223,-
ENSG00000241962,chr2,99307442,+
C2orf15,chr2,99141707,+
LIPT1,chr2,99154955,+
ENSG00000273155,chr2,99154998,+
MITD1,chr2,99181058,-
BCL11B,chr14,99272197,-
KPNA7,chr7,99250075,-
MRPL30,chr2,99181152,+
UBAC2,chr13,99200774,+
ADH6,chr4,99219537,-
ALG2,chr9,99221942,-
SEC61B,chr9,99222064,+
LYG2,chr2,99255666,-
LRRC28,chr15,99251362,+
GPR18,chr13,99261744,-
PLPPR4,chr1,99264292,+
FAXC,chr6,99350062,-
MYH16,chr7,99272839,+
ADH1A,chr4,99290985,-
LYG1,chr2,99304742,-
GPR183,chr13,99307399,-
ADH1B,chr4,99321401,-
TXNDC9,chr2,99340702,-
ENSG00000284292,chr7,99325879,+
ARPC1A,chr7,99325898,+
CNNM1,chr10,99329356,+
ADH1C,chr4,99352746,-
EIF5B,chr2,99337389,+
COQ3,chr6,99394195,-
ARPC1B,chr7,99374249,+
PDAP1,chr7,99408597,-
GOT1,chr10,99430624,-
PNISR,chr6,99425331,-
SETD3,chr14,99480889,-
REV1,chr2,99490017,-
BUD31,chr7,99408641,+
ADH7,chr4,99435510,-
PTCD1,chr7,99466163,-
ATP5MF-PTCD1,chr7,99466197,-
USP45,chr6,99521728,-
CPSF4,chr7,99438922,+
TM9SF2,chr13,99446311,+
ATP5MF,chr7,99466167,-
ZNF789,chr7,99472890,+
ZNF394,chr7,99504857,-
CCNK,chr14,99481169,+
CCDC85C,chr14,99604207,-
ZKSCAN5,chr7,99504662,+
C4orf17,chr4,99511012,+
TSTD3,chr6,99520976,+
ENSG00000206356,chr5,99525361,-
NKX2-3,chr10,99532942,+
CCNC,chr6,99568825,-
AFF3,chr2,100192428,-
FAM200A,chr7,99558536,-
TRMT10A,chr4,99564039,-
ZNF655,chr7,99558406,+
ENSG00000272647,chr7,99558695,+
MTTP,chr4,99564081,+
MEF2A,chr15,99565417,+
TMEM225B,chr7,99598267,+
CLYBL,chr13,99606669,+
PRDM13,chr6,99606833,+
SLC25A28,chr10,99622793,-
ZSCAN25,chr7,99616946,+
C4orf54,chr4,99657828,-
COL8A1,chr3,99638475,+
HHIPL1,chr14,99645129,+
PALMD,chr1,99646113,+
GARIN6,chr12,99647753,+
CYP3A5,chr7,99679996,-
ENSG00000285932,chr10,99732112,-
ENTPD7,chr10,99659509,+
CYP46A1,chr14,99684298,+
CYP3A7-CYP3A51P,chr7,99735102,-
CUTC,chr10,99702558,+
FRRS1,chr1,99766635,-
CYP3A7,chr7,99735196,-
COX15,chr10,99732127,-
LYSMD4,chr15,99733561,-
EML1,chr14,99737693,+
CYP3A4,chr7,99784248,-
ABCC2,chr10,99782640,+
DAPP1,chr4,99816827,+
CMSS1,chr3,99817837,+
NR4A3,chr9,99821855,+
CYP3A43,chr7,99828013,+
FILIP1L,chr3,100114513,-
AGL,chr1,99850361,+
COX6C,chr8,99893707,-
DNMBP,chr10,100009947,-
OR2AE1,chr7,99877033,-
TRIM4,chr7,99919531,-
LAMTOR3,chr4,99894428,-
DNAJB14,chr4,99946618,-
STX17,chr9,99906654,+
MCHR2,chr6,99994247,-
GJC3,chr7,99929620,-
H2AZ1,chr4,99950299,-
RGS22,chr8,100131268,-
ZIC5,chr13,99971767,-
AZGP1,chr7,99976031,-
SLC35A3,chr1,99969351,+
ENSG00000283761,chr1,99970011,+
ADAMTS17,chr15,100341975,-
EVL,chr14,99971449,+
ERP44,chr9,100099052,-
ZIC2,chr13,99981784,+
ZKSCAN1,chr7,100015572,+
BLTP3B,chr12,100142874,-
MFSD14A,chr1,100038095,+
CPN1,chr10,100081869,-
ZSCAN21,chr7,100049774,+
ZNF3,chr7,100082548,-
SASS6,chr1,100132955,-
COPS6,chr7,100088969,+
PCCA,chr13,100089015,+
MCM7,chr7,100101940,-
INVS,chr9,100099243,+
AP4M1,chr7,100100858,+
TAF6,chr7,100119841,-
CNPY4,chr7,100119634,+
MBLAC1,chr7,100126785,+
TRMT13,chr1,100133150,+
FBXO43,chr8,100145817,-
DEGS2,chr14,100159645,-
LRRC39,chr1,100178267,-
LAMTOR4,chr7,100148912,+
ERLIN1,chr10,100186033,-
POLR2K,chr8,100150623,+
TRAPPC14,chr7,100158723,-
SPAG1,chr8,100157906,+
GAL3ST4,chr7,100168617,-
GPC2,chr7,100177381,-
STAG3,chr7,100177563,+
DDIT4L,chr4,100190782,-
DBT,chr1,100249834,-
CHUK,chr10,100229596,-
ACTR6,chr12,100199122,+
DEPDC4,chr12,100267079,-
ENSG00000292277,chr7,100205357,+
PVRIG,chr7,100218241,+
CWF19L1,chr10,100267667,-
YY1,chr14,100238298,+
RNF19A,chr8,100336218,-
TBC1D23,chr3,100260992,+
RTCA,chr1,100266216,+
SCYL2,chr12,100267140,+
LONRF2,chr2,100322501,-
BLOC1S2,chr10,100286680,-
PKD2L1,chr10,100330228,-
SLC25A29,chr14,100306533,-
PCDH19,chrX,100410273,-
TEX10,chr9,100352942,-
SPDYE3,chr7,100307702,+
SLC25A47,chr14,100323339,+
CDC14A,chr1,100325629,+
WARS1,chr14,100376805,-
NIT2,chr3,100334757,+
STAG3L5P-PVRIG2P-PILRB,chr7,100336079,+
SCD,chr10,100347233,+
PILRB,chr7,100352176,+
SLC17A8,chr12,100357074,+
TOMM70,chr3,100401089,-
PILRA,chr7,100367530,+
WDR25,chr14,100376418,+
SIM1,chr6,100464921,-
ENSG00000273957,chr5,100388975,+
CHST10,chr2,100417668,-
EMCN,chr4,100880126,-
ENSG00000289690,chr7,100397577,+
CERS3,chr15,100544995,-
ZCWPW1,chr7,100428792,-
LNP1,chr3,100401539,+
MSANTD3,chr9,100427143,+
MEPCE,chr7,100428322,+
PPP1R35,chr7,100436497,-
MSANTD3-TMEFF1,chr9,100442271,+
SPACDR,chr7,100464260,-
WNT8B,chr10,100463009,+
TSC22D4,chr7,100479232,-
NMS,chr2,100470482,+
TMEFF1,chr9,100473149,+
NR1H4,chr12,100473708,+
ENSG00000289760,chr7,100478170,-
NYAP1,chr7,100483927,+
SEC31B,chr10,100519861,-
TMEM45A,chr3,100492619,+
ENSG00000255339,chr10,100529881,-
ASCC3,chr6,100881364,-
ANKRD46,chr8,100559784,-
NDUFB8,chr10,100530000,-
HIF1AN,chr10,100529072,+
GGACT,chr13,100589528,-
FAM174A,chr5,100535338,+
BEGAIN,chr14,100587417,-
GPR88,chr1,100538139,+
AGFG2,chr7,100539203,+
LINS1,chr15,100603230,-
PDCL3,chr2,100562993,+
SAP25,chr7,100573900,-
SNX31,chr8,100663415,-
GAS2L3,chr12,100573683,+
LRCH4,chr7,100586129,-
CAVIN4,chr9,100578079,+
FBXO24,chr7,100583982,+
TNMD,chrX,100584936,+
PCOLCE,chr7,100602363,+
ASB7,chr15,100602589,+
TMTC4,chr13,100675093,-
ADGRG7,chr3,100609601,+
MOSPD3,chr7,100612102,+
TFR2,chr7,100642721,-
TSPAN6,chrX,100639991,-
ACTL6B,chr7,100656448,-
SRPX2,chrX,100644195,+
SYTL4,chrX,100732123,-
GNB2,chr7,100673567,+
GIGYF1,chr7,100694250,-
PABPC1,chr8,100722809,-
ARHGAP42,chr11,100687288,+
POP7,chr7,100706121,+
TFG,chr3,100709295,+
ANO4,chr12,100717526,+
VCAM1,chr1,100719742,+
EPO,chr7,100720468,+
DLK1,chr14,100725705,+
ZAN,chr7,100733595,+
PAX2,chr10,100735396,+
ABI3BP,chr3,100993515,-
EPHB4,chr7,100827523,-
ST8SIA4,chr5,100903282,-
NPAS2,chr2,100820139,+
CSTF2,chrX,100820391,+
SLC12A9,chr7,100826820,+
NOX1,chrX,100874359,-
ALDH1A3,chr15,100861924,+
TRIP6,chr7,100867387,+
EXTL2,chr1,100895179,-
SRRT,chr7,100875103,+
RTL1,chr14,100903722,-
UFSP1,chr7,100889715,-
ACHE,chr7,100896974,-
SLC30A7,chr1,100896076,+
SLF2,chr10,100912963,+
XKRX,chrX,100929433,-
YWHAZ,chr8,100953388,-
LRRK1,chr15,100919327,+
MUC3A,chr7,100949534,+
GRIK2,chr6,101181257,+
MRPL43,chr10,100987515,-
SEMA4G,chr10,100969504,+
MUC12,chr7,100969565,+
ARL13A,chrX,100969708,+
TWNK,chr10,100987367,+
DPH5,chr1,101026088,-
LZTS2,chr10,100996618,+
RPL31,chr2,101002229,+
TBC1D8,chr2,101252866,-
PDZD7,chr10,101032295,-
TRMT2B,chrX,101052116,-
MUC17,chr7,101020081,+
PPP3CA,chr4,101348278,-
PLPPR1,chr9,101028727,+
PGR,chr11,101129813,-
SFXN3,chr10,101031234,+
NALCN,chr13,101416508,-
KAZALD1,chr10,101061989,+
TMEM35A,chrX,101078879,+
TRIM56,chr7,101085481,+
CENPI,chrX,101098188,+
SERPINE1,chr7,101127104,+
TLX1,chr10,101131300,+
AP1S1,chr7,101154476,+
SLC5A8,chr12,101210238,-
VGF,chr7,101165569,-
NAT16,chr7,101180293,-
CHSY1,chr15,101252048,-
ZNF706,chr8,101206193,-
MOGAT3,chr7,101201036,-
PLOD3,chr7,101218420,-
ZNHIT1,chr7,101218165,+
DRP2,chrX,101219769,+
IMPG2,chr3,101320575,-
LBX1,chr10,101229463,-
CLDN15,chr7,101238820,-
S1PR1,chr1,101236865,+
FIS1,chr7,101252316,-
CNOT11,chr2,101252886,+
TAF7L,chrX,101293057,-
SELENOS,chr15,101277485,-
RNF149,chr2,101308701,-
UTP20,chr12,101280105,+
SNRPA1,chr15,101295255,-
PCSK6,chr15,101525202,-
IFT22,chr7,101321823,-
SENP7,chr3,101513241,-
CREG2,chr2,101387503,-
TIMM8A,chrX,101348742,-
BTK,chrX,101390796,-
BTRC,chr10,101354033,+
BAAT,chr9,101385006,-
COL26A1,chr7,101362875,+
MRPL50,chr9,101398618,-
RPL36A,chrX,101390824,+
RPL36A-HNRNPH2,chrX,101391011,+
ARL1,chr12,101407772,-
GLA,chrX,101407925,-
RFX8,chr2,101475112,-
ZNF189,chr9,101398851,+
HNRNPH2,chrX,101408222,+
BANK1,chr4,101411286,+
ARMCX4,chrX,101418298,+
ALDOB,chr9,101449664,-
TRPC6,chr11,101872562,-
ITGBL1,chr13,101452593,+
PGAP4,chr9,101533537,-
SPIC,chr12,101475336,+
GRHL2,chr8,101492439,+
RNF20,chr9,101533853,+
ARMCX1,chrX,101550547,+
DIO3,chr14,101560139,+
TRMT10C,chr3,101561868,+
MYBPC1,chr12,101568353,+
GRIN3A,chr9,101738647,-
DPCD,chr10,101570560,+
PCNP,chr3,101574180,+
POLL,chr10,101588270,-
PPP3R2,chr9,101595021,-
FBXW4,chr10,101695295,-
MYL10,chr7,101629296,-
ARMCX6,chrX,101618001,-
TM2D3,chr15,101652391,-
ARMCX3,chrX,101622797,+
ZBTB11,chr3,101677132,-
TARS3,chr15,101724473,-
ARMCX2,chrX,101659850,-
RPL24,chr3,101686718,-
NCALD,chr8,102124907,-
ENSG00000293268,chr3,101686827,+
MAP4K4,chr2,101696850,+
CHPT1,chr12,101696947,+
FGF14,chr13,102402457,-
CEP97,chr3,101724614,+
SYCP3,chr12,101739469,-
GNPTAB,chr12,101830959,-
PPP2R5C,chr14,101761709,+
FGF8,chr10,101780371,-
NXPE3,chr3,101779177,+
NPM3,chr10,101783446,-
OGA,chr10,101818465,-
OLFM3,chr1,101996926,-
OR4F6,chr15,101803509,+
OR4F15,chr15,101812202,+
CUX1,chr7,101815904,+
KCNIP2,chr10,101843920,-
NFKBIZ,chr3,101827991,+
ARMH3,chr10,102056193,-
DRAM1,chr12,101877580,+
ZMAT1,chrX,101932031,-
ANGPTL5,chr11,101916522,-
CEP126,chr11,101915010,+
OR4F4,chr15,101923113,-
DYNC1H1,chr14,101964573,+
IL1R2,chr2,101991960,+
WASHC3,chr12,102062149,-
CFAP300,chr11,102047437,+
IL1R1,chr2,102064544,+
HPS6,chr10,102065349,+
NUP37,chr12,102120120,-
HSP90AA1,chr14,102139699,-
ZPLD1,chr3,102099244,+
LDB1,chr10,102120368,-
YAP1,chr11,102110447,+
PARPBP,chr12,102120183,+
TCEAL2,chrX,102125679,+
PPRC1,chr10,102132994,+
WDR20,chr14,102139503,+
TCEAL6,chrX,102142970,-
NOLC1,chr10,102152176,+
BEX5,chrX,102155977,-
IL1RL2,chr2,102187006,+
PMCH,chr12,102197833,-
RRM2B,chr8,102238961,-
TCP11X1,chrX,102215301,+
MOK,chr14,102305190,-
ELOVL3,chr10,102226299,+
PITX3,chr10,102241512,-
SLCO4C1,chr5,102296284,-
GBF1,chr10,102245371,+
NXF2,chrX,102247167,+
SLC39A8,chr4,102431258,-
UBR5,chr8,102412759,-
SH2B2,chr7,102285155,+
IL1RL1,chr2,102311502,+
IL18R1,chr2,102311529,+
ZNF839,chr14,102317377,+
BIRC3,chr11,102317484,+
CINP,chr14,102362914,-
SPDYE6,chr7,102356444,-
BIRC2,chr11,102347211,+
NXF2B,chrX,102440008,-
ENSG00000284800,chrX,102471812,-
TECPR2,chr14,102362941,+
PRKRIP1,chr7,102363872,+
SLCO6A1,chr5,102499016,-
NFKB2,chr10,102394110,+
IGF1,chr12,102481744,-
TMEM123,chr11,102470384,-
PSD,chr10,102421539,-
IL18RAP,chr2,102418689,+
FBXL15,chr10,102419189,+
CUEDC2,chr10,102432584,-
ORAI2,chr7,102433106,+
C10orf95,chr10,102451543,-
ALKBH4,chr7,102464863,-
TCP11X2,chrX,102471812,-
MFSD13A,chr10,102461395,+
ACTR1A,chr10,102502712,-
LRWD1,chr7,102464956,+
POLR2J,chr7,102478922,-
SLC9A4,chr2,102473226,+
RASA4B,chr7,102517777,-
NFKB1,chr4,102501330,+
ANKRD9,chr14,102509799,-
SUFU,chr10,102503972,+
TMSB15A,chrX,102516739,-
MMP7,chr11,102530747,-
POLR2J3,chr7,102572653,-
UPK3BL2,chr7,102543696,-
ENSG00000270249,chr7,102592444,-
SPDYE2,chr7,102551226,+
ODF1,chr8,102551589,+
MMP20,chr11,102625332,-
RASA4,chr7,102616756,-
ENSG00000205236,chr7,102642869,-
RCOR1,chr14,102592649,+
TPP2,chr13,102596986,+
ARMCX5,chrX,102599168,+
SLC9A2,chr2,102619553,+
MANBA,chr4,102760983,-
UPK3BL1,chr7,102642791,-
POLR2J2-UPK3BL1,chr7,102671641,-
TRIM8,chr10,102642503,+
KLF10,chr8,102655725,-
SPDYE2B,chr7,102650319,+
GPRASP1,chrX,102651092,+
POLR2J2,chr7,102671663,-
ARL3,chr10,102714397,-
METTL21C,chr13,102695044,-
MMP27,chr11,102705769,-
MMP8,chr11,102724954,-
GPRASP2,chrX,102712445,+
ARMCX5-GPRASP2,chrX,102712495,+
SFXN2,chr10,102714538,+
MFSD9,chr2,102736888,-
GPRASP3,chrX,102720688,+
CCDC168,chr13,102759072,-
TMEM182,chr2,102736905,+
WBP1L,chr10,102743948,+
FAM185A,chr7,102748971,+
PAM,chr5,102753981,+
TEX30,chr13,102773811,-
MMP10,chr11,102780628,-
TRAF3,chr14,102777449,+
POGLUT2,chr13,102799040,-
MMP1,chr11,102798160,-
UBE2D3,chr4,102868896,-
BIVM-ERCC5,chr13,102799110,+
BIVM,chr13,102799119,+
FBXL13,chr7,103074796,-
AZIN1,chr8,102893864,-
CYP17A1,chr10,102837472,-
MMP3,chr11,102843609,-
PAH,chr12,102958410,-
ERCC5,chr13,102845841,+
BORCS7,chr10,102854259,+
BORCS7-ASMT,chr10,102854272,+
ENSG00000289653,chr8,102863860,-
MMP12,chr11,102874982,-
CISD2,chr4,102868992,+
AS3MT,chr10,102869470,+
COL11A1,chr1,103108872,-
METTL21EP,chr13,102880040,+
SLC9B1,chr4,103019719,-
LRRC17,chr7,102913000,+
CNNM2,chr10,102918294,+
AMN,chr14,102922663,+
CDC42BPB,chr14,103057549,-
RAB40AL,chrX,102937272,+
MMP13,chr11,102955732,-
ASCL1,chr12,102957674,+
NFE4,chr7,102973354,+
CYLC2,chr9,102995311,+
SLC9B2,chr4,103077324,-
ATP6V1C1,chr8,103021063,+
SLC10A2,chr13,103066417,-
DCUN1D5,chr11,103092189,-
BEX1,chrX,103064171,-
ARMC10,chr7,103074881,+
NXF3,chrX,103093143,-
BDH2,chr4,103099870,-
LBHD2,chr14,103084210,+
GIN1,chr5,103120138,-
NT5C2,chr10,103277605,-
EXOC3L4,chr14,103094725,+
NAPEPLD,chr7,103149560,-
CENPE,chr4,103198445,-
DYNC2H1,chr11,103109410,+
PPIP5K2,chr5,103120149,+
TNFAIP2,chr14,103121476,+
BAALC,chr8,103140713,+
BEX4,chrX,103215108,+
C12orf42,chr12,103495978,-
RPEL1,chr10,103245887,+
TCEAL8,chrX,103255192,-
MACIR,chr5,103258763,+
TCEAL5,chrX,103276750,-
INA,chr10,103277138,+
PMPCB,chr7,103297407,+
FZD6,chr8,103298433,+
PCGF6,chr10,103351140,-
BEX2,chrX,103311007,-
DNAJC2,chr7,103344830,-
PSMC2,chr7,103328570,+
TCEAL7,chrX,103330229,+
EIF5,chr14,103333544,+
ENSG00000291313,chr14,103334237,+
SLC26A5,chr7,103446207,-
TCEAL9,chrX,103356489,+
TAF5,chr10,103367972,+
CTHRC1,chr8,103371538,+
BEX3,chrX,103376395,+
MARK3,chr14,103385377,+
ATP5MK,chr10,103396492,-
PDCD11,chr10,103396626,+
SLC25A32,chr8,103415107,-
ENSG00000285982,chr8,103501895,-
DCAF13,chr8,103414714,+
CALHM2,chr10,103452402,-
CALHM1,chr10,103458900,-
RELN,chr7,103989658,-
CALHM3,chr10,103479240,-
NEURL1,chr10,103493705,+
RAB40A,chrX,103519489,-
RIMS2,chr8,103500610,+
CKB,chr14,103522833,-
RNPC3,chr1,103525691,+
TRMT61A,chr14,103529196,+
NUDT12,chr5,103562789,-
AMY2B,chr1,103554700,+
BAG5,chr14,103562657,-
KLC1,chr14,103561896,+
COA8,chr14,103562960,+
ENSG00000256500,chr14,103562962,+
TCEAL4,chrX,103576231,+
TACR3,chr4,103719985,-
STAB2,chr12,103587273,+
SH3PXD2A,chr10,103855584,-
TCEAL3,chrX,103607451,+
AMY2A,chr1,103617427,+
TCEAL1,chrX,103628704,+
AMY1A,chr1,103655760,+
MORF4L2,chrX,103688158,-
AMY1B,chr1,103696454,-
XRCC3,chr14,103715504,-
TMEM31,chrX,103710909,+
ZFYVE21,chr14,103715730,+
PPP1R13B,chr14,103847575,-
AMY1C,chr1,103745323,+
NT5DC3,chr12,103841234,-
PLP1,chrX,103773718,+
RAB9B,chrX,103832257,-
STN1,chr10,103918332,-
PDGFD,chr11,104164379,-
ATP5MJ,chr14,103928269,-
TMSB15B,chrX,103918896,+
TDRD9,chr14,103928456,+
HSP90B1,chr12,103930107,+
RD3L,chr14,103942561,-
UQCC6,chr12,103965708,-
TDG,chr12,103965822,+
SLK,chr10,103967140,+
GLT8D2,chr12,104064183,-
H2BW1,chrX,104013708,-
COL17A1,chr10,104085880,-
DDI1,chr11,104036640,+
H2BW2,chrX,104039956,+
TMSB15C,chrX,104076236,-
HCFC2,chr12,104064531,+
ASPG,chr14,104085691,+
SMC2,chr9,104094260,+
SLC25A53,chrX,104157009,-
ZCCHC18,chrX,104112131,+
NFYB,chr12,104138241,-
SFR1,chr10,104122058,+
ORC5,chr7,104208047,-
CFAP43,chr10,104232364,-
KIF26A,chr14,104136454,+
FAM199X,chrX,104166453,+
TXNRD1,chr12,104215779,+
GSTO1,chr10,104235356,+
ESX1,chrX,104254933,-
GSTO2,chr10,104268873,+
EID3,chr12,104303739,+
ITPRIP,chr10,104338465,-
LHFPL3,chr7,104328603,+
DPYS,chr8,104467055,-
DCSTAMP,chr8,104339087,+
CFAP58,chr10,104353833,+
CHST11,chr12,104455295,+
CXXC4,chr4,104494901,-
TMEM179,chr14,104605647,-
LRP12,chr8,104589258,-
OR13F1,chr9,104504263,+
OR13C4,chr9,104527209,-
OR13C3,chr9,104536856,-
IL1RAPL2,chrX,104566199,+
OR13C8,chr9,104569168,+
C14orf180,chr14,104579764,+
ZFPM2,chr8,104590733,+
OR13C5,chr9,104599413,-
OR13C2,chr9,104605627,-
OR13C9,chr9,104618204,-
SORCS3,chr10,104641290,+
INF2,chr14,104681146,+
OR13D1,chr9,104694518,+
ADSS1,chr14,104724174,+
HACE1,chr6,104859919,-
NIPSNAP3A,chr9,104747683,+
SIVA1,chr14,104753147,+
NIPSNAP3B,chr9,104764129,+
AKT1,chr14,104795759,-
ABCA1,chr9,104928155,-
ZBTB42,chr14,104800596,+
SLC41A2,chr12,104958744,-
POU3F3,chr2,104853287,+
CEP170B,chr14,104865268,+
CASP12,chr11,104898670,-
PLD4,chr14,104924713,+
LIN28B,chr6,104936616,+
AHNAK2,chr14,104978374,-
KMT2E,chr7,104941063,+
CASP4,chr11,104969366,-
CLBA1,chr14,104985775,+
NOPCHAP1,chr12,104986316,+
CASP5,chr11,105023168,-
CDCA4,chr14,105021083,-
ALDH1L2,chr12,105107643,-
CASP1,chr11,105035250,-
MRPS9,chr2,105038069,+
CARD16,chr11,105101431,-
ENSG00000289360,chr7,105040848,+
ENSG00000288914,chr7,105040858,+
GPR132,chr14,105065445,-
CARD17P,chr11,105101414,-
BVES,chr6,105137157,-
WASHC4,chr12,105107324,+
SRPK2,chr7,105399308,-
CARD18,chr11,105531697,-
JAG2,chr14,105168824,-
TET2,chr4,105145875,+
POPDC3,chr6,105180014,-
NUDT14,chr14,105181312,-
APPL2,chr12,105236174,-
BRF1,chr14,105315589,-
TEX13A,chrX,105220694,-
C12orf75,chr12,105235290,+
GPR45,chr2,105241743,+
SLC44A1,chr9,105244622,+
BTBD6,chr14,105248533,+
TGFBRAP1,chr2,105329735,-
PREP,chr6,105454062,-
PACS2,chr14,105300563,+
C2orf49,chr2,105337532,+
FHL2,chr2,105438513,-
ALCAM,chr3,105366909,+
PPA2,chr4,105474064,-
TEX22,chr14,105398538,+
MTA1,chr14,105419820,+
PUS7,chr7,105522271,-
FSD1L,chr9,105447796,+
DAOA,chr13,105466045,+
CRIP2,chr14,105472962,+
CRIP1,chr14,105486317,+
ENSG00000257341,chr14,105487199,+
TEDC1,chr14,105489855,+
TMEM121,chr14,105526583,+
RINT1,chr7,105532184,+
ARHGEF38,chr4,105552620,+
FKTN,chr9,105558130,+
EFCAB10,chr7,105600875,-
IGHA2,chr14,105588395,-
IGHE,chr14,105601728,-
ATXN7L1,chr7,105876599,-
GRIA4,chr11,105609535,+
IGHG4,chr14,105626066,-
IGHG2,chr14,105644790,-
CBLB,chr3,105869552,-
TAL2,chr9,105662457,+
INTS12,chr4,105895986,-
TMEM38B,chr9,105694541,+
IGHA1,chr14,105708665,-
GSTCD,chr4,105708778,+
IGHG1,chr14,105743071,-
NCK2,chr2,105744912,+
IGHG3,chr14,105771405,-
NRK,chrX,105822539,+
IGHD,chr14,105845677,-
IGHM,chr14,105856218,-
IGHJ6,chr14,105863258,-
IGHJ5,chr14,105863862,-
IGHJ4,chr14,105864260,-
IGHJ3,chr14,105864635,-
IGHJ2,chr14,105865250,-
IGHJ1,chr14,105865458,-
IGHD7-27,chr14,105865561,-
CDHR3,chr7,105876796,+
IGHD1-26,chr14,105881053,-
IGHD6-25,chr14,105881556,-
IGHD5-24,chr14,105883922,-
IGHD4-23,chr14,105884888,-
IGHD3-22,chr14,105886061,-
IGHD2-21,chr14,105888578,-
IGHD1-20,chr14,105891207,-
IGHD6-19,chr14,105891719,-
IGHD5-18,chr14,105893561,-
IGHD4-17,chr14,105894523,-
NPNT,chr4,105894775,+
IGHD3-16,chr14,105895670,-
IGHD2-15,chr14,105897987,-
IGHD1-14,chr14,105900654,-
IGHD6-13,chr14,105901162,-
IGHD5-12,chr14,105902671,-
IGHD4-11,chr14,105903631,-
IGHD3-10,chr14,105904527,-
IGHD3-9,chr14,105904711,-
IGHD2-8,chr14,105907241,-
IGHD1-7,chr14,105909923,-
IGHD6-6,chr14,105910427,-
IGHD5-5,chr14,105912276,-
IGHD4-4,chr14,105913237,-
IGHD3-3,chr14,105914389,-
IGHD2-2,chr14,105916856,-
IGHD1-1,chr14,105919518,-
IGHV6-1,chr14,105940253,-
IGHV1-2,chr14,105987083,-
PRDM1,chr6,105993463,+
MSANTD4,chr11,106022403,-
IGHV1-3,chr14,106005574,-
IGHV4-4,chr14,106012420,-
IGHV7-4-1,chr14,106025630,-
SERPINA7,chrX,106038727,-
IGHV2-5,chr14,106038365,-
TBCK,chr4,106316683,-
ATG5,chr6,106325762,-
KBTBD3,chr11,106077459,-
IGHV3-7,chr14,106062683,-
ECRG4,chr2,106063246,+
NUAK1,chr12,106138954,-
AASDHPPT,chr11,106075501,+
IGHV3-64D,chr14,106088573,-
SYPL1,chr7,106112589,-
UXS1,chr2,106194301,-
IGHV5-10-1,chr14,106108464,-
IGHV3-11,chr14,106117204,-
IGHV3-13,chr14,106130072,-
IGHV3-15,chr14,106154163,-
IGHV3-16,chr14,106165730,-
PWWP3B,chrX,106168305,+
IGHV1-18,chr14,106185394,-
IGHV3-20,chr14,106211453,-
IGHV3-21,chr14,106235594,-
CKAP4,chr12,106304279,-
NAMPT,chr7,106285966,-
IGHV3-23,chr14,106269140,-
OXR1,chr8,106270144,+
IGHV1-24,chr14,106277043,-
IGHV2-26,chr14,106301862,-
TCP11L2,chr12,106301929,+
AIMP1,chr4,106315544,+
IGHV4-28,chr14,106324760,-
IGHV3-30,chr14,106335613,-
IGHV4-31,chr14,106349792,-
GIMD1,chr4,106368778,-
POLR3B,chr12,106357748,+
IGHV3-33,chr14,106360324,-
CRYBG1,chr6,106360717,+
IGHV4-34,chr14,106374145,-
IGHV3-35,chr14,106389858,-
RGPD3,chr2,106468413,-
IGHV3-38,chr14,106411021,-
IGHV4-39,chr14,106422218,-
IGHV3-43,chr14,106470800,-
CD8B2,chr2,106487364,+
EFNB2,chr13,106535662,-
IGHV1-45,chr14,106507491,-
IGHV1-46,chr14,106511856,-
IGHV3-48,chr14,106538344,-
ARGLU1,chr13,106568137,-
IGHV3-49,chr14,106557477,-
RTN4IP1,chr6,106629498,-
SORCS1,chr10,107164706,-
IGHV5-51,chr14,106579236,-
RFX4,chr12,106583004,+
IGHV8-51-1,chr14,106583807,-
IGHV3-53,chr14,106593347,-
RADX,chrX,106611930,+
IGHV1-58,chr14,106622855,-
IGHV4-59,chr14,106627825,-
QRSL1,chr6,106629578,+
IGHV4-61,chr14,106639657,-
CCDC71L,chr7,106661158,-
IGHV3-64,chr14,106658258,-
GUCY1A2,chr11,107018476,-
IGHV3-66,chr14,106675544,-
RNF128,chrX,106693794,+
IGHV1-69,chr14,106715181,-
IGHV2-70D,chr14,106724093,-
IGHV1-69-2,chr14,106737547,-
ABRA,chr8,106770244,-
IGHV1-69D,chr14,106762588,-
IGHV2-70,chr14,106771020,-
RIC8B,chr12,106774640,+
IGHV3-72,chr14,106791233,-
ST6GAL2,chr2,106887108,-
TBC1D8B,chrX,106802673,+
IGHV3-73,chr14,106803233,-
IGHV3-74,chr14,106811131,-
MORC4,chrX,107000212,-
ZNF462,chr9,106863166,+
PIK3CG,chr7,106865278,+
IGHV7-81,chr14,106875071,-
RIPPLY1,chrX,106903341,-
CLDN2,chrX,106900164,+
DKK2,chr4,107283806,-
TMEM263,chr12,106955719,+
CD24,chr6,106975627,-
MTERF2,chr12,106987163,-
CRY1,chr12,107093549,-
MTRES1,chr6,107028199,+
PRKAR2B,chr7,107044705,+
RBM41,chrX,107118822,-
PRMT6,chr1,107056674,+
BEND3,chr6,107115515,-
NUP62CL,chrX,107206433,-
NTNG1,chr1,107140007,+
PDSS2,chr6,107459564,-
NALF1,chr13,107867496,-
HBP1,chr7,107168961,+
COG5,chr7,107564261,-
DNAAF6,chrX,107206611,+
ANGPT1,chr8,107498055,-
RAD23B,chr9,107283137,+
ABTB3,chr12,107318421,+
CWF19L2,chr11,107457825,-
EFNA5,chr5,107670937,-
CCDC54,chr3,107377439,+
FRMPD3,chrX,107449652,+
GPR22,chr7,107470018,+
KLF4,chr9,107490482,-
SOBP,chr6,107490117,+
ALKBH8,chr11,107565742,-
BBX,chr3,107522936,+
DUS4L,chr7,107563484,+
DUS4L-BCAP29,chr7,107563971,+
VAV3,chr1,107965180,-
BCAP29,chr7,107580246,+
PAPSS1,chr4,107720234,-
ELMOD1,chr11,107591091,+
PRPS1,chrX,107628428,+
SLC26A4,chr7,107660828,+
PWP1,chr12,107685799,+
SCML4,chr6,107824317,-
SLN,chr11,107719693,-
TSC22D3,chrX,107777342,-
PRDM4,chr12,107761137,-
CBLL1,chr7,107743073,+
SLC26A3,chr7,107803225,-
ASCL4,chr12,107774704,+
NCBP2L,chrX,107774899,+
SLC35F2,chr11,107928293,-
SGMS2,chr4,107824563,+
MID2,chrX,107825755,+
RGPD4,chr2,107826892,+
FBXL17,chr5,108382098,-
SEC63,chr6,107958208,-
DLD,chr7,107891173,+
RSPO2,chr8,108083642,-
LAMB1,chr7,108003213,-
RAB39A,chr11,107928448,+
CYP2U1,chr4,107931549,+
TEX13B,chrX,107982370,-
SLC5A7,chr2,107986523,+
HADH,chr4,107989714,+
CUL5,chr11,108008898,+
LAMB4,chr7,108130361,-
OSTM1,chr6,108165854,-
CD47,chr3,108091862,-
VSIG1,chrX,108044970,+
LEF1,chr4,108168956,-
PSMD10,chrX,108091542,-
ATG4A,chrX,108091668,+
ACAT1,chr11,108116695,+
WSCD2,chr12,108129288,+
SLC25A24,chr1,108200849,-
NRCAM,chr7,108456717,-
NPAT,chr11,108222638,-
COL4A6,chrX,108439497,-
IFT57,chr3,108222424,-
EIF3E,chr8,108443496,-
NR2E1,chr6,108166022,+
LIG4,chr13,108218368,-
SNX3,chr6,108261244,-
ABHD13,chr13,108218392,+
NBPF4,chr1,108244081,-
ATM,chr11,108222804,+
SULT1C3,chr2,108239968,+
TNFSF13B,chr13,108251240,+
CMKLR1,chr12,108339317,-
SULT1C2,chr2,108288639,+
AFG1L,chr6,108294991,+
HHLA2,chr3,108296529,+
C11orf65,chr11,108467531,-
SULT1C4,chr2,108377954,+
MYH15,chr3,108529322,-
COL4A5,chrX,108439838,+
EMC2,chr8,108443601,+
GCC2,chr2,108449107,+
NBPF6,chr1,108450282,+
PNPLA8,chr7,108569666,-
POGLUT3,chr11,108498405,-
EXPH5,chr11,108593768,-
FICD,chr12,108515277,+
SART3,chr12,108561400,-
LIMS1,chr2,108533671,+
CIP2A,chr3,108589644,-
THAP5,chr7,108569750,-
FOXO3,chr6,108559835,+
EEIG2,chr1,108560089,+
ISCU,chr12,108562596,+
DNAJB9,chr7,108569874,+
DZIP3,chr3,108589722,+
TMEM119,chr12,108598320,-
MYO16,chr13,108596152,+
TMEM74,chr8,108787594,-
SELPLG,chr12,108633894,-
RPL34,chr4,108620569,+
CORO1C,chr12,108731518,-
HENMT1,chr1,108661526,-
OSTC,chr4,108650585,+
DDX10,chr11,108665058,+
PRPF38B,chr1,108692310,+
FNDC7,chr1,108712908,+
RANBP2,chr2,108719482,+
IRS4,chrX,108736563,-
ETNPPL,chr4,108763053,-
RETNLB,chr3,108757410,-
STXBP3,chr1,108746674,+
FER,chr5,108747841,+
SSH1,chr12,108857590,-
CCDC138,chr2,108786757,+
COL25A1,chr4,109302752,-
AKNAD1,chr1,108963484,-
TRAT1,chr3,108822770,+
ARMC2,chr6,108848416,+
ACTL7B,chr9,108855986,-
DAO,chr12,108858932,+
ACTL7A,chr9,108862266,+
ELP1,chr9,108934328,-
GPSM2,chr1,108875350,+
CLCC1,chr1,108963527,-
EDAR,chr2,108989372,-
SVOP,chr12,109021068,-
GUCA1C,chr3,108953879,-
ABITRAM,chr9,108934400,+
CTNNAL1,chr9,109013522,-
MORC1,chr3,109118134,-
WDR47,chr1,109042113,-
SESN1,chr6,109094846,-
TMEM245,chr9,109119947,-
USP30,chr12,109023089,+
TAF13,chr1,109076012,-
TRHR,chr8,109086585,+
ALKBH2,chr12,109093488,-
TMEM167B,chr1,109090764,+
CEP57L1,chr6,109095110,+
UNG,chr12,109097597,+
CFAP276,chr1,109113857,-
ELAPOR1,chr1,109113679,+
ACACB,chr12,109116587,+
C3orf85,chr3,109118252,+
SH3RF3,chr2,109129205,+
FRRS1L,chr9,109167249,-
EPB41L4B,chr9,109321059,-
SARS1,chr1,109213918,+
NUDCD1,chr8,109334121,-
CELSR2,chr1,109249539,+
FOXN4,chr12,109309284,-
PSRC1,chr1,109283186,-
MYBPHL,chr1,109307011,-
DPPA2,chr3,109316517,-
SORT1,chr1,109397918,-
DPPA4,chr3,109337546,-
ENY2,chr8,109334324,+
PJA2,chr5,109409974,-
MYO1H,chr12,109347900,+
PKHD1L1,chr8,109362461,+
CD164,chr6,109382467,-
GUCY2F,chrX,109482086,-
PTPN3,chr9,109498313,-
PPIL6,chr6,109441171,-
PSMA5,chr1,109426448,-
C11orf87,chr11,109422190,+
SEC24B,chr4,109433772,+
SMPD2,chr6,109440724,+
MICAL1,chr6,109465968,-
KCTD10,chr12,109477305,-
ZBTB24,chr6,109483239,-
SYPL2,chr1,109466546,+
UBE3B,chr12,109477402,+
ATXN7L2,chr1,109483905,+
AK9,chr6,109691217,-
CYB561D1,chr1,109494052,+
PALM2AKAP2,chr9,109498325,+
AMIGO1,chr1,109509738,-
NXT2,chrX,109535781,+
EBAG9,chr8,109539711,+
ENSG00000289767,chr8,109539726,+
GPR61,chr1,109539872,+
SEPTIN10,chr2,109614143,-
GNAI3,chr1,109548615,+
MMAB,chr12,109573580,-
MCUB,chr4,109560212,+
MVK,chr12,109573255,+
SYBU,chr8,109691791,-
GNAT2,chr1,109619929,-
SOWAHC,chr2,109614364,+
AMPD2,chr1,109616104,+
KCNE5,chrX,109625172,-
ACSL4,chrX,109733403,-
GSTM4,chr1,109656099,+
GSTM2,chr1,109668022,+
GSTM1,chr1,109687814,+
CASP6,chr4,109703445,-
MAN2A1,chr5,109689927,+
FIG4,chr6,109690609,+
PLA2G12A,chr4,109730070,-
GSTM5,chr1,109711780,+
FAM222A,chr12,109713825,+
ENSG00000285330,chr4,109801999,-
CFI,chr4,109802150,-
GSTM3,chr1,109741038,-
EPS8L3,chr1,109764027,-
IRS2,chr13,109786583,-
TRPV4,chr12,109833398,-
RGPD5,chr2,109792758,+
GAR1,chr4,109815510,+
RRH,chr4,109827972,+
LRIT3,chr4,109848107,+
GLTP,chr12,109880541,-
RDX,chr11,110296712,-
XPNPEP1,chr10,109923553,-
LIMS3,chr2,109898428,+
ENSG00000284337,chr2,109898432,+
TCHP,chr12,109900274,+
CSF1,chr1,109910242,+
EGF,chr4,109912883,+
GIT2,chr12,109996389,-
KCNV1,chr8,109975771,-
GPR6,chr6,109978256,+
AHCYL1,chr1,109984765,+
ADD3,chr10,109996368,+
ANKRD13A,chr12,109999430,+
TMEM164,chrX,110002631,+
C12orf76,chr12,110073636,-
STRIP1,chr1,110031577,+
ELOVL6,chr4,110199199,-
ALX3,chr1,110070672,-
MALL,chr2,110116022,-
ZC3H12C,chr11,110093392,+
WASF1,chr6,110180004,-
UBL4B,chr1,110112443,+
NPHP1,chr2,110205066,-
IFT81,chr12,110124335,+
COL4A1,chr13,110307202,-
SLC6A17,chr1,110150494,+
CDC40,chr6,110180141,+
C9orf152,chr9,110208159,-
AMMECR1,chrX,110440318,-
MXI1,chr10,110207605,+
KCNC4,chr1,110210314,+
MTLN,chr2,110245420,-
TXN,chr9,110256507,-
METTL24,chr6,110358349,-
ATP2A2,chr12,110280756,+
TMEM232,chr5,110738956,-
SMNDC1,chr10,110304920,-
TXNDC8,chr9,110337891,-
COL4A2,chr13,110305812,+
RBM15,chr1,110338506,+
GNG5B,chrX,110440372,-
RTL9,chrX,110358848,+
SLC16A4,chr1,110391082,-
SVEP1,chr9,110579880,-
ENPEP,chr4,110365733,+
ANAPC7,chr12,110403730,-
DDO,chr6,110415575,-
LAMTOR5,chr1,110407942,-
ENSG00000257207,chr2,110473075,-
SLC22A16,chr6,110476641,-
FDX1,chr11,110429948,+
ARPC3,chr12,110450337,-
LIMS4,chr2,110473075,-
PROK1,chr1,110451149,+
GPN3,chr12,110469268,-
FAM216A,chr12,110468845,+
VPS29,chr12,110502111,-
DUSP5,chr10,110497907,+
RAD9B,chr12,110501655,+
RGPD6,chr2,110610840,-
KCNA10,chr1,110519175,-
KCNA2,chr1,110631474,-
CRIPTO3,chrX,110520896,+
RAB20,chr13,110561722,-
PPTC7,chr12,110583318,-
SMC3,chr10,110567695,+
ARHGAP20,chr11,110713189,-
CDK19,chr6,110815958,-
TCTN1,chr12,110614027,+
NAXD,chr13,110615545,+
PITX2,chr4,110642123,-
HVCN1,chr12,110704950,-
BUB1,chr2,110678063,-
CARS2,chr13,110713603,-
RBM20,chr10,110644336,+
KCNA3,chr1,110674940,-
IMMP2L,chr7,111562517,-
MUSK,chr9,110668779,+
CHRDL1,chrX,110795819,-
ING1,chr13,110712736,+
PPP1CC,chr12,110742939,-
ACOXL,chr2,110732539,+
SLC25A46,chr5,110738136,+
CCDC63,chr12,110846769,+
CD53,chr1,110871188,+
PDCD4,chr10,110871795,+
LPAR1,chr9,111038470,-
AMD1,chr6,110874784,+
ANKRD10,chr13,110915069,-
BBIP1,chr10,110919201,-
MYL2,chr12,111052434,-
SHOC2,chr10,110919367,+
PAK3,chrX,110944285,+
LRIF1,chr1,110963965,-
GTF3C6,chr6,110958706,+
RPF2,chr6,110982038,+
CUX2,chr12,111034165,+
TSLP,chr5,111070062,+
NECTIN3,chr3,111070071,+
ADRA2A,chr10,111077029,+
SLC16A10,chr6,111087503,+
LRRN3,chr7,111091006,+
WDR36,chr5,111092348,+
ARHGEF7,chr13,111114559,+
DRAM2,chr1,111140203,-
BCL2L11,chr2,111119378,+
ENSG00000293584,chr2,111121153,+
CEPT1,chr1,111139479,+
DENND2D,chr1,111204535,-
CHI3L2,chr1,111200771,+
CAMK4,chr5,111223653,+
CAPN6,chrX,111270483,-
POU2AF2,chr11,111245725,+
MFSD4B,chr6,111259327,+
CHIA,chr1,111290851,+
CD96,chr3,111292719,+
DCX,chrX,111412429,-
POU2AF3,chr11,111298546,+
REV3L,chr6,111483715,-
TEX29,chr13,111320642,+
OR2K2,chr9,111330224,-
CIMAP3,chr1,111346600,+
POU2AF1,chr11,111455630,-
PHETA1,chr12,111369121,-
ECPAS,chr9,111484745,-
SH2B3,chr12,111405923,+
OVGP1,chr1,111427735,-
WDR77,chr1,111449256,-
ATXN2,chr12,111599676,-
ATP5PB,chr1,111448864,+
BTG4,chr11,111514367,-
C1orf162,chr1,111473792,+
TMIGD3,chr1,111563962,-
STARD4,chr5,111512590,-
ADORA3,chr1,111503633,-
SERTM2,chrX,111511645,+
HOATZ,chr11,111514778,+
ZNF483,chr9,111525159,+
LAYN,chr11,111540280,+
RAP1A,chr1,111542218,+
PTGR1,chr9,111599835,-
TRAF3IP2,chr6,111606906,-
ZBED2,chr3,111595346,-
SIK2,chr11,111602449,+
ANAPC1,chr2,111884690,-
DNAJC25,chr9,111631334,+
DNAJC25-GNG10,chr9,111631386,+
BRAP,chr12,111685956,-
FYN,chr6,111873452,-
GNG10,chr9,111661605,+
NREP,chr5,111997464,-
ALG13,chrX,111681118,+
PLCXD2,chr3,111674676,+
INKA2,chr1,111755824,-
ACAD10,chr12,111686053,+
SHOC1,chr9,111795008,-
DOCK4,chr7,112206399,-
PPP2R1B,chr11,111766389,-
PHLDB2,chr3,111732497,+
ENSG00000257767,chr12,111753890,+
DDX20,chr1,111754832,+
ALDH2,chr12,111766887,+
TRPC5,chrX,112082776,-
KCND3,chr1,111989668,-
ALG9,chr11,111871581,-
ENSG00000258529,chr11,111879425,-
MAPKAPK5,chr12,111842013,+
ENSG00000292259,chr12,111842237,+
FDXACB1,chr11,111881243,-
TRPC5OS,chrX,111876051,+
CFAP68,chr11,111878935,+
UGCG,chr9,111896814,+
MERTK,chr2,111898607,+
CRYAB,chr11,111923722,-
HSPB2,chr11,111912734,+
HSPB2-C11orf52,chr11,111912736,+
C11orf52,chr11,111918032,+
DIXDC1,chr11,111927144,+
TMEM116,chr12,112013866,-
ABHD10,chr3,111979026,+
TAGLN3,chr3,111998739,+
ERP29,chr12,112013348,+
DLAT,chr11,112025033,+
NAA25,chr12,112108783,-
TMPRSS7,chr3,112034736,+
SUSD1,chr9,112175297,-
CCN6,chr6,112054075,+
TMEM87B,chr2,112055269,+
PIH1D2,chr11,112074274,-
SOX1,chr13,112067149,+
TUBE1,chr6,112087482,-
NKAPD1,chr11,112074086,+
RTL4,chrX,112083016,+
TIMM8B,chr11,112086798,-
C3orf52,chr3,112086335,+
SDHD,chr11,112086872,+
ENSG00000255292,chr11,112086903,+
FAM229B,chr6,112087591,+
LAMA4,chr6,112254939,-
GCSAM,chr3,112133270,-
TRAFD1,chr12,112125545,+
FBLN7,chr2,112138385,+
SLC9C1,chr3,112294227,-
EPB41L4A,chr5,112419277,-
IL18,chr11,112164096,-
FAM241A,chr4,112145454,+
GPAM,chr10,112215377,-
HECTD4,chr12,112382439,-
TEX12,chr11,112167372,+
BCO2,chr11,112175512,+
ZNF277,chr7,112206695,+
ZC3H8,chr2,112255136,-
PTBP3,chr9,112333653,-
CSMD3,chr8,113436939,-
PTS,chr11,112226428,+
AP1AR,chr4,112231787,+
ENSG00000281613,chr6,112236806,+
PLET1,chr11,112260860,-
TIFA,chr4,112285955,-
ZC3H6,chr2,112275597,+
TECTB,chr10,112283400,+
ALPK1,chr4,112285509,+
CD200,chr3,112332347,+
RFPL4B,chr6,112347330,+
RGPD8,chr2,112434488,-
ACSL5,chr10,112374116,+
SPACA7,chr13,112376355,+
HSDL2,chr9,112380080,+
CTTNBP2NL,chr1,112396214,+
RPL6,chr12,112418838,-
PTPN11,chr12,112418351,+
IFRD1,chr7,112422887,+
ZDHHC6,chr10,112447572,-
VTI1A,chr10,112446998,+
ENSG00000288640,chr7,112450460,+
ENSG00000288634,chr7,112450487,+
BTLA,chr3,112499472,-
WNT2B,chr1,112466541,+
LSMEM1,chr7,112480853,+
TTL,chr2,112482156,+
TUBGCP3,chr13,112588153,-
KIAA1958,chr9,112486827,+
NEUROG2,chr4,112516180,-
ST7L,chr1,112620825,-
ATG3,chr3,112562046,-
ZGRF1,chr4,112636910,-
POLR1B,chr2,112541915,+
SLC35A5,chr3,112561709,+
RPH3A,chr12,112570380,+
CHCHD5,chr2,112584240,+
CCDC80,chr3,112649530,-
CAPZA1,chr1,112619805,+
LHFPL1,chrX,112680054,-
LARP7,chr4,112637120,+
SLC20A1,chr2,112645939,+
MOV10,chr1,112673141,+
INIP,chr9,112718149,-
ATP11A,chr13,112690038,+
RHOC,chr1,112707434,-
ENSG00000271810,chr1,112711433,-
APC,chr5,112707518,+
PPM1J,chr1,112715332,-
TAFA3,chr1,112718905,+
NT5DC4,chr2,112721020,+
CKAP2L,chr2,112764664,-
SNX30,chr9,112750760,+
TMEM168,chr7,112790423,-
IL1A,chr2,112784493,-
AMOT,chrX,112840831,-
CD200R1L,chr3,112846864,-
ANK2,chr4,112818032,+
SAMTOR,chr7,112939875,-
ENSG00000258864,chr5,112827213,+
IL1B,chr2,112836816,-
SRP19,chr5,112861188,+
REEP5,chr5,112922289,-
SLC46A2,chr9,112890876,-
MCF2L,chr13,112894378,+
OAS1,chr12,112905856,+
IL37,chr2,112911165,+
SLC16A1,chr1,112957593,-
CD200R1,chr3,112975103,-
OAS3,chr12,112938284,+
TCF7L2,chr10,112950247,+
NCAM1,chr11,112961275,+
IL36G,chr2,112973203,+
DCP2,chr5,112976702,+
OAS2,chr12,112978395,+
ZNF883,chr9,113012192,-
GTPBP8,chr3,112990984,+
NEPRO,chr3,113019733,-
IL36A,chr2,113005459,+
IL36B,chr2,113052867,-
MCC,chr5,113488823,-
ZFP37,chr9,113056759,-
DTX1,chr12,113056730,+
IL36RN,chr2,113058638,+
IL1F10,chr2,113067970,+
LRIG2,chr1,113073198,+
GPR85,chr7,113087778,-
RASAL1,chr12,113136239,-
IL1RN,chr2,113099315,+
F7,chr13,113105788,+
SMIM30,chr7,113118560,-
F10,chr13,113122799,+
CFAP73,chr12,113149724,+
SLC31A2,chr9,113150976,+
DDX54,chr12,113185479,-
PSD4,chr2,113157325,+
PROZ,chr13,113158648,+
FKBP15,chr9,113221318,-
PCID2,chr13,113208715,-
RITA1,chr12,113185526,+
IQCD,chr12,113221094,-
CUL4A,chr13,113208193,+
BOC,chr3,113211003,+
PAX8,chr2,113278921,-
TPCN1,chr12,113221050,+
SLC31A1,chr9,113221544,+
CDC26,chr9,113275572,-
PRPF4,chr9,113275642,+
CFAP44,chr3,113441610,-
RNF183,chr9,113303376,-
LAMP1,chr13,113297239,+
SLC8B1,chr12,113359493,-
WDR31,chr9,113340298,-
TTC12,chr11,113314579,+
GRTP1,chr13,113364148,-
BSPRY,chr9,113349541,+
PLBD2,chr12,113358566,+
SPICE1-CFAP44,chr3,113515151,-
HDHD3,chr9,113376986,-
ALAD,chr9,113401290,-
ANKK1,chr11,113387779,+
MAGI3,chr1,113390515,+
SDS,chr12,113426301,-
ADPRHL1,chr13,113453488,-
IGKV1OR2-108,chr2,113406396,+
POLE3,chr9,113410675,-
DRD2,chr11,113475398,-
C9orf43,chr9,113410054,+
CAMK2D,chr4,113761927,-
SDSL,chr12,113422380,+
TSSK1B,chr5,113434989,-
ZNG1B,chr2,113437691,+
SPICE1,chr3,113515187,-
RGS3,chr9,113444731,+
DCUN1D2,chr13,113490951,-
LHX5,chr12,113472280,-
TMCO3,chr13,113491021,+
FOXD4L1,chr2,113498665,+
YTHDC2,chr5,113513694,+
SIDT1,chr3,113532555,+
HABP2,chr10,113550837,+
TFDP1,chr13,113584721,+
NRAP,chr10,113664070,-
RABL2A,chr2,113627229,+
USF3,chr3,113696646,-
ATP4B,chr13,113658198,-
GRK1,chr13,113667219,+
CASP7,chr10,113679162,+
TMPRSS5,chr11,113706373,-
PHTF1,chr1,113759489,-
SLC35F5,chr2,113756642,-
NAA50,chr3,113746300,-
ZW10,chr11,113773692,-
ATP6V1A,chr3,113746770,+
PLEKHS1,chr10,113751262,+
TMEM255B,chr13,113759226,+
RSBN1,chr1,113812476,-
CLDN25,chr11,113779796,+
USP28,chr11,113875572,-
PTPN22,chr1,113871753,-
RBM19,chr12,113966325,-
GAS6,chr13,113864076,-
GRAMD1C,chr3,113828182,+
DCLRE1A,chr10,113854383,-
NHLRC2,chr10,113854661,+
MARCKS,chr6,113857345,+
ZNF618,chr9,113876282,+
PPP1R3A,chr7,114075920,-
BCL2L15,chr1,113887581,-
ACTR3,chr2,113890063,+
AP4B1,chr1,113905712,-
ARSJ,chr4,113979727,-
DCLRE1B,chr1,113904619,+
HTR3B,chr11,113904796,+
HIPK1,chr1,113929324,+
HDAC2,chr6,114011308,-
ZDHHC23,chr3,113947901,+
C13orf46,chr13,113974076,-
CCDC191,chr3,114056594,-
HTR3A,chr11,113975075,+
RASA3,chr13,114132623,-
OLFML3,chr1,113979391,+
QTRT2,chr3,114005833,+
ADRB1,chr10,114043866,+
HS3ST5,chr6,114343023,-
KCNN2,chr5,114055926,+
ZBTB16,chr11,114059041,+
AMBP,chr9,114078300,-
KIF12,chr9,114099292,-
FOXP2,chr7,114086491,+
SYT6,chr1,114153880,-
CCDC186,chr10,114174232,-
DRD3,chr3,114199407,-
CFAP97D2,chr13,114154691,+
COL27A1,chr9,114155537,+
TDRD1,chr10,114179270,+
ZNF80,chr3,114237578,-
CDC16,chr13,114234887,+
VWA2,chr10,114239254,+
NNMT,chr11,114257787,+
TIGIT,chr3,114276913,+
UPF3A,chr13,114281601,+
AFAP1L2,chr10,114404756,-
CHAMP1,chr13,114314482,+
ZBTB20,chr3,115147292,-
ORM1,chr9,114323098,+
ORM2,chr9,114329869,+
AKNA,chr9,114394405,-
TBX5,chr12,114408442,-
C11orf71,chr11,114400511,-
TRIM33,chr1,114511203,-
RBM7,chr11,114400030,+
ENSG00000255663,chr11,114400682,+
WHRN,chr9,114505473,-
ABLIM1,chr10,114768061,-
REXO2,chr11,114439466,+
DPP10,chr2,114442299,+
NXPE1,chr11,114559881,-
BCAS2,chr1,114581629,-
NXPE4,chr11,114595786,-
DENND2C,chr1,114670422,-
HTR2C,chrX,114584078,+
ATP6V1G1,chr9,114587706,+
UGT8,chr4,114598770,+
TMEM268,chr9,114611206,+
TEX53,chr9,114662374,-
TEX48,chr9,114682192,-
TBX3,chr12,114684175,-
AMPD1,chr1,114695618,-
NXPE2,chr11,114678527,+
NRAS,chr1,114716771,-
CSDE1,chr1,114758676,-
SIKE1,chr1,114780685,-
TNFSF15,chr9,114806039,-
FHIP2A,chr10,114821744,+
NDST4,chr4,115113876,-
SYCP1,chr1,114854863,+
TNFSF8,chr9,114930595,-
MDFIC,chr7,114922094,+
TRUB1,chr10,114938195,+
IL13RA2,chrX,115019977,-
TNC,chr9,115118207,-
TSHB,chr1,115029826,+
TSPAN2,chr1,115089503,-
ATRNL1,chr10,115093365,+
LRCH2,chrX,115234096,-
TRIM36,chr5,115180546,-
CADM1,chr11,115504957,-
RBMXL3,chrX,115189410,+
PGGT1B,chr5,115262877,-
CCDC112,chr5,115296693,-
NGF,chr1,115338770,-
LUZP4,chrX,115289715,+
TRPS1,chr8,115809673,-
FEM1C,chr5,115544775,-
PLS3,chrX,115561174,+
TICAM2,chr5,115602479,-
TMED7-TICAM2,chr5,115626161,-
TMED7,chr5,115632992,-
GAP43,chr3,115623510,+
VANGL1,chr1,115641970,+
CASQ2,chr1,115837921,-
LSAMP,chr3,117997592,-
CDO1,chr5,115816659,-
ATG12,chr5,115841565,-
NHLH2,chr1,115843917,-
AP3S1,chr5,115841592,+
FRK,chr6,116060891,-
TFEC,chr7,116159896,-
MED13L,chr12,116277693,-
LVRN,chr5,115962475,+
SLC22A15,chr1,115976513,+
ARL14EPL,chr5,116032324,+
GFRA1,chr10,116276803,-
COMMD10,chr5,116085025,+
NT5DC1,chr6,116100851,+
MAB21L3,chr1,116111399,+
COL10A1,chr6,116158747,-
PAPPA,chr9,116153791,+
AGTR2,chrX,116170744,+
TES,chr7,116210539,+
TSPYL4,chr6,116254075,-
DSE,chr6,116254173,+
TSPYL1,chr6,116279930,-
CAV2,chr7,116287380,+
CCDC172,chr10,116324448,+
ATP1A1,chr1,116372668,+
ENSG00000285446,chr6,116399395,+
ASTN2,chr9,117415070,-
PNLIPRP3,chr10,116427847,+
SLC6A14,chrX,116436606,+
SEMA6A,chr5,116574823,-
CALHM6,chr6,116461370,+
CT83,chrX,116462976,-
TRAPPC3L,chr6,116545684,-
CALHM5,chr6,116511639,+
CD58,chr1,116571039,-
CAV1,chr7,116524994,+
CALHM4,chr6,116529013,+
PNLIP,chr10,116545931,+
MAP1LC3B2,chr12,116548105,+
RWDD1,chr6,116571409,+
IGSF3,chr1,116667755,-
PNLIPRP1,chr10,116590385,+
RSPH4A,chr6,116616479,+
PNLIPRP2,chr10,116620968,+
ZUP1,chr6,116668794,-
EIF3H,chr8,116766925,-
SPMIP5,chr10,116669970,-
HSPA12A,chr10,116850251,-
MET,chr7,116672196,+
KPNA5,chr6,116681191,+
TRIM32,chr9,116687305,+
SPRING1,chr12,116738069,-
RNFT2,chr12,116738178,+
BUD13,chr11,116772987,-
FAM162B,chr6,116765719,-
CD2,chr1,116754430,+
UTP23,chr8,116766508,+
ZPR1,chr11,116788023,-
APOA5,chr11,116792420,-
GPRC6A,chr6,116829083,-
CAPZA2,chr7,116811070,+
APOA4,chr11,116823304,-
APOC3,chr11,116829706,+
APOA1,chr11,116837622,-
SIK3,chr11,117098437,-
RAD21,chr8,116874776,-
ENO4,chr10,116849499,+
HRK,chr12,116881441,-
RFX6,chr6,116877242,+
SHTN1,chr10,117126586,-
PTGFRN,chr1,116909916,+
FBXW8,chr12,116910950,+
AARD,chr8,116938207,+
SLC30A8,chr8,116950273,+
ST7,chr7,116953238,+
ENSG00000288635,chr7,116954391,+
CD101,chr1,117001750,+
TESC,chr12,117099446,-
TTF2,chr1,117060326,+
TRAM1L1,chr4,117085576,-
TRIM45,chr1,117122587,-
VAX1,chr10,117138301,-
FBXO21,chr12,117190470,-
VTCN1,chr1,117210960,-
PAFAH1B2,chr11,117144284,+
SIDT2,chr11,117178736,+
KCNK18,chr10,117197489,+
TAGLN,chr11,117199370,+
PCSK7,chr11,117232525,-
NOS1,chr12,117452170,-
RNF214,chr11,117232625,+
SLC18A2,chr10,117241114,+
VGLL2,chr6,117265558,+
WNT2,chr7,117323058,-
PDZD8,chr10,117375440,-
BACE1,chr11,117316259,-
CFTR,chr7,117287120,+
ROS1,chr6,117425942,-
CEP164,chr11,117314557,+
ENSG00000282218,chr6,117573571,-
ASZ1,chr7,117428123,-
MAN1A2,chr1,117367449,+
DSCAML1,chr11,117817525,-
KSR2,chr12,117968990,-
DCBLD1,chr6,117453817,+
MED30,chr8,117520713,+
EMX2,chr10,117542445,+
GOPC,chr6,117602542,-
TENT5C,chr1,117606048,+
LINC03051,chr3,117997592,-
NUS1,chr6,117675469,+
ENSG00000285082,chr9,117704390,+
TLR4,chr9,117704175,+
CTTNBP2,chr7,117874139,-
EXT1,chr8,118111826,-
FXYD2,chr11,117828698,-
DDX18,chr2,117814691,+
FXYD6-FXYD2,chr11,117876667,-
FXYD6,chr11,117877486,-
GDAP2,chr1,117929621,-
KLHL13,chrX,118117340,-
TMPRSS13,chr11,117929459,-
SLC35F1,chr6,117907264,+
CCDC93,chr2,118014133,-
WDR3,chr1,117929720,+
SPAG17,chr1,118185228,-
IL10RA,chr11,117986391,+
SMIM35,chr11,118088299,-
RAB11FIP2,chr10,118046941,-
RFC5,chr12,118013588,+
WSB2,chr12,118062430,-
NDST3,chr4,118034486,+
VSIG10,chr12,118136026,-
TMPRSS4,chr11,118077012,+
INSIG2,chr2,118088471,+
SCN4B,chr11,118152888,-
PEBP1,chr12,118136124,+
TAOK3,chr12,118372907,-
SCN2B,chr11,118176639,-
LSM8,chr7,118184144,+
SAMD12,chr8,118622112,-
JAML,chr11,118225021,-
ANKRD7,chr7,118214669,+
MPZL3,chr11,118252365,-
MPZL2,chr11,118264536,-
PRSS12,chr4,118353003,-
FAM204A,chr10,118342324,-
CD3E,chr11,118304730,+
CD3D,chr11,118342705,-
CD3G,chr11,118344344,+
WDR44,chrX,118346073,+
UBE4A,chr11,118359600,+
SUDS3,chr12,118376555,+
ATP5MG,chr11,118401346,+
ENSG00000285827,chr11,118401602,+
KMT2A,chr11,118436456,+
CEP85L,chr6,118710075,-
DOCK11,chrX,118495815,+
TTC36,chr11,118527474,+
TMEM25,chr11,118531041,+
IFT46,chr11,118572970,-
PLN,chr6,118548296,+
ARCN1,chr11,118572390,+
PRLHR,chr10,118595648,-
PHLDB1,chr11,118606440,+
RBBP8P1,chrX,118634616,-
TREH,chr11,118679666,-
CACUL1,chr10,118754970,-
METTL14,chr4,118685392,+
SEC24D,chr4,118838653,-
IL13RA1,chrX,118727133,+
DDX6,chr11,118791164,-
MCM9,chr6,118935162,-
ZCCHC12,chrX,118823824,+
DTWD2,chr5,118988547,-
EN1,chr2,118847648,-
SYNPO2,chr4,118850688,+
TBX15,chr1,118989556,-
CXCR5,chr11,118883892,+
BCL9L,chr11,118925926,-
ASF1A,chr6,118894152,+
IGSF11,chr3,119146068,-
TNFRSF11B,chr8,118951885,-
UPK2,chr11,118925164,+
MARCO,chr2,118942194,+
FAM184A,chr6,119149387,-
FOXR1,chr11,118971761,+
LONRF3,chrX,118974614,+
SRRM4,chr12,118981541,+
COLEC10,chr8,118995452,+
CENATAC,chr11,118998138,+
RPS25,chr11,119018343,-
TRAPPC4,chr11,119018766,+
SLC37A4,chr11,119030906,-
NANOS1,chr10,119029714,+
WARS2,chr1,119140654,-
EIF3A,chr10,119080817,-
DMXL1,chr5,119037772,+
HYOU1,chr11,119057227,-
VPS11,chr11,119067818,+
CT47C1,chrX,119072993,+
KIAA1210,chrX,119150579,-
HMBS,chr11,119084866,+
H2AX,chr11,119095465,-
DPAGT1,chr11,119108331,-
C2CD2L,chr11,119102198,+
DENND10,chr10,119104086,+
HINFP,chr11,119121580,+
MYOZ2,chr4,119135832,+
SFXN4,chr10,119165714,-
TEX55,chr3,119146165,+
ENSG00000251012,chr3,119147375,+
ABCG4,chr11,119149052,+
BRINP1,chr9,119369435,-
C1QL2,chr2,119158751,-
MAL2,chr8,119165034,+
NLRX1,chr11,119166568,+
PRDX3,chr10,119178812,-
HSPB8,chr12,119171555,+
UPK1B,chr3,119173517,+
MAN1A1,chr6,119349761,-
NHERF4,chr11,119185475,+
DRC12,chr11,119196769,-
CBL,chr11,119206298,+
GRK5,chr10,119207571,+
B4GALT4,chr3,119240946,-
USP53,chr4,119212713,+
STEAP3,chr2,119223831,+
PGRMC1,chrX,119236245,+
TNFAIP8,chr5,119268692,+
ARHGAP31,chr3,119294383,+
C4orf3,chr4,119304445,-
C2orf76,chr2,119366834,-
MCAM,chr11,119321521,-
FABP2,chr4,119322138,-
RNF26,chr11,119334527,+
CCDC60,chr12,119334712,+
C1QTNF5,chr11,119340940,-
MFRP,chr11,119346705,-
USP2,chr11,119381711,-
DBI,chr2,119366924,+
HAO2,chr1,119368779,+
SLC25A43,chrX,119399336,+
HSD3B2,chr1,119414931,+
THY1,chr11,119424985,-
CCN3,chr8,119416446,+
TMEM39A,chr3,119468830,-
TMEM37,chr2,119429901,+
SCTR,chr2,119525301,-
HSD17B4,chr5,119452476,+
SLC25A5,chrX,119468422,+
POGLUT1,chr3,119468963,+
UBE2A,chrX,119474802,+
PDE5A,chr4,119628804,-
TIMMDC1,chr3,119498547,+
RGS10,chr10,119542719,-
HSD3B1,chr1,119507198,+
CD80,chr3,119559614,-
STEEP1,chrX,119565409,-
CFAP221,chr2,119544449,+
ENPP2,chr8,119673453,-
TIAL1,chr10,119596964,-
ADPRH,chr3,119579268,+
NKRF,chrX,119606443,-
TMEM233,chr12,119593774,+
PLA1A,chr3,119597875,+
SEPTIN6,chrX,119693370,-
ZNF697,chr1,119648266,-
NECTIN1,chr11,119729200,-
FAM170A,chr5,119629558,+
POPDC2,chr3,119665324,-
PHGDH,chr1,119648411,+
BAG3,chr10,119651380,+
COX17,chr3,119677406,-
PRKAB1,chr12,119667864,+
TMEM177,chr2,119679167,+
CIT,chr12,119877320,-
CFAP91,chr3,119703022,+
ENSG00000285585,chr3,119703076,+
INPP5F,chr10,119726050,+
TAF2,chr8,119832855,-
HMGCS2,chr1,119768905,-
SOWAHD,chrX,119758588,+
PTPN4,chr2,119759922,+
NR1I2,chr3,119780484,+
RPL39,chrX,119791630,-
REG4,chr1,119811580,-
GSK3B,chr3,120094994,-
MCMBP,chr10,119892556,-
DSCC1,chr8,119855894,-
UPF3B,chrX,119852998,-
RNF113A,chrX,119871733,-
NDUFA1,chrX,119871832,+
DEPTOR,chr8,119873717,+
SEC23IP,chr10,119892707,+
ADAM30,chr1,119896515,-
AKAP14,chrX,119895837,+
NOTCH2,chr1,120100779,-
NKAP,chrX,119943751,-
RHOXF1P3,chrX,119942834,+
BICDL1,chr12,119989236,+
EPB41L5,chr2,120013077,+
MAD2L1,chr4,120066848,-
COL14A1,chr8,120107378,+
RHOXF2B,chrX,120077690,-
RAB35,chr12,120116767,-
RHOXF1,chrX,120245267,-
TRIM29,chr11,120185529,-
GCN1,chr12,120194715,-
SEC22B,chr1,120176520,-
RHOXF2,chrX,120158613,+
GPR156,chr3,120285222,-
RPLP0,chr12,120201235,-
PXN,chr12,120265771,-
OAF,chr11,120211032,+
TMEM185B,chr2,120223400,-
POU2F3,chr11,120236640,+
RALB,chr2,120240064,+
ZBTB33,chrX,120250752,+
TMEM255A,chrX,120311556,-
KCND2,chr7,120273175,+
SIRT4,chr12,120292393,+
PLA2G1B,chr12,120327779,-
LRRC58,chr3,120349354,-
TLCD5,chr11,120325296,+
ARHGEF12,chr11,120336413,+
MSI1,chr12,120369164,-
INHBB,chr2,120346136,+
ATP1B4,chrX,120362085,+
MRPL13,chr8,120445150,-
CDK5RAP2,chr9,120580167,-
FSTL1,chr3,120450992,-
NBPF8,chr1,120415035,+
LAMP2,chrX,120469365,-
COX6A1,chr12,120438113,+
ENSG00000111780,chr12,120438198,+
TRIAP1,chr12,120446384,-
MTBP,chr8,120445419,+
GATC,chr12,120446444,+
PLPP4,chr10,120457227,+
SRSF9,chr12,120474773,-
PRR16,chr5,120464300,+
DYNLL1,chr12,120469850,+
COQ5,chr12,120534434,-
CUL4B,chrX,120604074,-
GRIK4,chr11,120511746,+
RNF10,chr12,120533480,+
ENSG00000288623,chr12,120534697,+
SNTB1,chr8,120813273,-
POP5,chr12,120581402,-
MCTS1,chrX,120594010,+
NDUFB4,chr3,120596328,+
MEGF9,chr9,120714470,-
C1GALT1C1,chrX,120630054,-
HGD,chr3,120682243,-
CABP1,chr12,120640626,+
PRDM5,chr4,120922870,-
RABL3,chr3,120742533,-
MLEC,chr12,120687149,+
UNC119B,chr12,120710458,+
NOTCH2NLR,chr1,120723912,+
NBPF26,chr1,120723945,+
ACADS,chr12,120725826,+
GLI2,chr2,120735623,+
GTF2E1,chr3,120742637,+
FBXW2,chr9,120793416,-
SPPL3,chr12,120904358,-
TSPAN12,chr7,120858402,-
B3GALT9,chr9,120792403,+
PSMD5,chr9,120842951,-
WDR11,chr10,120851305,+
PHF19,chr9,120894896,-
CT47B1,chrX,120875866,-
ENSG00000278646,chrX,120878924,-
PPIAL4A,chr1,120889771,+
TRAF1,chr9,120929173,-
STXBP5L,chr3,120908072,+
CT47A12,chrX,120932301,-
C5,chr9,121075195,-
CT47A11,chrX,120937158,-
CT47A10,chrX,120942023,-
CT47A9,chrX,120946883,-
CT47A8,chrX,120951744,-
ING3,chr7,120950763,+
CT47A7,chrX,120956600,-
CT47A6,chrX,120961487,-
CT47A5,chrX,120966348,-
CT47A4,chrX,120971208,-
CT47A3,chrX,120976068,-
CT47A2,chrX,120980928,-
HNF1A,chr12,120978543,+
CT47A1,chrX,120985760,-
CPED1,chr7,120988697,+
C12orf43,chr12,121016502,-
OASL,chr12,121039246,-
TBCEL,chr11,121024072,+
TBCEL-TECTA,chr11,121045739,+
NDNF,chr4,121073021,-
GLUD2,chrX,121047610,+
CNTRL,chr9,121074880,+
TBC1D32,chr6,121334745,-
TECTA,chr11,121101243,+
TNIP3,chr4,121227466,-
P2RX7,chr12,121132876,+
FAM72B,chr1,121185539,-
RAB14,chr9,121223014,-
SRGAP2C,chr1,121184811,+
GSN,chr9,121207794,+
P2RX4,chr12,121210065,+
TFCP2L1,chr2,121285202,-
CAMKK2,chr12,121298308,-
SC5D,chr11,121292771,+
ANAPC5,chr12,121399896,-
WNT16,chr7,121325367,+
QRFPR,chr4,121381018,-
CLASP1,chr2,121649476,-
STOM,chr9,121370304,-
FAM3C,chr7,121396364,-
RNF34,chr12,121400083,+
KDM2B,chr12,121582279,-
POLQ,chr3,121545988,-
GJA1,chr6,121435595,+
GGTA1,chr9,121499844,-
SORL1,chr11,121452314,+
FGFR2,chr10,121598458,-
DAB2IP,chr9,121567057,+
ARGFX,chr3,121567949,+
FBXO40,chr3,121593379,+
HAS2,chr8,121641440,-
ORAI1,chr12,121626509,+
HCLS1,chr3,121660916,-
MORN3,chr12,121669654,-
GOLGB1,chr3,121749966,-
ANXA5,chr4,121696992,-
ATE1,chr10,121928785,-
TMEM120B,chr12,121712752,+
NIFK,chr2,121736911,-
TSN,chr2,121737103,+
SMIM43,chr4,121765427,-
IQCB1,chr3,121835061,-
RHOF,chr12,121803403,-
EXOSC9,chr4,121801318,+
SETD1B,chr12,121804009,+
TTLL11,chr9,122093606,-
CCNA2,chr4,121823883,-
BBS7,chr4,121870474,-
EAF2,chr3,121835209,+
HPD,chr12,121863596,-
FTMT,chr5,121851882,+
PTPRZ1,chr7,121873089,+
TRPC3,chr4,121952060,-
PSMD9,chr12,121888771,+
ENSG00000256950,chr12,121888809,+
SLC15A2,chr3,121894401,+
CFAP251,chr12,121918592,+
NSMCE4A,chr10,121975217,-
SRFBP1,chr5,121961975,+
ILDR1,chr3,122022247,-
TACC2,chr10,121989163,+
BCL7A,chr12,122019422,+
CD86,chr3,122055362,+
LOX,chr5,122078259,-
AASS,chr7,122144255,-
MLXIP,chr12,122078756,+
BLID,chr11,122116215,-
ZNF474,chr5,122129546,+
ZNF475,chr5,122129622,+
NDUFA8,chr9,122159779,-
BLTP1,chr4,122152331,+
MORN5,chr9,122159908,+
LRRC43,chr12,122167738,+
IL31,chr12,122174221,-
CASR,chr3,122183668,+
LHX6,chr9,122229626,-
B3GNT4,chr12,122203681,+
ENSG00000284934,chr12,122227534,-
DIABLO,chr12,122226052,-
ENSG00000256861,chr12,122266423,-
VPS33A,chr12,122266502,-
RBM18,chr9,122264840,-
MRRF,chr9,122264603,+
BTBD16,chr10,122271296,+
CLIP1,chr12,122422669,-
FEZF1,chr7,122310691,-
SNCAIP,chr5,122311354,+
CADPS2,chr7,122886759,-
CSTA,chr3,122325248,+
MIX23,chr3,122383231,-
PTGS1,chr9,122370530,+
PLEKHA1,chr10,122374696,+
ADAD1,chr4,122378966,+
FAM162A,chr3,122384161,+
HSF2,chr6,122399551,+
WDR5B,chr3,122416062,-
KPNA1,chr3,122514945,-
SERINC1,chr6,122471807,-
IL2,chr4,122456725,-
ARMS2,chr10,122454653,+
HTRA1,chr10,122458551,+
ZCCHC8,chr12,122500932,-
PKIB,chr6,122471917,+
OR1J1,chr9,122477926,-
RSRC2,chr12,122526962,-
OR1J2,chr9,122510802,+
OR1J4,chr9,122519141,+
OR1N1,chr9,122527293,-
KNTC1,chr12,122527246,+
PARP9,chr3,122564577,-
OR1N2,chr9,122553112,+
DMBT1,chr10,122560665,+
DTX3L,chr3,122564338,+
OR1L8,chr9,122583384,-
PARP15,chr3,122577628,+
IL21,chr4,122621066,-
OR1Q1,chr9,122614738,+
OR1B1,chr9,122657627,-
UBASH3B,chr11,122655722,+
OR1L1,chr9,122661566,+
SPADH,chr10,122672850,+
OR1L3,chr9,122675130,+
PARP14,chr3,122680839,+
C10orf120,chr10,122699846,-
RNF133,chr7,122699117,-
HCAR2,chr12,122703357,-
RNF148,chr7,122702922,-
HCAR3,chr12,122716811,-
OR1L4,chr9,122723990,+
HCAR1,chr12,122730844,-
BBS12,chr4,122732702,+
HSPBAP1,chr3,122793831,-
OR1L6,chr9,122742303,+
DENR,chr12,122752824,+
CCDC62,chr12,122774526,+
SNX2,chr5,122775080,+
FABP7,chr6,122779716,+
ZHX2,chr8,122781655,+
OR5C1,chr9,122788933,+
SMPDL3A,chr6,122789049,+
SLC49A4,chr3,122795069,+
PDCL,chr9,122828588,-
OR1K1,chr9,122800123,+
FGF2,chr4,122826682,+
CUZD1,chr10,122845857,-
ENSG00000286088,chr10,122879583,-
HIP1R,chr12,122835457,+
CRTAM,chr11,122838500,+
SNX24,chr5,122843439,+
RC3H2,chr9,122905359,-
FAM24B,chr10,122879641,-
VPS37B,chr12,122896127,-
JHY,chr11,122882683,+
NUDT6,chr4,122922968,-
ZBTB6,chr9,122913323,-
SEMA5B,chr3,123027878,-
FAM24A,chr10,122910610,+
ZBTB26,chr9,122931512,-
ABCB9,chr12,122981649,-
AFG2A,chr4,122923070,+
C10orf88,chr10,122954311,-
RABGAP1,chr9,122941020,+
PSTK,chr10,122954381,+
OGFOD2,chr12,122974580,+
BSX,chr11,122981834,-
ARL6IP4,chr12,122980060,+
PITPNM2,chr12,123151090,-
IKZF5,chr10,123008812,-
TAS2R16,chr7,122995700,-
CLVS2,chr6,122996235,+
ACADSB,chr10,123008979,+
DERL1,chr8,123042302,-
PPIC,chr5,123036725,-
GPR21,chr9,123033667,+
TBC1D31,chr8,123041968,+
HSPA8,chr11,123063230,-
PDIA5,chr3,123067025,+
CLMP,chr11,123195291,-
PRDM6,chr5,123089241,+
STRBP,chr9,123268586,-
SLC13A1,chr7,123199969,-
HMX3,chr10,123135970,+
HMX2,chr10,123148136,+
MPHOSPH9,chr12,123244014,-
BUB3,chr10,123154402,+
FAM83A,chr8,123178960,+
GRIA3,chrX,123184153,+
SEC22A,chr3,123201927,+
TRDN,chr6,123637189,-
C8orf76,chr8,123241377,-
ZHX1-C8orf76,chr8,123274284,-
MTRFR,chr12,123233436,+
ZHX1,chr8,123275541,-
CDK2AP1,chr12,123272334,-
ADCY5,chr3,123449090,-
SBNO1,chr12,123364847,-
ATAD2,chr8,123416350,-
CEP120,chr5,123423592,-
CRB2,chr9,123356170,+
GRAMD1B,chr11,123358428,+
DENND1A,chr9,123930152,-
KMT5A,chr12,123384132,+
SPRY1,chr4,123396795,+
RILPL2,chr12,123436684,-
NTAQ1,chr8,123416726,+
IQUB,chr7,123534595,-
SNRNP35,chr12,123458088,+
RILPL1,chr12,123533719,-
HACD2,chr3,123585053,-
FBXO32,chr8,123541206,-
CSNK1G3,chr5,123512177,+
NDUFA5,chr7,123557904,-
ASB15,chr7,123567010,+
TMED2,chr12,123584533,+
THOC2,chrX,123733056,-
DDX55,chr12,123602099,+
MYLK,chr3,123884332,-
EIF2B1,chr12,123633766,-
SCN3B,chr11,123655244,-
GTF2H3,chr12,123633739,+
KLHL38,chr8,123653801,-
LMOD2,chr7,123655866,+
GPR26,chr10,123666355,+
TCTN2,chr12,123671110,+
ANXA13,chr8,123737402,-
WASL,chr7,123749003,-
CPXM2,chr10,123940267,-
ATP6V0A2,chr12,123712353,+
ZNF202,chr11,123741675,-
OR6X1,chr11,123754518,-
DNAH10,chr12,123762188,+
FAM91A1,chr8,123768439,+
NKAIN2,chr6,123803865,+
OR6M1,chr11,123806349,-
HYAL4,chr7,123828983,+
FER1L6,chr8,123851987,+
XIAP,chrX,123859712,+
TMEM225,chr11,123885670,-
CCDC14,chr3,123961408,-
OR8D4,chr11,123902167,+
CCDC92,chr12,123972831,-
SPAM1,chr7,123925237,+
OR4D5,chr11,123939617,+
OR6T1,chr11,123943838,-
STAG2,chrX,123960212,+
ROPN1,chr3,123992178,-
ZNF664,chr12,123971845,+
RFLNA,chr12,123973241,+
OR10S1,chr11,123977781,-
OR10G6,chr11,123995161,-
LHX2,chr9,124001670,+
CHST15,chr10,124093598,-
OR10G4,chr11,124012997,+
OR10G9,chr11,124023013,+
CNTNAP5,chr2,124025287,+
OR10G8,chr11,124026798,+
TMEM229A,chr7,124033067,-
KALRN,chr3,124033369,+
OR10G7,chr11,124041325,-
VWA5A,chr11,124115404,+
OR10D3,chr11,124183345,+
OR8G3P,chr11,124211707,+
OR8G2P,chr11,124224732,+
SH2D1A,chrX,124227868,+
OR8G1,chr11,124241095,+
TEX13D,chrX,124246249,+
OR8G5,chr11,124256376,+
NEK6,chr9,124257606,+
OR8D1,chr11,124315099,-
TMEM65,chr8,124372701,-
OR8D2,chr11,124320197,-
NCOR2,chr12,124567612,-
PSMB7,chr9,124415444,-
TENM1,chrX,125204312,-
OR8B2,chr11,124384499,-
OR8B3,chr11,124399024,-
OAT,chr10,124418976,-
OR8B4,chr11,124424871,-
OR8B8,chr11,124445696,-
NKX1-2,chr10,124450035,-
ADGRD2,chr9,124450451,+
TRMT12,chr8,124450820,+
LHPP,chr10,124461823,+
RNF139,chr8,124474866,+
SSU72L6,chr7,124476317,+
NR5A1,chr9,124507420,-
TATDN1,chr8,124539458,-
NR6A1,chr9,124771311,-
NDUFB9,chr8,124539101,+
OR8B12,chr11,124545333,-
MTSS1,chr8,124728473,-
OR8A1,chr11,124566660,+
PANX3,chr11,124611428,+
ENSG00000258539,chr10,124791727,-
FAM53B,chr10,124744378,-
TBRG1,chr11,124622864,+
SIAE,chr11,124695707,-
ZNF608,chr5,124748807,-
ANKRD50,chr4,124712732,-
SPA17,chr11,124673844,+
UMPS,chr3,124730445,+
NRGN,chr11,124739942,+
GPR37,chr7,124765792,-
VSIG2,chr11,124752255,-
EEF1AKMT2,chr10,124791887,-
ESAM,chr11,124762290,-
ITGB5,chr3,124901418,-
MSANTD2,chr11,124800706,-
SCARB1,chr12,124882668,-
OLFML2A,chr9,124777133,+
ABRAXAS2,chr10,124801819,+
POT1,chr7,124929983,-
WDR38,chr9,124853417,+
RPL35,chr9,124861961,-
ARPC5L,chr9,124862130,+
ROBO3,chr11,124865432,+
GOLGA1,chr9,124948013,-
ROBO4,chr11,124898500,-
MUC13,chr3,124953819,-
UBC,chr12,124917368,-
HEPACAM,chr11,124936047,-
HEPN1,chr11,124919250,+
ZRANB1,chr10,124942123,+
SCAI,chr9,125143528,-
DHX37,chr12,124989131,-
CCDC15,chr11,124954121,+
RNF217,chr6,124962437,+
HEG1,chr3,125055997,-
ZNF572,chr8,124973295,+
CTBP2,chr10,125161170,-
BRI3BP,chr12,124993645,+
SQLE,chr8,124998497,+
WASHC5,chr8,125091819,-
SLC37A2,chr11,125063302,+
AACS,chr12,125065435,+
SLC12A8,chr3,125212864,-
NSMCE2,chr8,125091679,+
TMEM218,chr11,125111763,-
TPD52L1,chr6,125119049,+
PPP6C,chr9,125189939,-
PKNOX2,chr11,125164687,+
TMEM132B,chr12,125186386,+
RABEPK,chr9,125200542,+
HDDC2,chr6,125302078,-
ZNF148,chr3,125375325,-
HSPA5,chr9,125241382,-
GAPVD1,chr9,125261810,+
FAT4,chr4,125314918,+
TEX13C,chrX,125319871,+
TRIB1,chr8,125430358,+
MAPKAP1,chr9,125707234,-
FEZ1,chr11,125592568,-
SNX4,chr3,125520202,-
OSBPL11,chr3,125595497,-
EI24,chr11,125569280,+
TEX36,chr10,125683163,-
STT3A,chr11,125591712,+
CHEK1,chr11,125625163,+
ACRV1,chr11,125680874,-
EDRF1,chr10,125719703,+
PATE1,chr11,125746279,+
PBX3,chr9,125747345,+
HEY2,chr6,125747664,+
MMP21,chr10,125775821,-
PATE2,chr11,125778828,-
NCOA7,chr6,125781161,+
UROS,chr10,125823288,-
PATE3,chr11,125788127,+
BCCIP,chr10,125823546,+
PATE4,chr11,125833316,+
DHX32,chr10,125896436,-
HYLS1,chr11,125883614,+
PUS3,chr11,125903221,-
FANK1,chr10,125896564,+
DDX25,chr11,125903376,+
VSIG10L2,chr11,125946044,+
CDON,chr11,126063335,-
HINT3,chr6,125956770,+
ROPN1B,chr3,125969160,+
TRMT11,chr6,125986479,+
SLC41A3,chr3,126101557,-
ADAM12,chr10,126388477,-
ALDH1L1,chr3,126197994,-
DCAF12L2,chrX,126166289,-
RPUSD4,chr11,126211692,-
FAM118B,chr11,126211724,+
SRPRA,chr11,126269144,-
FOXRED1,chr11,126269029,+
TIRAP,chr11,126282497,+
DCPS,chr11,126304060,+
MVB12B,chr9,126326829,+
CENPW,chr6,126340115,+
KLF15,chr3,126357408,-
ST3GAL4,chr11,126355660,+
GRAMD2B,chr5,126360132,+
CFAP100,chr3,126394909,+
KIRREL3,chr11,127003460,-
C10orf90,chr10,126798708,-
ZXDC,chr3,126475891,-
GRM8,chr7,127252941,-
UROC1,chr3,126517773,-
CHST13,chr3,126524155,+
C3orf22,chr3,126558932,-
ALDH7A1,chr5,126595336,-
DCAF12L1,chrX,126552814,-
LRATD2,chr8,126558478,-
TXNRD3,chr3,126655124,-
PHAX,chr5,126600925,+
LMX1B,chr9,126613928,+
SPMIP10,chr5,126631705,+
GYPC,chr2,126656133,+
CHCHD6,chr3,126704240,+
LMNB1,chr5,126777136,+
ZBTB43,chr9,126805006,+
PRR32,chrX,126819729,+
ZBTB34,chr9,126860639,+
MARCHF3,chr5,127030558,-
TEX51,chr2,126898864,+
DOCK1,chr10,126905409,+
RALGPS1,chr9,126914774,+
PLXNA1,chr3,126982693,+
C5orf63,chr5,127073506,-
BIN1,chr2,127107288,-
ANGPTL2,chr9,127122635,-
RSPO3,chr6,127118671,+
INSYN2A,chr10,127196591,-
CYP27C1,chr2,127220313,-
PRR23E,chr3,127193131,+
GARNL3,chr9,127224265,+
ERCC3,chr2,127294144,-
RNF146,chr6,127266726,+
PRR20G,chr3,127288046,-
ECHDC1,chr6,127343609,-
MEGF10,chr5,127290796,+
MAP3K2,chr2,127388465,-
POU5F1B,chr8,127322183,+
ZNF800,chr7,127431924,-
SLC2A8,chr9,127397138,+
PROC,chr2,127418427,+
ZNF79,chr9,127424374,+
IWS1,chr2,127526886,-
KIAA0408,chr6,127459389,-
ENSG00000255330,chr6,127475694,-
RPL12,chr9,127451406,-
LRSAM1,chr9,127451505,+
MTCL3,chr6,127519335,-
NIBAN2,chr9,127578989,-
PRRC1,chr5,127517617,+
C6orf58,chr6,127519455,+
MYO7B,chr2,127535683,+
NPS,chr10,127549309,+
TPRA1,chr3,127598267,-
STXBP1,chr9,127579370,+
GCC1,chr7,127593611,-
ARF5,chr7,127588403,+
FSCN3,chr7,127591409,+
MCM2,chr3,127598411,+
PAX4,chr7,127618142,-
INTU,chr4,127623271,+
PODXL2,chr3,127629185,+
LIMS2,chr2,127681786,-
GPR17,chr2,127645864,+
CTXN3,chr5,127649082,+
SND1,chr7,127652194,+
ABTB1,chr3,127672952,+
MGLL,chr3,127823271,-
PTRH1,chr9,127724873,-
WDR33,chr2,127811187,-
SFT2D3,chr2,127701497,+
CCDC192,chr5,127703361,+
CFAP157,chr9,127706988,+
THEMIS,chr6,127918631,-
TTC16,chr9,127716079,+
SLC25A31,chr4,127730400,+
TOR2A,chr9,127735294,-
MYC,chr8,127735434,+
FOXI2,chr10,127737185,+
SH2D3C,chr9,127778710,-
HSPA4L,chr4,127781821,+
CDK9,chr9,127785679,+
FPGS,chr9,127794597,+
ENG,chr9,127854773,-
POLR2D,chr2,127858155,-
AMMECR1L,chr2,127885961,-
AK1,chr9,127877675,-
ENSG00000257524,chr9,127885589,-
CLRN3,chr10,127892941,-
PLK4,chr4,127880893,+
ST6GALNAC6,chr9,127905408,-
PTPRE,chr10,127907103,+
ST6GALNAC4,chr9,127917041,-
KBTBD12,chr3,127915232,+
MFSD8,chr4,127966034,-
PIP5KL1,chr9,127930785,-
DPM2,chr9,127937854,-
EEIG1,chr9,127980989,-
SAP130,chr2,128028120,-
ABHD18,chr4,127965377,+
PTPRK,chr6,128520616,-
LRRC4,chr7,128032107,-
ACTRT1,chrX,128052403,-
SEC61A1,chr3,128051641,+
NAIF1,chr9,128068206,-
LARP1B,chr4,128061286,+
RUVBL1,chr3,128153914,-
SLC25A25,chr9,128068201,+
SLC12A2,chr5,128083766,+
UGGT1,chr2,128091200,+
MKI67,chr10,128126423,-
PTGES2,chr9,128128462,-
LCN2,chr9,128149071,+
EEFSEC,chr3,128153481,+
BBLN,chr9,128160265,+
CIZ1,chr9,128204383,-
DNM1,chr9,128191655,+
HS6ST1,chr2,128318868,-
LEP,chr7,128241278,+
GOLGA2,chr9,128276026,-
FBN2,chr5,128659185,-
TMEM132C,chr12,128267170,+
PGRMC2,chr4,128288829,-
SWI5,chr9,128275379,+
RBM28,chr7,128343908,-
TRUB2,chr9,128322447,-
COQ4,chr9,128322544,+
SLC27A4,chr9,128340527,+
PRRT4,chr7,128361690,-
URM1,chr9,128371361,+
IMPDH1,chr7,128409986,-
CERCAM,chr9,128411751,+
ODF2,chr9,128455186,+
HILPDA,chr7,128455849,+
ETS1,chr11,128587558,-
DNAJB8,chr3,128466968,-
METTL2B,chr7,128476748,+
GATA2,chr3,128493201,-
GLE1,chr9,128504655,+
SLC27A6,chr5,128538013,+
SPTAN1,chr9,128552558,+
RPN1,chr3,128681075,-
DYNC2I2,chr9,128656847,-
GARIN1A,chr7,128672281,+
SET,chr9,128683424,+
FLI1,chr11,128686535,+
RAB7A,chr3,128693669,+
PKN3,chr9,128702503,+
GARIN1B,chr7,128709061,+
ZDHHC12,chr9,128724127,-
ZER1,chr9,128772414,-
CALU,chr7,128739292,+
OPN1SW,chr7,128775794,-
TBC1D13,chr9,128787253,+
CCDC136,chr7,128790757,+
SLC15A4,chr12,128823958,-
JADE1,chr4,128809700,+
ENDOG,chr9,128818500,+
SPOUT1,chr9,128829794,-
KYAT1,chr9,128881931,-
FLNC,chr7,128830406,+
KCNJ1,chr11,128867373,-
GLT1D1,chr12,128853478,+
KCP,chr7,128910719,-
ATP6V1F,chr7,128862856,+
SCLT1,chr4,129093563,-
SPMIP1,chr7,128866330,+
ACAD9,chr3,128879596,+
LRRC8A,chr9,128882133,+
LAMA2,chr6,128883138,+
KCNJ5,chr11,128891356,+
CFAP92,chr3,129002690,-
PHYHD1,chr9,128920966,+
TP53AIP1,chr11,128943399,-
IRF5,chr7,128937457,+
ENSG00000251184,chr9,128941478,+
DOLK,chr9,128947603,-
NUP188,chr9,128947699,+
TNPO3,chr7,129055173,-
ARHGAP32,chr11,129279324,-
EFCC1,chr3,129001304,+
SH3GLB2,chr9,129028331,-
MIGA2,chr9,129036621,+
GP9,chr3,129060779,+
TMEM132D,chr12,129904025,-
DOLPP1,chr9,129081111,+
RAB43,chr3,129122801,-
ISY1-RAB43,chr3,129161036,-
C4orf33,chr4,129093317,+
CRAT,chr9,129111189,-
ISOC1,chr5,129094749,+
PTPA,chr9,129110950,+
ISY1,chr3,129161063,-
ENSG00000235007,chr9,129139413,+
TSPAN33,chr7,129144707,+
CNBP,chr3,129183922,-
IER5L,chr9,129178261,-
SMO,chr7,129188633,+
AHCYL2,chr7,129225030,+
COPG1,chr3,129249606,+
HMCES,chr3,129278828,+
H1-10,chr3,129316286,-
BARX2,chr11,129375848,+
EFCAB12,chr3,129428636,-
IFT122,chr3,129429607,+
MBD4,chr3,129440179,-
STRIP2,chr7,129434432,+
SMARCA1,chrX,129523500,-
ADAMTS19,chr5,129460298,+
MGMT,chr10,129467190,+
SMKR1,chr7,129502531,+
RHO,chr3,129528639,+
OCRL,chrX,129539849,+
H1-8,chr3,129543175,+
PLXND1,chr3,129606676,-
ARHGAP18,chr6,129710177,-
NTMT1,chr9,129608884,+
NRF1,chr7,129611720,+
C9orf50,chr9,129621101,-
ASB6,chr9,129642169,-
APLN,chrX,129654956,-
TMCC1,chr3,129893711,-
PRRX2,chr9,129665647,+
PTGES,chr9,129753042,-
XPNPEP2,chrX,129738979,+
MINAR2,chr5,129748094,+
GSDMC,chr8,129786624,-
SASH3,chrX,129779949,+
TOR1B,chr9,129803157,+
ZDHHC9,chrX,129843909,-
TOR1A,chr9,129824244,-
TMEM45B,chr11,129815848,+
C9orf78,chr9,129835863,-
UBE2H,chr7,129952960,-
TMEM244,chr6,129861547,-
USP20,chr9,129834698,+
EBF3,chr10,129973053,-
CYRIB,chr8,130017504,-
NFRKB,chr11,129895584,-
FNBP1,chr9,130043189,-
PRDM10,chr11,130002835,-
CHSY3,chr5,129904465,+
UTP14A,chrX,129906121,+
TRH,chr3,129974688,+
RAB6C,chr2,129979666,+
BCORL1,chrX,129981107,+
L3MBTL3,chr6,130013699,+
ZC3HC1,chr7,130051389,-
C10orf143,chr10,130110830,-
ASAP1,chr8,130443674,-
GPR107,chr9,130053426,+
ELF4,chrX,130110716,-
APLP2,chr11,130068147,+
KLHDC10,chr7,130070534,+
POTEF,chr2,130129222,-
ALG1L2,chr3,130081831,+
AIFM1,chrX,130165879,-
GLRX3,chr10,130136391,+
CCDC74B,chr2,130145134,-
SAMD3,chr6,130365425,-
SMPD4,chr2,130182750,-
ST14,chr11,130159782,+
FZD10,chr12,130162459,+
TMEM209,chr7,130207770,-
RAB33A,chrX,130171962,+
NCS1,chr9,130172404,+
MZT2B,chr2,130181737,+
TUBA3E,chr2,130198439,-
ZNF280C,chrX,130268899,-
SSMEM1,chr7,130206344,+
ZBTB44,chr11,130314917,-
HMCN2,chr9,130265760,+
CPA2,chr7,130266863,+
CPA4,chr7,130293134,+
PIWIL1,chr12,130337887,+
CCDC115,chr2,130342324,-
SLC25A14,chrX,130339888,+
IMP4,chr2,130342877,+
CPA5,chr7,130344816,+
COL6A5,chr3,130345672,+
PTPN18,chr2,130356045,+
TMEM200A,chr6,130366017,+
GPR119,chrX,130385674,-
CPA1,chr7,130380339,+
CEP41,chr7,130442433,-
RIMBP2,chr12,130768228,-
RBMX2,chrX,130401987,+
ADAMTS8,chr11,130428609,-
ASS1,chr9,130444961,+
ADAMTS15,chr11,130448645,+
POTEI,chr2,130509707,-
MEST,chr7,130486171,+
COPG2,chr7,130668748,-
COL6A6,chr3,130517177,+
CFC1B,chr2,130521197,+
FUBP3,chr9,130578965,+
CFC1,chr2,130599575,-
POTEJ,chr2,130611440,+
ENOX2,chrX,130903234,-
PRDM12,chr9,130664594,+
TSGA13,chr7,130687432,-
PIK3R4,chr3,130746829,-
EXOSC2,chr9,130693765,+
ABL1,chr9,130713043,+
ENSG00000288570,chr9,130713626,+
GPR148,chr2,130729070,+
KLF14,chr7,130734207,-
AMER3,chr2,130755540,+
ADCY8,chr8,131040909,-
STX2,chr12,130839250,-
SMLR1,chr6,130827406,+
ARHGEF4,chr2,130836914,+
EPB41L2,chr6,131063322,-
ATP2C1,chr3,130850595,+
SNX19,chr11,130916479,-
RAN,chr12,130872037,+
QRFP,chr9,130896812,-
FIBCD1,chr9,130939286,-
ADGRD1,chr12,130953907,+
LAMC3,chr9,131009174,+
ASTE1,chr3,131027649,-
NEK11,chr3,131026850,+
SMIM39,chr2,131034928,+
FAM168B,chr2,131093460,-
ARHGAP36,chrX,131058346,+
TCERG1L,chr10,131311721,-
AIF1L,chr9,131096476,+
PLEKHB2,chr2,131104847,+
MKLN1,chr7,131110096,+
NUP214,chr9,131125586,+
AKAP7,chr6,131135467,+
HINT1,chr5,131224468,-
LYRM7,chr5,131170944,+
POTEE,chr2,131209536,+
CDC42SE2,chr5,131245493,+
FAM78A,chr9,131277365,-
IGSF1,chrX,131578899,-
PLPP7,chr9,131289723,+
RAB6D,chr2,131364168,-
NTM,chr11,131370478,+
PRRC2B,chr9,131373636,+
NUDT16,chr3,131381671,+
RAPGEF6,chr5,131635231,-
ENSG00000273217,chr5,131796983,-
ENSG00000291303,chr9,131430129,+
ENSG00000288841,chr9,131432759,+
MRPL3,chr3,131502983,-
MZT2A,chr2,131492743,-
ARG1,chr6,131470918,+
TUBA3D,chr2,131476119,+
PODXL,chr7,131558217,-
POMT1,chr9,131502789,+
UCK1,chr9,131531264,-
CCDC74A,chr2,131527833,+
CPNE4,chr3,132285410,-
OR13H1,chrX,131544074,+
PRRT1B,chr9,131545523,+
MED23,chr6,131628242,-
RAPGEF1,chr9,131740076,-
ENPP3,chr6,131628461,+
FNIP1,chr5,131797017,-
OR2A4,chr6,131701401,-
CTAGE9,chr6,131711017,-
SFSWAP,chr12,131711090,+
MEIKIN,chr5,131945698,-
ENSG00000281938,chr5,132011637,-
ENPP1,chr6,131808020,+
MMP17,chr12,131828393,+
MED27,chr9,132079867,-
ULK1,chr12,131894622,+
PPP2R2D,chr10,131901008,+
EFR3A,chr8,131904093,+
PUS1,chr12,131929200,+
CCN2,chr6,131951372,-
EP400,chr12,131949942,+
ACSL6,chr5,132012243,-
BNIP3,chr10,131981967,-
STK26,chrX,132023302,+
OC90,chr8,132059382,-
ENSG00000258417,chr8,132085655,-
JAKMIP3,chr10,132036336,+
IL3,chr5,132060655,+
HHLA1,chr8,132111159,-
CSF2,chr5,132073789,+
FRMD7,chrX,132128020,-
KCNQ3,chr8,132481095,-
PLXNA4,chr7,132648688,-
DDX51,chr12,132144319,-
NOC4L,chr12,132144457,+
ANKRD30BL,chr2,132257969,-
NTNG2,chr9,132162058,+
DPYSL4,chr10,132186948,+
P4HA2,chr5,132295315,-
GALNT9,chr12,132329589,-
RAP2C,chrX,132219480,-
STK32C,chr10,132331847,-
PDLIM4,chr5,132257696,+
SETX,chr9,132354986,-
SLC22A4,chr5,132294394,+
MOXD1,chr6,132401475,-
ACP3,chr3,132317369,+
LRRC27,chr10,132332154,+
MBNL3,chrX,132489968,-
SLC22A5,chr5,132369710,+
TTF1,chr9,132406851,-
PWWP2B,chr10,132397168,+
CFAP77,chr9,132410043,+
ENSG00000283782,chr5,132410832,+
OPCML,chr11,133532501,-
GPR39,chr2,132416805,+
DNAJC13,chr3,132417502,+
IRF1,chr5,132508719,-
STX7,chr6,132513198,-
FBRSL1,chr12,132489551,+
INPP5A,chr10,132537787,+
TAAR9,chr6,132538277,+
IL5,chr5,132556838,-
TAAR8,chr6,132552672,+
RAD50,chr5,132556019,+
ACAD11,chr3,132660062,-
NPHP3-ACAD11,chr3,132684770,-
TAAR6,chr6,132570322,+
DNAAF11,chr8,132675592,-
BARHL1,chr9,132582606,+
TAAR5,chr6,132589741,-
DDX31,chr9,132670401,-
ACKR4,chr3,132597270,+
LRCOL1,chr12,132610582,-
TAAR2,chr6,132624275,-
P2RX2,chr12,132618776,+
POLE,chr12,132687342,-
HS6ST2,chrX,132961395,-
LYPD1,chr2,132671579,-
TAAR1,chr6,132659182,-
UBA5,chr3,132654446,+
IL13,chr5,132656263,+
GTF3C4,chr9,132670035,+
NCKAP5,chr2,133568463,-
IL4,chr5,132673986,+
NPHP3,chr3,132722432,-
VNN1,chr6,132714055,-
TMEM71,chr8,132760630,-
PXMP2,chr12,132687587,+
KIF3A,chr5,132737638,-
PGAM5,chr12,132710819,+
ANKLE2,chr12,132761832,-
AK8,chr9,132878777,-
VNN2,chr6,132763459,-
CCNI2,chr5,132747426,+
SEPTIN8,chr5,132807241,-
GOLGA3,chr12,132829143,-
SLC18B1,chr6,132813339,-
PHF20L1,chr8,132775358,+
NKX6-2,chr10,132786147,-
CHCHD3,chr7,133082090,-
CFAP46,chr10,132942823,-
SOWAHA,chr5,132813302,+
RPS12,chr6,132814569,+
SHROOM1,chr5,132830659,-
CHFR,chr12,132956304,-
GDF9,chr5,132866884,-
UQCRQ,chr5,132866630,+
TG,chr8,132866958,+
LEAP2,chr5,132873666,+
AFF4,chr5,132963634,-
SPACA9,chr9,132878027,+
TSC1,chr9,132946874,-
ZNF605,chr12,132956306,-
GFI1B,chr9,132944000,+
ZNF26,chr12,132986365,+
ZCCHC10,chr5,133026604,-
USP26,chrX,133097109,-
GTF3C5,chr9,133030675,+
SLA,chr8,133102912,-
ZNF84,chr12,133037292,+
TMEM108,chr3,133038391,+
HSPA4,chr5,133052013,+
CEL,chr9,133061981,+
ZNF140,chr12,133080474,+
ADGRA1,chr10,133087924,+
RALGDS,chr9,133149334,-
ENSG00000285245,chr9,133163914,-
ZNF891,chr12,133130274,-
ZNF10,chr12,133130575,+
ENSG00000256825,chr12,133130984,+
PCDH10,chr4,133149294,+
GBGT1,chr9,133163919,-
KNDC1,chr10,133160219,+
ZNF268,chr12,133181409,+
CCN4,chr8,133191039,+
FSTL4,chr5,133612541,-
OBP2B,chr9,133209250,-
TFDP3,chrX,133218354,-
ANHX,chr12,133235877,-
UTF1,chr10,133230217,+
ABO,chr9,133276024,-
NDRG1,chr8,133302022,-
VENTX,chr10,133237855,+
EYA4,chr6,133240514,+
EXOC4,chr7,133253072,+
ADAM8,chr10,133276868,-
TUBGCP2,chr10,133318823,-
GPC4,chrX,133415489,-
ZNF511,chr10,133308914,+
ZNF511-PRAP1,chr10,133309410,+
CALY,chr10,133336935,-
SURF6,chr9,133336188,-
MED22,chr9,133348131,-
PRAP1,chr10,133347368,+
RPL7A,chr9,133348218,+
SURF1,chr9,133356676,-
FUOM,chr10,133358025,-
SURF2,chr9,133356550,+
SURF4,chr9,133376166,-
ECHS1,chr10,133373354,-
STKLD1,chr9,133376366,+
PAOX,chr10,133379261,+
ENSG00000254536,chr10,133380017,+
MTG1,chr10,133394094,+
BFSP2,chr3,133400056,+
REXO4,chr9,133418096,-
ADAMTS13,chr9,133414358,+
SPRN,chr10,133424625,-
SCART1,chr10,133453945,+
ST3GAL1,chr8,133571926,-
CACFD1,chr9,133459965,+
SLC2A6,chr9,133479127,-
MYMK,chr9,133528612,-
CYP2E1,chr10,133520406,+
ADAMTSL2,chr9,133532164,+
GPC3,chrX,133987100,-
SYCE1,chr10,133569835,-
CDV3,chr3,133573686,+
FAM163B,chr9,133609389,-
TOPBP1,chr3,133662380,-
FRG2B,chr10,133626795,-
DBH,chr9,133636363,+
SARDH,chr9,133739955,-
TF,chr3,133746040,+
VAV2,chr9,133992604,-
SRPRB,chr3,133784023,+
RAB6B,chr3,133895882,-
SPATA19,chr11,133845538,-
TCF21,chr6,133889113,+
IGSF9B,chr11,133956968,-
SLCO2A1,chr3,134052184,-
TBPL1,chr6,133952170,+
ENSG00000288529,chr6,133953304,+
C5orf15,chr5,133968674,-
VDAC1,chr5,134004975,-
SLC2A12,chr6,134052624,-
BRD3OS,chr9,134025481,+
BRD3,chr9,134068535,-
RYK,chr3,134250859,-
JAM3,chr11,134069071,+
TCF7,chr5,134114681,+
MGAT5,chr2,134119983,+
LRGUK,chr7,134127299,+
WDR5,chr9,134135365,+
SKP1,chr5,134176964,-
NCAPD3,chr11,134225504,-
ENSG00000272772,chr5,134225861,-
SGK1,chr6,134318112,-
PPP2CA,chr5,134226073,-
PABPC4L,chr4,134201789,-
ENSG00000273345,chr5,134371044,-
VPS26B,chr11,134224671,+
CCDC160,chrX,134237047,+
THYN1,chr11,134253370,-
ACAD8,chr11,134253561,+
GLB1L3,chr11,134274245,+
CDKL3,chr5,134371043,-
SLC35B4,chr7,134316930,-
RXRA,chr9,134326455,+
GLB1L2,chr11,134331988,+
AMOTL2,chr3,134375479,-
UBE2B,chr5,134371184,+
PHF6,chrX,134373288,+
B3GAT1,chr11,134412242,-
CDKN2AIPNL,chr5,134411881,-
AKR1B1,chr7,134459252,-
TMEM163,chr2,134719000,-
HPRT1,chrX,134460165,+
ANAPC13,chr3,134486716,-
ZFAT,chr8,134713031,-
CEP63,chr3,134485699,+
JADE2,chr5,134524312,+
AKR1B10,chr7,134527567,+
AKR1B15,chr7,134549110,+
PLAC1,chrX,134764322,-
KY,chr3,134651022,-
SAR1B,chr5,134649271,-
COL5A1,chr9,134641803,+
BPGM,chr7,134646811,+
SEC24A,chr5,134648785,+
CAMLG,chr5,134738495,+
CALD1,chr7,134744252,+
DDX46,chr5,134758771,+
PABIR2,chrX,134797232,-
EPHB1,chr3,134795260,+
PABIR3,chrX,134796395,+
ACMSD,chr2,134838616,+
C5orf24,chr5,134845680,+
TXNDC15,chr5,134874371,+
FCN2,chr9,134880810,+
MOSPD1,chrX,134915257,-
FCN1,chr9,134917912,-
PCBD2,chr5,134905120,+
ALDH8A1,chr6,134950115,-
CCNT2,chr2,134918241,+
HBS1L,chr6,135103056,-
MAP3K19,chr2,135047458,-
CATSPER3,chr5,134967907,+
AGBL3,chr7,134986508,+
SMIM10,chrX,134990991,+
RTL8B,chrX,135022542,-
PITX1,chr5,135034813,-
RTL8C,chrX,135032355,+
RTL8A,chrX,135052196,-
RAB3GAP1,chr2,135052292,+
SMIM10L2B-AS1,chrX,135059685,+
OLFM1,chr9,135075422,+
CYREN,chr7,135170795,-
SMIM10L2B,chrX,135098712,-
ETDB,chrX,135120526,-
ZRANB3,chr2,135531218,-
TMEM140,chr7,135148072,+
CT55,chrX,135171398,-
MYB,chr6,135181308,+
WDR91,chr7,135211526,-
STRA8,chr7,135231979,+
ENSG00000293661,chrX,135252011,-
ZNF75D,chrX,135344109,-
ETDA,chrX,135252061,+
AHI1,chr6,135498434,-
ENSG00000293662,chrX,135306258,-
ETDC,chrX,135309480,+
MACROH2A1,chr5,135399914,-
ZNF449,chrX,135344796,+
CNOT4,chr7,135510145,-
ENSG00000293663,chrX,135392207,-
SMIM10L2A,chrX,135421944,+
DCANP1,chr5,135447348,-
TIFAB,chr5,135452351,-
KHDRBS3,chr8,135457456,+
SLC25A48,chr5,135476913,+
PPP1R26,chr9,135479079,+
PIERCE1,chr9,135501734,-
MRPS2,chr9,135499984,+
INTS6L,chrX,135520659,+
LCN1,chr9,135521438,+
R3HDM1,chr2,135531455,+
NEUROG1,chr5,135535964,-
OBP2A,chr9,135546126,+
NUP205,chr7,135557917,+
PAEP,chr9,135561756,+
CXCL14,chr5,135579279,-
ENSG00000236543,chr9,135604345,+
GLT6D1,chr9,135639540,-
STMP1,chr7,135662514,+
LCN9,chr9,135663309,+
SLC13A4,chr7,135729258,-
SOHLH1,chr9,135704498,-
KCNT1,chr9,135702185,+
CT45A1,chrX,135713639,+
FAM180A,chr7,135748813,-
UBXN4,chr2,135741734,+
CT45A3,chrX,135768191,-
CT45A5,chrX,135785503,-
LCT,chr2,135837184,-
CT45A6,chrX,135802787,-
CAMSAP1,chr9,135907546,-
CT45A2,chrX,135820012,-
CT45A7,chrX,135837280,-
MCM6,chr2,135876443,-
CT45A8,chrX,135854538,-
PDE7B,chr6,135851701,+
CT45A9,chrX,135871812,-
CT45A10,chrX,135893444,-
SAGE1,chrX,135890182,+
IL9,chr5,135895841,-
DARS1,chr2,135986100,-
LECT2,chr5,135954983,-
MTPN,chr7,135977359,-
UBAC1,chr9,135961373,-
MMGT1,chrX,135974029,-
PPP2R3A,chr3,135965728,+
SLC9A6,chrX,135973841,+
NACC2,chr9,136095289,-
TGFBI,chr5,136028988,+
CXCR4,chr2,136119177,-
TMEM250,chr9,136118875,-
SMAD5,chr5,136132845,+
FHL1,chrX,136146702,+
MSL2,chr3,136197241,-
SMIM32,chr5,136193162,-
LHX3,chr9,136205128,-
QSOX2,chr9,136245812,-
TRPC7,chr5,136365545,-
MAP7D3,chrX,136256482,-
MTFR2,chr6,136250324,-
CCDC187,chr9,136306901,-
PCCB,chr3,136250340,+
BCLAF1,chr6,136289851,-
ADGRG4,chrX,136300963,+
GPSM1,chr9,136327476,+
STAG1,chr3,136752403,-
MAP7,chr6,136550819,-
DNLZ,chr9,136363744,-
ENSG00000289701,chr9,136373644,-
CARD9,chr9,136373681,-
SNAPC4,chr9,136400170,-
ENTR1,chr9,136410614,-
PMPCA,chr9,136410638,+
INPP5E,chr9,136439845,-
SEC16A,chr9,136483759,-
BRS3,chrX,136487947,+
NOTCH1,chr9,136546048,-
HTATSF1,chrX,136497079,+
VGLL1,chrX,136532215,+
MAP3K5,chr6,136793097,-
CD40LG,chrX,136648158,+
EGFL7,chr9,136658856,+
ARHGEF6,chrX,136780932,-
AGPAT2,chr9,136687457,-
DIPK1B,chr9,136712572,+
LCN10,chr9,136742959,-
ENSG00000204003,chr9,136745853,-
LCN6,chr9,136748525,-
LCN8,chr9,136758543,-
LCN15,chr9,136766255,-
THSD7B,chr2,136765545,+
TMEM141,chr9,136791344,+
ENSG00000272896,chr9,136791379,+
CCDC183,chr9,136796338,+
RABL6,chr9,136807943,+
SLC35G2,chr3,136818647,+
PEX7,chr6,136822579,+
AJM1,chr9,136842478,+
RBMX,chrX,136880764,-
PHPT1,chr9,136848724,+
MAMDC4,chr9,136850943,+
EDF1,chr9,136866308,-
NCK1,chr3,136862208,+
CHRM2,chr7,136868652,+
TRAF2,chr9,136881912,+
SLC35D3,chr6,136922301,+
FBXW5,chr9,136944738,-
C8G,chr9,136945243,+
IL20RB,chr3,136946230,+
LCN12,chr9,136949551,+
PTGDS,chr9,136975092,+
SPOCK1,chr5,137598379,-
ENSG00000284341,chr9,136977518,+
LCNL1,chr9,136982993,+
PAXX,chr9,136992422,+
CLIC3,chr9,136996568,-
IL20RA,chr6,137045180,-
ABCA2,chr9,137028878,-
GPR101,chrX,137033995,-
FUT7,chr9,137032088,-
ENSG00000279073,chr9,137040436,-
NPDC1,chr9,137046177,-
ENTPD2,chr9,137054061,-
SAPCD2,chr9,137070557,-
UAP1L1,chr9,137077517,+
MAN1B1,chr9,137086857,+
DPP7,chr9,137118309,-
GRIN1,chr9,137138346,+
IL22RA2,chr6,137173648,-
LRRC26,chr9,137170051,-
ENSG00000261793,chr9,137171984,-
TMEM210,chr9,137172056,-
ANAPC2,chr9,137188560,-
SSNA1,chr9,137188676,+
TPRN,chr9,137204193,-
IFNGR1,chr6,137219449,-
TMEM203,chr9,137205648,-
NDOR1,chr9,137205695,+
ENSG00000284976,chr9,137217494,+
RNF208,chr9,137222240,-
CYSRT1,chr9,137225174,+
PTN,chr7,137343774,-
RNF224,chr9,137227502,+
SLC34A3,chr9,137230757,+
TUBB4B,chr9,137241287,+
CIMIP2A,chr9,137247751,-
STPG3,chr9,137251261,+
NELFB,chr9,137255327,+
TOR4A,chr9,137277726,+
NRARP,chr9,137302271,-
EXD3,chr9,137423162,-
DGKI,chr7,137847092,-
NOXA1,chr9,137423350,+
ENTPD8,chr9,137441449,-
NSMF,chr9,137459334,-
PNPLA7,chr9,137550402,-
OLIG3,chr6,137494394,-
PCDH18,chr4,137532494,-
MRPL41,chr9,137551879,+
DPH7,chr9,137578925,-
ZIC3,chrX,137566127,+
ZMYND19,chr9,137590512,-
ARRDC1,chr9,137605685,+
KLHL3,chr5,137736089,-
EHMT1,chr9,137618992,+
HNRNPA0,chr5,137754363,-
SOX14,chr3,137764315,+
TNFAIP3,chr6,137867214,+
MYOT,chr5,137867858,+
CREB3L2,chr7,138002086,-
CACNA1B,chr9,137877782,+
PKD2L2,chr5,137887968,+
FAM13B,chr5,138051961,-
HNMT,chr2,137964020,+
CLDN18,chr3,137998735,+
AKR1D1,chr7,138002324,+
DZIP1L,chr3,138115818,-
WNT8A,chr5,138084015,+
PERP,chr6,138107419,-
NME5,chr5,138139428,-
A4GNT,chr3,138132390,-
FAM135B,chr8,138497261,-
BRD8,chr5,138178678,-
DBR1,chr3,138174949,-
ARFGEF3,chr6,138161939,+
SLC7A11,chr4,138242349,-
KIF20A,chr5,138178719,+
ARMC8,chr3,138187248,+
CDC23,chr5,138213343,-
PBOV1,chr6,138218491,-
GFRA3,chr5,138274621,-
NME9,chr3,138329886,-
CDC25C,chr5,138338355,-
FAM53C,chr5,138331935,+
MRAS,chr3,138347648,+
KDM3B,chr5,138352685,+
SMIM28,chr6,138377905,+
HEBP2,chr6,138403531,+
NHSL1,chr6,138693253,-
ESYT3,chr3,138434616,+
REEP2,chr5,138439057,+
TRIM24,chr7,138460259,+
EGR1,chr5,138465479,+
CEP70,chr3,138594538,-
SPOPL,chr2,138501770,+
ETF1,chr5,138543236,-
HSPA9,chr5,138575431,-
COL22A1,chr8,138914041,-
SVOPL,chr7,138701362,-
FAIM,chr3,138608609,+
CTNNA1,chr5,138610967,+
FGF13,chrX,139222777,-
PIK3CB,chr3,138834928,-
NXPH2,chr2,138780390,-
ATP6V0A4,chr7,138799560,-
CCDC28A,chr6,138773769,+
ECT2L,chr6,138795911,+
TMEM213,chr7,138797952,+
KIAA1549,chr7,138981389,-
LRRTM2,chr5,138875368,-
REPS1,chr6,138988261,-
FOXL2,chr3,138947137,-
SIL1,chr5,139293557,-
FOXL2NB,chr3,138947217,+
PRR23A,chr3,139006268,-
MRPS22,chr3,139005806,+
NOCT,chr4,139015781,+
PRR23B,chr3,139020926,-
ZC3HAV1L,chr7,139036042,-
ELF2,chr4,139177218,-
ABRACL,chr6,139028745,+
PRR23C,chr3,139044892,-
ZC3HAV1,chr7,139132122,-
IFT56,chr7,139133744,+
HECA,chr6,139135080,+
UBN2,chr7,139230356,+
TXLNB,chr6,139291998,-
MGARP,chr4,139280225,-
NDUFC1,chr4,139302551,-
MATR3,chr5,139273752,+
NAA15,chr4,139301446,+
FMC1,chr7,139339457,+
LUC7L2,chr7,139340359,+
FMC1-LUC7L2,chr7,139341360,+
PAIP2,chr5,139341587,+
COPB2,chr3,139389736,-
SLC23A1,chr5,139384553,-
CITED2,chr6,139374648,-
MZB1,chr5,139389913,-
PROB1,chr5,139395104,-
SPATA24,chr5,139404089,-
DNAJC18,chr5,139444491,-
ENSG00000279686,chr5,139462707,-
ECSCR,chr5,139462743,-
KLRG2,chr7,139483673,-
RBP2,chr3,139480747,-
RAB33B,chr4,139453232,+
SMIM33,chr5,139471004,+
STING1,chr5,139482758,-
SETD7,chr4,139606699,-
RBP1,chr3,139539829,-
CLEC2L,chr7,139523685,+
UBE2D2,chr5,139526431,+
F9,chrX,139530739,+
NMNAT3,chr3,139678017,-
HIPK2,chr7,139777998,-
MCF2,chrX,139708216,-
KCNK9,chr8,139704109,-
CXXC5,chr5,139647299,+
MGST2,chr4,139665768,+
MAML3,chr4,140154184,-
ATP11C,chrX,139945276,-
TRAPPC9,chr8,140458579,-
TBXAS1,chr7,139777051,+
PSD2,chr5,139795808,+
NRG2,chr5,140043299,-
CLSTN2,chr3,139935185,+
CXorf66,chrX,139965521,-
PARP12,chr7,140062951,-
KDM7A,chr7,140176983,-
HAPSTR2,chrX,140091678,+
PURA,chr5,140107777,+
IGIP,chr5,140125937,+
CYSTM1,chr5,140175156,+
LRP1B,chr2,142131016,-
PFDN1,chr5,140303113,-
SCOC,chr4,140257286,+
SLC37A3,chr7,140404310,-
HBEGF,chr5,140346603,-
SLC4A9,chr5,140360194,+
CLGN,chr4,140427661,-
ANKHD1,chr5,140401814,+
ANKHD1-EIF4EBP3,chr5,140401908,+
RAB19,chr7,140404058,+
MGAT4D,chr4,140498377,-
MKRN1,chr7,140479536,-
SOX3,chrX,140505069,-
CHRAC1,chr8,140511311,+
DENND2A,chr7,140673993,-
AGO2,chr8,140635633,-
ELMOD2,chr4,140524168,+
SRA1,chr5,140557677,-
EIF4EBP3,chr5,140547662,+
APBB3,chr5,140564781,-
UCP1,chr4,140568961,-
ENSG00000293600,chr5,140564446,+
SLC35A4,chr5,140564819,+
TBC1D9,chr4,140756385,-
CD14,chr5,140633700,-
NDUFA2,chr5,140647645,-
TMCO6,chr5,140639435,+
IK,chr5,140647058,+
PTK2,chr8,141002216,-
WDR55,chr5,140664904,+
DND1,chr5,140673576,-
ADCK2,chr7,140672945,+
HARS1,chr5,140691537,-
TRIM42,chr3,140678064,+
NDUFB2,chr7,140690777,+
HARS2,chr5,140691452,+
ZMAT2,chr5,140698680,+
BRAF,chr7,140924929,-
PCDHA1,chr5,140786136,+
PCDHA2,chr5,140794852,+
PCDHA3,chr5,140801028,+
PCDHA4,chr5,140807037,+
PCDHA5,chr5,140821604,+
PCDHA6,chr5,140827958,+
PCDHA7,chr5,140834248,+
PCDHA8,chr5,140841187,+
PCDHA9,chr5,140847772,+
PCDHA10,chr5,140855883,+
RNF150,chr4,141212877,-
PCDHA11,chr5,140868183,+
PCDHA12,chr5,140875302,+
PCDHA13,chr5,140882124,+
PCDHAC1,chr5,140926299,+
SLC25A36,chr3,140941830,+
PCDHAC2,chr5,140966470,+
SPANXB1,chrX,141002594,+
MRPS33,chr7,141015228,-
SPSB4,chr3,141051347,+
PCDHB1,chr5,141051374,+
TMEM178B,chr7,141074064,+
PCDHB2,chr5,141094606,+
PCDHB3,chr5,141100473,+
LDOC1,chrX,141177129,-
DENND3,chr8,141117278,+
PCDHB4,chr5,141121818,+
PCDHB5,chr5,141135206,+
PCDHB6,chr5,141150057,+
PCDHB7,chr5,141172644,+
PCDHB8,chr5,141177790,+
PCDHB16,chr5,141182387,+
PCDHB9,chr5,141187127,+
PCDHB10,chr5,141192353,+
PCDHB11,chr5,141199610,+
SLC45A4,chr8,141308305,-
PCDHB12,chr5,141208697,+
PCDHB13,chr5,141213919,+
ZNF330,chr4,141220895,+
PCDHB14,chr5,141223343,+
ENSG00000279983,chr5,141223372,+
PXYLP1,chr3,141228726,+
SPANXC,chrX,141242517,-
PCDHB15,chr5,141245395,+
TAF7,chr5,141320784,-
SLC25A2,chr5,141304049,-
ZBTB38,chr3,141324213,+
PCDHGA1,chr5,141330514,+
PCDHGA2,chr5,141338760,+
PCDHGA3,chr5,141343829,+
PCDHGB1,chr5,141350099,+
PCDHGA4,chr5,141355021,+
GPR20,chr8,141367286,-
PCDHGB2,chr5,141359994,+
PCDHGA5,chr5,141364162,+
PCDHGB3,chr5,141370242,+
PCDHGA6,chr5,141373891,+
PCDHGA7,chr5,141382739,+
PCDHGB4,chr5,141387698,+
PCDHGA8,chr5,141390157,+
PTP4A3,chr8,141391995,+
PCDHGB5,chr5,141397947,+
PCDHGA9,chr5,141402778,+
PCDHGB6,chr5,141408021,+
PCDHGA10,chr5,141412987,+
PCDHGB7,chr5,141417645,+
PCDHGA11,chr5,141421047,+
PCDHGA12,chr5,141430507,+
MROH5,chr8,141507230,-
PCDHGC3,chr5,141475947,+
PCDHGC4,chr5,141484997,+
RASA2,chr3,141487027,+
PCDHGC5,chr5,141489081,+
C8orf90,chr8,141514638,+
DIAPH1,chr5,141619055,-
AGK,chr7,141551278,+
SPANXA1,chrX,141584738,-
SPANXA2,chrX,141589708,+
HDAC3,chr5,141636849,-
IL15,chr4,141636583,+
RELL2,chr5,141636950,+
FCHSD1,chr5,141651418,-
ARAP3,chr5,141682230,-
DENND11,chr7,141702166,-
SPANXD,chrX,141698739,-
WEE2,chr7,141708353,+
RNF7,chr3,141738277,+
SSBP1,chr7,141738334,+
ENSG00000285558,chr3,141738474,+
GRK7,chr3,141763408,+
TAS2R3,chr7,141764097,+
TAS2R4,chr7,141776674,+
TAS2R5,chr7,141790217,+
PRSS37,chr7,141841487,-
MAGEC3,chrX,141838316,+
PCDH1,chr5,141879246,-
ATP1B3,chr3,141876124,+
OR9A1P,chr7,141887148,+
MAGEC1,chrX,141903894,+
MGAM,chr7,141907813,+
OR9A4,chr7,141916399,+
DELE1,chr5,141923855,+
CLEC5A,chr7,141946974,-
PCDH12,chr5,141969741,-
TFDP2,chr3,142149544,-
RNF14,chr5,141958328,+
TAS2R38,chr7,141973773,-
GNPDA1,chr5,142013041,-
INPP4B,chr4,142847432,-
NMBR,chr6,142147122,-
NDFIP1,chr5,142108779,+
MGAM2,chr7,142111718,+
GJE1,chr6,142132925,+
VTA1,chr6,142147162,+
GK5,chr3,142225585,-
MAGEC2,chrX,142205290,-
TSNARE1,chr8,142403182,-
PRSS58,chr7,142258058,-
TRBV2,chr7,142300924,+
ADGRG6,chr6,142301854,+
XRN1,chr3,142448062,-
TRBV3-1,chr7,142308542,+
SPRY4,chr5,142326455,-
TRBV4-1,chr7,142313184,+
TRBV5-1,chr7,142320677,+
TRBV6-1,chr7,142328297,+
TRBV7-1,chr7,142332182,+
TRBV4-2,chr7,142345421,+
TRBV6-2,chr7,142349152,+
TRBV7-2,chr7,142352819,+
TRBV6-4,chr7,142380806,+
TRBV7-3,chr7,142384329,+
TRBV5-3,chr7,142389202,+
TRBV9,chr7,142391891,+
TRBV10-1,chr7,142399860,+
TRBV11-1,chr7,142407672,+
TRBV10-2,chr7,142424965,+
TRBV11-2,chr7,142433895,+
ATR,chr3,142578733,-
ADGRB1,chr8,142449430,+
TRBV6-5,chr7,142450947,+
TRBV7-4,chr7,142455174,+
TRBV5-4,chr7,142462916,+
TRBV6-6,chr7,142469537,+
TRBV5-5,chr7,142482548,+
TRBV6-7,chr7,142487863,+
TRBV7-6,chr7,142492132,+
TRBV5-6,chr7,142500028,+
TRBV6-8,chr7,142507382,+
TRBV7-7,chr7,142511626,+
TRBV5-7,chr7,142520090,+
TRBV7-9,chr7,142529290,+
TRBV13,chr7,142535809,+
TRBV10-3,chr7,142544212,+
TRBV11-3,chr7,142554836,+
TRBV12-3,chr7,142560423,+
TRBV12-4,chr7,142563740,+
TRBV12-5,chr7,142580917,+
TRBV14,chr7,142587868,+
FGF1,chr5,142698070,-
TRBV15,chr7,142592928,+
PLS1,chr3,142596393,+
TRBV16,chr7,142598016,+
TRBV17,chr7,142601628,+
ARC,chr8,142614479,-
TRBV18,chr7,142615716,+
TRBV19,chr7,142618849,+
TRBV20-1,chr7,142626649,+
TRBV23-1,chr7,142645961,+
TRBV24-1,chr7,142656701,+
JRK,chr8,142681968,-
PSCA,chr8,142670308,+
TRBV25-1,chr7,142670740,+
LY6K,chr8,142700111,+
TRBV27,chr7,142715346,+
TRBV28,chr7,142720660,+
TRPC1,chr3,142724034,+
THEM6,chr8,142727223,+
TRBV29-1,chr7,142740206,+
SLURP1,chr8,142742406,-
PRSS1,chr7,142749468,+
LYPD2,chr8,142752532,-
HIVEP2,chr6,142956698,-
PRSS2,chr7,142760398,+
LYNX1-SLURP2,chr8,142778224,-
SLURP2,chr8,142769828,-
ARHGAP26,chr5,142770377,+
LYNX1,chr8,142777810,-
LY6D,chr8,142786539,-
TRBD1,chr7,142786213,+
TRBJ1-1,chr7,142786880,+
TRBJ1-2,chr7,142787017,+
TRBJ1-3,chr7,142787630,+
TRBJ1-4,chr7,142788225,+
TRBJ1-5,chr7,142788498,+
TRBJ1-6,chr7,142788988,+
TRBC1,chr7,142791694,+
ENSG00000292271,chr7,142795705,+
TRBJ2-1,chr7,142796365,+
TRBJ2-2,chr7,142796560,+
TRBJ2-2P,chr7,142796697,+
TRBJ2-3,chr7,142796847,+
TRBJ2-4,chr7,142796998,+
TRBJ2-5,chr7,142797119,+
TRBJ2-6,chr7,142797239,+
TRBJ2-7,chr7,142797456,+
TRBC2,chr7,142801041,+
TRBV30,chr7,142813399,-
PCOLCE2,chr3,142889206,-
GML,chr8,142834247,+
EPHB6,chr7,142855061,+
TRPV6,chr7,142885745,-
CYP11B1,chr8,142879825,-
KYNU,chr2,142877657,+
TRPV5,chr7,142933746,-
CYP11B2,chr8,142917843,-
LLCFC1,chr7,142939343,+
KEL,chr7,142962363,-
PAQR9,chr3,142963674,-
U2SURP,chr3,142964497,+
LY6E,chr8,143017982,+
SPANXN4,chrX,143025928,+
OR9A2,chr7,143027132,-
LY6S,chr8,143048319,-
OR6V1,chr7,143052341,+
AIG1,chr6,143060496,+
LY6L,chr8,143080630,+
ARHGAP15,chr2,143091362,+
CHST2,chr3,143119771,+
PIP,chr7,143132077,+
LY6H,chr8,143160711,-
TAS2R39,chr7,143183419,+
USP38,chr4,143184917,+
GPIHBP1,chr8,143213218,+
TAS2R40,chr7,143222037,+
GSTK1,chr7,143244093,+
ZFP41,chr8,143246821,+
ENSG00000264668,chr8,143247110,+
SLC9A9,chr3,143848469,-
GLI4,chr8,143267433,+
NR3C1,chr5,143435512,-
TMEM139,chr7,143279957,+
CASP2,chr7,143288215,+
ZNF696,chr8,143289676,+
TOP1MT,chr8,143359979,-
CLCN1,chr7,143316111,+
GAB1,chr4,143336876,+
FAM131B,chr7,143362725,-
RHPN1,chr8,143368876,+
ZYX,chr7,143381295,+
EPHA1,chr7,143408856,-
MAFA,chr8,143430732,-
ADAT2,chr6,143450695,-
ZC3H3,chr8,143541447,-
TAS2R60,chr7,143443453,+
PEX3,chr6,143450805,+
TAS2R41,chr7,143477873,+
FUCA2,chr6,143511720,-
SPANXN3,chrX,143517475,-
OR10AC1,chr7,143519469,-
SMARCA5,chr4,143513702,+
PHACTR2,chr6,143536845,+
GSDMD,chr8,143553207,+
MROH6,chr8,143572772,-
CTAGE15,chr7,143571801,+
NAPRT,chr8,143578343,-
FREM3,chr4,143700675,-
EEF1D,chr8,143599541,-
TIGD5,chr8,143597831,+
PYCR3,chr8,143609773,-
GFUS,chr8,143618048,-
TCAF2,chr7,143620952,+
SLITRK4,chrX,143636101,-
ZNF623,chr8,143636019,+
TCAF2C,chr7,143647646,-
ZNF707,chr8,143684453,+
CCDC166,chr8,143708109,-
SPANXN2,chrX,143720752,-
MAPK15,chr8,143716349,+
FAM83H,chr8,143738234,-
IQANK1,chr8,143734139,+
CTAGE6,chr7,143757696,-
SCRIB,chr8,143815773,-
ENSG00000257065,chr6,143807092,+
HMHB1,chr5,143812147,+
PUF60,chr8,143830709,-
NRBP2,chr8,143840973,-
LTV1,chr6,143843338,+
TCAF1,chr7,143902198,-
ENSG00000280148,chr6,143857318,+
EPPK1,chr8,143878467,-
ZC2HC1B,chr6,143864436,+
GYPE,chr4,143905563,-
UBE2NL,chrX,143884071,+
H3-7,chr1,143905977,-
PLEC,chr8,143976734,-
OR2F2,chr7,143935233,+
GTDC1,chr2,144332568,-
PLAGL1,chr6,144064599,-
OR2F1,chr7,143954844,+
FAM72C,chr1,143971986,-
DIPK2A,chr3,143971823,+
PARP10,chr8,144012772,-
GRINA,chr8,143990056,+
GYPB,chr4,144019380,-
OR6B1,chr7,144000320,+
SPATC1,chr8,144012280,+
OR2A5,chr7,144048948,+
OPLAH,chr8,144063965,-
OR2A25,chr7,144069811,+
ENSG00000290230,chr8,144078642,+
EXOSC4,chr8,144078648,+
GPAA1,chr8,144082589,+
OR2A12,chr7,144086278,+
SF3B5,chr6,144095573,-
CYC1,chr8,144095076,+
SHARPIN,chr8,144108124,-
MAF1,chr8,144104420,+
WDR97,chr8,144107739,+
GYPA,chr4,144140751,-
OR2A2,chr7,144109583,+
OR2A14,chr7,144123176,+
HGH1,chr8,144137774,+
MROH1,chr8,144148016,+
STX11,chr6,144150487,+
YIPF5,chr5,144170714,-
KCTD16,chr5,144170873,+
CTAGE4,chr7,144183466,+
ARHGEF35,chr7,144195879,-
ENSG00000285713,chr4,145098174,-
OR2A42,chr7,144239605,-
OR2A7,chr7,144264792,-
BOP1,chr8,144291438,-
SCX,chr8,144266453,+
CTAGE8,chr7,144269288,-
UTRN,chr6,144285335,+
HSF1,chr8,144291591,+
OR2A1,chr7,144312419,+
DGAT1,chr8,144326910,-
SCRT1,chr8,144336482,-
SLC52A2,chr8,144333957,+
TMEM249,chr8,144354954,-
ENSG00000271698,chr8,144355609,-
ARHGEF5,chr7,144355288,+
FBXL6,chr8,144358472,-
ZEB2,chr2,144521057,-
PPIAL4E,chr1,144373634,-
ADCK5,chr8,144373101,+
CPSF1,chr8,144409335,-
NOBOX,chr7,144410227,-
SLC39A4,chr8,144416844,-
NBPF15,chr1,144461676,-
VPS28,chr8,144428563,-
TONSL,chr8,144444440,-
ZFTRAF1,chr8,144462871,-
TMEM276-ZFTRAF1,chr8,144465430,-
TPK1,chr7,144836395,-
TMEM276,chr8,144465667,-
KIFC2,chr8,144466337,+
FOXH1,chr8,144475849,-
PPP1R16A,chr8,144477982,+
GPT,chr8,144502973,+
MFSD3,chr8,144509070,+
RECQL4,chr8,144517845,-
LRRC14,chr8,144517992,+
LRRC24,chr8,144527033,-
C8orf82,chr8,144529111,-
ARHGAP39,chr8,144685846,-
PPIAL4F,chr1,144592893,+
HHIP,chr4,144646156,+
ZNF251,chr8,144755531,-
ZNF34,chr8,144787348,-
RPL8,chr8,144792587,-
ZNF517,chr8,144798894,+
ZNF7,chr8,144827518,+
ANAPC10,chr4,145098541,-
COMMD5,chr8,144853736,-
ZNF250,chr8,144902168,-
SRGAP2B,chr1,145095528,-
ZNF16,chr8,144950888,-
C8orf33,chr8,145052467,+
FAM72D,chr1,145095974,+
ABCE1,chr4,145098288,+
OTUD4,chr4,145180589,-
PPIAL4D,chr1,145242174,-
SPANXN1,chrX,145247503,+
NBPF20,chr1,145425603,-
EPM2A,chr6,145736023,-
PRELID2,chr5,145835342,-
SMAD1,chr4,145481194,+
MMAA,chr4,145599042,+
GPR89A,chr1,145607988,+
PDZK1,chr1,145708148,-
C4orf51,chr4,145680146,+
CD160,chr1,145719471,+
RNF115,chr1,145824095,-
ZNF827,chr4,145938823,-
FBXO30,chr6,145814795,-
SLITRK2,chrX,145817829,+
POLR3C,chr1,145824053,+
NUDT17,chr1,145845630,+
PIAS3,chr1,145859836,-
GRXCR2,chr5,145937126,-
SHPRH,chr6,145964389,-
ANKRD35,chr1,145885866,-
ITGA10,chr1,145910090,-
PEX11B,chr1,145918717,-
ENSG00000289565,chr1,145926741,-
RBM8A,chr1,145927484,-
ENSG00000280778,chr1,145927258,+
LIX1L,chr1,145958017,-
SH3RF2,chr5,145936578,+
ANKRD34A,chr1,145964575,-
POLR3GL,chr1,145964690,+
TXNIP,chr1,145996579,-
HJV,chr1,146036746,-
GRM1,chr6,146027668,+
PLOD2,chr3,146163725,-
NBPF10,chr1,146229000,-
PLAC8L1,chr5,146105577,-
LARS1,chr5,146182696,-
CNTNAP2,chr7,146116002,+
NOTCH2NLA,chr1,146229041,-
LSM6,chr4,146175718,+
PLSCR4,chr3,146251179,-
ENSG00000275740,chr5,146203550,+
RBM27,chr5,146203605,+
REELD1,chr4,146214515,+
SLC10A7,chr4,146522372,-
POU4F3,chr5,146338839,+
PPIAL4H,chr1,146344765,-
PLSCR2,chr3,146495991,-
TCERG1,chr5,146447312,+
GPR151,chr5,146516190,-
PLSCR1,chr3,146544856,-
RAB32,chr6,146543833,+
PLSCR5,chr3,146605346,-
PPP2R2B,chr5,147084784,-
ADGB,chr6,146598970,+
POU4F2,chr4,146638893,+
TTC29,chr4,146945882,-
CXorf51B,chrX,146809771,+
CXorf51A,chrX,146814744,-
NBPF12,chr1,146938324,+
PRKAB2,chr1,147172550,-
FMO5,chr1,147225873,-
STXBP5,chr6,147204417,+
STK32A,chr5,147235026,+
CHD1L,chr1,147242654,+
ZIC4,chr3,147406809,-
DPYSL3,chr5,147510068,-
ZIC1,chr3,147393422,+
EDNRA,chr4,147480917,+
SAMD5,chr6,147508690,+
BCL9,chr1,147541501,+
JAKMIP2,chr5,147782775,-
ENSG00000288626,chr1,147611590,+
TMEM184C,chr4,147617386,+
ACP6,chr1,147670524,-
PRMT9,chr4,147684163,-
ARHGAP10,chr4,147732088,+
GJA5,chr1,147773362,-
SPINK1,chr5,147831671,-
ACVR2A,chr2,147844517,+
SCGB3A2,chr5,147870682,+
C5orf46,chr5,147906538,-
GJA8,chr1,147902795,+
FMR1,chrX,147911919,+
GPR89B,chr1,147928420,+
ORC4,chr2,148021604,-
FMR1NB,chrX,147981337,+
MBD5,chr2,148021011,+
SPINK5,chr5,148025683,+
NR3C2,chr4,148444698,-
NBPF11,chr1,148152322,-
SPINK14,chr5,148168546,+
SPINK6,chr5,148202794,+
MARCOL,chr5,148221650,+
SPINK13,chr5,148268180,+
SASH1,chr6,148342838,+
SPINK7,chr5,148312419,+
SPINK9,chr5,148321203,+
FBXO38,chr5,148383935,+
HTR4,chr5,148677235,-
PPIAL4G,chr1,148483302,-
AFF2,chrX,148500617,+
NBPF14,chr1,148679742,-
C7orf33,chr7,148590766,+
NOTCH2NLB,chr1,148679746,-
EPC2,chr2,148644440,+
AGTR1,chr3,148697784,+
CUL1,chr7,148697914,+
UST,chr6,148747030,+
NUDT4B,chr1,148748774,+
CPB1,chr3,148791102,+
EZH2,chr7,148884291,-
PDE4DIP,chr1,148808140,+
ADRB2,chr5,148826611,+
CPA3,chr3,148865296,+
KIF5C,chr2,148875227,+
SH3TC2,chr5,149063089,-
GYG1,chr3,148991408,+
PDIA4,chr7,149028662,-
HLTF,chr3,149086554,-
LYPD6B,chr2,149038107,+
NBPF9,chr1,149103561,-
ZNF786,chr7,149090782,-
ZNF425,chr7,149126324,-
ZNF398,chr7,149126416,+
HPS3,chr3,149129638,+
ABLIM3,chr5,149141483,+
CP,chr3,149221829,-
ZNF282,chr7,149195546,+
TAB2,chr6,149218641,+
ZNF212,chr7,149239651,+
ZNF783,chr7,149262196,+
AFAP1L1,chr5,149271859,+
TM4SF18,chr3,149334414,-
LYPD6,chr2,149329985,+
GRPEL2,chr5,149345430,+
IQCM,chr4,149896233,-
PCYOX1L,chr5,149358046,+
TM4SF1,chr3,149377649,-
IL17B,chr5,149404202,-
NOTCH2NLC,chr1,149390621,+
ENSG00000286185,chr1,149390623,+
SUMO4,chr6,149400262,+
ENSG00000287585,chrX,149415506,-
ZNF777,chr7,149461062,-
ZC3H12D,chr6,149485014,-
ZNF746,chr7,149497817,-
TM4SF4,chr3,149474697,+
NBPF19,chr1,149475045,+
IDS,chrX,149521096,-
ENSG00000241489,chrX,149540926,-
CSNK1A1,chr5,149551439,-
PPIL4,chr6,149546043,-
WWTR1,chr3,149736714,-
EOLA1,chrX,149540355,+
HSFX3,chrX,149549924,-
ARHGEF37,chr5,149551947,+
GINM1,chr6,149566375,+
MMADHC,chr2,149587778,-
MAGEA9B,chrX,149587459,-
PPIAL4C,chr1,149583848,+
HSFX2,chrX,149595314,-
KATNA1,chr6,149648972,-
TMEM185A,chrX,149631912,-
LATS1,chr6,149718105,-
MAGEA11,chrX,149688228,+
KRBA1,chr7,149714781,+
NUP43,chr6,149749665,-
PPARGC1B,chr5,149730298,+
COMMD2,chr3,149752489,-
PCMT1,chr6,149749444,+
ANKUB1,chr3,149968385,-
ZNF467,chr7,149773588,-
HSFX1,chrX,149774068,+
MAGEA9,chrX,149781930,+
FCGR1A,chr1,149782671,+
H2BC18,chr1,149812373,-
RNF13,chr3,149812770,+
H3C13,chr1,149813693,-
ENSG00000285991,chr6,149896011,-
LRP11,chr6,149864359,-
H4C14,chr1,149832657,+
ZNF862,chr7,149838375,+
H3C14,chr1,149841208,-
H2AC18,chr1,149842750,-
H2AC19,chr1,149851061,+
H3C15,chr1,149852608,+
H4C15,chr1,149861159,-
PDE6A,chr5,149944793,-
ATP6V0E2,chr7,149872968,+
MAGEA8,chrX,149881141,+
RAET1E,chr6,149898113,-
H2BC21,chr1,149886682,-
H2AC20,chr1,149886918,+
H2AC21,chr1,149887965,-
BOLA1,chr1,149887890,+
SV2A,chr1,149917844,-
RAET1G,chr6,149923121,-
SF3B4,chr1,149927803,-
MTMR11,chr1,149936879,-
EOLA2,chrX,149938700,-
HSFX4,chrX,149929573,+
OTUD7B,chr1,150010726,-
ULBP2,chr6,149942014,+
SLC26A2,chr5,149960758,+
ULBP1,chr6,149963943,+
PFN2,chr3,150050788,-
TIGD6,chr5,150000654,-
HMGXB3,chr5,150000046,+
RAET1L,chr6,150025532,-
CSF1R,chr5,150113372,-
ULBP3,chr6,150069121,-
VPS45,chr1,150067279,+
DCLK2,chr4,150078445,+
PDGFRB,chr5,150155872,-
PPP1R14C,chr6,150143044,+
PLEKHO1,chr1,150149183,+
CDX1,chr5,150166778,+
SLC6A7,chr5,150190062,+
ANP32E,chr1,150236156,-
CAMK2A,chr5,150290093,-
ACTR3C,chr7,150323725,-
CA14,chr1,150257251,+
LRBA,chr4,151015727,-
APH1A,chr1,150269580,-
C1orf54,chr1,150268200,+
CIART,chr1,150282543,+
MRPS21,chr1,150293861,+
ARSI,chr5,150339307,-
PRPF3,chr1,150321479,+
LRRC61,chr7,150323263,+
ZBED10P,chr7,150329871,+
RARRES2,chr7,150341662,-
TCOF1,chr5,150357629,+
MAMLD1,chrX,150361422,+
RPRD2,chr1,150363091,+
REPIN1,chr7,150368189,+
ZNF775,chr7,150368790,+
IYD,chr6,150368892,+
ENSG00000284691,chr7,150400702,+
CD74,chr5,150412910,-
TSC22D2,chr3,150408298,+
RPS14,chr5,150449739,-
GIMAP8,chr7,150450630,+
RND3,chr2,150539011,-
NDST1,chr5,150485818,+
TARS2,chr1,150487414,+
ECM1,chr1,150508062,+
GIMAP7,chr7,150514872,+
SERP1,chr3,150603228,-
EIF2A,chr3,150546685,+
ADAMTSL4,chr1,150549369,+
MCL1,chr1,150579738,-
GIMAP4,chr7,150567369,+
MTM1,chrX,150568417,+
MAB21L2,chr4,150582151,+
PLEKHG1,chr6,150599883,+
ENSA,chr1,150629612,-
SYNPO,chr5,150601080,+
SELENOT,chr3,150602875,+
GIMAP6,chr7,150632648,-
GOLPH3L,chr1,150697154,-
ERICH6,chr3,150703971,-
MYOZ3,chr5,150660882,+
GIMAP2,chr7,150685706,+
RBM22,chr5,150701062,-
MTMR1,chrX,150692971,+
HORMAD1,chr1,150720895,-
DCTN4,chr5,150759035,-
GIMAP1,chr7,150716613,+
GIMAP1-GIMAP5,chr7,150716668,+
GIMAP5,chr7,150722253,+
CTSS,chr1,150765957,-
SIAH2,chr3,150763477,-
CD99L2,chrX,150898816,-
SMIM3,chr5,150778757,+
TMEM176B,chr7,150801360,-
CTSK,chr1,150808908,-
TMEM176A,chr7,150800403,+
ARNT,chr1,150876708,-
AOC1,chr7,150824627,+
IRGM,chr5,150846521,+
MTHFD1L,chr6,150865679,+
MINDY4B,chr3,150905439,-
ENSG00000260234,chr3,150941743,-
CTXND2,chr1,150887136,+
ZNF300,chr5,150904983,-
CLRN1,chr3,150972727,-
SETDB1,chr1,150926263,+
KCNH2,chr7,150978321,-
CERS2,chr1,150975003,-
HMGB3,chrX,150980509,+
ANXA9,chr1,150982249,+
NOS3,chr7,150991017,+
MINDY1,chr1,151008376,-
PRUNE1,chr1,151008420,+
ATG9B,chr7,151024499,-
GPX3,chr5,151020591,+
ABCB8,chr7,151028422,+
TNIP1,chr5,151093577,-
BNIPL,chr1,151036321,+
C1orf56,chr1,151047751,+
ASIC3,chr7,151048292,+
CDC42SE1,chr1,151070325,-
CDK5,chr7,151057897,-
SLC4A2,chr7,151057210,+
MLLT11,chr1,151060397,+
ENSG00000288608,chr7,151061928,+
GABPB2,chr1,151070578,+
FASTK,chr7,151080862,-
TMUB1,chr7,151083493,-
MED12L,chr3,151085664,+
AGAP3,chr7,151085831,+
RPS3A,chr4,151099624,+
ANXA6,chr5,151157815,-
SH3D19,chr4,151409365,-
SEMA6C,chr1,151146631,-
GBX1,chr7,151174745,-
TNFAIP8L2,chr1,151156649,+
SCNM1,chr1,151156664,+
LYSMD1,chr1,151165948,-
TMOD4,chr1,151176284,-
ASB10,chr7,151187832,-
VPS72,chr1,151195321,-
GPR50,chrX,151176584,+
CCDC69,chr5,151224093,-
IQCA1L,chr7,151205496,-
GPR171,chr3,151203216,-
PIP5K1A,chr1,151197949,+
H2BK1,chr7,151210488,-
ABCF2-H2BK1,chr7,151227166,-
ABCF2,chr7,151227205,-
P2RY14,chr3,151278542,-
GM2A,chr5,151212150,+
CHPF2,chr7,151232483,+
SMARCD3,chr7,151277896,-
AKAP12,chr6,151239967,+
RBM43,chr2,151261863,-
PSMD4,chr1,151254709,+
NMI,chr2,151289894,-
SLC36A3,chr5,151303766,-
PRSS48,chr4,151277161,+
ZNF687,chr1,151281618,+
PI4KB,chr1,151327715,-
GPR87,chr3,151316820,-
SLC36A2,chr5,151347590,-
P2RY13,chr3,151329549,-
P2RY12,chr3,151384753,-
RFX5,chr1,151347326,-
NUB1,chr7,151341772,+
TNFAIP6,chr2,151357592,+
ZBTB2,chr6,151391559,-
SELENBP1,chr1,151372705,-
WDR86,chr7,151410727,-
VMA21,chrX,151396515,+
RMND1,chr6,151452158,-
PSMB4,chr1,151399573,+
POGZ,chr1,151459494,-
FHIP1A,chr4,151409176,+
RIF1,chr2,151409883,+
IGSF10,chr3,151461061,-
CRYGN,chr7,151440813,-
SLC36A1,chr5,151437046,+
ARMT1,chr6,151452258,+
RHEB,chr7,151520120,-
NEB,chr2,151734487,-
CCDC170,chr6,151494017,+
FAT2,chr5,151591331,-
CGN,chr1,151510510,+
TUFT1,chr1,151540305,+
PRKAG2,chr7,151877214,-
PASD1,chrX,151563675,+
SNX27,chr1,151612006,+
ESR1,chr6,151656691,+
SPARC,chr5,151686968,-
GATB,chr4,151761007,-
PRRG3,chrX,151694607,+
CELF3,chr1,151716803,-
RIIAD1,chr1,151710433,+
FATE1,chrX,151716035,+
AADACL2,chr3,151733927,+
CNGA2,chrX,151734746,+
ATOX1,chr5,151772532,-
MRPL9,chr1,151763496,-
OAZ3,chr1,151762899,+
TDRKH,chr1,151791416,-
G3BP1,chr5,151771045,+
ARL5A,chr2,151828468,-
LINGO4,chr1,151805419,-
ENSG00000283228,chr2,151973949,-
RORC,chr1,151831845,-
AADAC,chr3,151814073,+
GLRA1,chr5,151924851,-
CACNB4,chr2,152099167,-
C2CD4D,chr1,151840557,-
THEM5,chr1,151853712,-
THEM4,chr1,151909637,-
SUCNR1,chr3,151873643,+
MAGEA4,chrX,151912495,+
GABRE,chrX,151974676,-
GALNTL5,chr7,151956379,+
S100A10,chr1,151993859,-
GALNT11,chr7,152025674,+
S100A11,chr1,152047907,-
TCHHL1,chr1,152089064,-
TCHH,chr1,152115444,-
STAM2,chr2,152175763,-
SYNE1,chr6,152637801,-
MAGEA10,chrX,152138578,-
KMT2C,chr7,152436644,-
RPTN,chr1,152159228,-
GABRA3,chrX,152451315,-
HRNR,chr1,152224193,-
MBNL1,chr3,152243828,+
FLG,chr1,152325239,-
FBXW7,chr4,152536092,-
FMNL2,chr2,152335174,+
FLG2,chr1,152360006,-
NMUR2,chr5,152433368,-
CRNN,chr1,152414263,-
LCE5A,chr1,152510803,+
CRCT1,chr1,152514482,+
LCE3E,chr1,152566780,-
LCE3D,chr1,152580516,-
LCE3C,chr1,152600234,+
LCE3B,chr1,152613811,+
TMEM154,chr4,152680012,-
LCE3A,chr1,152623103,-
GABRQ,chrX,152637895,+
XRCC2,chr7,152676193,-
PRPF40A,chr2,152718012,-
LCE2D,chr1,152663380,+
LCE2C,chr1,152675279,+
LCE2B,chr1,152686123,+
MYCT1,chr6,152697897,+
LCE2A,chr1,152698345,+
MAGEA3,chrX,152698767,+
LCE4A,chr1,152708160,+
CSAG2,chrX,152721661,-
MAGEA2B,chrX,152714586,+
ARL6IP6,chr2,152717647,+
KPLCE,chr1,152719522,+
CSAG1,chrX,152733735,-
MAGEA12,chrX,152733757,+
MAGEA2,chrX,152753884,-
VIP,chr6,152750797,+
CSAG3,chrX,152753921,+
KPRP,chr1,152758025,+
ACTR3B,chr7,152759749,+
MAGEA6,chrX,152769716,-
TIGD4,chr4,152779730,-
LCE1F,chr1,152775140,+
ARFIP1,chr4,152779937,+
LCE1E,chr1,152786214,+
LCE1D,chr1,152796721,+
LCE1C,chr1,152806651,-
LCE1B,chr1,152811971,+
CETN2,chrX,152830757,-
LCE1A,chr1,152827473,+
NSDHL,chrX,152830967,+
P2RY1,chr3,152835131,+
LCE6A,chr1,152842856,+
LCE7A,chr1,152859996,+
SMCP,chr1,152878322,+
ZNF185,chrX,152898067,+
IVL,chr1,152908546,+
FHDC1,chr4,152936323,+
SPRR5,chr1,152947206,+
FBXO5,chr6,152983579,-
SPRR4,chr1,152970648,+
SPRR1A,chr1,152984081,+
MTRF1L,chr6,153002709,-
PNMA5,chrX,152994116,-
SPRR3,chr1,153001747,+
RGS17,chr6,153131282,-
SPRR1B,chr1,153031203,+
SPRR2D,chr1,153041931,-
SPRR2A,chr1,153057512,-
PNMA3,chrX,153056409,+
SPRR2B,chr1,153071611,-
PNMA6A,chrX,153072454,+
SPRR2E,chr1,153106184,-
SPRR2F,chr1,153113516,-
SPRR2G,chr1,153150890,-
TRIM2,chr4,153152163,+
ENSG00000288637,chr4,153152435,+
RAP2B,chr3,153162226,+
MAGEA1,chrX,153179284,+
LELP1,chr1,153203430,+
PRR9,chr1,153217584,+
LORICRIN,chr1,153259687,+
PWWP4,chrX,153266152,+
PGLYRP3,chr1,153312952,-
PNMA6F,chrX,153321767,-
PGLYRP4,chr1,153348841,-
ZNF275,chrX,153334147,+
MND1,chr4,153344649,+
S100A9,chr1,153357854,+
S100A12,chr1,153375621,-
S100A8,chr1,153391073,-
PNMA6E,chrX,153401392,-
ZFP92,chrX,153411472,+
S100A7A,chr1,153416520,+
TREX2,chrX,153470587,-
HAUS7,chrX,153495516,-
S100A7,chr1,153460651,-
TMEM131L,chr4,153466346,+
RPRM,chr2,153478762,-
GRIA1,chr5,153490268,+
BGN,chrX,153494980,+
ATP2B3,chrX,153517642,+
S100A6,chr1,153536244,-
S100A5,chr1,153541765,-
S100A4,chr1,153550136,-
S100A3,chr1,153549258,-
S100A2,chr1,153567890,-
CCNQ,chrX,153600045,-
S100A16,chr1,153613145,-
S100A14,chr1,153616986,-
S100A13,chr1,153634412,-
S100A1,chr1,153627926,+
CHTOP,chr1,153633982,+
DUSP9,chrX,153642492,+
SNAPIN,chr1,153658703,+
ILF2,chr1,153671028,-
PNCK,chrX,153689010,-
NPR1,chr1,153678688,+
TLR2,chr4,153684050,+
SLC6A8,chrX,153687926,+
BCAP31,chrX,153724565,-
RNF175,chr4,153760024,-
ABCD1,chrX,153724856,+
INTS3,chr1,153728050,+
DPP6,chr7,153748133,+
PLXNB3,chrX,153764196,+
SLC27A3,chr1,153774354,+
SRPK3,chrX,153776412,+
SFRP2,chr4,153789083,-
IDH3G,chrX,153794512,-
GATAD2B,chr1,153923360,-
SSR4,chrX,153793516,+
PDZD4,chrX,153830565,-
L1CAM,chrX,153886173,-
GALNT13,chr2,153871922,+
ENSG00000284987,chrX,153909223,-
AVPR2,chrX,153904673,+
ARHGAP4,chrX,153928419,-
NAA10,chrX,153935066,-
DENND4B,chr1,153946718,-
RENBP,chrX,153944687,-
HCFC1,chrX,153971818,-
CRTC2,chr1,153958612,-
SLC39A1,chr1,153968184,-
ENSG00000285779,chr1,153975887,-
CREB3L4,chr1,153967534,+
TMEM187,chrX,153972754,+
JTB,chr1,153977674,-
ENSG00000285641,chr1,153986246,-
RAB13,chr1,153986358,-
FAM114A2,chr5,154038936,-
RPS27,chr1,153990762,+
NUP210L,chr1,154155116,-
OPRM1,chr6,154010496,+
IRAK1,chrX,154019902,-
MECP2,chrX,154137103,-
MFAP3,chr5,154038959,+
ARHGEF26,chr3,154121003,+
OPN1LW,chrX,154144243,+
IPCEF1,chr6,154356803,-
TPM3,chr1,154194648,-
ENSG00000288520,chr6,154510114,-
OPN1MW,chrX,154182596,+
GALNT10,chr5,154190730,+
CFAP141,chr1,154206333,-
C1orf43,chr1,154220636,-
OPN1MW2,chrX,154219756,+
UBAP2L,chr1,154220179,+
DCHS2,chr4,154491799,-
OPN1MW3,chrX,154257582,+
TEX28,chrX,154295853,-
HAX1,chr1,154272355,+
DHX36,chr3,154324487,-
TKTL1,chrX,154295795,+
AQP10,chr1,154321090,+
ATP8B2,chr1,154325525,+
GPR149,chr3,154430190,-
FLNA,chrX,154374634,-
EMD,chrX,154379273,+
CNKSR3,chr6,154510685,-
RPL10,chrX,154397749,+
DNASE1L1,chrX,154412112,-
IL6R,chr1,154405193,+
TAFAZZIN,chrX,154411539,+
ATP6AP1,chrX,154428645,+
GDI1,chrX,154436913,+
FAM50A,chrX,154444141,+
SAP30L,chr5,154445997,+
PLXNA3,chrX,154458281,+
SHE,chr1,154502412,-
HAND1,chr5,154478227,-
LAGE3,chrX,154479281,-
UBL4A,chrX,154486615,-
SLC10A3,chrX,154490690,-
TDRD10,chr1,154502219,+
FAM3A,chrX,154516242,-
G6PD,chrX,154547572,-
PLRG1,chr4,154550400,-
IKBKG,chrX,154541199,+
UBE2Q1,chr1,154558973,-
FGB,chr4,154563011,+
CHRNB2,chr1,154567778,+
ADAR,chr1,154628013,-
FGA,chr4,154590742,-
CTAG1A,chrX,154585133,+
FGG,chr4,154612967,-
CTAG1B,chrX,154619282,-
LRAT,chr4,154626945,+
CTAG2,chrX,154653579,-
GAB3,chrX,154751583,-
LARP1,chr5,154682986,+
KCNN3,chr1,154870281,-
KCNJ3,chr2,154697855,+
SCAF8,chr6,154733378,+
DKC1,chrX,154762853,+
MPP1,chrX,154821007,-
RBM46,chr4,154781213,+
FAXDC2,chr5,154859252,-
SMIM9,chrX,154834662,-
TIAM2,chr6,154832697,+
F8,chrX,155026940,-
CNOT8,chr5,154857553,+
H2AB1,chrX,154884972,+
F8A1,chrX,154886355,+
GEMIN5,chr5,154938211,-
PMVK,chr1,154936719,-
MRPL22,chr5,154941073,+
PAXIP1,chr7,155003124,-
PBXIP1,chr1,154956121,-
PYGO2,chr1,154963853,-
SHC1,chr1,154974395,-
CKS1B,chr1,154974653,+
FLAD1,chr1,154983338,+
LENEP,chr1,154993586,+
ZBTB7B,chr1,155002630,+
KIF4B,chr5,155013755,+
DCST2,chr1,155033781,-
MME,chr3,155024124,+
FUNDC2,chrX,155025980,+
DCST1,chr1,155033824,+
ADAM15,chr1,155050566,+
ENSG00000288258,chrX,155065519,-
CMC4,chrX,155071136,-
EFNA4,chr1,155063737,+
EFNA4-EFNA3,chr1,155063748,+
MTCP1,chrX,155147937,-
HTR5A,chr7,155070324,+
BRCC3,chrX,155071420,+
EFNA3,chr1,155078837,+
EFNA1,chr1,155127876,+
SLC50A1,chr1,155135344,+
DPM3,chr1,155140595,-
KRTCAP2,chr1,155173475,-
ENSG00000273088,chr1,155187272,-
TRIM46,chr1,155173787,+
MUC1,chr1,155192916,-
THBS3,chr1,155209051,-
VBP1,chrX,155197007,+
NPY2R,chr4,155208636,+
MTX1,chr1,155208695,+
GBA1,chr1,155244699,-
ENTREP3,chr1,155255483,-
SCAMP3,chr1,155262430,-
TFB1M,chr6,155314493,-
RAB39B,chrX,155264491,-
CLK2,chr1,155278491,-
CLDN20,chr6,155264013,+
CLIC2,chrX,155334657,-
HCN3,chr1,155277463,+
PKLR,chr1,155301438,-
STRIT1,chr3,155293683,-
INSIG1,chr7,155297776,+
FDPS,chr1,155308748,+
RUSC1,chr1,155320894,+
ASH1L,chr1,155563162,-
MAP9,chr4,155376965,-
PLCH1,chr3,155745071,-
H2AB2,chrX,155380709,+
F8A2,chrX,155382095,+
NOX3,chr6,155455839,-
F8A3,chrX,155458620,-
EN2,chr7,155458129,+
H2AB3,chrX,155460005,-
CNPY1,chr7,155555450,-
ENSG00000283128,chr7,155644396,-
TMLHE,chrX,155719098,-
MSTO1,chr1,155563235,+
SPRY3,chrX,155612572,+
ENSG00000287839,chr1,155648640,-
RBM33,chr7,155644451,+
YY1AP1,chr1,155689334,-
GUCY1A1,chr4,155666726,+
DAP3,chr1,155687960,+
GON4L,chr1,155859400,-
GUCY1B1,chr4,155758992,+
C3orf33,chr3,155806278,-
ENSG00000284952,chr3,155854442,-
SHH,chr7,155812463,-
SLC33A1,chr3,155854446,-
ASIC5,chr4,155866277,-
TDO2,chr4,155854738,+
SYT11,chr1,155859567,+
SGCD,chr5,155870344,+
GMPS,chr3,155870650,+
RIT1,chr1,155911404,-
KHDC4,chr1,155934413,-
CTSO,chr4,155953912,-
RXFP4,chr1,155941638,+
ARHGEF2,chr1,156007070,-
SSR2,chr1,156020951,-
UBQLN4,chr1,156053798,-
KCNAB1,chr3,156037701,+
LAMTOR2,chr1,156054782,+
RAB25,chr1,156061160,+
MEX3A,chr1,156082465,-
LMNA,chr1,156082572,+
SEMA4A,chr1,156147366,+
SLC25A44,chr1,156193932,+
PMF1-BGLAP,chr1,156212982,+
PMF1,chr1,156212993,+
BGLAP,chr1,156242184,+
PAQR6,chr1,156248117,-
SMG5,chr1,156282825,-
TMEM79,chr1,156282935,+
GLMP,chr1,156295689,-
VHLL,chr1,156299307,-
CCT3,chr1,156367873,-
NR4A2,chr2,156342348,-
TSACC,chr1,156337314,+
RHBG,chr1,156369211,+
GPD2,chr2,156435290,+
MEF2D,chr1,156500779,-
IQGAP3,chr1,156572565,-
SSR3,chr3,156555149,-
TTC24,chr1,156579723,+
NAXE,chr1,156591762,+
GPATCH4,chr1,156601479,-
HAPLN2,chr1,156619331,+
RNF32,chr7,156640281,+
BCAN,chr1,156641390,+
NES,chr1,156677407,-
LMBR1,chr7,156893183,-
TIPARP,chr3,156673235,+
CRABP2,chr1,156705816,-
ISG20L2,chr1,156728766,-
METTL25B,chr1,156728442,+
MRPL24,chr1,156741590,-
HDGF,chr1,156766925,-
PRCC,chr1,156750610,+
PDGFC,chr4,156971799,-
ARID1B,chr6,156776020,+
SH2D2A,chr1,156816848,-
NTRK1,chr1,156815636,+
LEKR1,chr3,156825481,+
INSRR,chr1,156859117,-
PPP1R2B,chr5,156850295,+
PEAR1,chr1,156893718,+
TIMD4,chr5,156963226,-
LRRC71,chr1,156920632,+
ARHGEF11,chr1,157046903,-
NOM1,chr7,156949712,+
MNX1,chr7,157010663,-
HAVCR1,chr5,157069396,-
GLRB,chr4,157076125,+
HAVCR2,chr5,157142869,-
ETV3L,chr1,157112412,-
ETV3,chr1,157138474,-
MED7,chr5,157159019,-
UBE3C,chr7,157138926,+
ITK,chr5,157142933,+
CCNL1,chr3,157160760,-
GARIN3,chr5,157166264,-
GRIA2,chr4,157204182,+
GALNT5,chr2,157257705,+
VEPH1,chr3,157533619,-
CYFIP2,chr5,157266079,+
TMEM242,chr6,157323601,-
ERMN,chr2,157327713,-
DNAJB6,chr7,157335381,+
ENSG00000285868,chr5,157460100,-
FNDC9,chr5,157345677,-
ZDHHC14,chr6,157381133,+
ADAM19,chr5,157575775,-
CYTIP,chr2,157491093,-
PTX3,chr3,157436850,+
NIPAL4,chr5,157460213,+
FCRL5,chr1,157552515,-
ACVR1C,chr2,157628864,-
PTPRN2,chr7,158587823,-
FCRL4,chr1,157598085,-
SOX30,chr5,157671480,-
C5orf52,chr5,157671533,+
FCRL3,chr1,157700769,-
SNX9,chr6,157700387,+
THG1L,chr5,157731420,+
ACVR1,chr2,157876330,-
LSM11,chr5,157743712,+
FCRL2,chr1,157777132,-
CLINT1,chr5,157859145,-
FCRL1,chr1,157820120,-
CD5L,chr1,157898256,-
UPP2,chr2,157876702,+
SYNJ2,chr6,157981863,+
KIRREL1,chr1,157993273,+
SHOX2,chr3,158106420,-
RSRC1,chr3,158105855,+
SERAC1,chr6,158168280,-
GASK1B,chr4,158173318,-
SMIM42,chr1,158128301,-
GTF2H5,chr6,158168350,+
CCDC148,chr2,158456753,-
CD1D,chr1,158178030,+
TMEM144,chr4,158201604,+
TULP4,chr6,158232236,+
CD1A,chr1,158254424,+
CD1C,chr1,158289923,+
RXFP1,chr4,158315311,+
CD1B,chr1,158331531,-
CD1E,chr1,158353696,+
OR10T2,chr1,158399466,-
OR10K2,chr1,158426237,-
PKP4,chr2,158456952,+
OR10K1,chr1,158461574,+
OR10R2,chr1,158472220,+
TMEM181,chr6,158536436,+
OR6Y1,chr1,158554405,-
OR6P1,chr1,158570580,-
MLF1,chr3,158571163,+
OR10X1,chr1,158579899,-
OR10Z1,chr1,158605268,+
SPTA1,chr1,158686715,-
NCAPG2,chr7,158704804,-
DYNLT1,chr6,158644743,-
GFM1,chr3,158644527,+
LXN,chr3,158672648,-
SYTL3,chr6,158650014,+
C4orf46,chr4,158672255,-
ETFDH,chr4,158671968,+
EBF1,chr5,159099916,-
RARRES1,chr3,158732489,-
OR6K2,chr1,158700652,-
PPID,chr4,158723396,-
OR6K3,chr1,158720720,-
ESYT2,chr7,158830253,-
MFSD1,chr3,158732198,+
OR6N1,chr1,158772195,-
OR6K6,chr1,158754720,+
EZR,chr6,158819368,-
FNIP2,chr4,158769026,+
OR6N2,chr1,158781204,-
DAPL1,chr2,158795317,+
MNDA,chr1,158831351,+
DYNC2I1,chr7,158856558,+
SPMIP2,chr4,159038760,-
PYHIN1,chr1,158930796,+
IQCJ-SCHIP1,chr3,158962235,+
IQCJ,chr3,158962928,+
TANC1,chr2,158968640,+
RSPH3,chr6,159000202,-
IFI16,chr1,158999968,+
PYDC5,chr1,159002751,-
VIPR2,chr7,159144867,-
TAGAP,chr6,159095823,-
AIM2,chr1,159187843,-
RAPGEF2,chr4,159103013,+
RNF145,chr5,159210053,-
FNDC1,chr6,159169400,+
CADM3,chr1,159171609,+
ACKR1,chr1,159204875,+
WDSUB1,chr2,159286703,-
UBLCP1,chr5,159263290,+
SCHIP1,chr3,159273244,+
FCER1A,chr1,159289714,+
OR10J3,chr1,159314659,-
IL12B,chr5,159330862,-
BAZ2B,chr2,159616569,-
OR10J4,chr1,159432204,+
OR10J1,chr1,159437845,+
OR10J5,chr1,159536007,-
APCS,chr1,159587826,+
SOD2,chr6,159762529,-
CRP,chr1,159714589,-
MARCHF7,chr2,159712457,+
WTAP,chr6,159725585,+
ACAT2,chr6,159762045,+
CD302,chr2,159798255,-
LY75-CD302,chr2,159904710,-
TCP1,chr6,159789703,-
DUSP23,chr1,159780932,+
MRPL18,chr6,159789812,+
PNLDC1,chr6,159800249,+
FCRL6,chr1,159800512,+
LY75,chr2,159904756,-
SLAMF8,chr1,159826811,+
ENSG00000256029,chr1,159855347,-
VSIG8,chr1,159862657,-
ADRA1B,chr5,159865080,+
CFAP45,chr1,159900165,-
MAS1,chr6,159890988,+
TAGLN2,chr1,159925507,-
IGSF9,chr1,159945613,-
PLA2R1,chr2,160062615,-
SLAMF9,chr1,159954237,-
IGF2R,chr6,159969082,+
IL12A,chr3,159988835,+
KCNJ10,chr1,160070483,-
TTC1,chr5,160009113,+
PIGM,chr1,160031990,-
PWWP2A,chr5,160119450,-
KCNJ9,chr1,160081538,+
IGSF8,chr1,160098943,-
ITGB6,chr2,160253849,-
ATP1A2,chr1,160115759,+
SLC22A1,chr6,160121815,+
ATP1A4,chr1,160151603,+
SLC22A2,chr6,160277638,-
FABP6,chr5,160187367,+
CASQ1,chr1,160190575,+
PEA15,chr1,160205380,+
DCAF8,chr1,160262549,-
ENSG00000258465,chr1,160282458,-
C3orf80,chr3,160225422,+
TRIM59-IFT80,chr3,160449829,-
CCNJL,chr5,160345396,-
IFT80,chr3,160399880,-
RBMS1,chr2,160493807,-
PEX19,chr1,160286348,-
COPA,chr1,160343258,-
NCSTN,chr1,160343316,+
C1QTNF2,chr5,160370641,-
SLC22A3,chr6,160348378,+
NHLH1,chr1,160367071,+
FAM200C,chr5,160400054,-
SMC4,chr3,160399274,+
VANGL2,chr1,160400564,+
SLU7,chr5,160421711,-
PTTG1,chr5,160421855,+
TRIM59,chr3,160485773,-
SLAMF6,chr1,160523262,-
KPNA4,chr3,160565571,-
LPA,chr6,160664275,-
CD84,chr1,160579516,-
ATP10B,chr5,160852214,-
SLAMF1,chr1,160647044,-
ARL14,chr3,160677160,+
CD48,chr1,160711831,-
PLG,chr6,160702194,+
SLAMF7,chr1,160739057,+
PPM1L,chr3,160755602,+
LY9,chr1,160796074,+
CD244,chr1,160862887,-
ITLN1,chr1,160885180,-
ITLN2,chr1,160954809,-
MAP3K4,chr6,160991727,+
F11R,chr1,161021152,-
ENSG00000270149,chr1,161038962,-
TSTD1,chr1,161038977,-
USF1,chr1,161045977,-
ARHGAP30,chr1,161069970,-
NECTIN4,chr1,161089558,-
B3GALNT1,chr3,161105411,-
KLHDC9,chr1,161098361,+
PFDN2,chr1,161118055,-
NMD3,chr3,161104696,+
NIT1,chr1,161118086,+
DEDD,chr1,161132688,-
AGPAT4,chr6,161274061,-
TANK,chr2,161136908,+
UFC1,chr1,161152776,+
USP21,chr1,161159450,+
PPOX,chr1,161166056,+
B4GALT3,chr1,161177968,-
ADAMTS4,chr1,161199054,-
NDUFS2,chr1,161197104,+
FCER1G,chr1,161215234,+
APOA2,chr1,161223631,-
TOMM40L,chr1,161225939,+
NR1I3,chr1,161238244,-
PCP4L1,chr1,161258745,+
GABRB2,chr5,161549044,-
MPZ,chr1,161309968,-
PSMD14,chr2,161308425,+
SDHC,chr1,161314381,+
SPTSSB,chr3,161372880,-
PRKN,chr6,162727771,-
CFAP126,chr1,161367876,-
FSTL5,chr4,162164004,-
TBR1,chr2,161416297,+
SLC4A10,chr2,161424332,+
OTOL1,chr3,161496808,+
FCGR2A,chr1,161505430,+
HSPA6,chr1,161524540,+
FCGR3A,chr1,161550968,-
ENSG00000289768,chr1,161631456,-
GABRA6,chr5,161547063,+
FCGR2C,chr1,161581339,+
FCGR3B,chr1,161631963,-
FCGR2B,chr1,161663143,+
FCRLA,chr1,161706972,+
FCRLB,chr1,161721544,+
DUSP12,chr1,161749786,+
ATF6,chr1,161766298,+
GABRA1,chr5,161847063,+
OLFML2B,chr1,162023869,-
DPP4,chr2,162074394,-
GABRG2,chr5,162000057,+
NOS1AP,chr1,162069691,+
GCG,chr2,162152404,-
FAP,chr2,162245151,-
IFIH1,chr2,162318684,-
GCA,chr2,162318840,+
ENSG00000254706,chr1,162365407,+
KCNH7,chr2,162838767,-
SPATA46,chr1,162376854,-
C1orf226,chr1,162378841,+
SH2D1B,chr1,162412136,-
UHMK1,chr1,162497251,+
UAP1,chr1,162561722,+
DDR2,chr1,162631373,+
PACRG,chr6,162727132,+
HSD17B7,chr1,162790702,+
CCDC190,chr1,162868761,-
RGS4,chr1,163068775,+
NAF1,chr4,163166890,-
RGS5,chr1,163321791,-
NUF2,chr1,163266576,+
NPY1R,chr4,163344832,-
NPY5R,chr4,163343892,+
QKI,chr6,163414643,+
CCNG1,chr5,163437569,+
NUDCD2,chr5,163460146,-
HMMR,chr5,163460203,+
TKTL2,chr4,163473754,-
TMA16,chr4,163494442,+
MAT2B,chr5,163503114,+
MARCHF1,chr4,164384050,-
FIGN,chr2,163736012,-
GRB14,chr2,164621482,-
PBX1,chr1,164555584,+
COBLL1,chr2,164843679,-
SMIM31,chr4,164754064,+
APELA,chr4,164877178,+
SLC38A11,chr2,164955525,-
TRIM61,chr4,164977668,-
SI,chr3,165078496,-
TRIM60,chr4,165016458,+
TRIM75,chr4,165053866,+
TMEM192,chr4,165208549,-
SCN3A,chr2,165204050,-
SLITRK3,chr3,165197109,-
SCN2A,chr2,165194993,+
LMX1A,chr1,165356715,-
KLHL2,chr4,165207561,+
GK3,chr4,165279704,-
C6orf118,chr6,165309605,-
PDE10A,chr6,165988117,-
MSMO1,chr4,165327667,+
CPE,chr4,165361194,+
RXRG,chr1,165445355,-
CSRNP3,chr2,165469647,+
LRRC52,chr1,165544000,+
MGST3,chr1,165631213,+
ALDH9A1,chr1,165698562,-
TMCO1,chr1,165827755,-
GALNT3,chr2,165846201,-
BCHE,chr3,165837423,-
UCK2,chr1,165827614,+
TTC21B,chr2,165953841,-
TLL1,chr4,165873237,+
SCN1A,chr2,166182806,-
FAM78B,chr1,166167001,-
TBXT,chr6,166168700,-
SCN9A,chr2,166375993,-
PRR18,chr6,166308448,-
SFT2D1,chr6,166342576,-
MPC1,chr6,166383013,-
SCN7A,chr2,166611482,-
RPS6KA2,chr6,166906451,-
RAMACL,chr6,166586678,-
SPOCK3,chr4,167234796,-
POGK,chr1,166839447,+
TADA1,chr1,166876264,-
ENSG00000249141,chr6,166956124,-
XIRP2,chr2,166888480,+
ILDR2,chr1,166975540,-
RNASET2,chr6,166957184,-
MAEL,chr1,166975582,+
TENM2,chr5,166979029,+
CEP43,chr6,166999174,+
ENSG00000272980,chr6,166999336,+
GPA33,chr1,167166479,-
STYXL2,chr1,167094075,+
CCR6,chr6,167111807,+
GPR31,chr6,167157980,-
POU2F1,chr1,167220876,+
ZBBX,chr3,167407853,-
UNC93A,chr6,167271169,+
B3GALT1,chr2,167293001,+
TTLL2,chr6,167325071,+
CD247,chr1,167518640,-
SERPINI2,chr3,167478972,-
WDR49,chr3,167653983,-
CREG1,chr1,167553805,-
RCSD1,chr1,167630093,+
PDCD10,chr3,167734939,-
MPZL1,chr1,167721192,+
SERPINI1,chr3,167735243,+
ADCY10,chr1,167914215,-
AFDN,chr6,167826893,+
MPC2,chr1,167937072,-
DCAF6,chr1,167935783,+
STK39,chr2,168247595,-
KIF25,chr6,167996241,+
GOLIM4,chr3,168095924,-
FRMD1,chr6,168101511,-
GPR161,chr1,168137667,-
ANXA10,chr4,168092537,+
TIPRL,chr1,168178962,+
DDX60,chr4,168318807,-
SFT2D2,chr1,168225938,+
TBX19,chr1,168280877,+
WWC1,chr5,168291645,+
DACT2,chr6,168319777,-
DDX60L,chr4,168537786,-
SMOC2,chr6,168441151,+
CERS6,chr2,168456249,+
RARS1,chr5,168486471,+
PALLD,chr4,168497052,+
FBLL1,chr5,168529305,+
XCL2,chr1,168543997,-
PANK3,chr5,168579368,-
XCL1,chr1,168576605,+
SLIT3,chr5,169301139,-
DPT,chr1,168729206,-
NOSTRIN,chr2,168786539,+
SPC25,chr2,168913371,-
CBR4,chr4,169010255,-
G6PC2,chr2,168901291,+
ABCB11,chr2,169031324,-
DHRS9,chr2,169064789,+
MECOM,chr3,169663775,-
SH3RF1,chr4,169270956,-
ATP1B1,chr1,169105697,+
LRP2,chr2,169362534,-
NME7,chr1,169367948,-
THBS2,chr6,169254050,-
BLZF1,chr1,169367970,+
NEK1,chr4,169612632,-
CCDC181,chr1,169460669,-
ENSG00000285733,chr6,169702047,-
WDR27,chr6,169702054,-
SLC19A2,chr1,169485944,-
BBS5,chr2,169479483,+
ENSG00000251569,chr2,169479480,+
KLHL41,chr2,169509702,+
F5,chr1,169586588,-
FASTKD1,chr2,169573875,-
SPDL1,chr5,169583636,+
PPIG,chr2,169584342,+
SELP,chr1,169630193,-
CLCN3,chr4,169612633,+
DOCK2,chr5,169637275,+
CFAP210,chr2,169694405,-
FIRRM,chr1,169662007,+
SELL,chr1,169711702,-
PHOSPHO2,chr2,169694454,+
KLHL23,chr2,169694488,+
C6orf120,chr6,169702126,+
PHF10,chr6,169725566,-
SELE,chr1,169764705,-
HPF1,chr4,169757944,-
DYNLT2,chr6,169751587,-
ERMARD,chr6,169751622,+
ACTRT3,chr3,169769561,-
MYNN,chr3,169773396,+
SSB,chr2,169791933,+
METTL18,chr1,169794963,-
LRRC34,chr3,169812986,-
METTL5,chr2,169824931,-
LRRIQ4,chr3,169812870,+
UBR3,chr2,169827454,+
LRRC31,chr3,169869935,-
SCYL3,chr1,169894267,-
INSYN2B,chr5,169980495,-
SAMD7,chr3,169911572,+
KIFAP3,chr1,170085208,-
SEC62,chr3,169966635,+
MFAP3L,chr4,170033031,-
GPR160,chr3,170037995,+
AADAT,chr4,170091699,-
PHC3,chr3,170181749,-
FOXI1,chr5,170105897,+
NTMT2,chr1,170145959,+
MYO3B,chr2,170178145,+
PRKCI,chr3,170222424,+
C5orf58,chr5,170229104,+
LCP2,chr5,170297777,-
DLL1,chr6,170306565,-
FAM120B,chr6,170290703,+
KCNIP1,chr5,170353487,+
SKIL,chr3,170357342,+
KCNMB1,chr5,170389634,-
CLDN11,chr3,170418868,+
ENSG00000285218,chr3,170418868,+
SLC7A14,chr3,170586075,-
GORAB,chr1,170531819,+
PSMB1,chr6,170553307,-
TBP,chr6,170554302,+
PDCD2,chr6,170584692,-
PRRX1,chr1,170662728,+
SP5,chr2,170715337,+
GABRP,chr5,170763350,+
ERICH2,chr2,170766878,+
GAD1,chr2,170813213,+
RANBP17,chr5,170862018,+
RPL22L1,chr3,170870195,-
EIF5A2,chr3,170908644,-
GORASP2,chr2,170928464,+
MROH9,chr1,170935526,+
TLK1,chr2,171231314,-
SLC2A2,chr3,171026720,-
TNIK,chr3,171460408,-
FMO3,chr1,171090901,+
FMO2,chr1,171185249,+
FMO1,chr1,171248471,+
TLX3,chr5,171309248,+
FMO4,chr1,171314183,+
METTL8,chr2,171434802,-
NPM1,chr5,171387116,+
FGF18,chr5,171419647,+
DCAF17,chr2,171434217,+
PRRC2C,chr1,171485530,+
CYBRD1,chr2,171522247,+
PLD1,chr3,171810950,-
MYOCOS,chr1,171600621,+
MYOC,chr1,171652688,-
DYNC1I2,chr2,171687409,+
VAMP4,chr1,171742074,-
METTL13,chr1,171781660,+
SMIM23,chr5,171782432,+
SLC25A12,chr2,171999859,-
GALNTL6,chr4,171812254,+
DNM3,chr1,171817887,+
TMEM212,chr3,171843349,+
FBXW11,chr5,172006873,-
HAT1,chr2,171922461,+
METAP1D,chr2,171999943,+
FNDC3B,chr3,172039578,+
STK10,chr5,172188224,-
DLX1,chr2,172084740,+
DLX2,chr2,172102900,-
EFCAB9,chr5,172194172,+
UBTD2,chr5,172283764,-
ITGA6,chr2,172234216,+
SH3PXD2B,chr5,172454525,-
PIGC,chr1,172444086,-
C1orf105,chr1,172420685,+
GHSR,chr3,172448456,-
TNFSF10,chr3,172523475,-
SUCO,chr1,172532349,+
PDK1,chr2,172555373,+
NCEH1,chr3,172711218,-
NEURL1B,chr5,172641263,+
FASLG,chr1,172659103,+
RAPGEF4,chr2,172735274,+
ECT2,chr3,172750682,+
DUSP1,chr5,172771195,-
ERGIC1,chr5,172834251,+
SPATA16,chr3,173141235,-
RPL26L1,chr5,172958729,+
ATP6V0E1,chr5,172983771,+
TNFSF18,chr1,173050941,-
CREBRF,chr5,173056352,+
MAP3K20,chr2,173075435,+
BNIP1,chr5,173144442,+
TNFSF4,chr1,173477583,-
GALNT7,chr4,173168811,+
NKX2-5,chr5,173235311,-
STC2,chr5,173328414,-
HMGB2,chr4,173334391,-
CDCA7,chr2,173354820,+
SAP30,chr4,173369969,+
SCRG1,chr4,173399116,-
NLGN1,chr3,173396284,+
PRDX6,chr1,173477330,+
SLC9C2,chr1,173603072,-
HAND2,chr4,173530229,-
ENSG00000285777,chr1,173669837,-
BOD1,chr5,173616659,-
ANKRD45,chr1,173669851,-
TEX50,chr1,173635338,+
KLHL20,chr1,173714941,+
CENPL,chr1,173824883,-
DARS2,chr1,173824653,+
ZBTB37,chr1,173868082,+
SP3,chr2,173965373,-
CPEB4,chr5,173888349,+
SERPINC1,chr1,173917327,-
RC3H1,chr1,174022357,-
C5orf47,chr5,173973779,+
ENSG00000293562,chr1,174022298,-
NSG2,chr5,174045706,+
OLA1,chr2,174248599,-
RABGAP1L,chr1,174159410,+
FBXO8,chr4,174283667,-
CEP44,chr4,174283730,+
SP9,chr2,174334954,+
CIR1,chr2,174395712,-
SCRN3,chr2,174395730,+
GPR155,chr2,174487094,-
NAALADL2,chr3,174438573,+
GPR52,chr1,174447964,+
HPGD,chr4,174523154,-
WIPF1,chr2,174682916,-
GLRA3,chr4,174829247,-
MSX2,chr5,174724582,+
CHRNA1,chr2,174787935,-
CHN1,chr2,175005381,-
ADAM29,chr4,174829668,+
CACYBP,chr1,174999163,+
MRPS14,chr1,175023425,-
TNN,chr1,175067833,+
ATF2,chr2,175168382,-
KIAA0040,chr1,175192999,-
ATP5MC3,chr2,175181710,-
TNR,chr1,175743595,-
DRD1,chr5,175444182,-
SFXN1,chr5,175477062,+
GPM6A,chr4,176002664,-
HRH2,chr5,175658030,+
CPLX2,chr5,175796310,+
THOC3,chr5,176034680,-
LNPK,chr2,176002839,-
COP1,chr1,176207286,-
ENSG00000289731,chr5,176060723,+
WDR17,chr4,176065841,+
EVX2,chr2,176083962,-
HOXD13,chr2,176092721,+
HOXD12,chr2,176099795,+
HOXD11,chr2,176104216,+
HOXD10,chr2,176108790,+
HOXD9,chr2,176122719,+
HOXD8,chr2,176129694,+
HOXD3,chr2,176136612,+
HOXD4,chr2,176151550,+
SPATA4,chr4,176195585,-
HOXD1,chr2,176188668,+
ASB5,chr4,176277571,-
SIMC1,chr5,176238367,+
MTX2,chr2,176269442,+
SPCS3,chr4,176319966,+
KIAA1191,chr5,176361807,-
ARL10,chr5,176365487,+
NOP16,chr5,176388927,-
HIGD2A,chr5,176388751,+
CLTB,chr5,176416539,-
FAF2,chr5,176447628,+
PAPPA2,chr1,176463171,+
RNF44,chr5,176537402,-
CDHR2,chr5,176542511,+
GPRIN1,chr5,176610156,-
SNCB,chr5,176630556,-
EIF4E1B,chr5,176630618,+
TSPAN17,chr5,176647387,+
VEGFC,chr4,176792922,-
UNC5A,chr5,176810519,+
ASTN1,chr1,177164973,-
HK3,chr5,176899346,-
UIMC1,chr5,177022602,-
TBL1XR1,chr3,177228000,-
ZNF346,chr5,177022696,+
FGFR4,chr5,177086905,+
NSD1,chr5,177131830,+
BRINP2,chr1,177170958,+
HNRNPA3,chr2,177212724,+
NFE2L2,chr2,177392756,-
RAB24,chr5,177303744,-
MXD3,chr5,177312757,-
PRELID1,chr5,177303799,+
NEIL3,chr4,177309874,+
LMAN2,chr5,177351840,-
RGS14,chr5,177357924,+
SLC34A1,chr5,177379235,+
AGPS,chr2,177392746,+
PFN3,chr5,177400661,-
F12,chr5,177409564,-
GRK6,chr5,177403204,+
AGA,chr4,177442437,-
PRR7,chr5,177446445,+
DBN1,chr5,177474401,-
PDLIM7,chr5,177497604,-
DOK3,chr5,177511274,-
DDX41,chr5,177516961,-
FAM193B,chr5,177554586,-
IFT70B,chr2,177552796,-
TMED9,chr5,177592203,+
B4GALT7,chr5,177600132,+
IFT70A,chr2,177618742,-
PDE11A,chr2,178108339,-
FAM153A,chr5,177783416,-
SEC16B,chr1,177970213,-
PROP1,chr5,177996242,-
FAM153CP,chr5,178006348,+
RASAL2,chr1,178094104,+
RBM45,chr2,178112437,+
N4BP3,chr5,178113532,+
RMND5B,chr5,178130996,+
NHP2,chr5,178153894,-
GMCL2,chr5,178187371,-
OSBPL6,chr2,178194481,+
HNRNPAB,chr5,178204533,+
PHYKPL,chr5,178232802,-
COL23A1,chr5,178590393,-
KCNMB2,chr3,178272932,+
ENSG00000275163,chr3,178419123,+
PRKRA,chr2,178451512,-
PJVK,chr2,178451346,+
FKBP7,chr2,178478600,-
CLEC20A,chr1,178499634,-
PLEKHA3,chr2,178480457,+
TEX35,chr1,178513109,+
TTN,chr2,178830802,-
CLK4,chr5,178627050,-
MSANTD5,chr5,178697761,-
ENSG00000285978,chr5,178729335,-
ZNF354A,chr5,178730659,-
RALGPS2,chr1,178725219,+
CCDC141,chr2,179050137,-
ANGPTL1,chr1,178871077,-
ZNF354B,chr5,178859953,+
ZFP2,chr5,178895898,+
ZNF454,chr5,178941191,+
ZMAT3,chr3,179072215,-
GRM6,chr5,178996206,-
ZNF879,chr5,179023804,+
FAM20B,chr1,179025804,+
ZNF354C,chr5,179060373,+
TOR3A,chr1,179082070,+
ABL2,chr1,179229684,-
SESTD1,chr2,179264832,-
ADAMTS2,chr5,179345461,-
PIK3CA,chr3,179148114,+
KCNMB3,chr3,179267002,-
SOAT1,chr1,179293714,+
ZNF639,chr3,179323031,+
MFN1,chr3,179347709,+
AXDND1,chr1,179365720,+
GNB4,chr3,179451476,-
ZNF385B,chr2,179861612,-
ENSG00000251545,chr5,179522483,+
NPHS2,chr1,179575952,-
RUFY1,chr5,179550554,+
ACTL6A,chr3,179562886,+
MRPL47,chr3,179604649,-
TDRD5,chr1,179591613,+
NDUFB5,chr3,179604787,+
ENSG00000288698,chr3,179618415,+
HNRNPH1,chr5,179634784,-
SPATA31J1,chr5,179658432,-
USP13,chr3,179653032,+
CBY3,chr5,179681034,-
CANX,chr5,179678628,+
MAML1,chr5,179732822,+
FAM163A,chr1,179743291,+
LTC4S,chr5,179793986,+
PEX5L,chr3,180037053,-
MGAT4B,chr5,179806866,-
SQSTM1,chr5,179806398,+
MRNIP,chr5,179858834,-
TOR1AIP2,chr1,179877803,-
TBC1D9B,chr5,179907897,-
TOR1AIP1,chr1,179882042,+
ENSG00000293564,chr1,179882316,+
RNF130,chr5,180072101,-
CWC22,chr2,180007297,-
CEP350,chr1,179954773,+
RASGEF1C,chr5,180209211,-
QSOX1,chr1,180154869,+
LHX4,chr1,180230264,+
MAPK9,chr5,180292099,-
ACBD6,chr1,180502954,-
GFPT2,chr5,180353336,-
CNOT6,chr5,180494379,+
SCGB3A1,chr5,180591499,-
FLT4,chr5,180649624,-
TTC14,chr3,180602163,+
CCDC39,chr3,180684907,-
XPR1,chr1,180632022,+
OR2Y1,chr5,180740058,-
MGAT1,chr5,180815652,-
ZFP62,chr5,180861285,-
FXR1,chr3,180868141,+
BTNL8,chr5,180899077,+
KIAA1614,chr1,180912897,+
UBE2E3,chr2,180967248,+
STX6,chr1,181023121,-
DNAJC19,chr3,180989769,-
BTNL3,chr5,180988846,+
MR1,chr1,181033374,+
BTNL9,chr5,181040225,+
IER5,chr1,181088700,+
OR2V1,chr5,181131169,-
OR2V2,chr5,181147586,+
TRIM7,chr5,181205293,-
TRIM41,chr5,181222499,+
RACK1,chr5,181248096,-
TRIM52,chr5,181261150,-
CACNA1E,chr1,181317690,+
OR4F3,chr5,181367268,+
ITGA4,chr2,181457207,+
CERKL,chr2,181680665,-
NEUROD1,chr2,181680827,-
SOX2,chr3,181711925,+
ITPRID2,chr2,181891730,+
PPP1R1C,chr2,181954241,+
ZNF648,chr1,182061712,-
PDE1A,chr2,182523359,-
TENM3,chr4,182143987,+
GLUL,chr1,182392206,-
TEDDM1,chr1,182400667,-
RGSL1,chr1,182409192,+
RNASEL,chr1,182589256,-
RGS16,chr1,182604389,-
RGS8,chr1,182684587,-
DNAJC10,chr2,182716255,+
NPL,chr1,182789293,+
ATP11B,chr3,182793503,+
FRZB,chr2,182866637,-
DHX9,chr1,182839347,+
DCTD,chr4,182917936,-
SHCBP1L,chr1,182953525,-
NCKAP1,chr2,183038858,-
DCUN1D1,chr3,182985953,-
MCCC1,chr3,183116075,-
LAMC1,chr1,183023420,+
DUSP19,chr2,183078559,+
WWC2,chr4,183099257,+
NUP35,chr2,183117513,+
LAMP3,chr3,183163839,-
MCF2L2,chr3,183428778,-
LAMC2,chr1,183186238,+
NMNAT2,chr1,183418380,-
B3GNT5,chr3,183253253,+
CLDN22,chr4,183320276,-
CLDN24,chr4,183322426,-
CDKN2AIP,chr4,183444635,+
SMG7,chr1,183472478,+
KLHL6,chr3,183555706,-
ING2,chr4,183505058,+
NCF2,chr1,183590905,-
ARPC5,chr1,183635783,-
KLHL24,chr3,183635610,+
RGL1,chr1,183636085,+
RWDD4,chr4,183659185,-
APOBEC4,chr1,183653316,-
TRAPPC11,chr4,183659267,+
YEATS2,chr3,183697797,+
STOX2,chr4,183797692,+
ENSG00000283765,chr3,183884889,-
MAP6D1,chr3,183825594,-
PARL,chr3,183884933,-
ABCC5,chr3,184017939,-
COLGALT2,chr1,184037729,-
HTR3D,chr3,184031544,+
TSEN15,chr1,184051651,+
HTR3C,chr3,184053047,+
ENPP6,chr4,184221230,-
HTR3E,chr3,184097064,+
EIF2B5,chr3,184135358,+
DVL3,chr3,184155377,+
AP2M1,chr3,184174689,+
ABCF3,chr3,184186174,+
VWA5B2,chr3,184229585,+
ALG3,chr3,184249548,-
EEF1AKMT4,chr3,184249672,+
EEF1AKMT4-ECE2,chr3,184249695,+
CAMK2N2,chr3,184261553,-
ECE2,chr3,184276011,+
PSMD2,chr3,184299198,+
EIF4G1,chr3,184314495,+
FAM131A,chr3,184335926,+
CLCN2,chr3,184361605,-
POLR2H,chr3,184361710,+
THPO,chr3,184381968,-
CHRD,chr3,184380054,+
IRF2,chr4,184474558,-
C1orf21,chr1,184387029,+
EPHB3,chr3,184561785,+
ZNF804A,chr2,184598529,+
CASP3,chr4,184650062,-
PRIMPOL,chr4,184649667,+
EDEM3,chr1,184754907,-
CENPU,chr4,184734096,-
MAGEF1,chr3,184712064,-
ACSL1,chr4,184826818,-
NIBAN1,chr1,184974508,-
VPS8,chr3,184812143,+
HELT,chr4,185018490,+
RNF2,chr1,185045497,+
C3orf70,chr3,185153060,-
TRMT1L,chr1,185157072,-
SLC25A4,chr4,185143266,+
SWT1,chr1,185157080,+
CFAP97,chr4,185209504,-
EHHADH,chr3,185281990,-
SNX25,chr4,185204237,+
MAP3K13,chr3,185282941,+
IVNS1ABP,chr1,185317243,-
LRP2BP,chr4,185395924,-
ANKRD37,chr4,185396021,+
UFSP2,chr4,185425978,-
CFAP96,chr4,185426249,+
CCDC110,chr4,185471744,-
TMEM41A,chr3,185499035,-
PDLIM3,chr4,185535507,-
LIPH,chr3,185552588,-
SENP2,chr3,185582496,+
SORBS2,chr4,185956652,-
IGF2BP2,chr3,185825042,-
HMCN1,chr1,185734391,+
FSIP2,chr2,185738804,+
TRA2B,chr3,185938103,-
ETV5,chr3,186110318,-
TLR3,chr4,186068911,+
FAM149A,chr4,186104419,+
DGKG,chr3,186362234,-
CYP4V2,chr4,186191567,+
ENSG00000290316,chr4,186208979,+
KLKB1,chr4,186226438,+
F11,chr4,186266189,+
PRG4,chr1,186296279,+
TPR,chr1,186375693,-
ODR4,chr1,186375838,+
ENSG00000272297,chr4,186555328,-
PDC,chr1,186461114,-
ZC3H15,chr2,186486260,+
MTNR1A,chr4,186555567,-
CRYGS,chr3,186546702,-
TBCCD1,chr3,186570543,-
DNAJB11,chr3,186567403,+
ENSG00000283149,chr3,186581995,+
FAT1,chr4,186726722,-
ITGAV,chr2,186590010,+
AHSG,chr3,186613060,+
FETUB,chr3,186635969,+
HRG,chr3,186660216,+
PTGS2,chr1,186680922,-
FAM171B,chr2,186694060,+
KNG1,chr3,186717348,+
EIF4A2,chr3,186783205,+
RFC4,chr3,186807058,-
ZSWIM2,chr2,186849170,-
PLA2G4A,chr1,186828949,+
ADIPOQ,chr3,186842704,+
ST6GAL1,chr3,186930325,+
RPL39L,chr3,187180908,-
RTP1,chr3,187197486,+
MASP1,chr3,187291980,-
CALCRL,chr2,187448460,-
RTP4,chr3,187368385,+
TFPI,chr2,187565760,-
SST,chr3,187670394,-
RTP2,chr3,187702557,-
BCL6,chr3,187745725,-
ZFP42,chr4,187995771,+
TRIML2,chr4,188109603,-
TRIML1,chr4,188139441,+
LPP,chr3,188153284,+
GULP1,chr2,188291669,+
TPRG1,chr3,188947214,+
COL3A1,chr2,188974373,+
COL5A2,chr2,189225312,-
WDR75,chr2,189441474,+
SLC40A1,chr2,189583758,-
TP63,chr3,189631389,+
ASNSD1,chr2,189661385,+
ASDURF,chr2,189661459,+
ENSG00000286165,chr2,189661519,+
ANKAR,chr2,189674607,+
OSGEPL1,chr2,189763227,-
ORMDL1,chr2,189784364,-
PMS1,chr2,189784085,+
C2orf88,chr2,189879609,+
FRG1,chr4,189940870,+
P3H2,chr3,190122437,-
DUX4L9,chr4,190022665,-
FRG2,chr4,190027257,-
MSTN,chr2,190062729,-
BRINP3,chr1,190478404,-
DUX4,chr4,190173774,+
HIBCH,chr2,190344193,-
CLDN1,chr3,190322446,-
CLDN16,chr3,190322541,+
INPP1,chr2,190343570,+
MFSD6,chr2,190408355,+
TMEM207,chr3,190449901,-
NEMP2,chr2,190534722,-
IL1RAP,chr3,190514051,+
NAB1,chr2,190646746,+
GMNC,chr3,190892429,-
GLS,chr2,190880821,+
STAT1,chr2,191020960,-
STAT4,chr2,191178435,-
OSTN,chr3,191199241,+
MYO1B,chr2,191245185,+
UTS2B,chr3,191330526,-
CCDC50,chr3,191329085,+
PYDC2,chr3,191461163,+
NABP1,chr2,191678136,+
CAVIN2,chr2,191847088,-
TMEFF2,chr2,192194933,-
FGF12,chr3,192767764,-
RGS18,chr1,192158462,+
RGS21,chr1,192316992,+
RGS1,chr1,192575773,+
RGS13,chr1,192636138,+
MB21D2,chr3,192917856,-
RGS2,chr1,192809039,+
UCHL5,chr1,193060080,-
RO60,chr1,193059454,+
GLRX2,chr1,193106114,-
CDC73,chr1,193121983,+
B3GALT2,chr1,193186613,-
PLAAT1,chr3,193241128,+
ATP13A5,chr3,193378820,-
ATP13A4,chr3,193593111,-
OPA1,chr3,193593144,+
HES1,chr3,194136148,+
CPN2,chr3,194351328,-
LRRC15,chr3,194369743,-
GP5,chr3,194399266,-
ATP13A3,chr3,194498364,-
TMEM44,chr3,194633689,-
LSG1,chr3,194672463,-
FAM43A,chr3,194685883,+
XXYLT1,chr3,195271159,-
ACAP2,chr3,195443025,-
PPP1R2,chr3,195543353,-
APOD,chr3,195583940,-
SLC39A10,chr2,195575977,+
MUC20,chr3,195720884,+
DNAH7,chr2,196068837,-
MUC4,chr3,195811973,-
TNK2,chr3,195911945,-
ENSG00000289747,chr3,195909561,-
TFRC,chr3,196082094,-
STK17B,chr2,196176503,-
HECW2,chr2,196593554,-
ZDHHC19,chr3,196211400,-
SLC51A,chr3,196211487,+
PCYT1A,chr3,196287957,-
KCNT2,chr1,196609225,-
ENSG00000272741,chr3,196318222,-
DYNLT2B,chr3,196318240,-
TM4SF19-DYNLT2B,chr3,196338373,-
TM4SF19,chr3,196338503,-
UBXN7,chr3,196432430,-
RNF168,chr3,196503768,-
SMCO1,chr3,196515346,-
WDR53,chr3,196568674,-
FBXO45,chr3,196568611,+
CCDC150,chr2,196639715,+
NRROS,chr3,196639694,+
PIGX,chr3,196639775,+
CFH,chr1,196651754,+
ENSG00000289697,chr1,196651852,+
CEP19,chr3,196712250,-
PAK2,chr3,196739857,+
GTF3C3,chr2,196799683,-
CFHR3,chr1,196774813,+
C2orf66,chr2,196809355,-
CFHR1,chr1,196819731,+
PGAP1,chr2,196927796,-
SENP5,chr3,196867856,+
CFHR4,chr1,196888014,+
NCBP2,chr3,196942560,-
NCBP2AS2,chr3,196942674,+
CFHR2,chr1,196943738,+
PIGZ,chr3,196968871,-
ANKRD44,chr2,197311173,-
CFHR5,chr1,196975010,+
MELTF,chr3,197029835,-
F13B,chr1,197067260,-
DLG1,chr3,197299330,-
ASPM,chr1,197146694,-
ZBTB41,chr1,197201293,-
CRB1,chr1,197268204,+
SF3B1,chr2,197435079,-
COQ10B,chr2,197453493,+
HSPD1,chr2,197516737,-
HSPE1,chr2,197500140,+
HSPE1-MOB4,chr2,197500413,+
DENND1B,chr1,197775696,-
BDH1,chr3,197573323,-
MOB4,chr2,197515571,+
RFTN2,chr2,197676045,-
RUBCN,chr3,197749727,-
MARS2,chr2,197705369,+
BOLL,chr2,197786762,-
FYTTD1,chr3,197737179,+
LRCH3,chr3,197791235,+
PLCL1,chr2,197804593,+
IQCG,chr3,197960142,-
C1orf53,chr1,197902630,+
LHX9,chr1,197911902,+
RPL35A,chr3,197950190,+
LMLN,chr3,197960200,+
NEK7,chr1,198156994,+
ATP6V1G3,chr1,198540945,-
PTPRC,chr1,198638457,+
SATB2,chr2,199471266,-
FTCDNL1,chr2,199851192,-
C2orf69,chr2,199911293,+
TYW5,chr2,199955500,-
MAIP1,chr2,199955317,+
NR5A2,chr1,200027614,+
SPATS2L,chr2,200305881,+
ZNF281,chr1,200410056,-
KCTD18,chr2,200519784,-
SGO2,chr2,200510008,+
KIF14,chr1,200620751,-
AOX1,chr2,200586014,+
DDX59,chr1,200669907,-
CAMSAP2,chr1,200738893,+
BZW1,chr2,200810594,+
CLK1,chr2,200864658,-
PPIL3,chr2,200889303,-
GPR25,chr1,200872981,+
NIF3L1,chr2,200889327,+
INAVA,chr1,200891048,+
ORC2,chr2,200963680,-
KIF21B,chr1,201023714,-
HYCC2,chr2,201071671,-
CACNA1S,chr1,201112451,-
NDUFB3,chr2,201071433,+
ASCL5,chr1,201127184,-
CFLAR,chr2,201116154,+
TMEM9,chr1,201171574,-
CASP10,chr2,201182872,+
IGFN1,chr1,201190824,+
CASP8,chr2,201233443,+
PKP1,chr1,201283452,+
FLACC1,chr2,201357398,-
TNNT2,chr1,201377764,-
TRAK2,chr2,201451500,-
LAD1,chr1,201399915,-
STRADB,chr2,201387858,+
TNNI1,chr1,201429866,-
PHLDA3,chr1,201469237,-
CSRP1,chr1,201509456,-
C2CD6,chr2,201619178,-
NAV1,chr1,201539127,+
TMEM237,chr2,201643503,-
MPP4,chr2,201698694,-
ALS2,chr2,201782112,-
CDK15,chr2,201790461,+
IPO9,chr1,201829149,+
SHISA4,chr1,201888680,+
LMOD1,chr1,201946548,-
TIMM17A,chr1,201955503,+
RNPEP,chr1,201982372,+
ELF3,chr1,202007945,+
FZD7,chr2,202033855,+
KIAA2012,chr2,202073255,+
GPR37L1,chr1,202122886,+
ARL8A,chr1,202144743,-
PTPN7,chr1,202161588,-
LGR6,chr1,202193799,+
SUMO1,chr2,202238599,-
NOP58,chr2,202265763,+
UBE2T,chr1,202341984,-
PPP1R12B,chr1,202348699,+
BMPR2,chr2,202376327,+
ENSG00000289490,chr2,202377112,+
SYT2,chr1,202710454,-
FAM117B,chr2,202634969,+
KDM5B,chr1,202808487,-
ICA1L,chr2,202871766,-
WDR12,chr2,203014798,-
RABIF,chr1,202889149,-
KLHL12,chr1,202928636,-
CARF,chr2,202912214,+
ADIPOR1,chr1,202958572,-
CYB5R1,chr1,202967275,-
TMEM183A,chr1,203007374,+
NBEAL1,chr2,203014721,+
PPFIA4,chr1,203026491,+
MYOG,chr1,203086012,-
ADORA1,chr1,203090654,+
MYBPH,chr1,203175826,-
CHI3L1,chr1,203186704,-
CHIT1,chr1,203273641,-
CYP20A1,chr2,203238982,+
BTG2,chr1,203305519,+
ABI2,chr2,203328280,+
FMOD,chr1,203351758,-
RAPH1,chr2,203535335,-
PRELP,chr1,203475806,+
OPTC,chr1,203494121,+
ATP2B4,chr1,203626832,+
CD28,chr2,203706517,+
LAX1,chr1,203765177,+
ZBED6,chr1,203795623,+
ZC3H11A,chr1,203795623,+
ENSG00000288644,chr1,203802094,+
CTLA4,chr2,203853888,+
SNRPE,chr1,203861599,+
ICOS,chr2,203936763,+
SOX13,chr1,204073115,+
ETNK2,chr1,204152044,-
REN,chr1,204190324,-
KISS1,chr1,204196491,-
GOLT1A,chr1,204213988,-
PLEKHA6,chr1,204378214,-
PPP1R15B,chr1,204411817,-
PIK3C2B,chr1,204494805,-
MDM4,chr1,204516379,+
PARD3B,chr2,204545475,+
LRRN2,chr1,204685738,-
NFASC,chr1,204828651,+
CNTN2,chr1,205042968,+
TMEM81,chr1,205084460,-
RBBP5,chr1,205122015,-
DSTYK,chr1,205211702,-
TMCC2,chr1,205227946,+
NUAK2,chr1,205321745,-
KLHDC8A,chr1,205357090,-
LEMD1,chr1,205455954,-
BLACAT1,chr1,205457091,-
CDK18,chr1,205504598,+
MFSD4A,chr1,205569014,+
ELK4,chr1,205632011,-
SLC45A3,chr1,205680509,-
NRP2,chr2,205681990,+
NUCKS1,chr1,205750182,-
RAB29,chr1,205775482,-
SLC41A1,chr1,205813748,-
PM20D1,chr1,205850132,-
SLC26A9,chr1,205943460,-
RAB7B,chr1,206003461,-
INO80D,chr2,206086303,-
CTSE,chr1,206023909,-
RHEX,chr1,206053173,+
AVPR1B,chr1,206117699,-
NDUFS1,chr2,206159509,-
EEF1B2,chr2,206159585,+
CMKLR2,chr2,206218047,-
FAM72A,chr1,206204414,-
SRGAP2,chr1,206203346,+
ZDBF2,chr2,206274663,+
ADAM23,chr2,206443532,+
IKBKE,chr1,206470476,+
RASSF5,chr1,206507531,+
EIF2D,chr1,206612465,-
DYRK3,chr1,206635536,+
FAM237A,chr2,206642487,+
DYTN,chr2,206721570,-
MAPKAPK2,chr1,206684905,+
MDH1B,chr2,206765328,-
FASTKD2,chr2,206765357,+
IL10,chr1,206774541,-
IL19,chr1,206770764,+
IL20,chr1,206865623,+
IL24,chr1,206897443,+
FCMR,chr1,206923247,-
PIGR,chr1,206946466,-
CPO,chr2,206939518,+
FCAMR,chr1,206970625,-
C1orf116,chr1,207032756,-
PFKFB2,chr1,207034366,+
YOD1,chr1,207052980,-
KLF7,chr2,207173856,-
C4BPB,chr1,207088860,+
C4BPA,chr1,207104233,+
CD55,chr1,207321519,+
CR2,chr1,207453024,+
CR1,chr1,207496147,+
CREB1,chr2,207529737,+
METTL21A,chr2,207625928,-
CR1L,chr1,207645133,+
CCNYL1,chr2,207711540,+
CD46,chr1,207752037,+
FZD5,chr2,207769906,-
PLEKHM3,chr2,208025527,-
CD34,chr1,207911402,-
PLXNA2,chr1,208244384,-
CRYGD,chr2,208124524,-
CRYGC,chr2,208129828,-
CRYGB,chr2,208146158,-
CRYGA,chr2,208163589,-
C2orf80,chr2,208190030,-
IDH1,chr2,208266074,-
PIKFYVE,chr2,208266255,+
PTH2R,chr2,208359714,+
MAP2,chr2,209424047,+
CAMK1G,chr1,209583714,+
LAMB3,chr1,209652425,-
G0S2,chr1,209675412,+
HSD11B1,chr1,209686178,+
TRAF3IP3,chr1,209756032,+
UNC80,chr2,209771569,+
C1orf74,chr1,209784559,-
ENSG00000289700,chr1,209806179,-
IRF6,chr1,209806175,-
UTP25,chr1,209827972,+
SYT14,chr1,209900923,+
RPE,chr2,210002565,+
KANSL1L,chr2,210171409,-
ACADL,chr2,210225447,-
SERTAD4,chr1,210232796,+
MYL1,chr2,210315174,-
HHAT,chr1,210328252,+
LANCL1,chr2,210477652,-
CPS1,chr2,210477682,+
KCNH1,chr1,211134165,-
ENSG00000283952,chr1,211188533,-
RCOR3,chr1,211258377,+
TRAF5,chr1,211326615,+
ERBB4,chr2,212538841,-
RD3,chr1,211492162,-
SLC30A1,chr1,211579161,-
NEK2,chr1,211675630,-
LPGAT1,chr1,211830763,-
INTS7,chr1,212035557,-
DTL,chr1,212035553,+
PPP2R5A,chr1,212285410,+
PACC1,chr1,212414901,-
NENF,chr1,212432920,+
ATF3,chr1,212565334,+
GARIN4,chr1,212624474,+
BATF3,chr1,212699840,-
NSL1,chr1,212791782,-
TATDN3,chr1,212791828,+
SPATA45,chr1,212847649,-
FLVCR1,chr1,212858275,+
VASH2,chr1,212950520,+
ANGEL2,chr1,213015867,-
IKZF2,chr2,213152427,-
RPS6KC1,chr1,213051233,+
SPAG16,chr2,213284392,+
PROX1,chr1,213983181,+
SMYD2,chr1,214281102,+
PTPN14,chr1,214552449,-
VWC2L,chr2,214411054,+
CENPF,chr1,214603195,+
BARD1,chr2,214809683,-
ABCA12,chr2,215138626,-
KCNK2,chr1,215005855,+
ATIC,chr2,215312059,+
FN1,chr2,215436073,-
KCTD3,chr1,215567304,+
USH2A,chr1,216423448,-
MREG,chr2,216034096,-
PECR,chr2,216082955,-
TMEM169,chr2,216081866,+
XRCC5,chr2,216107464,+
MARCHF4,chr2,216372483,-
SMARCAL1,chr2,216412414,+
RPL37A,chr2,216498844,+
ESRRG,chr1,217137755,-
IGFBP2,chr2,216632828,+
IGFBP5,chr2,216695549,-
TNP1,chr2,216860064,-
GPATCH2,chr1,217631090,-
SPATA17,chr1,217631344,+
TNS1,chr2,218033982,-
RUFY4,chr2,218034960,+
CXCR2,chr2,218125289,+
CXCR1,chr2,218166962,-
ARPC2,chr2,218217141,+
GPBAR1,chr2,218259496,+
AAMP,chr2,218270178,-
PNKD,chr2,218269651,+
TMBIM1,chr2,218292586,-
RRP15,chr1,218285293,+
TGFB2,chr1,218345336,+
CATIP,chr2,218356857,+
SLC11A1,chr2,218382273,+
CTDSP1,chr2,218397136,+
VIL1,chr2,218419121,+
USP37,chr2,218568351,-
CNOT9,chr2,218568580,+
PLCD4,chr2,218607899,+
ZNF142,chr2,218659623,-
BCS1L,chr2,218658764,+
RNF25,chr2,218672002,-
STK36,chr2,218672069,+
TTLL4,chr2,218710835,+
CYP27A1,chr2,218782147,+
PRKAG3,chr2,218832086,-
WNT6,chr2,218859805,+
WNT10A,chr2,218880852,+
CDK5R2,chr2,218959666,+
FEV,chr2,218985184,-
CRYBA2,chr2,218993422,-
CFAP65,chr2,219041523,-
IHH,chr2,219060921,-
NHEJ1,chr2,219160816,-
ENSG00000280537,chr2,219170827,-
SLC23A3,chr2,219170095,-
CNPPD1,chr2,219178106,-
LYPLAL1,chr1,219173869,+
RETREG2,chr2,219176225,+
ZFAND2B,chr2,219195237,+
ABCB6,chr2,219218994,-
ENSG00000284820,chr2,219222738,-
ATG9A,chr2,219229717,-
ANKZF1,chr2,219229783,+
GLB1L,chr2,219245478,-
STK16,chr2,219245455,+
TUBA4A,chr2,219277902,-
TUBA4B,chr2,219253243,+
DNAJB2,chr2,219279342,+
PTPRN,chr2,219309648,-
RESP18,chr2,219333177,-
DNPEP,chr2,219400022,-
DES,chr2,219418377,+
SPEG,chr2,219434843,+
ENSG00000286143,chr2,219491867,+
SPEGNB,chr2,219496131,+
GMPPA,chr2,219498865,+
ASIC4,chr2,219514344,+
CHPF,chr2,219543809,-
TMEM198,chr2,219543663,+
OBSL1,chr2,219571859,-
INHA,chr2,219569162,+
STK11IP,chr2,219597857,+
ZC3H11B,chr1,219613105,-
SLC4A3,chr2,219627394,+
SLC30A10,chr1,219959018,-
EPRS1,chr1,220046505,-
BPNT1,chr1,220090462,-
IARS2,chr1,220094132,+
RAB3GAP2,chr1,220272529,-
MARK1,chr1,220528136,+
C1orf115,chr1,220690363,+
MTARC2,chr1,220748269,+
MTARC1,chr1,220786352,+
ENSG00000286231,chr1,220786990,+
HLX,chr1,220879443,+
EPHA4,chr2,221574202,-
DUSP10,chr1,221742089,-
PAX3,chr2,222298998,-
RNF228,chr2,222320155,-
SGPP2,chr2,222424543,+
HHIPL2,chr1,222548104,-
TAF1A,chr1,222589933,-
FARSB,chr2,222656092,-
MIA3,chr1,222618097,+
AIDA,chr1,222713210,-
MOGAT1,chr2,222671658,+
BROX,chr1,222712553,+
FAM177B,chr1,222737202,+
DISP1,chr1,222815022,+
ACSL3,chr2,222860942,+
KCNE4,chr2,223052190,+
TLR5,chr1,223143292,-
SUSD4,chr1,223364233,-
CCDC185,chr1,223393415,+
CAPN8,chr1,223665723,-
SCG2,chr2,223602361,-
AP1S3,chr2,223838027,-
CAPN2,chr1,223701593,+
ENSG00000286239,chr2,223945299,-
TP53BP2,chr1,223845954,-
WDFY1,chr2,223945357,-
MRPL44,chr2,223957463,+
SERPINE2,chr2,224039318,-
FBXO28,chr1,224114111,+
DEGS1,chr1,224175756,+
NVL,chr1,224330189,-
CNIH4,chr1,224356858,+
FAM124B,chr2,224402107,-
WDR26,chr1,224437033,-
CNIH3,chr1,224434660,+
CUL3,chr2,224585397,-
CCDC195,chr2,224716365,-
DOCK10,chr2,225042468,-
DNAH14,chr1,224896262,+
NYAP2,chr2,225399710,+
LBR,chr1,225428925,-
ENAH,chr1,225653142,-
SRP9,chr1,225777813,+
EPHX1,chr1,225810124,+
TMEM63A,chr1,225882380,-
LEFTY1,chr1,225911382,-
ENSG00000255835,chr1,225924278,-
PYCR2,chr1,225924340,-
LEFTY2,chr1,225941383,-
SDE2,chr1,225999343,-
H3-3A,chr1,226061851,+
ACBD3,chr1,226186741,-
MIXL1,chr1,226223618,+
LIN9,chr1,226309869,-
PARP1,chr1,226408100,-
STUM,chr1,226548764,+
ITPKB,chr1,226739323,-
IRS1,chr2,226799820,-
RHBDD1,chr2,226835581,+
PSEN2,chr1,226870184,+
ENSG00000288674,chr1,226870184,+
COQ8A,chr1,226940286,+
CDC42BPA,chr1,227318492,-
COL4A4,chr2,227164453,-
COL4A3,chr2,227164624,+
MFF,chr2,227325151,+
TM4SF20,chr2,227381995,-
SCYGR1,chr2,227387949,-
AGFG1,chr2,227472152,+
ZNF678,chr1,227563543,+
SCYGR2,chr2,227598893,+
SCYGR10,chr2,227608784,+
SCYGR3,chr2,227614840,-
SCYGR4,chr2,227617498,+
SCYGR5,chr2,227666804,+
SLC19A3,chr2,227718028,-
SCYGR6,chr2,227724757,-
SNAP47,chr1,227728200,+
SCYGR7,chr2,227728335,+
JMJD4,chr1,227735411,-
SCYGR8,chr2,227745894,+
CCL20,chr2,227805739,+
PRSS38,chr1,227815675,+
DAW1,chr2,227871631,+
WNT9A,chr1,227947932,-
SPHKAP,chr2,228181687,-
WNT3A,chr1,228006998,+
ARF1,chr1,228082708,+
C1orf35,chr1,228105411,-
MRPL55,chr1,228109312,-
GUK1,chr1,228139962,+
GJC2,chr1,228149930,+
IBA57,chr1,228165804,+
OBSCN,chr1,228208044,+
TRIM11,chr1,228406835,-
TRIM17,chr1,228416861,-
H3-4,chr1,228425360,-
H2AC25,chr1,228457873,-
H2BC26,chr1,228458103,+
RNF187,chr1,228487382,+
RHOU,chr1,228735479,+
PID1,chr2,229271287,-
RAB4A,chr1,229271062,+
CCSAP,chr1,229343294,-
DNER,chr2,229714555,-
ACTA1,chr1,229434104,-
NUP133,chr1,229508341,-
ABCB10,chr1,229558707,-
TAF5L,chr1,229626122,-
URB2,chr1,229626247,+
TRIP12,chr2,229923239,-
FBXO36,chr2,229922302,+
SLC16A14,chr2,230068993,-
GALNT2,chr1,230057990,+
SP110,chr2,230225729,-
SP140,chr2,230203110,+
PGBD5,chr1,230426332,-
SP140L,chr2,230327184,+
SP100,chr2,230415942,+
COG2,chr1,230642481,+
AGT,chr1,230745576,-
CAB39,chr2,230712842,+
CAPN9,chr1,230747384,+
C1orf198,chr1,230869589,-
ITM2C,chr2,230864639,+
TTC13,chr1,230978861,-
GPR55,chr2,230961066,-
ARV1,chr1,230978981,+
SPATA3,chr2,230990324,+
FAM89A,chr1,231040254,-
C2orf72,chr2,231037523,+
PSMD1,chr2,231056845,+
HTR2B,chr2,231125042,-
TRIM67,chr1,231162058,+
ARMC9,chr2,231198546,+
C1orf131,chr1,231241187,-
GNPAT,chr1,231241207,+
EXOC8,chr1,231337852,-
SPRTN,chr1,231337104,+
EGLN1,chr1,231422287,-
ENSG00000287856,chr1,231528603,-
B3GNT7,chr2,231395671,+
NCL,chr2,231464551,-
NMUR1,chr2,231530445,-
TSNAX,chr1,231528541,+
TSNAX-DISC1,chr1,231528653,+
TEX44,chr2,231592864,+
DISC1,chr1,231626790,+
PTMA,chr2,231706895,+
PDE6D,chr2,231786272,-
COPS7B,chr2,231781671,+
NPPC,chr2,231926396,-
DIS3L2,chr2,231961245,+
ALPP,chr2,232378751,+
SIPA1L2,chr1,232630516,-
ALPG,chr2,232406844,+
ALPI,chr2,232456153,+
ECEL1,chr2,232487834,-
PRSS56,chr2,232520388,+
CHRND,chr2,232526160,+
CHRNG,chr2,232539692,+
TIGD1,chr2,232550557,-
EIF4E2,chr2,232550659,+
EFHD1,chr2,232606057,+
GIGYF2,chr2,232697299,+
KCNJ13,chr2,232776565,-
MAP10,chr1,232805416,+
SNORC,chr2,232857270,+
NGEF,chr2,233013256,-
NTPCR,chr1,232950605,+
PCNX2,chr1,233295725,-
NEU2,chr2,233032672,+
INPP5D,chr2,233059967,+
ATG16L1,chr2,233210051,+
SAG,chr2,233307816,+
MAP3K21,chr1,233327724,+
DGKD,chr2,233354494,+
USP40,chr2,233566782,-
KCNK1,chr1,233614106,+
UGT1A8,chr2,233617633,+
UGT1A10,chr2,233636448,+
UGT1A9,chr2,233671898,+
UGT1A7,chr2,233681901,+
UGT1A6,chr2,233691607,+
UGT1A5,chr2,233712907,+
UGT1A4,chr2,233718736,+
UGT1A3,chr2,233729042,+
UGT1A1,chr2,233760270,+
MROH2A,chr2,233775679,+
HJURP,chr2,233854566,-
MSL3B,chr2,233868386,-
SLC35F3,chr1,233904676,+
TRPM8,chr2,233917373,+
SPP2,chr2,234050679,+
COA6,chr1,234373456,+
TARBP1,chr1,234479179,-
ARL4C,chr2,234497081,-
IRF2BP2,chr1,234610178,-
SH3BP4,chr2,234952017,+
TOMM20,chr1,235128837,-
RBM34,chr1,235161258,-
ARID4B,chr1,235328219,-
GGPS1,chr1,235327350,+
ENSG00000285053,chr1,235328570,+
TBCE,chr1,235367360,+
B3GALNT2,chr1,235504452,-
AGAP1,chr2,235494043,+
GNG4,chr1,235650754,-
LYST,chr1,235883724,-
NID1,chr1,236065109,-
GPR137B,chr1,236142539,+
GBX2,chr2,236168386,-
ASB18,chr2,236264409,-
ERO1B,chr1,236281958,-
IQCA1,chr2,236507535,-
EDARADD,chr1,236348257,+
LGALS8,chr1,236518000,+
HEATR1,chr1,236604516,-
ACKR3,chr2,236567787,+
ACTN2,chr1,236664141,+
MTR,chr1,236795292,+
MT1HL1,chr1,237004441,-
RYR2,chr1,237042184,+
COPS8,chr2,237085882,+
COL6A3,chr2,237414328,-
MLPH,chr2,237485428,+
PRLH,chr2,237566574,+
RAB17,chr2,237601614,-
LRRFIP1,chr2,237627587,+
RBM44,chr2,237798752,+
RAMP1,chr2,237858893,+
ZP4,chr1,237890922,-
UBE2F,chr2,237966955,+
UBE2F-SCLY,chr2,237967014,+
SCLY,chr2,238060924,+
ESPNL,chr2,238100340,+
KLHL30,chr2,238138668,+
ERFE,chr2,238158970,+
ILKAP,chr2,238203708,-
HES6,chr2,238240662,-
PER2,chr2,238290102,-
TRAF3IP1,chr2,238320441,+
ASB1,chr2,238426742,+
TWIST2,chr2,238848032,+
HDAC4,chr2,239401020,-
CHRM3,chr1,239386565,+
NDUFA10,chr2,240025389,-
FMN2,chr1,240014348,+
OR6B2,chr2,240030429,-
OR6B3,chr2,240053521,-
COPS9,chr2,240136807,-
OTOS,chr2,240144562,-
GPC1,chr2,240435663,+
ANKMY1,chr2,240569209,-
GREM2,chr1,240612155,-
DUSP28,chr2,240560054,+
RNPEPL1,chr2,240565804,+
CAPN10,chr2,240586734,+
GPR35,chr2,240605430,+
AQP12B,chr2,240682906,-
AQP12A,chr2,240691866,+
KIF1A,chr2,240824293,-
RGS7,chr1,241357374,-
AGXT,chr2,240868824,+
MAB21L4,chr2,240896889,-
CROCC2,chr2,240906330,+
SNED1,chr2,240998618,+
MTERF4,chr2,241102332,-
PASK,chr2,241150264,-
PPP1R7,chr2,241149576,+
ANO7,chr2,241188509,+
HDLBP,chr2,241317061,-
SEPTIN2,chr2,241315100,+
FARP2,chr2,241356285,+
STK25,chr2,241509730,-
FH,chr1,241519799,-
KMO,chr1,241532134,+
BOK,chr2,241551424,+
THAP4,chr2,241637158,-
OPN3,chr1,241677376,-
CHML,chr1,241640369,-
ATG4B,chr2,241637213,+
WDR64,chr1,241652278,+
DTYMK,chr2,241686815,-
ING5,chr2,241687085,+
D2HGDH,chr2,241734602,+
GAL3ST2,chr2,241776822,+
NEU4,chr2,241809065,+
EXO1,chr1,241847967,+
PDCD1,chr2,241858894,-
RTP5,chr2,241869729,+
FAM240C,chr2,241902551,-
BECN2,chr1,241957767,+
MAP1LC3C,chr1,241999098,-
PLD5,chr1,242524697,-
CEP170,chr1,243255793,-
SDCCAG8,chr1,243256034,+
AKT3,chr1,243851079,-
ZBTB18,chr1,244048547,+
SPMIP3,chr1,244352635,+
ADSS2,chr1,244451909,-
CATSPERE,chr1,244454377,+
DESI2,chr1,244653103,+
C1orf202,chr1,244731015,-
COX20,chr1,244835616,+
HNRNPU,chr1,244864560,-
EFCAB2,chr1,244969682,+
KIF26B,chr1,245154985,+
SMYD3,chr1,246507312,-
TFB2M,chr1,246566261,-
CNST,chr1,246566444,+
SCCPDH,chr1,246724409,+
AHCTF1,chr1,246931948,-
ZNF695,chr1,247008093,-
ZNF670-ZNF695,chr1,247078811,-
ZNF670,chr1,247078811,-
ZNF669,chr1,247104372,-
ZNF124,chr1,247172020,-
VN1R5,chr1,247255972,+
ZNF496,chr1,247331867,-
NLRP3,chr1,247332331,+
OR2B11,chr1,247458105,-
GCSAML,chr1,247507058,+
OR2C3,chr1,247536440,-
OR2G2,chr1,247588360,+
OR2G3,chr1,247605586,+
OR14L1,chr1,247617143,+
OR13G1,chr1,247679739,-
OR6F1,chr1,247716646,-
ENSG00000239395,chr1,247723764,-
OR14A2,chr1,247748141,-
OR14K1,chr1,247738615,+
OR1C1,chr1,247760556,-
OR9H1P,chr1,247770169,+
OR14A16,chr1,247824119,-
OR11L1,chr1,247841896,-
TRIM58,chr1,247857187,+
OR2W3,chr1,247895587,+
OR2T8,chr1,247920252,+
OR2AJ1,chr1,247924889,+
OR2L8,chr1,247948858,+
OR2AK2,chr1,247965233,+
OR2L5,chr1,248013660,+
OR2L2,chr1,248030070,+
OR2L3,chr1,248046836,+
OR2L13,chr1,248095184,+
OR2M5,chr1,248145148,+
OR2M2,chr1,248174821,+
OR2M3,chr1,248197265,+
OR2M4,chr1,248231417,+
OR2T33,chr1,248277976,-
OR2T12,chr1,248303424,-
OR2M7,chr1,248324568,-
OR14C36,chr1,248348775,+
OR2T4,chr1,248361665,+
OR2T6,chr1,248375746,+
OR2T1,chr1,248403048,+
OR2T7,chr1,248436359,+
OR2T2,chr1,248445512,+
OR2T3,chr1,248473351,+
OR2T5,chr1,248488589,+
OR2G6,chr1,248508073,+
OR2T29,chr1,248562772,-
OR2T34,chr1,248574757,-
OR2T10,chr1,248597700,-
OR2T11,chr1,248635091,-
OR2T35,chr1,248645278,-
OR2T27,chr1,248655528,-
OR14I1,chr1,248702766,-
ENSG00000286015,chr1,248748349,-
LYPD8,chr1,248755759,-
SH3BP5L,chr1,248825915,-
ZNF672,chr1,248838210,+
ZNF692,chr1,248859085,-
PGBD2,chr1,248906196,+
